source_file,record_type,scenario,sequence,input_event_kind,keystroke_to_model_ms,keystroke_to_frame_ms,frame_interval_ms,layout_ms,startup_ms,file_open_ms,rss_bytes,input_source,refresh_rate_hz,background_job,block_index_update_ms,reparsed_bytes,invalidated_blocks,layout_cache_hits,layout_cache_misses,relayout_blocks
confirmation/background_input/metrics.csv,memory_load,input during background presentation update,,,,,,,,,70008832,com.apple.keylayout.ABC,variable (CGDisplayMode reports 0),true,,,,,,
confirmation/background_input/metrics.csv,ready,input during background presentation update,,,,,,,189.990458,74.732583,80691200,com.apple.keylayout.ABC,variable (CGDisplayMode reports 0),true,,,,,,
confirmation/background_input/metrics.csv,paint,input during background presentation update,,,,,79.853875,0.160667,,,,com.apple.keylayout.ABC,variable (CGDisplayMode reports 0),true,,,,0,1,1
confirmation/background_input/metrics.csv,paint,input during background presentation update,,,,,8.071125,0.139833,,,,com.apple.keylayout.ABC,variable (CGDisplayMode reports 0),true,,,,0,1,1
confirmation/background_input/metrics.csv,paint,input during background presentation update,,,,,108.626917,0.141166,,,,com.apple.keylayout.ABC,variable (CGDisplayMode reports 0),true,,,,1,0,0
confirmation/background_input/metrics.csv,block_index,input during background presentation update,,,,,,,,,,com.apple.keylayout.ABC,variable (CGDisplayMode reports 0),true,2.668667,1048582,0,,,
confirmation/background_input/metrics.csv,paint,input during background presentation update,,,,,293.999875,0.361375,,,,com.apple.keylayout.ABC,variable (CGDisplayMode reports 0),true,,,,0,1,1
confirmation/background_input/metrics.csv,input,input during background presentation update,6,command,0.006333,3.700625,,,,,,com.apple.keylayout.ABC,variable (CGDisplayMode reports 0),true,,,,,,
confirmation/background_input/metrics.csv,paint,input during background presentation update,,,,,5.685333,0.132458,,,,com.apple.keylayout.ABC,variable (CGDisplayMode reports 0),true,,,,0,1,1
confirmation/background_input/metrics.csv,block_index,input during background presentation update,,,,,,,,,,com.apple.keylayout.ABC,variable (CGDisplayMode reports 0),true,2.339542,1048583,0,,,
confirmation/background_input/metrics.csv,paint,input during background presentation update,,,,,17.173125,0.307208,,,,com.apple.keylayout.ABC,variable (CGDisplayMode reports 0),true,,,,0,1,1
confirmation/background_input/metrics.csv,input,input during background presentation update,7,command,0.008167,3.292292,,,,,,com.apple.keylayout.ABC,variable (CGDisplayMode reports 0),true,,,,,,
confirmation/background_input/metrics.csv,paint,input during background presentation update,,,,,3.315125,0.129792,,,,com.apple.keylayout.ABC,variable (CGDisplayMode reports 0),true,,,,0,1,1
confirmation/background_input/metrics.csv,block_index,input during background presentation update,,,,,,,,,,com.apple.keylayout.ABC,variable (CGDisplayMode reports 0),true,2.459542,1048584,0,,,
confirmation/background_input/metrics.csv,paint,input during background presentation update,,,,,22.243417,0.276333,,,,com.apple.keylayout.ABC,variable (CGDisplayMode reports 0),true,,,,0,1,1
confirmation/background_input/metrics.csv,input,input during background presentation update,8,command,0.006917,3.339917,,,,,,com.apple.keylayout.ABC,variable (CGDisplayMode reports 0),true,,,,,,
confirmation/background_input/metrics.csv,paint,input during background presentation update,,,,,2.846875,0.120041,,,,com.apple.keylayout.ABC,variable (CGDisplayMode reports 0),true,,,,0,1,1
confirmation/background_input/metrics.csv,block_index,input during background presentation update,,,,,,,,,,com.apple.keylayout.ABC,variable (CGDisplayMode reports 0),true,2.400000,1048585,0,,,
confirmation/background_input/metrics.csv,paint,input during background presentation update,,,,,21.399458,0.311584,,,,com.apple.keylayout.ABC,variable (CGDisplayMode reports 0),true,,,,0,1,1
confirmation/background_input/metrics.csv,input,input during background presentation update,9,command,0.008042,3.857667,,,,,,com.apple.keylayout.ABC,variable (CGDisplayMode reports 0),true,,,,,,
confirmation/background_input/metrics.csv,paint,input during background presentation update,,,,,3.459167,0.113584,,,,com.apple.keylayout.ABC,variable (CGDisplayMode reports 0),true,,,,0,1,1
confirmation/background_input/metrics.csv,block_index,input during background presentation update,,,,,,,,,,com.apple.keylayout.ABC,variable (CGDisplayMode reports 0),true,2.364667,1048586,0,,,
confirmation/background_input/metrics.csv,paint,input during background presentation update,,,,,21.509458,0.284917,,,,com.apple.keylayout.ABC,variable (CGDisplayMode reports 0),true,,,,0,1,1
confirmation/background_input/metrics.csv,input,input during background presentation update,10,command,0.006167,4.041167,,,,,,com.apple.keylayout.ABC,variable (CGDisplayMode reports 0),true,,,,,,
confirmation/background_input/metrics.csv,paint,input during background presentation update,,,,,3.541167,0.126959,,,,com.apple.keylayout.ABC,variable (CGDisplayMode reports 0),true,,,,0,1,1
confirmation/background_input/metrics.csv,block_index,input during background presentation update,,,,,,,,,,com.apple.keylayout.ABC,variable (CGDisplayMode reports 0),true,2.328208,1048587,0,,,
confirmation/background_input/metrics.csv,paint,input during background presentation update,,,,,21.443500,0.276208,,,,com.apple.keylayout.ABC,variable (CGDisplayMode reports 0),true,,,,0,1,1
confirmation/background_input/metrics.csv,input,input during background presentation update,11,command,0.005917,3.845792,,,,,,com.apple.keylayout.ABC,variable (CGDisplayMode reports 0),true,,,,,,
confirmation/background_input/metrics.csv,paint,input during background presentation update,,,,,3.546542,0.122833,,,,com.apple.keylayout.ABC,variable (CGDisplayMode reports 0),true,,,,0,1,1
confirmation/background_input/metrics.csv,block_index,input during background presentation update,,,,,,,,,,com.apple.keylayout.ABC,variable (CGDisplayMode reports 0),true,2.331666,1048588,0,,,
confirmation/background_input/metrics.csv,paint,input during background presentation update,,,,,21.508208,0.327625,,,,com.apple.keylayout.ABC,variable (CGDisplayMode reports 0),true,,,,0,1,1
confirmation/background_input/metrics.csv,input,input during background presentation update,12,command,0.007125,3.658583,,,,,,com.apple.keylayout.ABC,variable (CGDisplayMode reports 0),true,,,,,,
confirmation/background_input/metrics.csv,paint,input during background presentation update,,,,,3.420458,0.107208,,,,com.apple.keylayout.ABC,variable (CGDisplayMode reports 0),true,,,,0,1,1
confirmation/background_input/metrics.csv,block_index,input during background presentation update,,,,,,,,,,com.apple.keylayout.ABC,variable (CGDisplayMode reports 0),true,2.377541,1048589,0,,,
confirmation/background_input/metrics.csv,paint,input during background presentation update,,,,,21.501792,0.274583,,,,com.apple.keylayout.ABC,variable (CGDisplayMode reports 0),true,,,,0,1,1
confirmation/background_input/metrics.csv,input,input during background presentation update,13,command,0.008167,3.573042,,,,,,com.apple.keylayout.ABC,variable (CGDisplayMode reports 0),true,,,,,,
confirmation/background_input/metrics.csv,paint,input during background presentation update,,,,,3.646875,0.141583,,,,com.apple.keylayout.ABC,variable (CGDisplayMode reports 0),true,,,,0,1,1
confirmation/background_input/metrics.csv,block_index,input during background presentation update,,,,,,,,,,com.apple.keylayout.ABC,variable (CGDisplayMode reports 0),true,2.364958,1048590,0,,,
confirmation/background_input/metrics.csv,paint,input during background presentation update,,,,,21.422542,0.309000,,,,com.apple.keylayout.ABC,variable (CGDisplayMode reports 0),true,,,,0,1,1
confirmation/background_input/metrics.csv,input,input during background presentation update,14,command,0.006500,4.051541,,,,,,com.apple.keylayout.ABC,variable (CGDisplayMode reports 0),true,,,,,,
confirmation/background_input/metrics.csv,paint,input during background presentation update,,,,,3.457458,0.111791,,,,com.apple.keylayout.ABC,variable (CGDisplayMode reports 0),true,,,,0,1,1
confirmation/background_input/metrics.csv,block_index,input during background presentation update,,,,,,,,,,com.apple.keylayout.ABC,variable (CGDisplayMode reports 0),true,2.372583,1048591,0,,,
confirmation/background_input/metrics.csv,paint,input during background presentation update,,,,,21.450500,0.259000,,,,com.apple.keylayout.ABC,variable (CGDisplayMode reports 0),true,,,,0,1,1
confirmation/background_input/metrics.csv,input,input during background presentation update,15,command,0.006500,3.958000,,,,,,com.apple.keylayout.ABC,variable (CGDisplayMode reports 0),true,,,,,,
confirmation/background_input/metrics.csv,paint,input during background presentation update,,,,,3.509083,0.101500,,,,com.apple.keylayout.ABC,variable (CGDisplayMode reports 0),true,,,,0,1,1
confirmation/background_input/metrics.csv,block_index,input during background presentation update,,,,,,,,,,com.apple.keylayout.ABC,variable (CGDisplayMode reports 0),true,2.331958,1048592,0,,,
confirmation/background_input/metrics.csv,paint,input during background presentation update,,,,,21.607584,0.321000,,,,com.apple.keylayout.ABC,variable (CGDisplayMode reports 0),true,,,,0,1,1
confirmation/background_input/metrics.csv,input,input during background presentation update,16,command,0.006375,4.112000,,,,,,com.apple.keylayout.ABC,variable (CGDisplayMode reports 0),true,,,,,,
confirmation/background_input/metrics.csv,paint,input during background presentation update,,,,,3.437291,0.114541,,,,com.apple.keylayout.ABC,variable (CGDisplayMode reports 0),true,,,,0,1,1
confirmation/background_input/metrics.csv,block_index,input during background presentation update,,,,,,,,,,com.apple.keylayout.ABC,variable (CGDisplayMode reports 0),true,2.365375,1048593,0,,,
confirmation/background_input/metrics.csv,paint,input during background presentation update,,,,,21.490500,0.282458,,,,com.apple.keylayout.ABC,variable (CGDisplayMode reports 0),true,,,,0,1,1
confirmation/background_input/metrics.csv,input,input during background presentation update,17,command,0.007917,3.955292,,,,,,com.apple.keylayout.ABC,variable (CGDisplayMode reports 0),true,,,,,,
confirmation/background_input/metrics.csv,paint,input during background presentation update,,,,,3.481667,0.107042,,,,com.apple.keylayout.ABC,variable (CGDisplayMode reports 0),true,,,,0,1,1
confirmation/background_input/metrics.csv,block_index,input during background presentation update,,,,,,,,,,com.apple.keylayout.ABC,variable (CGDisplayMode reports 0),true,2.312208,1048594,0,,,
confirmation/background_input/metrics.csv,paint,input during background presentation update,,,,,21.503250,0.277333,,,,com.apple.keylayout.ABC,variable (CGDisplayMode reports 0),true,,,,0,1,1
confirmation/background_input/metrics.csv,input,input during background presentation update,18,command,0.005708,3.973416,,,,,,com.apple.keylayout.ABC,variable (CGDisplayMode reports 0),true,,,,,,
confirmation/background_input/metrics.csv,paint,input during background presentation update,,,,,3.490958,0.106458,,,,com.apple.keylayout.ABC,variable (CGDisplayMode reports 0),true,,,,0,1,1
confirmation/background_input/metrics.csv,block_index,input during background presentation update,,,,,,,,,,com.apple.keylayout.ABC,variable (CGDisplayMode reports 0),true,2.367458,1048595,0,,,
confirmation/background_input/metrics.csv,paint,input during background presentation update,,,,,21.483000,0.266917,,,,com.apple.keylayout.ABC,variable (CGDisplayMode reports 0),true,,,,0,1,1
confirmation/background_input/metrics.csv,input,input during background presentation update,19,command,0.006458,3.950708,,,,,,com.apple.keylayout.ABC,variable (CGDisplayMode reports 0),true,,,,,,
confirmation/background_input/metrics.csv,paint,input during background presentation update,,,,,3.500375,0.103083,,,,com.apple.keylayout.ABC,variable (CGDisplayMode reports 0),true,,,,0,1,1
confirmation/background_input/metrics.csv,block_index,input during background presentation update,,,,,,,,,,com.apple.keylayout.ABC,variable (CGDisplayMode reports 0),true,2.366666,1048596,0,,,
confirmation/background_input/metrics.csv,paint,input during background presentation update,,,,,21.478167,0.255416,,,,com.apple.keylayout.ABC,variable (CGDisplayMode reports 0),true,,,,0,1,1
confirmation/background_input/metrics.csv,input,input during background presentation update,20,command,0.007167,3.973292,,,,,,com.apple.keylayout.ABC,variable (CGDisplayMode reports 0),true,,,,,,
confirmation/background_input/metrics.csv,paint,input during background presentation update,,,,,3.631375,0.102417,,,,com.apple.keylayout.ABC,variable (CGDisplayMode reports 0),true,,,,0,1,1
confirmation/background_input/metrics.csv,block_index,input during background presentation update,,,,,,,,,,com.apple.keylayout.ABC,variable (CGDisplayMode reports 0),true,2.360708,1048597,0,,,
confirmation/background_input/metrics.csv,paint,input during background presentation update,,,,,21.363125,0.245916,,,,com.apple.keylayout.ABC,variable (CGDisplayMode reports 0),true,,,,0,1,1
confirmation/background_input/metrics.csv,input,input during background presentation update,21,command,0.005917,3.834500,,,,,,com.apple.keylayout.ABC,variable (CGDisplayMode reports 0),true,,,,,,
confirmation/background_input/metrics.csv,paint,input during background presentation update,,,,,3.541917,0.103292,,,,com.apple.keylayout.ABC,variable (CGDisplayMode reports 0),true,,,,0,1,1
confirmation/background_input/metrics.csv,block_index,input during background presentation update,,,,,,,,,,com.apple.keylayout.ABC,variable (CGDisplayMode reports 0),true,2.350625,1048598,0,,,
confirmation/background_input/metrics.csv,paint,input during background presentation update,,,,,21.467041,0.255417,,,,com.apple.keylayout.ABC,variable (CGDisplayMode reports 0),true,,,,0,1,1
confirmation/background_input/metrics.csv,input,input during background presentation update,22,command,0.006458,3.913958,,,,,,com.apple.keylayout.ABC,variable (CGDisplayMode reports 0),true,,,,,,
confirmation/background_input/metrics.csv,paint,input during background presentation update,,,,,3.515459,0.101000,,,,com.apple.keylayout.ABC,variable (CGDisplayMode reports 0),true,,,,0,1,1
confirmation/background_input/metrics.csv,block_index,input during background presentation update,,,,,,,,,,com.apple.keylayout.ABC,variable (CGDisplayMode reports 0),true,2.361416,1048599,0,,,
confirmation/background_input/metrics.csv,paint,input during background presentation update,,,,,21.475833,0.249834,,,,com.apple.keylayout.ABC,variable (CGDisplayMode reports 0),true,,,,0,1,1
confirmation/background_input/metrics.csv,input,input during background presentation update,23,command,0.006542,3.863834,,,,,,com.apple.keylayout.ABC,variable (CGDisplayMode reports 0),true,,,,,,
confirmation/background_input/metrics.csv,paint,input during background presentation update,,,,,3.519458,0.099958,,,,com.apple.keylayout.ABC,variable (CGDisplayMode reports 0),true,,,,0,1,1
confirmation/background_input/metrics.csv,block_index,input during background presentation update,,,,,,,,,,com.apple.keylayout.ABC,variable (CGDisplayMode reports 0),true,2.314500,1048600,0,,,
confirmation/background_input/metrics.csv,paint,input during background presentation update,,,,,21.470042,0.240959,,,,com.apple.keylayout.ABC,variable (CGDisplayMode reports 0),true,,,,0,1,1
confirmation/background_input/metrics.csv,input,input during background presentation update,24,command,0.006000,3.918500,,,,,,com.apple.keylayout.ABC,variable (CGDisplayMode reports 0),true,,,,,,
confirmation/background_input/metrics.csv,paint,input during background presentation update,,,,,3.534000,0.102458,,,,com.apple.keylayout.ABC,variable (CGDisplayMode reports 0),true,,,,0,1,1
confirmation/background_input/metrics.csv,block_index,input during background presentation update,,,,,,,,,,com.apple.keylayout.ABC,variable (CGDisplayMode reports 0),true,2.369333,1048601,0,,,
confirmation/background_input/metrics.csv,paint,input during background presentation update,,,,,21.571375,0.286917,,,,com.apple.keylayout.ABC,variable (CGDisplayMode reports 0),true,,,,0,1,1
confirmation/background_input/metrics.csv,input,input during background presentation update,25,command,0.005958,3.971000,,,,,,com.apple.keylayout.ABC,variable (CGDisplayMode reports 0),true,,,,,,
confirmation/background_input/metrics.csv,paint,input during background presentation update,,,,,3.456125,0.111000,,,,com.apple.keylayout.ABC,variable (CGDisplayMode reports 0),true,,,,0,1,1
confirmation/background_input/metrics.csv,paint,input during background presentation update,,,,,13.065833,0.118334,,,,com.apple.keylayout.ABC,variable (CGDisplayMode reports 0),true,,,,1,0,0
confirmation/background_input/metrics.csv,block_index,input during background presentation update,,,,,,,,,,com.apple.keylayout.ABC,variable (CGDisplayMode reports 0),true,2.775875,1048602,0,,,
confirmation/background_input/metrics.csv,paint,input during background presentation update,,,,,12.612792,0.323417,,,,com.apple.keylayout.ABC,variable (CGDisplayMode reports 0),true,,,,0,1,1
confirmation/background_input/metrics.csv,input,input during background presentation update,26,command,0.006584,3.825542,,,,,,com.apple.keylayout.ABC,variable (CGDisplayMode reports 0),true,,,,,,
confirmation/background_input/metrics.csv,paint,input during background presentation update,,,,,3.853750,0.111375,,,,com.apple.keylayout.ABC,variable (CGDisplayMode reports 0),true,,,,0,1,1
confirmation/background_input/metrics.csv,block_index,input during background presentation update,,,,,,,,,,com.apple.keylayout.ABC,variable (CGDisplayMode reports 0),true,2.340917,1048603,0,,,
confirmation/background_input/metrics.csv,paint,input during background presentation update,,,,,20.739417,0.269000,,,,com.apple.keylayout.ABC,variable (CGDisplayMode reports 0),true,,,,0,1,1
confirmation/background_input/metrics.csv,input,input during background presentation update,27,command,0.006292,4.153250,,,,,,com.apple.keylayout.ABC,variable (CGDisplayMode reports 0),true,,,,,,
confirmation/background_input/metrics.csv,paint,input during background presentation update,,,,,4.342375,0.100292,,,,com.apple.keylayout.ABC,variable (CGDisplayMode reports 0),true,,,,0,1,1
confirmation/background_input/metrics.csv,block_index,input during background presentation update,,,,,,,,,,com.apple.keylayout.ABC,variable (CGDisplayMode reports 0),true,2.306542,1048604,0,,,
confirmation/background_input/metrics.csv,paint,input during background presentation update,,,,,18.437583,0.233916,,,,com.apple.keylayout.ABC,variable (CGDisplayMode reports 0),true,,,,0,1,1
confirmation/background_input/metrics.csv,input,input during background presentation update,28,command,0.006667,3.063875,,,,,,com.apple.keylayout.ABC,variable (CGDisplayMode reports 0),true,,,,,,
confirmation/background_input/metrics.csv,paint,input during background presentation update,,,,,6.472917,0.110834,,,,com.apple.keylayout.ABC,variable (CGDisplayMode reports 0),true,,,,0,1,1
confirmation/background_input/metrics.csv,block_index,input during background presentation update,,,,,,,,,,com.apple.keylayout.ABC,variable (CGDisplayMode reports 0),true,2.354917,1048605,0,,,
confirmation/background_input/metrics.csv,paint,input during background presentation update,,,,,19.071000,0.326125,,,,com.apple.keylayout.ABC,variable (CGDisplayMode reports 0),true,,,,0,1,1
confirmation/background_input/metrics.csv,input,input during background presentation update,29,command,0.006000,3.369000,,,,,,com.apple.keylayout.ABC,variable (CGDisplayMode reports 0),true,,,,,,
confirmation/background_input/metrics.csv,paint,input during background presentation update,,,,,5.938166,0.111542,,,,com.apple.keylayout.ABC,variable (CGDisplayMode reports 0),true,,,,0,1,1
confirmation/background_input/metrics.csv,block_index,input during background presentation update,,,,,,,,,,com.apple.keylayout.ABC,variable (CGDisplayMode reports 0),true,2.284458,1048606,0,,,
confirmation/background_input/metrics.csv,paint,input during background presentation update,,,,,19.329750,0.248458,,,,com.apple.keylayout.ABC,variable (CGDisplayMode reports 0),true,,,,0,1,1
confirmation/background_input/metrics.csv,input,input during background presentation update,30,command,0.006875,3.624791,,,,,,com.apple.keylayout.ABC,variable (CGDisplayMode reports 0),true,,,,,,
confirmation/background_input/metrics.csv,paint,input during background presentation update,,,,,5.693459,0.122250,,,,com.apple.keylayout.ABC,variable (CGDisplayMode reports 0),true,,,,0,1,1
confirmation/background_input/metrics.csv,block_index,input during background presentation update,,,,,,,,,,com.apple.keylayout.ABC,variable (CGDisplayMode reports 0),true,2.308834,1048607,0,,,
confirmation/background_input/metrics.csv,paint,input during background presentation update,,,,,18.438916,0.254500,,,,com.apple.keylayout.ABC,variable (CGDisplayMode reports 0),true,,,,0,1,1
confirmation/background_input/metrics.csv,input,input during background presentation update,31,command,0.005750,3.143375,,,,,,com.apple.keylayout.ABC,variable (CGDisplayMode reports 0),true,,,,,,
confirmation/background_input/metrics.csv,paint,input during background presentation update,,,,,6.577709,0.132167,,,,com.apple.keylayout.ABC,variable (CGDisplayMode reports 0),true,,,,0,1,1
confirmation/background_input/metrics.csv,block_index,input during background presentation update,,,,,,,,,,com.apple.keylayout.ABC,variable (CGDisplayMode reports 0),true,2.298083,1048608,0,,,
confirmation/background_input/metrics.csv,paint,input during background presentation update,,,,,17.971541,0.257042,,,,com.apple.keylayout.ABC,variable (CGDisplayMode reports 0),true,,,,0,1,1
confirmation/background_input/metrics.csv,input,input during background presentation update,32,command,0.006667,3.157042,,,,,,com.apple.keylayout.ABC,variable (CGDisplayMode reports 0),true,,,,,,
confirmation/background_input/metrics.csv,paint,input during background presentation update,,,,,2.617042,0.100417,,,,com.apple.keylayout.ABC,variable (CGDisplayMode reports 0),true,,,,0,1,1
confirmation/background_input/metrics.csv,block_index,input during background presentation update,,,,,,,,,,com.apple.keylayout.ABC,variable (CGDisplayMode reports 0),true,2.362625,1048609,0,,,
confirmation/background_input/metrics.csv,paint,input during background presentation update,,,,,21.344750,0.290875,,,,com.apple.keylayout.ABC,variable (CGDisplayMode reports 0),true,,,,0,1,1
confirmation/background_input/metrics.csv,input,input during background presentation update,33,command,0.005375,3.564042,,,,,,com.apple.keylayout.ABC,variable (CGDisplayMode reports 0),true,,,,,,
confirmation/background_input/metrics.csv,paint,input during background presentation update,,,,,3.497792,0.107333,,,,com.apple.keylayout.ABC,variable (CGDisplayMode reports 0),true,,,,0,1,1
confirmation/background_input/metrics.csv,block_index,input during background presentation update,,,,,,,,,,com.apple.keylayout.ABC,variable (CGDisplayMode reports 0),true,2.312000,1048610,0,,,
confirmation/background_input/metrics.csv,paint,input during background presentation update,,,,,21.497875,0.278709,,,,com.apple.keylayout.ABC,variable (CGDisplayMode reports 0),true,,,,0,1,1
confirmation/background_input/metrics.csv,input,input during background presentation update,34,command,0.005792,3.830917,,,,,,com.apple.keylayout.ABC,variable (CGDisplayMode reports 0),true,,,,,,
confirmation/background_input/metrics.csv,paint,input during background presentation update,,,,,3.470583,0.103584,,,,com.apple.keylayout.ABC,variable (CGDisplayMode reports 0),true,,,,0,1,1
confirmation/background_input/metrics.csv,block_index,input during background presentation update,,,,,,,,,,com.apple.keylayout.ABC,variable (CGDisplayMode reports 0),true,2.313292,1048611,0,,,
confirmation/background_input/metrics.csv,paint,input during background presentation update,,,,,21.506917,0.261542,,,,com.apple.keylayout.ABC,variable (CGDisplayMode reports 0),true,,,,0,1,1
confirmation/background_input/metrics.csv,input,input during background presentation update,35,command,0.006916,3.870166,,,,,,com.apple.keylayout.ABC,variable (CGDisplayMode reports 0),true,,,,,,
confirmation/background_input/metrics.csv,paint,input during background presentation update,,,,,3.564250,0.122125,,,,com.apple.keylayout.ABC,variable (CGDisplayMode reports 0),true,,,,0,1,1
confirmation/background_input/metrics.csv,paint,input during background presentation update,,,,,71.410333,0.151666,,,,com.apple.keylayout.ABC,variable (CGDisplayMode reports 0),true,,,,0,1,1
confirmation/background_input/metrics.csv,paint,input during background presentation update,,,,,8.059000,0.108709,,,,com.apple.keylayout.ABC,variable (CGDisplayMode reports 0),true,,,,0,1,1
confirmation/hundred_end/metrics.csv,memory_load,100 MB input at end,,,,,,,,,349585408,com.apple.keylayout.ABC,variable (CGDisplayMode reports 0),false,,,,,,
confirmation/hundred_end/metrics.csv,ready,100 MB input at end,,,,,,,369.785375,238.856167,383565824,com.apple.keylayout.ABC,variable (CGDisplayMode reports 0),false,,,,,,
confirmation/hundred_end/metrics.csv,paint,100 MB input at end,,,,,513.137500,0.460500,,,,com.apple.keylayout.ABC,variable (CGDisplayMode reports 0),false,,,,16,0,0
confirmation/hundred_end/metrics.csv,input,100 MB input at end,6,command,0.008542,4.015958,,,,,,com.apple.keylayout.ABC,variable (CGDisplayMode reports 0),false,,,,,,
confirmation/hundred_end/metrics.csv,paint,100 MB input at end,,,,,21.083291,0.433375,,,,com.apple.keylayout.ABC,variable (CGDisplayMode reports 0),false,,,,16,0,0
confirmation/hundred_end/metrics.csv,input,100 MB input at end,7,command,0.006625,2.031833,,,,,,com.apple.keylayout.ABC,variable (CGDisplayMode reports 0),false,,,,,,
confirmation/hundred_end/metrics.csv,paint,100 MB input at end,,,,,24.983459,0.437458,,,,com.apple.keylayout.ABC,variable (CGDisplayMode reports 0),false,,,,16,0,0
confirmation/hundred_end/metrics.csv,input,100 MB input at end,8,command,0.006792,3.514000,,,,,,com.apple.keylayout.ABC,variable (CGDisplayMode reports 0),false,,,,,,
confirmation/hundred_end/metrics.csv,paint,100 MB input at end,,,,,24.959916,0.434541,,,,com.apple.keylayout.ABC,variable (CGDisplayMode reports 0),false,,,,16,0,0
confirmation/hundred_end/metrics.csv,input,100 MB input at end,9,command,0.008667,4.428625,,,,,,com.apple.keylayout.ABC,variable (CGDisplayMode reports 0),false,,,,,,
confirmation/hundred_end/metrics.csv,paint,100 MB input at end,,,,,24.973209,0.414875,,,,com.apple.keylayout.ABC,variable (CGDisplayMode reports 0),false,,,,16,0,0
confirmation/hundred_end/metrics.csv,input,100 MB input at end,10,command,0.006416,4.328541,,,,,,com.apple.keylayout.ABC,variable (CGDisplayMode reports 0),false,,,,,,
confirmation/hundred_end/metrics.csv,paint,100 MB input at end,,,,,24.983750,0.416750,,,,com.apple.keylayout.ABC,variable (CGDisplayMode reports 0),false,,,,16,0,0
confirmation/hundred_end/metrics.csv,input,100 MB input at end,11,command,0.006167,3.903292,,,,,,com.apple.keylayout.ABC,variable (CGDisplayMode reports 0),false,,,,,,
confirmation/hundred_end/metrics.csv,paint,100 MB input at end,,,,,25.002958,0.412000,,,,com.apple.keylayout.ABC,variable (CGDisplayMode reports 0),false,,,,16,0,0
confirmation/hundred_end/metrics.csv,input,100 MB input at end,12,command,0.005958,4.260375,,,,,,com.apple.keylayout.ABC,variable (CGDisplayMode reports 0),false,,,,,,
confirmation/hundred_end/metrics.csv,paint,100 MB input at end,,,,,25.067875,0.423416,,,,com.apple.keylayout.ABC,variable (CGDisplayMode reports 0),false,,,,16,0,0
confirmation/hundred_end/metrics.csv,input,100 MB input at end,13,command,0.005583,4.262875,,,,,,com.apple.keylayout.ABC,variable (CGDisplayMode reports 0),false,,,,,,
confirmation/hundred_end/metrics.csv,paint,100 MB input at end,,,,,25.129333,0.448625,,,,com.apple.keylayout.ABC,variable (CGDisplayMode reports 0),false,,,,16,0,0
confirmation/hundred_end/metrics.csv,input,100 MB input at end,14,command,0.007333,4.330791,,,,,,com.apple.keylayout.ABC,variable (CGDisplayMode reports 0),false,,,,,,
confirmation/hundred_end/metrics.csv,paint,100 MB input at end,,,,,24.951334,0.439042,,,,com.apple.keylayout.ABC,variable (CGDisplayMode reports 0),false,,,,16,0,0
confirmation/hundred_end/metrics.csv,input,100 MB input at end,15,command,0.006291,3.755625,,,,,,com.apple.keylayout.ABC,variable (CGDisplayMode reports 0),false,,,,,,
confirmation/hundred_end/metrics.csv,paint,100 MB input at end,,,,,25.004583,0.427167,,,,com.apple.keylayout.ABC,variable (CGDisplayMode reports 0),false,,,,16,0,0
confirmation/hundred_end/metrics.csv,input,100 MB input at end,16,command,0.006291,4.284833,,,,,,com.apple.keylayout.ABC,variable (CGDisplayMode reports 0),false,,,,,,
confirmation/hundred_end/metrics.csv,paint,100 MB input at end,,,,,25.038250,0.510750,,,,com.apple.keylayout.ABC,variable (CGDisplayMode reports 0),false,,,,16,0,0
confirmation/hundred_end/metrics.csv,input,100 MB input at end,17,command,0.008166,4.115833,,,,,,com.apple.keylayout.ABC,variable (CGDisplayMode reports 0),false,,,,,,
confirmation/hundred_end/metrics.csv,paint,100 MB input at end,,,,,25.195167,0.768125,,,,com.apple.keylayout.ABC,variable (CGDisplayMode reports 0),false,,,,16,0,0
confirmation/hundred_end/metrics.csv,input,100 MB input at end,18,command,0.006417,4.404459,,,,,,com.apple.keylayout.ABC,variable (CGDisplayMode reports 0),false,,,,,,
confirmation/hundred_end/metrics.csv,paint,100 MB input at end,,,,,24.736750,0.511292,,,,com.apple.keylayout.ABC,variable (CGDisplayMode reports 0),false,,,,16,0,0
confirmation/hundred_end/metrics.csv,input,100 MB input at end,19,command,0.006500,4.226750,,,,,,com.apple.keylayout.ABC,variable (CGDisplayMode reports 0),false,,,,,,
confirmation/hundred_end/metrics.csv,paint,100 MB input at end,,,,,24.990083,0.446208,,,,com.apple.keylayout.ABC,variable (CGDisplayMode reports 0),false,,,,16,0,0
confirmation/hundred_end/metrics.csv,input,100 MB input at end,20,command,0.007083,3.485000,,,,,,com.apple.keylayout.ABC,variable (CGDisplayMode reports 0),false,,,,,,
confirmation/hundred_end/metrics.csv,paint,100 MB input at end,,,,,24.944667,0.424875,,,,com.apple.keylayout.ABC,variable (CGDisplayMode reports 0),false,,,,16,0,0
confirmation/hundred_end/metrics.csv,input,100 MB input at end,21,command,0.005250,3.626000,,,,,,com.apple.keylayout.ABC,variable (CGDisplayMode reports 0),false,,,,,,
confirmation/hundred_end/metrics.csv,paint,100 MB input at end,,,,,24.943500,0.408625,,,,com.apple.keylayout.ABC,variable (CGDisplayMode reports 0),false,,,,16,0,0
confirmation/hundred_end/metrics.csv,input,100 MB input at end,22,command,0.005500,4.212584,,,,,,com.apple.keylayout.ABC,variable (CGDisplayMode reports 0),false,,,,,,
confirmation/hundred_end/metrics.csv,paint,100 MB input at end,,,,,24.994083,0.411125,,,,com.apple.keylayout.ABC,variable (CGDisplayMode reports 0),false,,,,16,0,0
confirmation/hundred_end/metrics.csv,input,100 MB input at end,23,command,0.005208,4.110250,,,,,,com.apple.keylayout.ABC,variable (CGDisplayMode reports 0),false,,,,,,
confirmation/hundred_end/metrics.csv,paint,100 MB input at end,,,,,25.003458,0.407375,,,,com.apple.keylayout.ABC,variable (CGDisplayMode reports 0),false,,,,16,0,0
confirmation/hundred_end/metrics.csv,input,100 MB input at end,24,command,0.005917,3.928209,,,,,,com.apple.keylayout.ABC,variable (CGDisplayMode reports 0),false,,,,,,
confirmation/hundred_end/metrics.csv,paint,100 MB input at end,,,,,25.042500,0.413500,,,,com.apple.keylayout.ABC,variable (CGDisplayMode reports 0),false,,,,16,0,0
confirmation/hundred_end/metrics.csv,input,100 MB input at end,25,command,0.005833,4.290750,,,,,,com.apple.keylayout.ABC,variable (CGDisplayMode reports 0),false,,,,,,
confirmation/hundred_end/metrics.csv,paint,100 MB input at end,,,,,24.953584,0.402416,,,,com.apple.keylayout.ABC,variable (CGDisplayMode reports 0),false,,,,16,0,0
confirmation/hundred_end/metrics.csv,input,100 MB input at end,26,command,0.005750,4.199459,,,,,,com.apple.keylayout.ABC,variable (CGDisplayMode reports 0),false,,,,,,
confirmation/hundred_end/metrics.csv,paint,100 MB input at end,,,,,25.001958,0.421125,,,,com.apple.keylayout.ABC,variable (CGDisplayMode reports 0),false,,,,16,0,0
confirmation/hundred_end/metrics.csv,input,100 MB input at end,27,command,0.005667,3.821417,,,,,,com.apple.keylayout.ABC,variable (CGDisplayMode reports 0),false,,,,,,
confirmation/hundred_end/metrics.csv,paint,100 MB input at end,,,,,24.981250,0.405542,,,,com.apple.keylayout.ABC,variable (CGDisplayMode reports 0),false,,,,16,0,0
confirmation/hundred_end/metrics.csv,input,100 MB input at end,28,command,0.006167,4.072500,,,,,,com.apple.keylayout.ABC,variable (CGDisplayMode reports 0),false,,,,,,
confirmation/hundred_end/metrics.csv,paint,100 MB input at end,,,,,25.005333,0.412500,,,,com.apple.keylayout.ABC,variable (CGDisplayMode reports 0),false,,,,16,0,0
confirmation/hundred_end/metrics.csv,input,100 MB input at end,29,command,0.005542,4.103250,,,,,,com.apple.keylayout.ABC,variable (CGDisplayMode reports 0),false,,,,,,
confirmation/hundred_end/metrics.csv,paint,100 MB input at end,,,,,25.025334,0.428250,,,,com.apple.keylayout.ABC,variable (CGDisplayMode reports 0),false,,,,16,0,0
confirmation/hundred_end/metrics.csv,input,100 MB input at end,30,command,0.005500,3.865958,,,,,,com.apple.keylayout.ABC,variable (CGDisplayMode reports 0),false,,,,,,
confirmation/hundred_end/metrics.csv,paint,100 MB input at end,,,,,25.133625,0.465958,,,,com.apple.keylayout.ABC,variable (CGDisplayMode reports 0),false,,,,16,0,0
confirmation/hundred_end/metrics.csv,input,100 MB input at end,31,command,0.005542,4.373750,,,,,,com.apple.keylayout.ABC,variable (CGDisplayMode reports 0),false,,,,,,
confirmation/hundred_end/metrics.csv,paint,100 MB input at end,,,,,24.955916,0.430709,,,,com.apple.keylayout.ABC,variable (CGDisplayMode reports 0),false,,,,16,0,0
confirmation/hundred_end/metrics.csv,input,100 MB input at end,32,command,0.006416,4.213916,,,,,,com.apple.keylayout.ABC,variable (CGDisplayMode reports 0),false,,,,,,
confirmation/hundred_end/metrics.csv,paint,100 MB input at end,,,,,24.996959,0.432667,,,,com.apple.keylayout.ABC,variable (CGDisplayMode reports 0),false,,,,16,0,0
confirmation/hundred_end/metrics.csv,input,100 MB input at end,33,command,0.006750,4.262209,,,,,,com.apple.keylayout.ABC,variable (CGDisplayMode reports 0),false,,,,,,
confirmation/hundred_end/metrics.csv,paint,100 MB input at end,,,,,417.186666,0.915917,,,,com.apple.keylayout.ABC,variable (CGDisplayMode reports 0),false,,,,0,19,19
confirmation/hundred_end/metrics.csv,block_index,100 MB input at end,,,,,,,,,,com.apple.keylayout.ABC,variable (CGDisplayMode reports 0),false,0.006417,125,0,,,
confirmation/hundred_end/metrics.csv,paint,100 MB input at end,,,,,2.316459,0.167709,,,,com.apple.keylayout.ABC,variable (CGDisplayMode reports 0),false,,,,15,1,1
confirmation/hundred_end/metrics.csv,input,100 MB input at end,34,command,0.015917,0.700667,,,,,,com.apple.keylayout.ABC,variable (CGDisplayMode reports 0),false,,,,,,
confirmation/hundred_end/metrics.csv,block_index,100 MB input at end,,,,,,,,,,com.apple.keylayout.ABC,variable (CGDisplayMode reports 0),false,0.003917,126,0,,,
confirmation/hundred_end/metrics.csv,paint,100 MB input at end,,,,,0.999333,0.157625,,,,com.apple.keylayout.ABC,variable (CGDisplayMode reports 0),false,,,,15,1,1
confirmation/hundred_end/metrics.csv,input,100 MB input at end,35,command,0.001333,0.689292,,,,,,com.apple.keylayout.ABC,variable (CGDisplayMode reports 0),false,,,,,,
confirmation/hundred_middle/metrics.csv,memory_load,100 MB input at middle,,,,,,,,,349634560,com.apple.keylayout.ABC,variable (CGDisplayMode reports 0),false,,,,,,
confirmation/hundred_middle/metrics.csv,ready,100 MB input at middle,,,,,,,373.888000,235.680292,383631360,com.apple.keylayout.ABC,variable (CGDisplayMode reports 0),false,,,,,,
confirmation/hundred_middle/metrics.csv,paint,100 MB input at middle,,,,,566.745958,0.839375,,,,com.apple.keylayout.ABC,variable (CGDisplayMode reports 0),false,,,,16,6,6
confirmation/hundred_middle/metrics.csv,input,100 MB input at middle,6,command,0.008083,2.681458,,,,,,com.apple.keylayout.ABC,variable (CGDisplayMode reports 0),false,,,,,,
confirmation/hundred_middle/metrics.csv,paint,100 MB input at middle,,,,,24.885000,0.801709,,,,com.apple.keylayout.ABC,variable (CGDisplayMode reports 0),false,,,,16,6,6
confirmation/hundred_middle/metrics.csv,input,100 MB input at middle,7,command,0.007541,4.633916,,,,,,com.apple.keylayout.ABC,variable (CGDisplayMode reports 0),false,,,,,,
confirmation/hundred_middle/metrics.csv,paint,100 MB input at middle,,,,,24.984583,0.800833,,,,com.apple.keylayout.ABC,variable (CGDisplayMode reports 0),false,,,,16,6,6
confirmation/hundred_middle/metrics.csv,input,100 MB input at middle,8,command,0.006625,4.714917,,,,,,com.apple.keylayout.ABC,variable (CGDisplayMode reports 0),false,,,,,,
confirmation/hundred_middle/metrics.csv,paint,100 MB input at middle,,,,,24.967334,0.779583,,,,com.apple.keylayout.ABC,variable (CGDisplayMode reports 0),false,,,,16,6,6
confirmation/hundred_middle/metrics.csv,input,100 MB input at middle,9,command,0.008125,4.577458,,,,,,com.apple.keylayout.ABC,variable (CGDisplayMode reports 0),false,,,,,,
confirmation/hundred_middle/metrics.csv,paint,100 MB input at middle,,,,,24.900250,0.711750,,,,com.apple.keylayout.ABC,variable (CGDisplayMode reports 0),false,,,,16,6,6
confirmation/hundred_middle/metrics.csv,input,100 MB input at middle,10,command,0.007792,4.458917,,,,,,com.apple.keylayout.ABC,variable (CGDisplayMode reports 0),false,,,,,,
confirmation/hundred_middle/metrics.csv,paint,100 MB input at middle,,,,,25.062375,0.751083,,,,com.apple.keylayout.ABC,variable (CGDisplayMode reports 0),false,,,,16,6,6
confirmation/hundred_middle/metrics.csv,input,100 MB input at middle,11,command,0.005750,4.487334,,,,,,com.apple.keylayout.ABC,variable (CGDisplayMode reports 0),false,,,,,,
confirmation/hundred_middle/metrics.csv,paint,100 MB input at middle,,,,,24.962000,0.727167,,,,com.apple.keylayout.ABC,variable (CGDisplayMode reports 0),false,,,,16,6,6
confirmation/hundred_middle/metrics.csv,input,100 MB input at middle,12,command,0.005875,4.481041,,,,,,com.apple.keylayout.ABC,variable (CGDisplayMode reports 0),false,,,,,,
confirmation/hundred_middle/metrics.csv,paint,100 MB input at middle,,,,,24.983708,0.715458,,,,com.apple.keylayout.ABC,variable (CGDisplayMode reports 0),false,,,,16,6,6
confirmation/hundred_middle/metrics.csv,input,100 MB input at middle,13,command,0.005583,4.246917,,,,,,com.apple.keylayout.ABC,variable (CGDisplayMode reports 0),false,,,,,,
confirmation/hundred_middle/metrics.csv,paint,100 MB input at middle,,,,,24.807042,0.719292,,,,com.apple.keylayout.ABC,variable (CGDisplayMode reports 0),false,,,,16,6,6
confirmation/hundred_middle/metrics.csv,input,100 MB input at middle,14,command,0.005416,4.335500,,,,,,com.apple.keylayout.ABC,variable (CGDisplayMode reports 0),false,,,,,,
confirmation/hundred_middle/metrics.csv,paint,100 MB input at middle,,,,,25.189666,0.699916,,,,com.apple.keylayout.ABC,variable (CGDisplayMode reports 0),false,,,,16,6,6
confirmation/hundred_middle/metrics.csv,input,100 MB input at middle,15,command,0.006042,4.425000,,,,,,com.apple.keylayout.ABC,variable (CGDisplayMode reports 0),false,,,,,,
confirmation/hundred_middle/metrics.csv,paint,100 MB input at middle,,,,,25.105500,0.774667,,,,com.apple.keylayout.ABC,variable (CGDisplayMode reports 0),false,,,,16,6,6
confirmation/hundred_middle/metrics.csv,input,100 MB input at middle,16,command,0.006458,4.097458,,,,,,com.apple.keylayout.ABC,variable (CGDisplayMode reports 0),false,,,,,,
confirmation/hundred_middle/metrics.csv,paint,100 MB input at middle,,,,,25.053125,0.803750,,,,com.apple.keylayout.ABC,variable (CGDisplayMode reports 0),false,,,,16,6,6
confirmation/hundred_middle/metrics.csv,input,100 MB input at middle,17,command,0.006750,4.618083,,,,,,com.apple.keylayout.ABC,variable (CGDisplayMode reports 0),false,,,,,,
confirmation/hundred_middle/metrics.csv,paint,100 MB input at middle,,,,,25.058709,0.893209,,,,com.apple.keylayout.ABC,variable (CGDisplayMode reports 0),false,,,,16,6,6
confirmation/hundred_middle/metrics.csv,input,100 MB input at middle,18,command,0.010625,4.676459,,,,,,com.apple.keylayout.ABC,variable (CGDisplayMode reports 0),false,,,,,,
confirmation/hundred_middle/metrics.csv,paint,100 MB input at middle,,,,,32.268875,8.127708,,,,com.apple.keylayout.ABC,variable (CGDisplayMode reports 0),false,,,,16,6,6
confirmation/hundred_middle/metrics.csv,input,100 MB input at middle,19,command,0.009833,11.678542,,,,,,com.apple.keylayout.ABC,variable (CGDisplayMode reports 0),false,,,,,,
confirmation/hundred_middle/metrics.csv,paint,100 MB input at middle,,,,,17.661416,0.815667,,,,com.apple.keylayout.ABC,variable (CGDisplayMode reports 0),false,,,,16,6,6
confirmation/hundred_middle/metrics.csv,input,100 MB input at middle,20,command,0.007167,4.612542,,,,,,com.apple.keylayout.ABC,variable (CGDisplayMode reports 0),false,,,,,,
confirmation/hundred_middle/metrics.csv,paint,100 MB input at middle,,,,,24.942292,0.786666,,,,com.apple.keylayout.ABC,variable (CGDisplayMode reports 0),false,,,,16,6,6
confirmation/hundred_middle/metrics.csv,input,100 MB input at middle,21,command,0.004917,4.796250,,,,,,com.apple.keylayout.ABC,variable (CGDisplayMode reports 0),false,,,,,,
confirmation/hundred_middle/metrics.csv,paint,100 MB input at middle,,,,,24.923042,0.737083,,,,com.apple.keylayout.ABC,variable (CGDisplayMode reports 0),false,,,,16,6,6
confirmation/hundred_middle/metrics.csv,input,100 MB input at middle,22,command,0.005916,4.453875,,,,,,com.apple.keylayout.ABC,variable (CGDisplayMode reports 0),false,,,,,,
confirmation/hundred_middle/metrics.csv,paint,100 MB input at middle,,,,,24.919083,0.687125,,,,com.apple.keylayout.ABC,variable (CGDisplayMode reports 0),false,,,,16,6,6
confirmation/hundred_middle/metrics.csv,input,100 MB input at middle,23,command,0.005667,4.492167,,,,,,com.apple.keylayout.ABC,variable (CGDisplayMode reports 0),false,,,,,,
confirmation/hundred_middle/metrics.csv,paint,100 MB input at middle,,,,,24.981083,0.652417,,,,com.apple.keylayout.ABC,variable (CGDisplayMode reports 0),false,,,,16,6,6
confirmation/hundred_middle/metrics.csv,input,100 MB input at middle,24,command,0.006375,4.408500,,,,,,com.apple.keylayout.ABC,variable (CGDisplayMode reports 0),false,,,,,,
confirmation/hundred_middle/metrics.csv,paint,100 MB input at middle,,,,,24.986709,0.655250,,,,com.apple.keylayout.ABC,variable (CGDisplayMode reports 0),false,,,,16,6,6
confirmation/hundred_middle/metrics.csv,input,100 MB input at middle,25,command,0.005833,4.388708,,,,,,com.apple.keylayout.ABC,variable (CGDisplayMode reports 0),false,,,,,,
confirmation/hundred_middle/metrics.csv,paint,100 MB input at middle,,,,,25.041625,0.677375,,,,com.apple.keylayout.ABC,variable (CGDisplayMode reports 0),false,,,,16,6,6
confirmation/hundred_middle/metrics.csv,input,100 MB input at middle,26,command,0.006334,4.385834,,,,,,com.apple.keylayout.ABC,variable (CGDisplayMode reports 0),false,,,,,,
confirmation/hundred_middle/metrics.csv,paint,100 MB input at middle,,,,,24.982583,0.669208,,,,com.apple.keylayout.ABC,variable (CGDisplayMode reports 0),false,,,,16,6,6
confirmation/hundred_middle/metrics.csv,input,100 MB input at middle,27,command,0.005167,4.384334,,,,,,com.apple.keylayout.ABC,variable (CGDisplayMode reports 0),false,,,,,,
confirmation/hundred_middle/metrics.csv,paint,100 MB input at middle,,,,,24.977958,0.655291,,,,com.apple.keylayout.ABC,variable (CGDisplayMode reports 0),false,,,,16,6,6
confirmation/hundred_middle/metrics.csv,input,100 MB input at middle,28,command,0.004916,4.492083,,,,,,com.apple.keylayout.ABC,variable (CGDisplayMode reports 0),false,,,,,,
confirmation/hundred_middle/metrics.csv,paint,100 MB input at middle,,,,,25.000167,0.647292,,,,com.apple.keylayout.ABC,variable (CGDisplayMode reports 0),false,,,,16,6,6
confirmation/hundred_middle/metrics.csv,input,100 MB input at middle,29,command,0.004792,4.453250,,,,,,com.apple.keylayout.ABC,variable (CGDisplayMode reports 0),false,,,,,,
confirmation/hundred_middle/metrics.csv,paint,100 MB input at middle,,,,,25.005958,0.657375,,,,com.apple.keylayout.ABC,variable (CGDisplayMode reports 0),false,,,,16,6,6
confirmation/hundred_middle/metrics.csv,input,100 MB input at middle,30,command,0.005166,4.431458,,,,,,com.apple.keylayout.ABC,variable (CGDisplayMode reports 0),false,,,,,,
confirmation/hundred_middle/metrics.csv,paint,100 MB input at middle,,,,,25.033125,0.675333,,,,com.apple.keylayout.ABC,variable (CGDisplayMode reports 0),false,,,,16,6,6
confirmation/hundred_middle/metrics.csv,input,100 MB input at middle,31,command,0.006541,4.560916,,,,,,com.apple.keylayout.ABC,variable (CGDisplayMode reports 0),false,,,,,,
confirmation/hundred_middle/metrics.csv,paint,100 MB input at middle,,,,,24.962375,0.657417,,,,com.apple.keylayout.ABC,variable (CGDisplayMode reports 0),false,,,,16,6,6
confirmation/hundred_middle/metrics.csv,input,100 MB input at middle,32,command,0.005292,4.441750,,,,,,com.apple.keylayout.ABC,variable (CGDisplayMode reports 0),false,,,,,,
confirmation/hundred_middle/metrics.csv,paint,100 MB input at middle,,,,,25.095417,0.710625,,,,com.apple.keylayout.ABC,variable (CGDisplayMode reports 0),false,,,,16,6,6
confirmation/hundred_middle/metrics.csv,input,100 MB input at middle,33,command,0.012583,4.133042,,,,,,com.apple.keylayout.ABC,variable (CGDisplayMode reports 0),false,,,,,,
confirmation/hundred_middle/metrics.csv,paint,100 MB input at middle,,,,,24.957917,0.679709,,,,com.apple.keylayout.ABC,variable (CGDisplayMode reports 0),false,,,,16,6,6
confirmation/hundred_middle/metrics.csv,input,100 MB input at middle,34,command,0.006625,4.214333,,,,,,com.apple.keylayout.ABC,variable (CGDisplayMode reports 0),false,,,,,,
confirmation/hundred_middle/metrics.csv,paint,100 MB input at middle,,,,,25.109208,0.759750,,,,com.apple.keylayout.ABC,variable (CGDisplayMode reports 0),false,,,,16,6,6
confirmation/hundred_middle/metrics.csv,input,100 MB input at middle,35,command,0.009000,4.503209,,,,,,com.apple.keylayout.ABC,variable (CGDisplayMode reports 0),false,,,,,,
confirmation/hundred_middle/metrics.csv,paint,100 MB input at middle,,,,,461.247500,0.322750,,,,com.apple.keylayout.ABC,variable (CGDisplayMode reports 0),false,,,,0,26,26
confirmation/hundred_start/metrics.csv,memory_load,100 MB input at start,,,,,,,,,349732864,com.apple.keylayout.ABC,variable (CGDisplayMode reports 0),false,,,,,,
confirmation/hundred_start/metrics.csv,ready,100 MB input at start,,,,,,,381.612792,246.441250,383614976,com.apple.keylayout.ABC,variable (CGDisplayMode reports 0),false,,,,,,
confirmation/hundred_start/metrics.csv,paint,100 MB input at start,,,,,658.745708,0.365042,,,,com.apple.keylayout.ABC,variable (CGDisplayMode reports 0),false,,,,0,17,17
confirmation/hundred_start/metrics.csv,input,100 MB input at start,6,command,0.006875,2.798083,,,,,,com.apple.keylayout.ABC,variable (CGDisplayMode reports 0),false,,,,,,
confirmation/hundred_start/metrics.csv,paint,100 MB input at start,,,,,24.584167,0.321875,,,,com.apple.keylayout.ABC,variable (CGDisplayMode reports 0),false,,,,0,17,17
confirmation/hundred_start/metrics.csv,input,100 MB input at start,7,command,0.006667,4.261542,,,,,,com.apple.keylayout.ABC,variable (CGDisplayMode reports 0),false,,,,,,
confirmation/hundred_start/metrics.csv,paint,100 MB input at start,,,,,23.989667,0.321792,,,,com.apple.keylayout.ABC,variable (CGDisplayMode reports 0),false,,,,0,17,17
confirmation/hundred_start/metrics.csv,input,100 MB input at start,8,command,0.005459,3.338125,,,,,,com.apple.keylayout.ABC,variable (CGDisplayMode reports 0),false,,,,,,
confirmation/hundred_start/metrics.csv,paint,100 MB input at start,,,,,25.942750,0.337000,,,,com.apple.keylayout.ABC,variable (CGDisplayMode reports 0),false,,,,0,17,17
confirmation/hundred_start/metrics.csv,input,100 MB input at start,9,command,0.007125,4.168666,,,,,,com.apple.keylayout.ABC,variable (CGDisplayMode reports 0),false,,,,,,
confirmation/hundred_start/metrics.csv,paint,100 MB input at start,,,,,24.938083,0.316833,,,,com.apple.keylayout.ABC,variable (CGDisplayMode reports 0),false,,,,0,17,17
confirmation/hundred_start/metrics.csv,input,100 MB input at start,10,command,0.005583,4.183666,,,,,,com.apple.keylayout.ABC,variable (CGDisplayMode reports 0),false,,,,,,
confirmation/hundred_start/metrics.csv,paint,100 MB input at start,,,,,24.972375,0.301541,,,,com.apple.keylayout.ABC,variable (CGDisplayMode reports 0),false,,,,0,17,17
confirmation/hundred_start/metrics.csv,input,100 MB input at start,11,command,0.006166,3.973708,,,,,,com.apple.keylayout.ABC,variable (CGDisplayMode reports 0),false,,,,,,
confirmation/hundred_start/metrics.csv,paint,100 MB input at start,,,,,25.071375,0.333084,,,,com.apple.keylayout.ABC,variable (CGDisplayMode reports 0),false,,,,0,17,17
confirmation/hundred_start/metrics.csv,input,100 MB input at start,12,command,0.005875,3.829875,,,,,,com.apple.keylayout.ABC,variable (CGDisplayMode reports 0),false,,,,,,
confirmation/hundred_start/metrics.csv,paint,100 MB input at start,,,,,24.041042,0.310917,,,,com.apple.keylayout.ABC,variable (CGDisplayMode reports 0),false,,,,0,17,17
confirmation/hundred_start/metrics.csv,input,100 MB input at start,13,command,0.007041,2.136541,,,,,,com.apple.keylayout.ABC,variable (CGDisplayMode reports 0),false,,,,,,
confirmation/hundred_start/metrics.csv,paint,100 MB input at start,,,,,25.903333,0.305667,,,,com.apple.keylayout.ABC,variable (CGDisplayMode reports 0),false,,,,0,17,17
confirmation/hundred_start/metrics.csv,input,100 MB input at start,14,command,0.005542,4.082084,,,,,,com.apple.keylayout.ABC,variable (CGDisplayMode reports 0),false,,,,,,
confirmation/hundred_start/metrics.csv,paint,100 MB input at start,,,,,25.165042,0.338375,,,,com.apple.keylayout.ABC,variable (CGDisplayMode reports 0),false,,,,0,17,17
confirmation/hundred_start/metrics.csv,input,100 MB input at start,15,command,0.005458,3.991417,,,,,,com.apple.keylayout.ABC,variable (CGDisplayMode reports 0),false,,,,,,
confirmation/hundred_start/metrics.csv,paint,100 MB input at start,,,,,23.954333,0.316459,,,,com.apple.keylayout.ABC,variable (CGDisplayMode reports 0),false,,,,0,17,17
confirmation/hundred_start/metrics.csv,input,100 MB input at start,16,command,0.006667,2.503542,,,,,,com.apple.keylayout.ABC,variable (CGDisplayMode reports 0),false,,,,,,
confirmation/hundred_start/metrics.csv,paint,100 MB input at start,,,,,25.168458,0.353916,,,,com.apple.keylayout.ABC,variable (CGDisplayMode reports 0),false,,,,0,17,17
confirmation/hundred_start/metrics.csv,input,100 MB input at start,17,command,0.007625,3.148917,,,,,,com.apple.keylayout.ABC,variable (CGDisplayMode reports 0),false,,,,,,
confirmation/hundred_start/metrics.csv,paint,100 MB input at start,,,,,25.667167,0.279625,,,,com.apple.keylayout.ABC,variable (CGDisplayMode reports 0),false,,,,0,17,17
confirmation/hundred_start/metrics.csv,input,100 MB input at start,18,command,0.005208,3.933125,,,,,,com.apple.keylayout.ABC,variable (CGDisplayMode reports 0),false,,,,,,
confirmation/hundred_start/metrics.csv,paint,100 MB input at start,,,,,25.017500,0.297333,,,,com.apple.keylayout.ABC,variable (CGDisplayMode reports 0),false,,,,0,17,17
confirmation/hundred_start/metrics.csv,input,100 MB input at start,19,command,0.005417,1.815000,,,,,,com.apple.keylayout.ABC,variable (CGDisplayMode reports 0),false,,,,,,
confirmation/hundred_start/metrics.csv,paint,100 MB input at start,,,,,25.016167,0.295500,,,,com.apple.keylayout.ABC,variable (CGDisplayMode reports 0),false,,,,0,17,17
confirmation/hundred_start/metrics.csv,input,100 MB input at start,20,command,0.005875,2.176041,,,,,,com.apple.keylayout.ABC,variable (CGDisplayMode reports 0),false,,,,,,
confirmation/hundred_start/metrics.csv,paint,100 MB input at start,,,,,24.908208,0.259459,,,,com.apple.keylayout.ABC,variable (CGDisplayMode reports 0),false,,,,0,17,17
confirmation/hundred_start/metrics.csv,input,100 MB input at start,21,command,0.004875,2.450083,,,,,,com.apple.keylayout.ABC,variable (CGDisplayMode reports 0),false,,,,,,
confirmation/hundred_start/metrics.csv,paint,100 MB input at start,,,,,25.049708,0.275083,,,,com.apple.keylayout.ABC,variable (CGDisplayMode reports 0),false,,,,0,17,17
confirmation/hundred_start/metrics.csv,input,100 MB input at start,22,command,0.004791,3.704791,,,,,,com.apple.keylayout.ABC,variable (CGDisplayMode reports 0),false,,,,,,
confirmation/hundred_start/metrics.csv,paint,100 MB input at start,,,,,24.941084,0.253792,,,,com.apple.keylayout.ABC,variable (CGDisplayMode reports 0),false,,,,0,17,17
confirmation/hundred_start/metrics.csv,input,100 MB input at start,23,command,0.005166,3.858000,,,,,,com.apple.keylayout.ABC,variable (CGDisplayMode reports 0),false,,,,,,
confirmation/hundred_start/metrics.csv,paint,100 MB input at start,,,,,24.160416,0.279833,,,,com.apple.keylayout.ABC,variable (CGDisplayMode reports 0),false,,,,0,17,17
confirmation/hundred_start/metrics.csv,input,100 MB input at start,24,command,0.005042,2.728083,,,,,,com.apple.keylayout.ABC,variable (CGDisplayMode reports 0),false,,,,,,
confirmation/hundred_start/metrics.csv,paint,100 MB input at start,,,,,25.891625,0.272500,,,,com.apple.keylayout.ABC,variable (CGDisplayMode reports 0),false,,,,0,17,17
confirmation/hundred_start/metrics.csv,input,100 MB input at start,25,command,0.005375,3.987459,,,,,,com.apple.keylayout.ABC,variable (CGDisplayMode reports 0),false,,,,,,
confirmation/hundred_start/metrics.csv,paint,100 MB input at start,,,,,24.968584,0.261250,,,,com.apple.keylayout.ABC,variable (CGDisplayMode reports 0),false,,,,0,17,17
confirmation/hundred_start/metrics.csv,input,100 MB input at start,26,command,0.004916,4.075000,,,,,,com.apple.keylayout.ABC,variable (CGDisplayMode reports 0),false,,,,,,
confirmation/hundred_start/metrics.csv,paint,100 MB input at start,,,,,24.986500,0.257333,,,,com.apple.keylayout.ABC,variable (CGDisplayMode reports 0),false,,,,0,17,17
confirmation/hundred_start/metrics.csv,input,100 MB input at start,27,command,0.004334,4.031834,,,,,,com.apple.keylayout.ABC,variable (CGDisplayMode reports 0),false,,,,,,
confirmation/hundred_start/metrics.csv,paint,100 MB input at start,,,,,24.105250,0.259917,,,,com.apple.keylayout.ABC,variable (CGDisplayMode reports 0),false,,,,0,17,17
confirmation/hundred_start/metrics.csv,input,100 MB input at start,28,command,0.004208,3.120792,,,,,,com.apple.keylayout.ABC,variable (CGDisplayMode reports 0),false,,,,,,
confirmation/hundred_start/metrics.csv,paint,100 MB input at start,,,,,26.027583,0.307791,,,,com.apple.keylayout.ABC,variable (CGDisplayMode reports 0),false,,,,0,17,17
confirmation/hundred_start/metrics.csv,input,100 MB input at start,29,command,0.006959,4.099417,,,,,,com.apple.keylayout.ABC,variable (CGDisplayMode reports 0),false,,,,,,
confirmation/hundred_start/metrics.csv,paint,100 MB input at start,,,,,24.015875,0.269541,,,,com.apple.keylayout.ABC,variable (CGDisplayMode reports 0),false,,,,0,17,17
confirmation/hundred_start/metrics.csv,input,100 MB input at start,30,command,0.006000,3.235875,,,,,,com.apple.keylayout.ABC,variable (CGDisplayMode reports 0),false,,,,,,
confirmation/hundred_start/metrics.csv,paint,100 MB input at start,,,,,25.899667,0.281500,,,,com.apple.keylayout.ABC,variable (CGDisplayMode reports 0),false,,,,0,17,17
confirmation/hundred_start/metrics.csv,input,100 MB input at start,31,command,0.004917,4.022834,,,,,,com.apple.keylayout.ABC,variable (CGDisplayMode reports 0),false,,,,,,
confirmation/hundred_start/metrics.csv,paint,100 MB input at start,,,,,24.114000,0.286458,,,,com.apple.keylayout.ABC,variable (CGDisplayMode reports 0),false,,,,0,17,17
confirmation/hundred_start/metrics.csv,input,100 MB input at start,32,command,0.005042,3.234708,,,,,,com.apple.keylayout.ABC,variable (CGDisplayMode reports 0),false,,,,,,
confirmation/hundred_start/metrics.csv,paint,100 MB input at start,,,,,24.979833,0.271583,,,,com.apple.keylayout.ABC,variable (CGDisplayMode reports 0),false,,,,0,17,17
confirmation/hundred_start/metrics.csv,input,100 MB input at start,33,command,0.007125,3.170292,,,,,,com.apple.keylayout.ABC,variable (CGDisplayMode reports 0),false,,,,,,
confirmation/hundred_start/metrics.csv,paint,100 MB input at start,,,,,24.970000,0.262542,,,,com.apple.keylayout.ABC,variable (CGDisplayMode reports 0),false,,,,0,17,17
confirmation/hundred_start/metrics.csv,input,100 MB input at start,34,command,0.005209,3.239292,,,,,,com.apple.keylayout.ABC,variable (CGDisplayMode reports 0),false,,,,,,
confirmation/hundred_start/metrics.csv,paint,100 MB input at start,,,,,25.999958,0.313334,,,,com.apple.keylayout.ABC,variable (CGDisplayMode reports 0),false,,,,0,17,17
confirmation/hundred_start/metrics.csv,input,100 MB input at start,35,command,0.005083,4.177708,,,,,,com.apple.keylayout.ABC,variable (CGDisplayMode reports 0),false,,,,,,
confirmation/hundred_start/metrics.csv,paint,100 MB input at start,,,,,420.262667,0.229791,,,,com.apple.keylayout.ABC,variable (CGDisplayMode reports 0),false,,,,0,18,18
confirmation/ime/metrics.csv,memory_load,real Japanese IME composition to commit,,,,,,,,,69992448,com.apple.inputmethod.Kotoeri.RomajiTyping.Japanese,variable (CGDisplayMode reports 0),false,,,,,,
confirmation/ime/metrics.csv,ready,real Japanese IME composition to commit,,,,,,,191.179791,78.383750,80592896,com.apple.inputmethod.Kotoeri.RomajiTyping.Japanese,variable (CGDisplayMode reports 0),false,,,,,,
confirmation/ime/metrics.csv,paint,real Japanese IME composition to commit,,,,,33.500500,0.188750,,,,com.apple.inputmethod.Kotoeri.RomajiTyping.Japanese,variable (CGDisplayMode reports 0),false,,,,0,1,1
confirmation/ime/metrics.csv,paint,real Japanese IME composition to commit,,,,,7.990542,0.167000,,,,com.apple.inputmethod.Kotoeri.RomajiTyping.Japanese,variable (CGDisplayMode reports 0),false,,,,0,1,1
confirmation/ime/metrics.csv,block_index,real Japanese IME composition to commit,,,,,,,,,,com.apple.inputmethod.Kotoeri.RomajiTyping.Japanese,variable (CGDisplayMode reports 0),false,4.489791,1048624,0,,,
confirmation/ime/metrics.csv,paint,real Japanese IME composition to commit,,,,,481.336000,0.481125,,,,com.apple.inputmethod.Kotoeri.RomajiTyping.Japanese,variable (CGDisplayMode reports 0),false,,,,0,1,1
confirmation/ime/metrics.csv,input,real Japanese IME composition to commit,41,ime_composition,0.007958,8.015250,,,,,,com.apple.inputmethod.Kotoeri.RomajiTyping.Japanese,variable (CGDisplayMode reports 0),false,,,,,,
confirmation/ime/metrics.csv,block_index,real Japanese IME composition to commit,,,,,,,,,,com.apple.inputmethod.Kotoeri.RomajiTyping.Japanese,variable (CGDisplayMode reports 0),false,6.306417,1048624,0,,,
confirmation/ime/metrics.csv,paint,real Japanese IME composition to commit,,,,,39.884000,0.467000,,,,com.apple.inputmethod.Kotoeri.RomajiTyping.Japanese,variable (CGDisplayMode reports 0),false,,,,0,1,1
confirmation/ime/metrics.csv,input,real Japanese IME composition to commit,42,ime_composition,0.020375,8.358000,,,,,,com.apple.inputmethod.Kotoeri.RomajiTyping.Japanese,variable (CGDisplayMode reports 0),false,,,,,,
confirmation/ime/metrics.csv,block_index,real Japanese IME composition to commit,,,,,,,,,,com.apple.inputmethod.Kotoeri.RomajiTyping.Japanese,variable (CGDisplayMode reports 0),false,5.786917,1048627,0,,,
confirmation/ime/metrics.csv,paint,real Japanese IME composition to commit,,,,,27.305250,0.402042,,,,com.apple.inputmethod.Kotoeri.RomajiTyping.Japanese,variable (CGDisplayMode reports 0),false,,,,0,1,1
confirmation/ime/metrics.csv,input,real Japanese IME composition to commit,43,ime_composition,0.008000,7.609375,,,,,,com.apple.inputmethod.Kotoeri.RomajiTyping.Japanese,variable (CGDisplayMode reports 0),false,,,,,,
confirmation/ime/metrics.csv,block_index,real Japanese IME composition to commit,,,,,,,,,,com.apple.inputmethod.Kotoeri.RomajiTyping.Japanese,variable (CGDisplayMode reports 0),false,3.666917,1048627,0,,,
confirmation/ime/metrics.csv,paint,real Japanese IME composition to commit,,,,,16.003958,0.300375,,,,com.apple.inputmethod.Kotoeri.RomajiTyping.Japanese,variable (CGDisplayMode reports 0),false,,,,0,1,1
confirmation/ime/metrics.csv,input,real Japanese IME composition to commit,44,ime_composition,0.006000,5.103167,,,,,,com.apple.inputmethod.Kotoeri.RomajiTyping.Japanese,variable (CGDisplayMode reports 0),false,,,,,,
confirmation/ime/metrics.csv,block_index,real Japanese IME composition to commit,,,,,,,,,,com.apple.inputmethod.Kotoeri.RomajiTyping.Japanese,variable (CGDisplayMode reports 0),false,3.670250,1048630,0,,,
confirmation/ime/metrics.csv,paint,real Japanese IME composition to commit,,,,,16.655917,0.327250,,,,com.apple.inputmethod.Kotoeri.RomajiTyping.Japanese,variable (CGDisplayMode reports 0),false,,,,0,1,1
confirmation/ime/metrics.csv,input,real Japanese IME composition to commit,45,ime_composition,0.005875,5.251959,,,,,,com.apple.inputmethod.Kotoeri.RomajiTyping.Japanese,variable (CGDisplayMode reports 0),false,,,,,,
confirmation/ime/metrics.csv,block_index,real Japanese IME composition to commit,,,,,,,,,,com.apple.inputmethod.Kotoeri.RomajiTyping.Japanese,variable (CGDisplayMode reports 0),false,3.549334,1048633,0,,,
confirmation/ime/metrics.csv,paint,real Japanese IME composition to commit,,,,,14.759625,0.253084,,,,com.apple.inputmethod.Kotoeri.RomajiTyping.Japanese,variable (CGDisplayMode reports 0),false,,,,0,1,1
confirmation/ime/metrics.csv,input,real Japanese IME composition to commit,46,ime_composition,0.004292,4.874750,,,,,,com.apple.inputmethod.Kotoeri.RomajiTyping.Japanese,variable (CGDisplayMode reports 0),false,,,,,,
confirmation/ime/metrics.csv,block_index,real Japanese IME composition to commit,,,,,,,,,,com.apple.inputmethod.Kotoeri.RomajiTyping.Japanese,variable (CGDisplayMode reports 0),false,3.301917,1048630,0,,,
confirmation/ime/metrics.csv,paint,real Japanese IME composition to commit,,,,,13.189250,0.224000,,,,com.apple.inputmethod.Kotoeri.RomajiTyping.Japanese,variable (CGDisplayMode reports 0),false,,,,0,1,1
confirmation/ime/metrics.csv,input,real Japanese IME composition to commit,47,ime_composition,0.003375,4.482000,,,,,,com.apple.inputmethod.Kotoeri.RomajiTyping.Japanese,variable (CGDisplayMode reports 0),false,,,,,,
confirmation/ime/metrics.csv,block_index,real Japanese IME composition to commit,,,,,,,,,,com.apple.inputmethod.Kotoeri.RomajiTyping.Japanese,variable (CGDisplayMode reports 0),false,3.285417,1048630,0,,,
confirmation/ime/metrics.csv,paint,real Japanese IME composition to commit,,,,,7.838167,0.156833,,,,com.apple.inputmethod.Kotoeri.RomajiTyping.Japanese,variable (CGDisplayMode reports 0),false,,,,0,1,1
confirmation/ime/metrics.csv,input,real Japanese IME composition to commit,48,ime_commit,0.004042,4.414959,,,,,,com.apple.inputmethod.Kotoeri.RomajiTyping.Japanese,variable (CGDisplayMode reports 0),false,,,,,,
confirmation/ime/metrics.csv,block_index,real Japanese IME composition to commit,,,,,,,,,,com.apple.inputmethod.Kotoeri.RomajiTyping.Japanese,variable (CGDisplayMode reports 0),false,3.492875,1048633,0,,,
confirmation/ime/metrics.csv,paint,real Japanese IME composition to commit,,,,,18.455208,0.388209,,,,com.apple.inputmethod.Kotoeri.RomajiTyping.Japanese,variable (CGDisplayMode reports 0),false,,,,0,1,1
confirmation/ime/metrics.csv,input,real Japanese IME composition to commit,49,ime_composition,0.006584,5.151125,,,,,,com.apple.inputmethod.Kotoeri.RomajiTyping.Japanese,variable (CGDisplayMode reports 0),false,,,,,,
confirmation/ime/metrics.csv,block_index,real Japanese IME composition to commit,,,,,,,,,,com.apple.inputmethod.Kotoeri.RomajiTyping.Japanese,variable (CGDisplayMode reports 0),false,2.862458,1048633,0,,,
confirmation/ime/metrics.csv,paint,real Japanese IME composition to commit,,,,,20.503958,0.367750,,,,com.apple.inputmethod.Kotoeri.RomajiTyping.Japanese,variable (CGDisplayMode reports 0),false,,,,0,1,1
confirmation/ime/metrics.csv,input,real Japanese IME composition to commit,50,ime_composition,0.007041,4.357125,,,,,,com.apple.inputmethod.Kotoeri.RomajiTyping.Japanese,variable (CGDisplayMode reports 0),false,,,,,,
confirmation/ime/metrics.csv,block_index,real Japanese IME composition to commit,,,,,,,,,,com.apple.inputmethod.Kotoeri.RomajiTyping.Japanese,variable (CGDisplayMode reports 0),false,2.970625,1048636,0,,,
confirmation/ime/metrics.csv,paint,real Japanese IME composition to commit,,,,,16.119375,0.321333,,,,com.apple.inputmethod.Kotoeri.RomajiTyping.Japanese,variable (CGDisplayMode reports 0),false,,,,0,1,1
confirmation/ime/metrics.csv,input,real Japanese IME composition to commit,51,ime_composition,0.006166,4.270000,,,,,,com.apple.inputmethod.Kotoeri.RomajiTyping.Japanese,variable (CGDisplayMode reports 0),false,,,,,,
confirmation/ime/metrics.csv,block_index,real Japanese IME composition to commit,,,,,,,,,,com.apple.inputmethod.Kotoeri.RomajiTyping.Japanese,variable (CGDisplayMode reports 0),false,2.933875,1048636,0,,,
confirmation/ime/metrics.csv,paint,real Japanese IME composition to commit,,,,,11.455125,0.313583,,,,com.apple.inputmethod.Kotoeri.RomajiTyping.Japanese,variable (CGDisplayMode reports 0),false,,,,0,1,1
confirmation/ime/metrics.csv,input,real Japanese IME composition to commit,52,ime_composition,0.005958,4.136625,,,,,,com.apple.inputmethod.Kotoeri.RomajiTyping.Japanese,variable (CGDisplayMode reports 0),false,,,,,,
confirmation/ime/metrics.csv,block_index,real Japanese IME composition to commit,,,,,,,,,,com.apple.inputmethod.Kotoeri.RomajiTyping.Japanese,variable (CGDisplayMode reports 0),false,2.571042,1048639,0,,,
confirmation/ime/metrics.csv,paint,real Japanese IME composition to commit,,,,,12.167584,0.263625,,,,com.apple.inputmethod.Kotoeri.RomajiTyping.Japanese,variable (CGDisplayMode reports 0),false,,,,0,1,1
confirmation/ime/metrics.csv,input,real Japanese IME composition to commit,53,ime_composition,0.005583,3.640458,,,,,,com.apple.inputmethod.Kotoeri.RomajiTyping.Japanese,variable (CGDisplayMode reports 0),false,,,,,,
confirmation/ime/metrics.csv,block_index,real Japanese IME composition to commit,,,,,,,,,,com.apple.inputmethod.Kotoeri.RomajiTyping.Japanese,variable (CGDisplayMode reports 0),false,2.774458,1048642,0,,,
confirmation/ime/metrics.csv,paint,real Japanese IME composition to commit,,,,,11.166416,0.239791,,,,com.apple.inputmethod.Kotoeri.RomajiTyping.Japanese,variable (CGDisplayMode reports 0),false,,,,0,1,1
confirmation/ime/metrics.csv,input,real Japanese IME composition to commit,54,ime_composition,0.004083,3.776917,,,,,,com.apple.inputmethod.Kotoeri.RomajiTyping.Japanese,variable (CGDisplayMode reports 0),false,,,,,,
confirmation/ime/metrics.csv,block_index,real Japanese IME composition to commit,,,,,,,,,,com.apple.inputmethod.Kotoeri.RomajiTyping.Japanese,variable (CGDisplayMode reports 0),false,3.047667,1048639,0,,,
confirmation/ime/metrics.csv,paint,real Japanese IME composition to commit,,,,,10.552417,0.204625,,,,com.apple.inputmethod.Kotoeri.RomajiTyping.Japanese,variable (CGDisplayMode reports 0),false,,,,0,1,1
confirmation/ime/metrics.csv,input,real Japanese IME composition to commit,55,ime_composition,0.002834,3.957000,,,,,,com.apple.inputmethod.Kotoeri.RomajiTyping.Japanese,variable (CGDisplayMode reports 0),false,,,,,,
confirmation/ime/metrics.csv,paint,real Japanese IME composition to commit,,,,,1.354958,0.092292,,,,com.apple.inputmethod.Kotoeri.RomajiTyping.Japanese,variable (CGDisplayMode reports 0),false,,,,1,0,0
confirmation/ime/metrics.csv,block_index,real Japanese IME composition to commit,,,,,,,,,,com.apple.inputmethod.Kotoeri.RomajiTyping.Japanese,variable (CGDisplayMode reports 0),false,2.945834,1048639,0,,,
confirmation/ime/metrics.csv,paint,real Japanese IME composition to commit,,,,,6.014167,0.244542,,,,com.apple.inputmethod.Kotoeri.RomajiTyping.Japanese,variable (CGDisplayMode reports 0),false,,,,0,1,1
confirmation/ime/metrics.csv,input,real Japanese IME composition to commit,56,ime_commit,0.006416,4.025041,,,,,,com.apple.inputmethod.Kotoeri.RomajiTyping.Japanese,variable (CGDisplayMode reports 0),false,,,,,,
confirmation/ime/metrics.csv,block_index,real Japanese IME composition to commit,,,,,,,,,,com.apple.inputmethod.Kotoeri.RomajiTyping.Japanese,variable (CGDisplayMode reports 0),false,2.865375,1048642,0,,,
confirmation/ime/metrics.csv,paint,real Japanese IME composition to commit,,,,,14.352958,0.295292,,,,com.apple.inputmethod.Kotoeri.RomajiTyping.Japanese,variable (CGDisplayMode reports 0),false,,,,0,1,1
confirmation/ime/metrics.csv,input,real Japanese IME composition to commit,57,ime_composition,0.005541,4.084458,,,,,,com.apple.inputmethod.Kotoeri.RomajiTyping.Japanese,variable (CGDisplayMode reports 0),false,,,,,,
confirmation/ime/metrics.csv,block_index,real Japanese IME composition to commit,,,,,,,,,,com.apple.inputmethod.Kotoeri.RomajiTyping.Japanese,variable (CGDisplayMode reports 0),false,2.774250,1048642,0,,,
confirmation/ime/metrics.csv,paint,real Japanese IME composition to commit,,,,,7.761667,0.251208,,,,com.apple.inputmethod.Kotoeri.RomajiTyping.Japanese,variable (CGDisplayMode reports 0),false,,,,0,1,1
confirmation/ime/metrics.csv,input,real Japanese IME composition to commit,58,ime_composition,0.004209,3.809292,,,,,,com.apple.inputmethod.Kotoeri.RomajiTyping.Japanese,variable (CGDisplayMode reports 0),false,,,,,,
confirmation/ime/metrics.csv,block_index,real Japanese IME composition to commit,,,,,,,,,,com.apple.inputmethod.Kotoeri.RomajiTyping.Japanese,variable (CGDisplayMode reports 0),false,2.762000,1048645,0,,,
confirmation/ime/metrics.csv,paint,real Japanese IME composition to commit,,,,,10.984458,0.236042,,,,com.apple.inputmethod.Kotoeri.RomajiTyping.Japanese,variable (CGDisplayMode reports 0),false,,,,0,1,1
confirmation/ime/metrics.csv,input,real Japanese IME composition to commit,59,ime_composition,0.005000,3.756000,,,,,,com.apple.inputmethod.Kotoeri.RomajiTyping.Japanese,variable (CGDisplayMode reports 0),false,,,,,,
confirmation/ime/metrics.csv,block_index,real Japanese IME composition to commit,,,,,,,,,,com.apple.inputmethod.Kotoeri.RomajiTyping.Japanese,variable (CGDisplayMode reports 0),false,2.730500,1048645,0,,,
confirmation/ime/metrics.csv,paint,real Japanese IME composition to commit,,,,,7.182042,0.193167,,,,com.apple.inputmethod.Kotoeri.RomajiTyping.Japanese,variable (CGDisplayMode reports 0),false,,,,0,1,1
confirmation/ime/metrics.csv,input,real Japanese IME composition to commit,60,ime_composition,0.004000,3.612500,,,,,,com.apple.inputmethod.Kotoeri.RomajiTyping.Japanese,variable (CGDisplayMode reports 0),false,,,,,,
confirmation/ime/metrics.csv,block_index,real Japanese IME composition to commit,,,,,,,,,,com.apple.inputmethod.Kotoeri.RomajiTyping.Japanese,variable (CGDisplayMode reports 0),false,2.758500,1048648,0,,,
confirmation/ime/metrics.csv,paint,real Japanese IME composition to commit,,,,,8.694667,0.195916,,,,com.apple.inputmethod.Kotoeri.RomajiTyping.Japanese,variable (CGDisplayMode reports 0),false,,,,0,1,1
confirmation/ime/metrics.csv,input,real Japanese IME composition to commit,61,ime_composition,0.003667,3.652417,,,,,,com.apple.inputmethod.Kotoeri.RomajiTyping.Japanese,variable (CGDisplayMode reports 0),false,,,,,,
confirmation/ime/metrics.csv,block_index,real Japanese IME composition to commit,,,,,,,,,,com.apple.inputmethod.Kotoeri.RomajiTyping.Japanese,variable (CGDisplayMode reports 0),false,2.830917,1048651,0,,,
confirmation/ime/metrics.csv,paint,real Japanese IME composition to commit,,,,,8.990708,0.218541,,,,com.apple.inputmethod.Kotoeri.RomajiTyping.Japanese,variable (CGDisplayMode reports 0),false,,,,0,1,1
confirmation/ime/metrics.csv,input,real Japanese IME composition to commit,62,ime_composition,0.003792,3.795167,,,,,,com.apple.inputmethod.Kotoeri.RomajiTyping.Japanese,variable (CGDisplayMode reports 0),false,,,,,,
confirmation/ime/metrics.csv,block_index,real Japanese IME composition to commit,,,,,,,,,,com.apple.inputmethod.Kotoeri.RomajiTyping.Japanese,variable (CGDisplayMode reports 0),false,2.757959,1048648,0,,,
confirmation/ime/metrics.csv,paint,real Japanese IME composition to commit,,,,,7.689750,0.200625,,,,com.apple.inputmethod.Kotoeri.RomajiTyping.Japanese,variable (CGDisplayMode reports 0),false,,,,0,1,1
confirmation/ime/metrics.csv,input,real Japanese IME composition to commit,63,ime_composition,0.002917,3.624250,,,,,,com.apple.inputmethod.Kotoeri.RomajiTyping.Japanese,variable (CGDisplayMode reports 0),false,,,,,,
confirmation/ime/metrics.csv,block_index,real Japanese IME composition to commit,,,,,,,,,,com.apple.inputmethod.Kotoeri.RomajiTyping.Japanese,variable (CGDisplayMode reports 0),false,2.700875,1048648,0,,,
confirmation/ime/metrics.csv,paint,real Japanese IME composition to commit,,,,,5.170500,0.134042,,,,com.apple.inputmethod.Kotoeri.RomajiTyping.Japanese,variable (CGDisplayMode reports 0),false,,,,0,1,1
confirmation/ime/metrics.csv,input,real Japanese IME composition to commit,64,ime_commit,0.002667,3.570584,,,,,,com.apple.inputmethod.Kotoeri.RomajiTyping.Japanese,variable (CGDisplayMode reports 0),false,,,,,,
confirmation/ime/metrics.csv,block_index,real Japanese IME composition to commit,,,,,,,,,,com.apple.inputmethod.Kotoeri.RomajiTyping.Japanese,variable (CGDisplayMode reports 0),false,2.622166,1048651,0,,,
confirmation/ime/metrics.csv,paint,real Japanese IME composition to commit,,,,,14.050625,0.250792,,,,com.apple.inputmethod.Kotoeri.RomajiTyping.Japanese,variable (CGDisplayMode reports 0),false,,,,0,1,1
confirmation/ime/metrics.csv,input,real Japanese IME composition to commit,65,ime_composition,0.004625,3.665209,,,,,,com.apple.inputmethod.Kotoeri.RomajiTyping.Japanese,variable (CGDisplayMode reports 0),false,,,,,,
confirmation/ime/metrics.csv,block_index,real Japanese IME composition to commit,,,,,,,,,,com.apple.inputmethod.Kotoeri.RomajiTyping.Japanese,variable (CGDisplayMode reports 0),false,2.734667,1048651,0,,,
confirmation/ime/metrics.csv,paint,real Japanese IME composition to commit,,,,,17.594958,0.199291,,,,com.apple.inputmethod.Kotoeri.RomajiTyping.Japanese,variable (CGDisplayMode reports 0),false,,,,0,1,1
confirmation/ime/metrics.csv,input,real Japanese IME composition to commit,66,ime_composition,0.004000,3.638875,,,,,,com.apple.inputmethod.Kotoeri.RomajiTyping.Japanese,variable (CGDisplayMode reports 0),false,,,,,,
confirmation/ime/metrics.csv,block_index,real Japanese IME composition to commit,,,,,,,,,,com.apple.inputmethod.Kotoeri.RomajiTyping.Japanese,variable (CGDisplayMode reports 0),false,2.634250,1048654,0,,,
confirmation/ime/metrics.csv,paint,real Japanese IME composition to commit,,,,,13.758667,0.203792,,,,com.apple.inputmethod.Kotoeri.RomajiTyping.Japanese,variable (CGDisplayMode reports 0),false,,,,0,1,1
confirmation/ime/metrics.csv,input,real Japanese IME composition to commit,67,ime_composition,0.003125,3.539000,,,,,,com.apple.inputmethod.Kotoeri.RomajiTyping.Japanese,variable (CGDisplayMode reports 0),false,,,,,,
confirmation/ime/metrics.csv,block_index,real Japanese IME composition to commit,,,,,,,,,,com.apple.inputmethod.Kotoeri.RomajiTyping.Japanese,variable (CGDisplayMode reports 0),false,2.848917,1048654,0,,,
confirmation/ime/metrics.csv,paint,real Japanese IME composition to commit,,,,,10.360375,0.215041,,,,com.apple.inputmethod.Kotoeri.RomajiTyping.Japanese,variable (CGDisplayMode reports 0),false,,,,0,1,1
confirmation/ime/metrics.csv,input,real Japanese IME composition to commit,68,ime_composition,0.003667,3.785625,,,,,,com.apple.inputmethod.Kotoeri.RomajiTyping.Japanese,variable (CGDisplayMode reports 0),false,,,,,,
confirmation/ime/metrics.csv,block_index,real Japanese IME composition to commit,,,,,,,,,,com.apple.inputmethod.Kotoeri.RomajiTyping.Japanese,variable (CGDisplayMode reports 0),false,3.069334,1048657,0,,,
confirmation/ime/metrics.csv,paint,real Japanese IME composition to commit,,,,,11.474750,0.195958,,,,com.apple.inputmethod.Kotoeri.RomajiTyping.Japanese,variable (CGDisplayMode reports 0),false,,,,0,1,1
confirmation/ime/metrics.csv,input,real Japanese IME composition to commit,69,ime_composition,0.003208,3.995750,,,,,,com.apple.inputmethod.Kotoeri.RomajiTyping.Japanese,variable (CGDisplayMode reports 0),false,,,,,,
confirmation/ime/metrics.csv,block_index,real Japanese IME composition to commit,,,,,,,,,,com.apple.inputmethod.Kotoeri.RomajiTyping.Japanese,variable (CGDisplayMode reports 0),false,2.959708,1048660,0,,,
confirmation/ime/metrics.csv,paint,real Japanese IME composition to commit,,,,,10.621750,0.181375,,,,com.apple.inputmethod.Kotoeri.RomajiTyping.Japanese,variable (CGDisplayMode reports 0),false,,,,0,1,1
confirmation/ime/metrics.csv,input,real Japanese IME composition to commit,70,ime_composition,0.002875,3.798458,,,,,,com.apple.inputmethod.Kotoeri.RomajiTyping.Japanese,variable (CGDisplayMode reports 0),false,,,,,,
confirmation/ime/metrics.csv,block_index,real Japanese IME composition to commit,,,,,,,,,,com.apple.inputmethod.Kotoeri.RomajiTyping.Japanese,variable (CGDisplayMode reports 0),false,3.015125,1048657,0,,,
confirmation/ime/metrics.csv,paint,real Japanese IME composition to commit,,,,,10.346042,0.210958,,,,com.apple.inputmethod.Kotoeri.RomajiTyping.Japanese,variable (CGDisplayMode reports 0),false,,,,0,1,1
confirmation/ime/metrics.csv,input,real Japanese IME composition to commit,71,ime_composition,0.003125,3.970250,,,,,,com.apple.inputmethod.Kotoeri.RomajiTyping.Japanese,variable (CGDisplayMode reports 0),false,,,,,,
confirmation/ime/metrics.csv,paint,real Japanese IME composition to commit,,,,,1.702625,0.097167,,,,com.apple.inputmethod.Kotoeri.RomajiTyping.Japanese,variable (CGDisplayMode reports 0),false,,,,1,0,0
confirmation/ime/metrics.csv,block_index,real Japanese IME composition to commit,,,,,,,,,,com.apple.inputmethod.Kotoeri.RomajiTyping.Japanese,variable (CGDisplayMode reports 0),false,2.793000,1048657,0,,,
confirmation/ime/metrics.csv,paint,real Japanese IME composition to commit,,,,,5.731791,0.233916,,,,com.apple.inputmethod.Kotoeri.RomajiTyping.Japanese,variable (CGDisplayMode reports 0),false,,,,0,1,1
confirmation/ime/metrics.csv,input,real Japanese IME composition to commit,72,ime_commit,0.005917,3.781875,,,,,,com.apple.inputmethod.Kotoeri.RomajiTyping.Japanese,variable (CGDisplayMode reports 0),false,,,,,,
confirmation/ime/metrics.csv,block_index,real Japanese IME composition to commit,,,,,,,,,,com.apple.inputmethod.Kotoeri.RomajiTyping.Japanese,variable (CGDisplayMode reports 0),false,2.621167,1048660,0,,,
confirmation/ime/metrics.csv,paint,real Japanese IME composition to commit,,,,,13.348000,0.251458,,,,com.apple.inputmethod.Kotoeri.RomajiTyping.Japanese,variable (CGDisplayMode reports 0),false,,,,0,1,1
confirmation/ime/metrics.csv,input,real Japanese IME composition to commit,73,ime_composition,0.004167,3.660208,,,,,,com.apple.inputmethod.Kotoeri.RomajiTyping.Japanese,variable (CGDisplayMode reports 0),false,,,,,,
confirmation/ime/metrics.csv,block_index,real Japanese IME composition to commit,,,,,,,,,,com.apple.inputmethod.Kotoeri.RomajiTyping.Japanese,variable (CGDisplayMode reports 0),false,2.459084,1048660,0,,,
confirmation/ime/metrics.csv,paint,real Japanese IME composition to commit,,,,,16.586834,0.219167,,,,com.apple.inputmethod.Kotoeri.RomajiTyping.Japanese,variable (CGDisplayMode reports 0),false,,,,0,1,1
confirmation/ime/metrics.csv,input,real Japanese IME composition to commit,74,ime_composition,0.003875,3.421459,,,,,,com.apple.inputmethod.Kotoeri.RomajiTyping.Japanese,variable (CGDisplayMode reports 0),false,,,,,,
confirmation/ime/metrics.csv,block_index,real Japanese IME composition to commit,,,,,,,,,,com.apple.inputmethod.Kotoeri.RomajiTyping.Japanese,variable (CGDisplayMode reports 0),false,2.708917,1048663,0,,,
confirmation/ime/metrics.csv,paint,real Japanese IME composition to commit,,,,,14.137875,0.200833,,,,com.apple.inputmethod.Kotoeri.RomajiTyping.Japanese,variable (CGDisplayMode reports 0),false,,,,0,1,1
confirmation/ime/metrics.csv,input,real Japanese IME composition to commit,75,ime_composition,0.003666,3.600666,,,,,,com.apple.inputmethod.Kotoeri.RomajiTyping.Japanese,variable (CGDisplayMode reports 0),false,,,,,,
confirmation/ime/metrics.csv,block_index,real Japanese IME composition to commit,,,,,,,,,,com.apple.inputmethod.Kotoeri.RomajiTyping.Japanese,variable (CGDisplayMode reports 0),false,2.377041,1048663,0,,,
confirmation/ime/metrics.csv,paint,real Japanese IME composition to commit,,,,,9.704500,0.188500,,,,com.apple.inputmethod.Kotoeri.RomajiTyping.Japanese,variable (CGDisplayMode reports 0),false,,,,0,1,1
confirmation/ime/metrics.csv,input,real Japanese IME composition to commit,76,ime_composition,0.002709,3.253375,,,,,,com.apple.inputmethod.Kotoeri.RomajiTyping.Japanese,variable (CGDisplayMode reports 0),false,,,,,,
confirmation/ime/metrics.csv,block_index,real Japanese IME composition to commit,,,,,,,,,,com.apple.inputmethod.Kotoeri.RomajiTyping.Japanese,variable (CGDisplayMode reports 0),false,2.936500,1048666,0,,,
confirmation/ime/metrics.csv,paint,real Japanese IME composition to commit,,,,,11.213375,0.180542,,,,com.apple.inputmethod.Kotoeri.RomajiTyping.Japanese,variable (CGDisplayMode reports 0),false,,,,0,1,1
confirmation/ime/metrics.csv,input,real Japanese IME composition to commit,77,ime_composition,0.002875,3.775166,,,,,,com.apple.inputmethod.Kotoeri.RomajiTyping.Japanese,variable (CGDisplayMode reports 0),false,,,,,,
confirmation/ime/metrics.csv,block_index,real Japanese IME composition to commit,,,,,,,,,,com.apple.inputmethod.Kotoeri.RomajiTyping.Japanese,variable (CGDisplayMode reports 0),false,2.490250,1048669,0,,,
confirmation/ime/metrics.csv,paint,real Japanese IME composition to commit,,,,,10.825291,0.200250,,,,com.apple.inputmethod.Kotoeri.RomajiTyping.Japanese,variable (CGDisplayMode reports 0),false,,,,0,1,1
confirmation/ime/metrics.csv,input,real Japanese IME composition to commit,78,ime_composition,0.003584,3.388042,,,,,,com.apple.inputmethod.Kotoeri.RomajiTyping.Japanese,variable (CGDisplayMode reports 0),false,,,,,,
confirmation/ime/metrics.csv,block_index,real Japanese IME composition to commit,,,,,,,,,,com.apple.inputmethod.Kotoeri.RomajiTyping.Japanese,variable (CGDisplayMode reports 0),false,2.880291,1048666,0,,,
confirmation/ime/metrics.csv,paint,real Japanese IME composition to commit,,,,,10.378084,0.174500,,,,com.apple.inputmethod.Kotoeri.RomajiTyping.Japanese,variable (CGDisplayMode reports 0),false,,,,0,1,1
confirmation/ime/metrics.csv,input,real Japanese IME composition to commit,79,ime_composition,0.002750,3.745917,,,,,,com.apple.inputmethod.Kotoeri.RomajiTyping.Japanese,variable (CGDisplayMode reports 0),false,,,,,,
confirmation/ime/metrics.csv,block_index,real Japanese IME composition to commit,,,,,,,,,,com.apple.inputmethod.Kotoeri.RomajiTyping.Japanese,variable (CGDisplayMode reports 0),false,3.048291,1048666,0,,,
confirmation/ime/metrics.csv,paint,real Japanese IME composition to commit,,,,,5.435958,0.106584,,,,com.apple.inputmethod.Kotoeri.RomajiTyping.Japanese,variable (CGDisplayMode reports 0),false,,,,0,1,1
confirmation/ime/metrics.csv,input,real Japanese IME composition to commit,80,ime_commit,0.003250,3.806209,,,,,,com.apple.inputmethod.Kotoeri.RomajiTyping.Japanese,variable (CGDisplayMode reports 0),false,,,,,,
confirmation/ime/metrics.csv,paint,real Japanese IME composition to commit,,,,,1.486750,0.087875,,,,com.apple.inputmethod.Kotoeri.RomajiTyping.Japanese,variable (CGDisplayMode reports 0),false,,,,1,0,0
confirmation/ime/metrics.csv,paint,real Japanese IME composition to commit,,,,,7.621000,0.346875,,,,com.apple.inputmethod.Kotoeri.RomajiTyping.Japanese,variable (CGDisplayMode reports 0),false,,,,0,1,1
confirmation/ime/metrics.csv,block_index,real Japanese IME composition to commit,,,,,,,,,,com.apple.inputmethod.Kotoeri.RomajiTyping.Japanese,variable (CGDisplayMode reports 0),false,3.216291,1048669,0,,,
confirmation/ime/metrics.csv,paint,real Japanese IME composition to commit,,,,,19.904458,0.325833,,,,com.apple.inputmethod.Kotoeri.RomajiTyping.Japanese,variable (CGDisplayMode reports 0),false,,,,0,1,1
confirmation/ime/metrics.csv,input,real Japanese IME composition to commit,81,ime_composition,0.008292,5.209667,,,,,,com.apple.inputmethod.Kotoeri.RomajiTyping.Japanese,variable (CGDisplayMode reports 0),false,,,,,,
confirmation/ime/metrics.csv,block_index,real Japanese IME composition to commit,,,,,,,,,,com.apple.inputmethod.Kotoeri.RomajiTyping.Japanese,variable (CGDisplayMode reports 0),false,3.083708,1048669,0,,,
confirmation/ime/metrics.csv,paint,real Japanese IME composition to commit,,,,,18.402000,0.261084,,,,com.apple.inputmethod.Kotoeri.RomajiTyping.Japanese,variable (CGDisplayMode reports 0),false,,,,0,1,1
confirmation/ime/metrics.csv,input,real Japanese IME composition to commit,82,ime_composition,0.007542,4.183250,,,,,,com.apple.inputmethod.Kotoeri.RomajiTyping.Japanese,variable (CGDisplayMode reports 0),false,,,,,,
confirmation/ime/metrics.csv,block_index,real Japanese IME composition to commit,,,,,,,,,,com.apple.inputmethod.Kotoeri.RomajiTyping.Japanese,variable (CGDisplayMode reports 0),false,3.284458,1048672,0,,,
confirmation/ime/metrics.csv,paint,real Japanese IME composition to commit,,,,,14.724500,0.234959,,,,com.apple.inputmethod.Kotoeri.RomajiTyping.Japanese,variable (CGDisplayMode reports 0),false,,,,0,1,1
confirmation/ime/metrics.csv,input,real Japanese IME composition to commit,83,ime_composition,0.003708,4.290333,,,,,,com.apple.inputmethod.Kotoeri.RomajiTyping.Japanese,variable (CGDisplayMode reports 0),false,,,,,,
confirmation/ime/metrics.csv,block_index,real Japanese IME composition to commit,,,,,,,,,,com.apple.inputmethod.Kotoeri.RomajiTyping.Japanese,variable (CGDisplayMode reports 0),false,2.977583,1048672,0,,,
confirmation/ime/metrics.csv,paint,real Japanese IME composition to commit,,,,,10.336167,0.185542,,,,com.apple.inputmethod.Kotoeri.RomajiTyping.Japanese,variable (CGDisplayMode reports 0),false,,,,0,1,1
confirmation/ime/metrics.csv,input,real Japanese IME composition to commit,84,ime_composition,0.002958,3.838333,,,,,,com.apple.inputmethod.Kotoeri.RomajiTyping.Japanese,variable (CGDisplayMode reports 0),false,,,,,,
confirmation/ime/metrics.csv,block_index,real Japanese IME composition to commit,,,,,,,,,,com.apple.inputmethod.Kotoeri.RomajiTyping.Japanese,variable (CGDisplayMode reports 0),false,2.986292,1048675,0,,,
confirmation/ime/metrics.csv,paint,real Japanese IME composition to commit,,,,,11.271708,0.176875,,,,com.apple.inputmethod.Kotoeri.RomajiTyping.Japanese,variable (CGDisplayMode reports 0),false,,,,0,1,1
confirmation/ime/metrics.csv,input,real Japanese IME composition to commit,85,ime_composition,0.002625,3.833750,,,,,,com.apple.inputmethod.Kotoeri.RomajiTyping.Japanese,variable (CGDisplayMode reports 0),false,,,,,,
confirmation/ime/metrics.csv,block_index,real Japanese IME composition to commit,,,,,,,,,,com.apple.inputmethod.Kotoeri.RomajiTyping.Japanese,variable (CGDisplayMode reports 0),false,3.174417,1048678,0,,,
confirmation/ime/metrics.csv,paint,real Japanese IME composition to commit,,,,,10.886084,0.183458,,,,com.apple.inputmethod.Kotoeri.RomajiTyping.Japanese,variable (CGDisplayMode reports 0),false,,,,0,1,1
confirmation/ime/metrics.csv,input,real Japanese IME composition to commit,86,ime_composition,0.002250,4.040166,,,,,,com.apple.inputmethod.Kotoeri.RomajiTyping.Japanese,variable (CGDisplayMode reports 0),false,,,,,,
confirmation/ime/metrics.csv,block_index,real Japanese IME composition to commit,,,,,,,,,,com.apple.inputmethod.Kotoeri.RomajiTyping.Japanese,variable (CGDisplayMode reports 0),false,2.399000,1048675,0,,,
confirmation/ime/metrics.csv,paint,real Japanese IME composition to commit,,,,,9.700833,0.186416,,,,com.apple.inputmethod.Kotoeri.RomajiTyping.Japanese,variable (CGDisplayMode reports 0),false,,,,0,1,1
confirmation/ime/metrics.csv,input,real Japanese IME composition to commit,87,ime_composition,0.002500,3.269459,,,,,,com.apple.inputmethod.Kotoeri.RomajiTyping.Japanese,variable (CGDisplayMode reports 0),false,,,,,,
confirmation/ime/metrics.csv,block_index,real Japanese IME composition to commit,,,,,,,,,,com.apple.inputmethod.Kotoeri.RomajiTyping.Japanese,variable (CGDisplayMode reports 0),false,2.785875,1048675,0,,,
confirmation/ime/metrics.csv,paint,real Japanese IME composition to commit,,,,,5.199833,0.103959,,,,com.apple.inputmethod.Kotoeri.RomajiTyping.Japanese,variable (CGDisplayMode reports 0),false,,,,0,1,1
confirmation/ime/metrics.csv,input,real Japanese IME composition to commit,88,ime_commit,0.002042,3.516958,,,,,,com.apple.inputmethod.Kotoeri.RomajiTyping.Japanese,variable (CGDisplayMode reports 0),false,,,,,,
confirmation/ime/metrics.csv,paint,real Japanese IME composition to commit,,,,,7.629542,0.141500,,,,com.apple.inputmethod.Kotoeri.RomajiTyping.Japanese,variable (CGDisplayMode reports 0),false,,,,1,0,0
confirmation/ime/metrics.csv,paint,real Japanese IME composition to commit,,,,,8.469042,0.303416,,,,com.apple.inputmethod.Kotoeri.RomajiTyping.Japanese,variable (CGDisplayMode reports 0),false,,,,0,1,1
confirmation/ime/metrics.csv,block_index,real Japanese IME composition to commit,,,,,,,,,,com.apple.inputmethod.Kotoeri.RomajiTyping.Japanese,variable (CGDisplayMode reports 0),false,3.247334,1048678,0,,,
confirmation/ime/metrics.csv,paint,real Japanese IME composition to commit,,,,,16.032333,0.422250,,,,com.apple.inputmethod.Kotoeri.RomajiTyping.Japanese,variable (CGDisplayMode reports 0),false,,,,0,1,1
confirmation/ime/metrics.csv,input,real Japanese IME composition to commit,89,ime_composition,0.006000,5.940833,,,,,,com.apple.inputmethod.Kotoeri.RomajiTyping.Japanese,variable (CGDisplayMode reports 0),false,,,,,,
confirmation/ime/metrics.csv,block_index,real Japanese IME composition to commit,,,,,,,,,,com.apple.inputmethod.Kotoeri.RomajiTyping.Japanese,variable (CGDisplayMode reports 0),false,3.198583,1048678,0,,,
confirmation/ime/metrics.csv,paint,real Japanese IME composition to commit,,,,,18.875667,0.254750,,,,com.apple.inputmethod.Kotoeri.RomajiTyping.Japanese,variable (CGDisplayMode reports 0),false,,,,0,1,1
confirmation/ime/metrics.csv,input,real Japanese IME composition to commit,90,ime_composition,0.006625,4.317458,,,,,,com.apple.inputmethod.Kotoeri.RomajiTyping.Japanese,variable (CGDisplayMode reports 0),false,,,,,,
confirmation/ime/metrics.csv,block_index,real Japanese IME composition to commit,,,,,,,,,,com.apple.inputmethod.Kotoeri.RomajiTyping.Japanese,variable (CGDisplayMode reports 0),false,3.164500,1048681,0,,,
confirmation/ime/metrics.csv,paint,real Japanese IME composition to commit,,,,,14.578541,0.220875,,,,com.apple.inputmethod.Kotoeri.RomajiTyping.Japanese,variable (CGDisplayMode reports 0),false,,,,0,1,1
confirmation/ime/metrics.csv,input,real Japanese IME composition to commit,91,ime_composition,0.005625,4.177833,,,,,,com.apple.inputmethod.Kotoeri.RomajiTyping.Japanese,variable (CGDisplayMode reports 0),false,,,,,,
confirmation/ime/metrics.csv,block_index,real Japanese IME composition to commit,,,,,,,,,,com.apple.inputmethod.Kotoeri.RomajiTyping.Japanese,variable (CGDisplayMode reports 0),false,3.139708,1048681,0,,,
confirmation/ime/metrics.csv,paint,real Japanese IME composition to commit,,,,,10.730042,0.184625,,,,com.apple.inputmethod.Kotoeri.RomajiTyping.Japanese,variable (CGDisplayMode reports 0),false,,,,0,1,1
confirmation/ime/metrics.csv,input,real Japanese IME composition to commit,92,ime_composition,0.003209,4.010959,,,,,,com.apple.inputmethod.Kotoeri.RomajiTyping.Japanese,variable (CGDisplayMode reports 0),false,,,,,,
confirmation/ime/metrics.csv,block_index,real Japanese IME composition to commit,,,,,,,,,,com.apple.inputmethod.Kotoeri.RomajiTyping.Japanese,variable (CGDisplayMode reports 0),false,3.253750,1048684,0,,,
confirmation/ime/metrics.csv,paint,real Japanese IME composition to commit,,,,,11.613792,0.168333,,,,com.apple.inputmethod.Kotoeri.RomajiTyping.Japanese,variable (CGDisplayMode reports 0),false,,,,0,1,1
confirmation/ime/metrics.csv,input,real Japanese IME composition to commit,93,ime_composition,0.003291,4.108791,,,,,,com.apple.inputmethod.Kotoeri.RomajiTyping.Japanese,variable (CGDisplayMode reports 0),false,,,,,,
confirmation/ime/metrics.csv,block_index,real Japanese IME composition to commit,,,,,,,,,,com.apple.inputmethod.Kotoeri.RomajiTyping.Japanese,variable (CGDisplayMode reports 0),false,3.252000,1048687,0,,,
confirmation/ime/metrics.csv,paint,real Japanese IME composition to commit,,,,,10.834958,0.199750,,,,com.apple.inputmethod.Kotoeri.RomajiTyping.Japanese,variable (CGDisplayMode reports 0),false,,,,0,1,1
confirmation/ime/metrics.csv,input,real Japanese IME composition to commit,94,ime_composition,0.003500,4.166500,,,,,,com.apple.inputmethod.Kotoeri.RomajiTyping.Japanese,variable (CGDisplayMode reports 0),false,,,,,,
confirmation/ime/metrics.csv,block_index,real Japanese IME composition to commit,,,,,,,,,,com.apple.inputmethod.Kotoeri.RomajiTyping.Japanese,variable (CGDisplayMode reports 0),false,2.943250,1048684,0,,,
confirmation/ime/metrics.csv,paint,real Japanese IME composition to commit,,,,,10.293875,0.191625,,,,com.apple.inputmethod.Kotoeri.RomajiTyping.Japanese,variable (CGDisplayMode reports 0),false,,,,0,1,1
confirmation/ime/metrics.csv,input,real Japanese IME composition to commit,95,ime_composition,0.002667,3.851042,,,,,,com.apple.inputmethod.Kotoeri.RomajiTyping.Japanese,variable (CGDisplayMode reports 0),false,,,,,,
confirmation/ime/metrics.csv,block_index,real Japanese IME composition to commit,,,,,,,,,,com.apple.inputmethod.Kotoeri.RomajiTyping.Japanese,variable (CGDisplayMode reports 0),false,3.028084,1048684,0,,,
confirmation/ime/metrics.csv,paint,real Japanese IME composition to commit,,,,,6.413833,0.114417,,,,com.apple.inputmethod.Kotoeri.RomajiTyping.Japanese,variable (CGDisplayMode reports 0),false,,,,0,1,1
confirmation/ime/metrics.csv,input,real Japanese IME composition to commit,96,ime_commit,0.004083,3.870958,,,,,,com.apple.inputmethod.Kotoeri.RomajiTyping.Japanese,variable (CGDisplayMode reports 0),false,,,,,,
confirmation/ime/metrics.csv,paint,real Japanese IME composition to commit,,,,,1.449084,0.089542,,,,com.apple.inputmethod.Kotoeri.RomajiTyping.Japanese,variable (CGDisplayMode reports 0),false,,,,1,0,0
confirmation/ime/metrics.csv,paint,real Japanese IME composition to commit,,,,,6.622166,0.294958,,,,com.apple.inputmethod.Kotoeri.RomajiTyping.Japanese,variable (CGDisplayMode reports 0),false,,,,0,1,1
confirmation/ime/metrics.csv,block_index,real Japanese IME composition to commit,,,,,,,,,,com.apple.inputmethod.Kotoeri.RomajiTyping.Japanese,variable (CGDisplayMode reports 0),false,3.134208,1048687,0,,,
confirmation/ime/metrics.csv,paint,real Japanese IME composition to commit,,,,,20.134584,0.258041,,,,com.apple.inputmethod.Kotoeri.RomajiTyping.Japanese,variable (CGDisplayMode reports 0),false,,,,0,1,1
confirmation/ime/metrics.csv,input,real Japanese IME composition to commit,97,ime_composition,0.004166,4.980583,,,,,,com.apple.inputmethod.Kotoeri.RomajiTyping.Japanese,variable (CGDisplayMode reports 0),false,,,,,,
confirmation/ime/metrics.csv,block_index,real Japanese IME composition to commit,,,,,,,,,,com.apple.inputmethod.Kotoeri.RomajiTyping.Japanese,variable (CGDisplayMode reports 0),false,2.572458,1048687,0,,,
confirmation/ime/metrics.csv,paint,real Japanese IME composition to commit,,,,,18.150458,0.292208,,,,com.apple.inputmethod.Kotoeri.RomajiTyping.Japanese,variable (CGDisplayMode reports 0),false,,,,0,1,1
confirmation/ime/metrics.csv,input,real Japanese IME composition to commit,98,ime_composition,0.004916,3.904291,,,,,,com.apple.inputmethod.Kotoeri.RomajiTyping.Japanese,variable (CGDisplayMode reports 0),false,,,,,,
confirmation/ime/metrics.csv,block_index,real Japanese IME composition to commit,,,,,,,,,,com.apple.inputmethod.Kotoeri.RomajiTyping.Japanese,variable (CGDisplayMode reports 0),false,3.244000,1048690,0,,,
confirmation/ime/metrics.csv,paint,real Japanese IME composition to commit,,,,,15.475625,0.318000,,,,com.apple.inputmethod.Kotoeri.RomajiTyping.Japanese,variable (CGDisplayMode reports 0),false,,,,0,1,1
confirmation/ime/metrics.csv,input,real Japanese IME composition to commit,99,ime_composition,0.003875,4.967917,,,,,,com.apple.inputmethod.Kotoeri.RomajiTyping.Japanese,variable (CGDisplayMode reports 0),false,,,,,,
confirmation/ime/metrics.csv,block_index,real Japanese IME composition to commit,,,,,,,,,,com.apple.inputmethod.Kotoeri.RomajiTyping.Japanese,variable (CGDisplayMode reports 0),false,2.673583,1048690,0,,,
confirmation/ime/metrics.csv,paint,real Japanese IME composition to commit,,,,,10.253750,0.184416,,,,com.apple.inputmethod.Kotoeri.RomajiTyping.Japanese,variable (CGDisplayMode reports 0),false,,,,0,1,1
confirmation/ime/metrics.csv,input,real Japanese IME composition to commit,100,ime_composition,0.002917,3.625792,,,,,,com.apple.inputmethod.Kotoeri.RomajiTyping.Japanese,variable (CGDisplayMode reports 0),false,,,,,,
confirmation/ime/metrics.csv,block_index,real Japanese IME composition to commit,,,,,,,,,,com.apple.inputmethod.Kotoeri.RomajiTyping.Japanese,variable (CGDisplayMode reports 0),false,3.154875,1048693,0,,,
confirmation/ime/metrics.csv,paint,real Japanese IME composition to commit,,,,,11.681583,0.207917,,,,com.apple.inputmethod.Kotoeri.RomajiTyping.Japanese,variable (CGDisplayMode reports 0),false,,,,0,1,1
confirmation/ime/metrics.csv,input,real Japanese IME composition to commit,101,ime_composition,0.003416,4.095166,,,,,,com.apple.inputmethod.Kotoeri.RomajiTyping.Japanese,variable (CGDisplayMode reports 0),false,,,,,,
confirmation/ime/metrics.csv,block_index,real Japanese IME composition to commit,,,,,,,,,,com.apple.inputmethod.Kotoeri.RomajiTyping.Japanese,variable (CGDisplayMode reports 0),false,3.276208,1048696,0,,,
confirmation/ime/metrics.csv,paint,real Japanese IME composition to commit,,,,,11.130000,0.180083,,,,com.apple.inputmethod.Kotoeri.RomajiTyping.Japanese,variable (CGDisplayMode reports 0),false,,,,0,1,1
confirmation/ime/metrics.csv,input,real Japanese IME composition to commit,102,ime_composition,0.002959,4.227792,,,,,,com.apple.inputmethod.Kotoeri.RomajiTyping.Japanese,variable (CGDisplayMode reports 0),false,,,,,,
confirmation/ime/metrics.csv,block_index,real Japanese IME composition to commit,,,,,,,,,,com.apple.inputmethod.Kotoeri.RomajiTyping.Japanese,variable (CGDisplayMode reports 0),false,3.133416,1048693,0,,,
confirmation/ime/metrics.csv,paint,real Japanese IME composition to commit,,,,,10.478292,0.180041,,,,com.apple.inputmethod.Kotoeri.RomajiTyping.Japanese,variable (CGDisplayMode reports 0),false,,,,0,1,1
confirmation/ime/metrics.csv,input,real Japanese IME composition to commit,103,ime_composition,0.002417,3.996917,,,,,,com.apple.inputmethod.Kotoeri.RomajiTyping.Japanese,variable (CGDisplayMode reports 0),false,,,,,,
confirmation/ime/metrics.csv,block_index,real Japanese IME composition to commit,,,,,,,,,,com.apple.inputmethod.Kotoeri.RomajiTyping.Japanese,variable (CGDisplayMode reports 0),false,3.116958,1048693,0,,,
confirmation/ime/metrics.csv,paint,real Japanese IME composition to commit,,,,,5.506333,0.105917,,,,com.apple.inputmethod.Kotoeri.RomajiTyping.Japanese,variable (CGDisplayMode reports 0),false,,,,0,1,1
confirmation/ime/metrics.csv,input,real Japanese IME composition to commit,104,ime_commit,0.001750,3.878250,,,,,,com.apple.inputmethod.Kotoeri.RomajiTyping.Japanese,variable (CGDisplayMode reports 0),false,,,,,,
confirmation/ime/metrics.csv,paint,real Japanese IME composition to commit,,,,,1.489459,0.102792,,,,com.apple.inputmethod.Kotoeri.RomajiTyping.Japanese,variable (CGDisplayMode reports 0),false,,,,1,0,0
confirmation/ime/metrics.csv,paint,real Japanese IME composition to commit,,,,,4.855041,0.228667,,,,com.apple.inputmethod.Kotoeri.RomajiTyping.Japanese,variable (CGDisplayMode reports 0),false,,,,0,1,1
confirmation/ime/metrics.csv,block_index,real Japanese IME composition to commit,,,,,,,,,,com.apple.inputmethod.Kotoeri.RomajiTyping.Japanese,variable (CGDisplayMode reports 0),false,2.918042,1048696,0,,,
confirmation/ime/metrics.csv,paint,real Japanese IME composition to commit,,,,,24.939084,0.332042,,,,com.apple.inputmethod.Kotoeri.RomajiTyping.Japanese,variable (CGDisplayMode reports 0),false,,,,0,1,1
confirmation/ime/metrics.csv,input,real Japanese IME composition to commit,105,ime_composition,0.005875,6.352167,,,,,,com.apple.inputmethod.Kotoeri.RomajiTyping.Japanese,variable (CGDisplayMode reports 0),false,,,,,,
confirmation/ime/metrics.csv,block_index,real Japanese IME composition to commit,,,,,,,,,,com.apple.inputmethod.Kotoeri.RomajiTyping.Japanese,variable (CGDisplayMode reports 0),false,3.079791,1048696,0,,,
confirmation/ime/metrics.csv,paint,real Japanese IME composition to commit,,,,,17.846625,0.243709,,,,com.apple.inputmethod.Kotoeri.RomajiTyping.Japanese,variable (CGDisplayMode reports 0),false,,,,0,1,1
confirmation/ime/metrics.csv,input,real Japanese IME composition to commit,106,ime_composition,0.006084,4.102375,,,,,,com.apple.inputmethod.Kotoeri.RomajiTyping.Japanese,variable (CGDisplayMode reports 0),false,,,,,,
confirmation/ime/metrics.csv,block_index,real Japanese IME composition to commit,,,,,,,,,,com.apple.inputmethod.Kotoeri.RomajiTyping.Japanese,variable (CGDisplayMode reports 0),false,2.341208,1048699,0,,,
confirmation/ime/metrics.csv,paint,real Japanese IME composition to commit,,,,,13.678583,0.203916,,,,com.apple.inputmethod.Kotoeri.RomajiTyping.Japanese,variable (CGDisplayMode reports 0),false,,,,0,1,1
confirmation/ime/metrics.csv,input,real Japanese IME composition to commit,107,ime_composition,0.003625,3.249583,,,,,,com.apple.inputmethod.Kotoeri.RomajiTyping.Japanese,variable (CGDisplayMode reports 0),false,,,,,,
confirmation/ime/metrics.csv,block_index,real Japanese IME composition to commit,,,,,,,,,,com.apple.inputmethod.Kotoeri.RomajiTyping.Japanese,variable (CGDisplayMode reports 0),false,2.753125,1048699,0,,,
confirmation/ime/metrics.csv,paint,real Japanese IME composition to commit,,,,,10.215792,0.181750,,,,com.apple.inputmethod.Kotoeri.RomajiTyping.Japanese,variable (CGDisplayMode reports 0),false,,,,0,1,1
confirmation/ime/metrics.csv,input,real Japanese IME composition to commit,108,ime_composition,0.003500,3.620500,,,,,,com.apple.inputmethod.Kotoeri.RomajiTyping.Japanese,variable (CGDisplayMode reports 0),false,,,,,,
confirmation/ime/metrics.csv,block_index,real Japanese IME composition to commit,,,,,,,,,,com.apple.inputmethod.Kotoeri.RomajiTyping.Japanese,variable (CGDisplayMode reports 0),false,2.935792,1048702,0,,,
confirmation/ime/metrics.csv,paint,real Japanese IME composition to commit,,,,,11.590625,0.234833,,,,com.apple.inputmethod.Kotoeri.RomajiTyping.Japanese,variable (CGDisplayMode reports 0),false,,,,0,1,1
confirmation/ime/metrics.csv,input,real Japanese IME composition to commit,109,ime_composition,0.002834,4.050209,,,,,,com.apple.inputmethod.Kotoeri.RomajiTyping.Japanese,variable (CGDisplayMode reports 0),false,,,,,,
confirmation/ime/metrics.csv,block_index,real Japanese IME composition to commit,,,,,,,,,,com.apple.inputmethod.Kotoeri.RomajiTyping.Japanese,variable (CGDisplayMode reports 0),false,2.666625,1048705,0,,,
confirmation/ime/metrics.csv,paint,real Japanese IME composition to commit,,,,,10.498333,0.215375,,,,com.apple.inputmethod.Kotoeri.RomajiTyping.Japanese,variable (CGDisplayMode reports 0),false,,,,0,1,1
confirmation/ime/metrics.csv,input,real Japanese IME composition to commit,110,ime_composition,0.003583,3.617750,,,,,,com.apple.inputmethod.Kotoeri.RomajiTyping.Japanese,variable (CGDisplayMode reports 0),false,,,,,,
confirmation/ime/metrics.csv,block_index,real Japanese IME composition to commit,,,,,,,,,,com.apple.inputmethod.Kotoeri.RomajiTyping.Japanese,variable (CGDisplayMode reports 0),false,3.196875,1048702,0,,,
confirmation/ime/metrics.csv,paint,real Japanese IME composition to commit,,,,,10.566000,0.222709,,,,com.apple.inputmethod.Kotoeri.RomajiTyping.Japanese,variable (CGDisplayMode reports 0),false,,,,0,1,1
confirmation/ime/metrics.csv,input,real Japanese IME composition to commit,111,ime_composition,0.002375,4.156000,,,,,,com.apple.inputmethod.Kotoeri.RomajiTyping.Japanese,variable (CGDisplayMode reports 0),false,,,,,,
confirmation/ime/metrics.csv,block_index,real Japanese IME composition to commit,,,,,,,,,,com.apple.inputmethod.Kotoeri.RomajiTyping.Japanese,variable (CGDisplayMode reports 0),false,2.537833,1048702,0,,,
confirmation/ime/metrics.csv,paint,real Japanese IME composition to commit,,,,,4.983083,0.096292,,,,com.apple.inputmethod.Kotoeri.RomajiTyping.Japanese,variable (CGDisplayMode reports 0),false,,,,0,1,1
confirmation/ime/metrics.csv,input,real Japanese IME composition to commit,112,ime_commit,0.002750,3.261333,,,,,,com.apple.inputmethod.Kotoeri.RomajiTyping.Japanese,variable (CGDisplayMode reports 0),false,,,,,,
confirmation/ime/metrics.csv,paint,real Japanese IME composition to commit,,,,,3.844042,0.108584,,,,com.apple.inputmethod.Kotoeri.RomajiTyping.Japanese,variable (CGDisplayMode reports 0),false,,,,1,0,0
confirmation/ime/metrics.csv,paint,real Japanese IME composition to commit,,,,,8.678083,0.363250,,,,com.apple.inputmethod.Kotoeri.RomajiTyping.Japanese,variable (CGDisplayMode reports 0),false,,,,0,1,1
confirmation/ime/metrics.csv,block_index,real Japanese IME composition to commit,,,,,,,,,,com.apple.inputmethod.Kotoeri.RomajiTyping.Japanese,variable (CGDisplayMode reports 0),false,3.182083,1048705,0,,,
confirmation/ime/metrics.csv,paint,real Japanese IME composition to commit,,,,,20.052875,0.371291,,,,com.apple.inputmethod.Kotoeri.RomajiTyping.Japanese,variable (CGDisplayMode reports 0),false,,,,0,1,1
confirmation/ime/metrics.csv,input,real Japanese IME composition to commit,113,ime_composition,0.006333,5.264083,,,,,,com.apple.inputmethod.Kotoeri.RomajiTyping.Japanese,variable (CGDisplayMode reports 0),false,,,,,,
confirmation/ime/metrics.csv,block_index,real Japanese IME composition to commit,,,,,,,,,,com.apple.inputmethod.Kotoeri.RomajiTyping.Japanese,variable (CGDisplayMode reports 0),false,3.144708,1048705,0,,,
confirmation/ime/metrics.csv,paint,real Japanese IME composition to commit,,,,,18.700875,0.304167,,,,com.apple.inputmethod.Kotoeri.RomajiTyping.Japanese,variable (CGDisplayMode reports 0),false,,,,0,1,1
confirmation/ime/metrics.csv,input,real Japanese IME composition to commit,114,ime_composition,0.007208,4.433625,,,,,,com.apple.inputmethod.Kotoeri.RomajiTyping.Japanese,variable (CGDisplayMode reports 0),false,,,,,,
confirmation/ime/metrics.csv,block_index,real Japanese IME composition to commit,,,,,,,,,,com.apple.inputmethod.Kotoeri.RomajiTyping.Japanese,variable (CGDisplayMode reports 0),false,2.620583,1048708,0,,,
confirmation/ime/metrics.csv,paint,real Japanese IME composition to commit,,,,,14.553084,0.297125,,,,com.apple.inputmethod.Kotoeri.RomajiTyping.Japanese,variable (CGDisplayMode reports 0),false,,,,0,1,1
confirmation/ime/metrics.csv,input,real Japanese IME composition to commit,115,ime_composition,0.004042,4.019583,,,,,,com.apple.inputmethod.Kotoeri.RomajiTyping.Japanese,variable (CGDisplayMode reports 0),false,,,,,,
confirmation/ime/metrics.csv,block_index,real Japanese IME composition to commit,,,,,,,,,,com.apple.inputmethod.Kotoeri.RomajiTyping.Japanese,variable (CGDisplayMode reports 0),false,3.194500,1048708,0,,,
confirmation/ime/metrics.csv,paint,real Japanese IME composition to commit,,,,,11.084958,0.256875,,,,com.apple.inputmethod.Kotoeri.RomajiTyping.Japanese,variable (CGDisplayMode reports 0),false,,,,0,1,1
confirmation/ime/metrics.csv,input,real Japanese IME composition to commit,116,ime_composition,0.004375,4.211375,,,,,,com.apple.inputmethod.Kotoeri.RomajiTyping.Japanese,variable (CGDisplayMode reports 0),false,,,,,,
confirmation/ime/metrics.csv,block_index,real Japanese IME composition to commit,,,,,,,,,,com.apple.inputmethod.Kotoeri.RomajiTyping.Japanese,variable (CGDisplayMode reports 0),false,3.119541,1048711,0,,,
confirmation/ime/metrics.csv,paint,real Japanese IME composition to commit,,,,,11.855833,0.253334,,,,com.apple.inputmethod.Kotoeri.RomajiTyping.Japanese,variable (CGDisplayMode reports 0),false,,,,0,1,1
confirmation/ime/metrics.csv,input,real Japanese IME composition to commit,117,ime_composition,0.003042,4.305125,,,,,,com.apple.inputmethod.Kotoeri.RomajiTyping.Japanese,variable (CGDisplayMode reports 0),false,,,,,,
confirmation/ime/metrics.csv,block_index,real Japanese IME composition to commit,,,,,,,,,,com.apple.inputmethod.Kotoeri.RomajiTyping.Japanese,variable (CGDisplayMode reports 0),false,3.287166,1048714,0,,,
confirmation/ime/metrics.csv,paint,real Japanese IME composition to commit,,,,,11.557417,0.229750,,,,com.apple.inputmethod.Kotoeri.RomajiTyping.Japanese,variable (CGDisplayMode reports 0),false,,,,0,1,1
confirmation/ime/metrics.csv,input,real Japanese IME composition to commit,118,ime_composition,0.003250,4.436417,,,,,,com.apple.inputmethod.Kotoeri.RomajiTyping.Japanese,variable (CGDisplayMode reports 0),false,,,,,,
confirmation/ime/metrics.csv,block_index,real Japanese IME composition to commit,,,,,,,,,,com.apple.inputmethod.Kotoeri.RomajiTyping.Japanese,variable (CGDisplayMode reports 0),false,2.962583,1048711,0,,,
confirmation/ime/metrics.csv,paint,real Japanese IME composition to commit,,,,,10.690000,0.231583,,,,com.apple.inputmethod.Kotoeri.RomajiTyping.Japanese,variable (CGDisplayMode reports 0),false,,,,0,1,1
confirmation/ime/metrics.csv,input,real Japanese IME composition to commit,119,ime_composition,0.002917,4.003417,,,,,,com.apple.inputmethod.Kotoeri.RomajiTyping.Japanese,variable (CGDisplayMode reports 0),false,,,,,,
confirmation/ime/metrics.csv,block_index,real Japanese IME composition to commit,,,,,,,,,,com.apple.inputmethod.Kotoeri.RomajiTyping.Japanese,variable (CGDisplayMode reports 0),false,2.303792,1048711,0,,,
confirmation/ime/metrics.csv,paint,real Japanese IME composition to commit,,,,,4.785000,0.102167,,,,com.apple.inputmethod.Kotoeri.RomajiTyping.Japanese,variable (CGDisplayMode reports 0),false,,,,0,1,1
confirmation/ime/metrics.csv,input,real Japanese IME composition to commit,120,ime_commit,0.001959,3.034209,,,,,,com.apple.inputmethod.Kotoeri.RomajiTyping.Japanese,variable (CGDisplayMode reports 0),false,,,,,,
confirmation/ime/metrics.csv,paint,real Japanese IME composition to commit,,,,,4.864625,0.110625,,,,com.apple.inputmethod.Kotoeri.RomajiTyping.Japanese,variable (CGDisplayMode reports 0),false,,,,1,0,0
confirmation/ime/metrics.csv,paint,real Japanese IME composition to commit,,,,,8.536542,0.373625,,,,com.apple.inputmethod.Kotoeri.RomajiTyping.Japanese,variable (CGDisplayMode reports 0),false,,,,0,1,1
confirmation/ime/metrics.csv,block_index,real Japanese IME composition to commit,,,,,,,,,,com.apple.inputmethod.Kotoeri.RomajiTyping.Japanese,variable (CGDisplayMode reports 0),false,2.789750,1048714,0,,,
confirmation/ime/metrics.csv,paint,real Japanese IME composition to commit,,,,,15.939000,0.461708,,,,com.apple.inputmethod.Kotoeri.RomajiTyping.Japanese,variable (CGDisplayMode reports 0),false,,,,0,1,1
confirmation/ime/metrics.csv,input,real Japanese IME composition to commit,121,ime_composition,0.006166,5.960750,,,,,,com.apple.inputmethod.Kotoeri.RomajiTyping.Japanese,variable (CGDisplayMode reports 0),false,,,,,,
confirmation/ime/metrics.csv,block_index,real Japanese IME composition to commit,,,,,,,,,,com.apple.inputmethod.Kotoeri.RomajiTyping.Japanese,variable (CGDisplayMode reports 0),false,2.662708,1048714,0,,,
confirmation/ime/metrics.csv,paint,real Japanese IME composition to commit,,,,,17.776750,0.300042,,,,com.apple.inputmethod.Kotoeri.RomajiTyping.Japanese,variable (CGDisplayMode reports 0),false,,,,0,1,1
confirmation/ime/metrics.csv,input,real Japanese IME composition to commit,122,ime_composition,0.007167,3.819625,,,,,,com.apple.inputmethod.Kotoeri.RomajiTyping.Japanese,variable (CGDisplayMode reports 0),false,,,,,,
confirmation/ime/metrics.csv,block_index,real Japanese IME composition to commit,,,,,,,,,,com.apple.inputmethod.Kotoeri.RomajiTyping.Japanese,variable (CGDisplayMode reports 0),false,2.966333,1048717,0,,,
confirmation/ime/metrics.csv,paint,real Japanese IME composition to commit,,,,,14.353833,0.242458,,,,com.apple.inputmethod.Kotoeri.RomajiTyping.Japanese,variable (CGDisplayMode reports 0),false,,,,0,1,1
confirmation/ime/metrics.csv,input,real Japanese IME composition to commit,123,ime_composition,0.005625,4.010167,,,,,,com.apple.inputmethod.Kotoeri.RomajiTyping.Japanese,variable (CGDisplayMode reports 0),false,,,,,,
confirmation/ime/metrics.csv,block_index,real Japanese IME composition to commit,,,,,,,,,,com.apple.inputmethod.Kotoeri.RomajiTyping.Japanese,variable (CGDisplayMode reports 0),false,2.385625,1048717,0,,,
confirmation/ime/metrics.csv,paint,real Japanese IME composition to commit,,,,,10.009833,0.265458,,,,com.apple.inputmethod.Kotoeri.RomajiTyping.Japanese,variable (CGDisplayMode reports 0),false,,,,0,1,1
confirmation/ime/metrics.csv,input,real Japanese IME composition to commit,124,ime_composition,0.003250,3.354667,,,,,,com.apple.inputmethod.Kotoeri.RomajiTyping.Japanese,variable (CGDisplayMode reports 0),false,,,,,,
confirmation/ime/metrics.csv,block_index,real Japanese IME composition to commit,,,,,,,,,,com.apple.inputmethod.Kotoeri.RomajiTyping.Japanese,variable (CGDisplayMode reports 0),false,2.243000,1048720,0,,,
confirmation/ime/metrics.csv,paint,real Japanese IME composition to commit,,,,,11.459584,0.220709,,,,com.apple.inputmethod.Kotoeri.RomajiTyping.Japanese,variable (CGDisplayMode reports 0),false,,,,0,1,1
confirmation/ime/metrics.csv,input,real Japanese IME composition to commit,125,ime_composition,0.003000,3.206208,,,,,,com.apple.inputmethod.Kotoeri.RomajiTyping.Japanese,variable (CGDisplayMode reports 0),false,,,,,,
confirmation/ime/metrics.csv,block_index,real Japanese IME composition to commit,,,,,,,,,,com.apple.inputmethod.Kotoeri.RomajiTyping.Japanese,variable (CGDisplayMode reports 0),false,2.894583,1048723,0,,,
confirmation/ime/metrics.csv,paint,real Japanese IME composition to commit,,,,,10.780541,0.239500,,,,com.apple.inputmethod.Kotoeri.RomajiTyping.Japanese,variable (CGDisplayMode reports 0),false,,,,0,1,1
confirmation/ime/metrics.csv,input,real Japanese IME composition to commit,126,ime_composition,0.003250,3.885750,,,,,,com.apple.inputmethod.Kotoeri.RomajiTyping.Japanese,variable (CGDisplayMode reports 0),false,,,,,,
confirmation/ime/metrics.csv,block_index,real Japanese IME composition to commit,,,,,,,,,,com.apple.inputmethod.Kotoeri.RomajiTyping.Japanese,variable (CGDisplayMode reports 0),false,2.811500,1048720,0,,,
confirmation/ime/metrics.csv,paint,real Japanese IME composition to commit,,,,,10.355834,0.208792,,,,com.apple.inputmethod.Kotoeri.RomajiTyping.Japanese,variable (CGDisplayMode reports 0),false,,,,0,1,1
confirmation/ime/metrics.csv,input,real Japanese IME composition to commit,127,ime_composition,0.003083,3.749667,,,,,,com.apple.inputmethod.Kotoeri.RomajiTyping.Japanese,variable (CGDisplayMode reports 0),false,,,,,,
confirmation/ime/metrics.csv,block_index,real Japanese IME composition to commit,,,,,,,,,,com.apple.inputmethod.Kotoeri.RomajiTyping.Japanese,variable (CGDisplayMode reports 0),false,2.372917,1048720,0,,,
confirmation/ime/metrics.csv,paint,real Japanese IME composition to commit,,,,,4.770583,0.110750,,,,com.apple.inputmethod.Kotoeri.RomajiTyping.Japanese,variable (CGDisplayMode reports 0),false,,,,0,1,1
confirmation/ime/metrics.csv,input,real Japanese IME composition to commit,128,ime_commit,0.001791,3.132041,,,,,,com.apple.inputmethod.Kotoeri.RomajiTyping.Japanese,variable (CGDisplayMode reports 0),false,,,,,,
confirmation/ime/metrics.csv,paint,real Japanese IME composition to commit,,,,,4.212750,0.106750,,,,com.apple.inputmethod.Kotoeri.RomajiTyping.Japanese,variable (CGDisplayMode reports 0),false,,,,1,0,0
confirmation/ime/metrics.csv,paint,real Japanese IME composition to commit,,,,,8.585500,0.333583,,,,com.apple.inputmethod.Kotoeri.RomajiTyping.Japanese,variable (CGDisplayMode reports 0),false,,,,0,1,1
confirmation/ime/metrics.csv,block_index,real Japanese IME composition to commit,,,,,,,,,,com.apple.inputmethod.Kotoeri.RomajiTyping.Japanese,variable (CGDisplayMode reports 0),false,2.734750,1048723,0,,,
confirmation/ime/metrics.csv,paint,real Japanese IME composition to commit,,,,,16.649125,0.378167,,,,com.apple.inputmethod.Kotoeri.RomajiTyping.Japanese,variable (CGDisplayMode reports 0),false,,,,0,1,1
confirmation/ime/metrics.csv,input,real Japanese IME composition to commit,129,ime_composition,0.014792,6.831292,,,,,,com.apple.inputmethod.Kotoeri.RomajiTyping.Japanese,variable (CGDisplayMode reports 0),false,,,,,,
confirmation/ime/metrics.csv,block_index,real Japanese IME composition to commit,,,,,,,,,,com.apple.inputmethod.Kotoeri.RomajiTyping.Japanese,variable (CGDisplayMode reports 0),false,2.727750,1048723,0,,,
confirmation/ime/metrics.csv,paint,real Japanese IME composition to commit,,,,,17.671875,0.309667,,,,com.apple.inputmethod.Kotoeri.RomajiTyping.Japanese,variable (CGDisplayMode reports 0),false,,,,0,1,1
confirmation/ime/metrics.csv,input,real Japanese IME composition to commit,130,ime_composition,0.007584,3.903209,,,,,,com.apple.inputmethod.Kotoeri.RomajiTyping.Japanese,variable (CGDisplayMode reports 0),false,,,,,,
confirmation/ime/metrics.csv,block_index,real Japanese IME composition to commit,,,,,,,,,,com.apple.inputmethod.Kotoeri.RomajiTyping.Japanese,variable (CGDisplayMode reports 0),false,2.967833,1048726,0,,,
confirmation/ime/metrics.csv,paint,real Japanese IME composition to commit,,,,,14.509375,0.249250,,,,com.apple.inputmethod.Kotoeri.RomajiTyping.Japanese,variable (CGDisplayMode reports 0),false,,,,0,1,1
confirmation/ime/metrics.csv,input,real Japanese IME composition to commit,131,ime_composition,0.005208,4.013416,,,,,,com.apple.inputmethod.Kotoeri.RomajiTyping.Japanese,variable (CGDisplayMode reports 0),false,,,,,,
confirmation/ime/metrics.csv,block_index,real Japanese IME composition to commit,,,,,,,,,,com.apple.inputmethod.Kotoeri.RomajiTyping.Japanese,variable (CGDisplayMode reports 0),false,2.802250,1048726,0,,,
confirmation/ime/metrics.csv,paint,real Japanese IME composition to commit,,,,,10.271667,0.268541,,,,com.apple.inputmethod.Kotoeri.RomajiTyping.Japanese,variable (CGDisplayMode reports 0),false,,,,0,1,1
confirmation/ime/metrics.csv,input,real Japanese IME composition to commit,132,ime_composition,0.004000,3.877125,,,,,,com.apple.inputmethod.Kotoeri.RomajiTyping.Japanese,variable (CGDisplayMode reports 0),false,,,,,,
confirmation/ime/metrics.csv,block_index,real Japanese IME composition to commit,,,,,,,,,,com.apple.inputmethod.Kotoeri.RomajiTyping.Japanese,variable (CGDisplayMode reports 0),false,2.790916,1048729,0,,,
confirmation/ime/metrics.csv,paint,real Japanese IME composition to commit,,,,,11.934708,0.279333,,,,com.apple.inputmethod.Kotoeri.RomajiTyping.Japanese,variable (CGDisplayMode reports 0),false,,,,0,1,1
confirmation/ime/metrics.csv,input,real Japanese IME composition to commit,133,ime_composition,0.005541,3.938416,,,,,,com.apple.inputmethod.Kotoeri.RomajiTyping.Japanese,variable (CGDisplayMode reports 0),false,,,,,,
confirmation/ime/metrics.csv,block_index,real Japanese IME composition to commit,,,,,,,,,,com.apple.inputmethod.Kotoeri.RomajiTyping.Japanese,variable (CGDisplayMode reports 0),false,3.060709,1048732,0,,,
confirmation/ime/metrics.csv,paint,real Japanese IME composition to commit,,,,,11.512708,0.283458,,,,com.apple.inputmethod.Kotoeri.RomajiTyping.Japanese,variable (CGDisplayMode reports 0),false,,,,0,1,1
confirmation/ime/metrics.csv,input,real Japanese IME composition to commit,134,ime_composition,0.004875,4.262958,,,,,,com.apple.inputmethod.Kotoeri.RomajiTyping.Japanese,variable (CGDisplayMode reports 0),false,,,,,,
confirmation/ime/metrics.csv,block_index,real Japanese IME composition to commit,,,,,,,,,,com.apple.inputmethod.Kotoeri.RomajiTyping.Japanese,variable (CGDisplayMode reports 0),false,2.607833,1048729,0,,,
confirmation/ime/metrics.csv,paint,real Japanese IME composition to commit,,,,,10.525750,0.268459,,,,com.apple.inputmethod.Kotoeri.RomajiTyping.Japanese,variable (CGDisplayMode reports 0),false,,,,0,1,1
confirmation/ime/metrics.csv,input,real Japanese IME composition to commit,135,ime_composition,0.004458,3.681833,,,,,,com.apple.inputmethod.Kotoeri.RomajiTyping.Japanese,variable (CGDisplayMode reports 0),false,,,,,,
confirmation/ime/metrics.csv,block_index,real Japanese IME composition to commit,,,,,,,,,,com.apple.inputmethod.Kotoeri.RomajiTyping.Japanese,variable (CGDisplayMode reports 0),false,2.655625,1048729,0,,,
confirmation/ime/metrics.csv,paint,real Japanese IME composition to commit,,,,,5.955792,0.126209,,,,com.apple.inputmethod.Kotoeri.RomajiTyping.Japanese,variable (CGDisplayMode reports 0),false,,,,0,1,1
confirmation/ime/metrics.csv,input,real Japanese IME composition to commit,136,ime_commit,0.004333,3.510750,,,,,,com.apple.inputmethod.Kotoeri.RomajiTyping.Japanese,variable (CGDisplayMode reports 0),false,,,,,,
confirmation/ime/metrics.csv,paint,real Japanese IME composition to commit,,,,,1.377250,0.091708,,,,com.apple.inputmethod.Kotoeri.RomajiTyping.Japanese,variable (CGDisplayMode reports 0),false,,,,1,0,0
confirmation/ime/metrics.csv,paint,real Japanese IME composition to commit,,,,,7.988875,0.351166,,,,com.apple.inputmethod.Kotoeri.RomajiTyping.Japanese,variable (CGDisplayMode reports 0),false,,,,0,1,1
confirmation/ime/metrics.csv,block_index,real Japanese IME composition to commit,,,,,,,,,,com.apple.inputmethod.Kotoeri.RomajiTyping.Japanese,variable (CGDisplayMode reports 0),false,3.069250,1048732,0,,,
confirmation/ime/metrics.csv,paint,real Japanese IME composition to commit,,,,,19.309000,0.294292,,,,com.apple.inputmethod.Kotoeri.RomajiTyping.Japanese,variable (CGDisplayMode reports 0),false,,,,0,1,1
confirmation/ime/metrics.csv,input,real Japanese IME composition to commit,137,ime_composition,0.005375,4.942750,,,,,,com.apple.inputmethod.Kotoeri.RomajiTyping.Japanese,variable (CGDisplayMode reports 0),false,,,,,,
confirmation/ime/metrics.csv,block_index,real Japanese IME composition to commit,,,,,,,,,,com.apple.inputmethod.Kotoeri.RomajiTyping.Japanese,variable (CGDisplayMode reports 0),false,3.220750,1048732,0,,,
confirmation/ime/metrics.csv,paint,real Japanese IME composition to commit,,,,,18.912292,0.321792,,,,com.apple.inputmethod.Kotoeri.RomajiTyping.Japanese,variable (CGDisplayMode reports 0),false,,,,0,1,1
confirmation/ime/metrics.csv,input,real Japanese IME composition to commit,138,ime_composition,0.007000,4.660167,,,,,,com.apple.inputmethod.Kotoeri.RomajiTyping.Japanese,variable (CGDisplayMode reports 0),false,,,,,,
confirmation/ime/metrics.csv,block_index,real Japanese IME composition to commit,,,,,,,,,,com.apple.inputmethod.Kotoeri.RomajiTyping.Japanese,variable (CGDisplayMode reports 0),false,3.063709,1048735,0,,,
confirmation/ime/metrics.csv,paint,real Japanese IME composition to commit,,,,,14.949375,0.294041,,,,com.apple.inputmethod.Kotoeri.RomajiTyping.Japanese,variable (CGDisplayMode reports 0),false,,,,0,1,1
confirmation/ime/metrics.csv,input,real Japanese IME composition to commit,139,ime_composition,0.003750,4.357416,,,,,,com.apple.inputmethod.Kotoeri.RomajiTyping.Japanese,variable (CGDisplayMode reports 0),false,,,,,,
confirmation/ime/metrics.csv,block_index,real Japanese IME composition to commit,,,,,,,,,,com.apple.inputmethod.Kotoeri.RomajiTyping.Japanese,variable (CGDisplayMode reports 0),false,3.092000,1048735,0,,,
confirmation/ime/metrics.csv,paint,real Japanese IME composition to commit,,,,,10.921583,0.243916,,,,com.apple.inputmethod.Kotoeri.RomajiTyping.Japanese,variable (CGDisplayMode reports 0),false,,,,0,1,1
confirmation/ime/metrics.csv,input,real Japanese IME composition to commit,140,ime_composition,0.003833,4.285542,,,,,,com.apple.inputmethod.Kotoeri.RomajiTyping.Japanese,variable (CGDisplayMode reports 0),false,,,,,,
confirmation/ime/metrics.csv,block_index,real Japanese IME composition to commit,,,,,,,,,,com.apple.inputmethod.Kotoeri.RomajiTyping.Japanese,variable (CGDisplayMode reports 0),false,2.889250,1048738,0,,,
confirmation/ime/metrics.csv,paint,real Japanese IME composition to commit,,,,,11.309667,0.213750,,,,com.apple.inputmethod.Kotoeri.RomajiTyping.Japanese,variable (CGDisplayMode reports 0),false,,,,0,1,1
confirmation/ime/metrics.csv,input,real Japanese IME composition to commit,141,ime_composition,0.003333,3.834625,,,,,,com.apple.inputmethod.Kotoeri.RomajiTyping.Japanese,variable (CGDisplayMode reports 0),false,,,,,,
confirmation/ime/metrics.csv,block_index,real Japanese IME composition to commit,,,,,,,,,,com.apple.inputmethod.Kotoeri.RomajiTyping.Japanese,variable (CGDisplayMode reports 0),false,3.126666,1048741,0,,,
confirmation/ime/metrics.csv,paint,real Japanese IME composition to commit,,,,,10.946833,0.220291,,,,com.apple.inputmethod.Kotoeri.RomajiTyping.Japanese,variable (CGDisplayMode reports 0),false,,,,0,1,1
confirmation/ime/metrics.csv,input,real Japanese IME composition to commit,142,ime_composition,0.003167,4.210792,,,,,,com.apple.inputmethod.Kotoeri.RomajiTyping.Japanese,variable (CGDisplayMode reports 0),false,,,,,,
confirmation/ime/metrics.csv,block_index,real Japanese IME composition to commit,,,,,,,,,,com.apple.inputmethod.Kotoeri.RomajiTyping.Japanese,variable (CGDisplayMode reports 0),false,2.552000,1048738,0,,,
confirmation/ime/metrics.csv,paint,real Japanese IME composition to commit,,,,,10.061750,0.211833,,,,com.apple.inputmethod.Kotoeri.RomajiTyping.Japanese,variable (CGDisplayMode reports 0),false,,,,0,1,1
confirmation/ime/metrics.csv,input,real Japanese IME composition to commit,143,ime_composition,0.003125,3.494375,,,,,,com.apple.inputmethod.Kotoeri.RomajiTyping.Japanese,variable (CGDisplayMode reports 0),false,,,,,,
confirmation/ime/metrics.csv,block_index,real Japanese IME composition to commit,,,,,,,,,,com.apple.inputmethod.Kotoeri.RomajiTyping.Japanese,variable (CGDisplayMode reports 0),false,3.061458,1048738,0,,,
confirmation/ime/metrics.csv,paint,real Japanese IME composition to commit,,,,,5.420542,0.102750,,,,com.apple.inputmethod.Kotoeri.RomajiTyping.Japanese,variable (CGDisplayMode reports 0),false,,,,0,1,1
confirmation/ime/metrics.csv,input,real Japanese IME composition to commit,144,ime_commit,0.002667,3.782667,,,,,,com.apple.inputmethod.Kotoeri.RomajiTyping.Japanese,variable (CGDisplayMode reports 0),false,,,,,,
confirmation/ime/metrics.csv,paint,real Japanese IME composition to commit,,,,,6.249625,0.129500,,,,com.apple.inputmethod.Kotoeri.RomajiTyping.Japanese,variable (CGDisplayMode reports 0),false,,,,1,0,0
confirmation/ime/metrics.csv,block_index,real Japanese IME composition to commit,,,,,,,,,,com.apple.inputmethod.Kotoeri.RomajiTyping.Japanese,variable (CGDisplayMode reports 0),false,3.117292,1048741,0,,,
confirmation/ime/metrics.csv,paint,real Japanese IME composition to commit,,,,,25.542333,0.402333,,,,com.apple.inputmethod.Kotoeri.RomajiTyping.Japanese,variable (CGDisplayMode reports 0),false,,,,0,1,1
confirmation/ime/metrics.csv,input,real Japanese IME composition to commit,145,ime_composition,0.006417,8.295042,,,,,,com.apple.inputmethod.Kotoeri.RomajiTyping.Japanese,variable (CGDisplayMode reports 0),false,,,,,,
confirmation/ime/metrics.csv,block_index,real Japanese IME composition to commit,,,,,,,,,,com.apple.inputmethod.Kotoeri.RomajiTyping.Japanese,variable (CGDisplayMode reports 0),false,3.060667,1048741,0,,,
confirmation/ime/metrics.csv,paint,real Japanese IME composition to commit,,,,,17.935500,0.284541,,,,com.apple.inputmethod.Kotoeri.RomajiTyping.Japanese,variable (CGDisplayMode reports 0),false,,,,0,1,1
confirmation/ime/metrics.csv,input,real Japanese IME composition to commit,146,ime_composition,0.006875,4.136417,,,,,,com.apple.inputmethod.Kotoeri.RomajiTyping.Japanese,variable (CGDisplayMode reports 0),false,,,,,,
confirmation/ime/metrics.csv,block_index,real Japanese IME composition to commit,,,,,,,,,,com.apple.inputmethod.Kotoeri.RomajiTyping.Japanese,variable (CGDisplayMode reports 0),false,3.006750,1048744,0,,,
confirmation/ime/metrics.csv,paint,real Japanese IME composition to commit,,,,,14.404417,0.241167,,,,com.apple.inputmethod.Kotoeri.RomajiTyping.Japanese,variable (CGDisplayMode reports 0),false,,,,0,1,1
confirmation/ime/metrics.csv,input,real Japanese IME composition to commit,147,ime_composition,0.003750,4.073667,,,,,,com.apple.inputmethod.Kotoeri.RomajiTyping.Japanese,variable (CGDisplayMode reports 0),false,,,,,,
confirmation/ime/metrics.csv,block_index,real Japanese IME composition to commit,,,,,,,,,,com.apple.inputmethod.Kotoeri.RomajiTyping.Japanese,variable (CGDisplayMode reports 0),false,2.993666,1048744,0,,,
confirmation/ime/metrics.csv,paint,real Japanese IME composition to commit,,,,,10.664250,0.238916,,,,com.apple.inputmethod.Kotoeri.RomajiTyping.Japanese,variable (CGDisplayMode reports 0),false,,,,0,1,1
confirmation/ime/metrics.csv,input,real Japanese IME composition to commit,148,ime_composition,0.003375,3.925708,,,,,,com.apple.inputmethod.Kotoeri.RomajiTyping.Japanese,variable (CGDisplayMode reports 0),false,,,,,,
confirmation/ime/metrics.csv,block_index,real Japanese IME composition to commit,,,,,,,,,,com.apple.inputmethod.Kotoeri.RomajiTyping.Japanese,variable (CGDisplayMode reports 0),false,3.120541,1048747,0,,,
confirmation/ime/metrics.csv,paint,real Japanese IME composition to commit,,,,,11.723000,0.236542,,,,com.apple.inputmethod.Kotoeri.RomajiTyping.Japanese,variable (CGDisplayMode reports 0),false,,,,0,1,1
confirmation/ime/metrics.csv,input,real Japanese IME composition to commit,149,ime_composition,0.002750,4.127458,,,,,,com.apple.inputmethod.Kotoeri.RomajiTyping.Japanese,variable (CGDisplayMode reports 0),false,,,,,,
confirmation/ime/metrics.csv,block_index,real Japanese IME composition to commit,,,,,,,,,,com.apple.inputmethod.Kotoeri.RomajiTyping.Japanese,variable (CGDisplayMode reports 0),false,3.255291,1048750,0,,,
confirmation/ime/metrics.csv,paint,real Japanese IME composition to commit,,,,,11.054375,0.262959,,,,com.apple.inputmethod.Kotoeri.RomajiTyping.Japanese,variable (CGDisplayMode reports 0),false,,,,0,1,1
confirmation/ime/metrics.csv,input,real Japanese IME composition to commit,150,ime_composition,0.002625,4.390541,,,,,,com.apple.inputmethod.Kotoeri.RomajiTyping.Japanese,variable (CGDisplayMode reports 0),false,,,,,,
confirmation/ime/metrics.csv,block_index,real Japanese IME composition to commit,,,,,,,,,,com.apple.inputmethod.Kotoeri.RomajiTyping.Japanese,variable (CGDisplayMode reports 0),false,2.862458,1048747,0,,,
confirmation/ime/metrics.csv,paint,real Japanese IME composition to commit,,,,,10.286625,0.205584,,,,com.apple.inputmethod.Kotoeri.RomajiTyping.Japanese,variable (CGDisplayMode reports 0),false,,,,0,1,1
confirmation/ime/metrics.csv,input,real Japanese IME composition to commit,151,ime_composition,0.003500,3.806166,,,,,,com.apple.inputmethod.Kotoeri.RomajiTyping.Japanese,variable (CGDisplayMode reports 0),false,,,,,,
confirmation/ime/metrics.csv,block_index,real Japanese IME composition to commit,,,,,,,,,,com.apple.inputmethod.Kotoeri.RomajiTyping.Japanese,variable (CGDisplayMode reports 0),false,2.796500,1048747,0,,,
confirmation/ime/metrics.csv,paint,real Japanese IME composition to commit,,,,,6.074250,0.129875,,,,com.apple.inputmethod.Kotoeri.RomajiTyping.Japanese,variable (CGDisplayMode reports 0),false,,,,0,1,1
confirmation/ime/metrics.csv,input,real Japanese IME composition to commit,152,ime_commit,0.003167,3.712250,,,,,,com.apple.inputmethod.Kotoeri.RomajiTyping.Japanese,variable (CGDisplayMode reports 0),false,,,,,,
confirmation/ime/metrics.csv,paint,real Japanese IME composition to commit,,,,,1.385541,0.085209,,,,com.apple.inputmethod.Kotoeri.RomajiTyping.Japanese,variable (CGDisplayMode reports 0),false,,,,1,0,0
confirmation/ime/metrics.csv,block_index,real Japanese IME composition to commit,,,,,,,,,,com.apple.inputmethod.Kotoeri.RomajiTyping.Japanese,variable (CGDisplayMode reports 0),false,2.585083,1048750,0,,,
confirmation/ime/metrics.csv,paint,real Japanese IME composition to commit,,,,,20.905000,0.367792,,,,com.apple.inputmethod.Kotoeri.RomajiTyping.Japanese,variable (CGDisplayMode reports 0),false,,,,0,1,1
confirmation/ime/metrics.csv,input,real Japanese IME composition to commit,153,ime_composition,0.004333,4.664625,,,,,,com.apple.inputmethod.Kotoeri.RomajiTyping.Japanese,variable (CGDisplayMode reports 0),false,,,,,,
confirmation/ime/metrics.csv,block_index,real Japanese IME composition to commit,,,,,,,,,,com.apple.inputmethod.Kotoeri.RomajiTyping.Japanese,variable (CGDisplayMode reports 0),false,3.111083,1048750,0,,,
confirmation/ime/metrics.csv,paint,real Japanese IME composition to commit,,,,,17.890125,0.294625,,,,com.apple.inputmethod.Kotoeri.RomajiTyping.Japanese,variable (CGDisplayMode reports 0),false,,,,0,1,1
confirmation/ime/metrics.csv,input,real Japanese IME composition to commit,154,ime_composition,0.006416,4.215458,,,,,,com.apple.inputmethod.Kotoeri.RomajiTyping.Japanese,variable (CGDisplayMode reports 0),false,,,,,,
confirmation/ime/metrics.csv,block_index,real Japanese IME composition to commit,,,,,,,,,,com.apple.inputmethod.Kotoeri.RomajiTyping.Japanese,variable (CGDisplayMode reports 0),false,3.228500,1048753,0,,,
confirmation/ime/metrics.csv,paint,real Japanese IME composition to commit,,,,,15.717625,0.380708,,,,com.apple.inputmethod.Kotoeri.RomajiTyping.Japanese,variable (CGDisplayMode reports 0),false,,,,0,1,1
confirmation/ime/metrics.csv,input,real Japanese IME composition to commit,155,ime_composition,0.003625,5.433542,,,,,,com.apple.inputmethod.Kotoeri.RomajiTyping.Japanese,variable (CGDisplayMode reports 0),false,,,,,,
confirmation/ime/metrics.csv,block_index,real Japanese IME composition to commit,,,,,,,,,,com.apple.inputmethod.Kotoeri.RomajiTyping.Japanese,variable (CGDisplayMode reports 0),false,2.663208,1048753,0,,,
confirmation/ime/metrics.csv,paint,real Japanese IME composition to commit,,,,,10.281167,0.219709,,,,com.apple.inputmethod.Kotoeri.RomajiTyping.Japanese,variable (CGDisplayMode reports 0),false,,,,0,1,1
confirmation/ime/metrics.csv,input,real Japanese IME composition to commit,156,ime_composition,0.003208,3.619166,,,,,,com.apple.inputmethod.Kotoeri.RomajiTyping.Japanese,variable (CGDisplayMode reports 0),false,,,,,,
confirmation/ime/metrics.csv,block_index,real Japanese IME composition to commit,,,,,,,,,,com.apple.inputmethod.Kotoeri.RomajiTyping.Japanese,variable (CGDisplayMode reports 0),false,2.946083,1048756,0,,,
confirmation/ime/metrics.csv,paint,real Japanese IME composition to commit,,,,,11.520708,0.219167,,,,com.apple.inputmethod.Kotoeri.RomajiTyping.Japanese,variable (CGDisplayMode reports 0),false,,,,0,1,1
confirmation/ime/metrics.csv,input,real Japanese IME composition to commit,157,ime_composition,0.002625,3.895292,,,,,,com.apple.inputmethod.Kotoeri.RomajiTyping.Japanese,variable (CGDisplayMode reports 0),false,,,,,,
confirmation/ime/metrics.csv,block_index,real Japanese IME composition to commit,,,,,,,,,,com.apple.inputmethod.Kotoeri.RomajiTyping.Japanese,variable (CGDisplayMode reports 0),false,3.024083,1048759,0,,,
confirmation/ime/metrics.csv,paint,real Japanese IME composition to commit,,,,,10.824584,0.210625,,,,com.apple.inputmethod.Kotoeri.RomajiTyping.Japanese,variable (CGDisplayMode reports 0),false,,,,0,1,1
confirmation/ime/metrics.csv,input,real Japanese IME composition to commit,158,ime_composition,0.003500,4.018458,,,,,,com.apple.inputmethod.Kotoeri.RomajiTyping.Japanese,variable (CGDisplayMode reports 0),false,,,,,,
confirmation/ime/metrics.csv,block_index,real Japanese IME composition to commit,,,,,,,,,,com.apple.inputmethod.Kotoeri.RomajiTyping.Japanese,variable (CGDisplayMode reports 0),false,3.042791,1048756,0,,,
confirmation/ime/metrics.csv,paint,real Japanese IME composition to commit,,,,,10.676750,0.250125,,,,com.apple.inputmethod.Kotoeri.RomajiTyping.Japanese,variable (CGDisplayMode reports 0),false,,,,0,1,1
confirmation/ime/metrics.csv,input,real Japanese IME composition to commit,159,ime_composition,0.003250,4.028959,,,,,,com.apple.inputmethod.Kotoeri.RomajiTyping.Japanese,variable (CGDisplayMode reports 0),false,,,,,,
confirmation/ime/metrics.csv,block_index,real Japanese IME composition to commit,,,,,,,,,,com.apple.inputmethod.Kotoeri.RomajiTyping.Japanese,variable (CGDisplayMode reports 0),false,2.613375,1048756,0,,,
confirmation/ime/metrics.csv,paint,real Japanese IME composition to commit,,,,,5.043458,0.109250,,,,com.apple.inputmethod.Kotoeri.RomajiTyping.Japanese,variable (CGDisplayMode reports 0),false,,,,0,1,1
confirmation/ime/metrics.csv,input,real Japanese IME composition to commit,160,ime_commit,0.002125,3.421834,,,,,,com.apple.inputmethod.Kotoeri.RomajiTyping.Japanese,variable (CGDisplayMode reports 0),false,,,,,,
confirmation/ime/metrics.csv,paint,real Japanese IME composition to commit,,,,,4.930750,0.139583,,,,com.apple.inputmethod.Kotoeri.RomajiTyping.Japanese,variable (CGDisplayMode reports 0),false,,,,1,0,0
confirmation/ime/metrics.csv,paint,real Japanese IME composition to commit,,,,,8.327458,0.313459,,,,com.apple.inputmethod.Kotoeri.RomajiTyping.Japanese,variable (CGDisplayMode reports 0),false,,,,0,1,1
confirmation/ime/metrics.csv,block_index,real Japanese IME composition to commit,,,,,,,,,,com.apple.inputmethod.Kotoeri.RomajiTyping.Japanese,variable (CGDisplayMode reports 0),false,3.058833,1048759,0,,,
confirmation/ime/metrics.csv,paint,real Japanese IME composition to commit,,,,,14.974000,0.434958,,,,com.apple.inputmethod.Kotoeri.RomajiTyping.Japanese,variable (CGDisplayMode reports 0),false,,,,0,1,1
confirmation/ime/metrics.csv,input,real Japanese IME composition to commit,161,ime_composition,0.006125,5.048041,,,,,,com.apple.inputmethod.Kotoeri.RomajiTyping.Japanese,variable (CGDisplayMode reports 0),false,,,,,,
confirmation/ime/metrics.csv,block_index,real Japanese IME composition to commit,,,,,,,,,,com.apple.inputmethod.Kotoeri.RomajiTyping.Japanese,variable (CGDisplayMode reports 0),false,3.056208,1048759,0,,,
confirmation/ime/metrics.csv,paint,real Japanese IME composition to commit,,,,,18.860542,0.326834,,,,com.apple.inputmethod.Kotoeri.RomajiTyping.Japanese,variable (CGDisplayMode reports 0),false,,,,0,1,1
confirmation/ime/metrics.csv,input,real Japanese IME composition to commit,162,ime_composition,0.007333,4.240000,,,,,,com.apple.inputmethod.Kotoeri.RomajiTyping.Japanese,variable (CGDisplayMode reports 0),false,,,,,,
confirmation/ime/metrics.csv,block_index,real Japanese IME composition to commit,,,,,,,,,,com.apple.inputmethod.Kotoeri.RomajiTyping.Japanese,variable (CGDisplayMode reports 0),false,3.030166,1048762,0,,,
confirmation/ime/metrics.csv,paint,real Japanese IME composition to commit,,,,,14.584833,0.243792,,,,com.apple.inputmethod.Kotoeri.RomajiTyping.Japanese,variable (CGDisplayMode reports 0),false,,,,0,1,1
confirmation/ime/metrics.csv,input,real Japanese IME composition to commit,163,ime_composition,0.004750,4.207625,,,,,,com.apple.inputmethod.Kotoeri.RomajiTyping.Japanese,variable (CGDisplayMode reports 0),false,,,,,,
confirmation/ime/metrics.csv,block_index,real Japanese IME composition to commit,,,,,,,,,,com.apple.inputmethod.Kotoeri.RomajiTyping.Japanese,variable (CGDisplayMode reports 0),false,3.153667,1048762,0,,,
confirmation/ime/metrics.csv,paint,real Japanese IME composition to commit,,,,,10.696500,0.223792,,,,com.apple.inputmethod.Kotoeri.RomajiTyping.Japanese,variable (CGDisplayMode reports 0),false,,,,0,1,1
confirmation/ime/metrics.csv,input,real Japanese IME composition to commit,164,ime_composition,0.002541,4.046708,,,,,,com.apple.inputmethod.Kotoeri.RomajiTyping.Japanese,variable (CGDisplayMode reports 0),false,,,,,,
confirmation/ime/metrics.csv,block_index,real Japanese IME composition to commit,,,,,,,,,,com.apple.inputmethod.Kotoeri.RomajiTyping.Japanese,variable (CGDisplayMode reports 0),false,2.815500,1048765,0,,,
confirmation/ime/metrics.csv,paint,real Japanese IME composition to commit,,,,,11.342459,0.224708,,,,com.apple.inputmethod.Kotoeri.RomajiTyping.Japanese,variable (CGDisplayMode reports 0),false,,,,0,1,1
confirmation/ime/metrics.csv,input,real Japanese IME composition to commit,165,ime_composition,0.003041,3.814000,,,,,,com.apple.inputmethod.Kotoeri.RomajiTyping.Japanese,variable (CGDisplayMode reports 0),false,,,,,,
confirmation/ime/metrics.csv,block_index,real Japanese IME composition to commit,,,,,,,,,,com.apple.inputmethod.Kotoeri.RomajiTyping.Japanese,variable (CGDisplayMode reports 0),false,3.206125,1048768,0,,,
confirmation/ime/metrics.csv,paint,real Japanese IME composition to commit,,,,,10.932708,0.236875,,,,com.apple.inputmethod.Kotoeri.RomajiTyping.Japanese,variable (CGDisplayMode reports 0),false,,,,0,1,1
confirmation/ime/metrics.csv,input,real Japanese IME composition to commit,166,ime_composition,0.002750,4.191208,,,,,,com.apple.inputmethod.Kotoeri.RomajiTyping.Japanese,variable (CGDisplayMode reports 0),false,,,,,,
confirmation/ime/metrics.csv,block_index,real Japanese IME composition to commit,,,,,,,,,,com.apple.inputmethod.Kotoeri.RomajiTyping.Japanese,variable (CGDisplayMode reports 0),false,2.620542,1048765,0,,,
confirmation/ime/metrics.csv,paint,real Japanese IME composition to commit,,,,,10.391375,0.220209,,,,com.apple.inputmethod.Kotoeri.RomajiTyping.Japanese,variable (CGDisplayMode reports 0),false,,,,0,1,1
confirmation/ime/metrics.csv,input,real Japanese IME composition to commit,167,ime_composition,0.002666,3.674375,,,,,,com.apple.inputmethod.Kotoeri.RomajiTyping.Japanese,variable (CGDisplayMode reports 0),false,,,,,,
confirmation/ime/metrics.csv,block_index,real Japanese IME composition to commit,,,,,,,,,,com.apple.inputmethod.Kotoeri.RomajiTyping.Japanese,variable (CGDisplayMode reports 0),false,3.080292,1048765,0,,,
confirmation/ime/metrics.csv,paint,real Japanese IME composition to commit,,,,,7.865375,0.146709,,,,com.apple.inputmethod.Kotoeri.RomajiTyping.Japanese,variable (CGDisplayMode reports 0),false,,,,0,1,1
confirmation/ime/metrics.csv,input,real Japanese IME composition to commit,168,ime_commit,0.005042,4.126792,,,,,,com.apple.inputmethod.Kotoeri.RomajiTyping.Japanese,variable (CGDisplayMode reports 0),false,,,,,,
confirmation/ime/metrics.csv,paint,real Japanese IME composition to commit,,,,,1.565917,0.091125,,,,com.apple.inputmethod.Kotoeri.RomajiTyping.Japanese,variable (CGDisplayMode reports 0),false,,,,1,0,0
confirmation/ime/metrics.csv,paint,real Japanese IME composition to commit,,,,,7.113958,0.337792,,,,com.apple.inputmethod.Kotoeri.RomajiTyping.Japanese,variable (CGDisplayMode reports 0),false,,,,0,1,1
confirmation/ime/metrics.csv,block_index,real Japanese IME composition to commit,,,,,,,,,,com.apple.inputmethod.Kotoeri.RomajiTyping.Japanese,variable (CGDisplayMode reports 0),false,2.960792,1048768,0,,,
confirmation/ime/metrics.csv,paint,real Japanese IME composition to commit,,,,,14.917292,0.416750,,,,com.apple.inputmethod.Kotoeri.RomajiTyping.Japanese,variable (CGDisplayMode reports 0),false,,,,0,1,1
confirmation/ime/metrics.csv,input,real Japanese IME composition to commit,169,ime_composition,0.004500,4.782542,,,,,,com.apple.inputmethod.Kotoeri.RomajiTyping.Japanese,variable (CGDisplayMode reports 0),false,,,,,,
confirmation/ime/metrics.csv,block_index,real Japanese IME composition to commit,,,,,,,,,,com.apple.inputmethod.Kotoeri.RomajiTyping.Japanese,variable (CGDisplayMode reports 0),false,3.079791,1048768,0,,,
confirmation/ime/metrics.csv,paint,real Japanese IME composition to commit,,,,,18.299166,0.279834,,,,com.apple.inputmethod.Kotoeri.RomajiTyping.Japanese,variable (CGDisplayMode reports 0),false,,,,0,1,1
confirmation/ime/metrics.csv,input,real Japanese IME composition to commit,170,ime_composition,0.005833,4.270333,,,,,,com.apple.inputmethod.Kotoeri.RomajiTyping.Japanese,variable (CGDisplayMode reports 0),false,,,,,,
confirmation/ime/metrics.csv,block_index,real Japanese IME composition to commit,,,,,,,,,,com.apple.inputmethod.Kotoeri.RomajiTyping.Japanese,variable (CGDisplayMode reports 0),false,3.063584,1048771,0,,,
confirmation/ime/metrics.csv,paint,real Japanese IME composition to commit,,,,,14.541834,0.254167,,,,com.apple.inputmethod.Kotoeri.RomajiTyping.Japanese,variable (CGDisplayMode reports 0),false,,,,0,1,1
confirmation/ime/metrics.csv,input,real Japanese IME composition to commit,171,ime_composition,0.003833,4.203958,,,,,,com.apple.inputmethod.Kotoeri.RomajiTyping.Japanese,variable (CGDisplayMode reports 0),false,,,,,,
confirmation/ime/metrics.csv,block_index,real Japanese IME composition to commit,,,,,,,,,,com.apple.inputmethod.Kotoeri.RomajiTyping.Japanese,variable (CGDisplayMode reports 0),false,2.895958,1048771,0,,,
confirmation/ime/metrics.csv,paint,real Japanese IME composition to commit,,,,,10.476416,0.222458,,,,com.apple.inputmethod.Kotoeri.RomajiTyping.Japanese,variable (CGDisplayMode reports 0),false,,,,0,1,1
confirmation/ime/metrics.csv,input,real Japanese IME composition to commit,172,ime_composition,0.003625,3.800833,,,,,,com.apple.inputmethod.Kotoeri.RomajiTyping.Japanese,variable (CGDisplayMode reports 0),false,,,,,,
confirmation/ime/metrics.csv,block_index,real Japanese IME composition to commit,,,,,,,,,,com.apple.inputmethod.Kotoeri.RomajiTyping.Japanese,variable (CGDisplayMode reports 0),false,3.027333,1048774,0,,,
confirmation/ime/metrics.csv,paint,real Japanese IME composition to commit,,,,,11.528084,0.223333,,,,com.apple.inputmethod.Kotoeri.RomajiTyping.Japanese,variable (CGDisplayMode reports 0),false,,,,0,1,1
confirmation/ime/metrics.csv,input,real Japanese IME composition to commit,173,ime_composition,0.002750,4.055625,,,,,,com.apple.inputmethod.Kotoeri.RomajiTyping.Japanese,variable (CGDisplayMode reports 0),false,,,,,,
confirmation/ime/metrics.csv,block_index,real Japanese IME composition to commit,,,,,,,,,,com.apple.inputmethod.Kotoeri.RomajiTyping.Japanese,variable (CGDisplayMode reports 0),false,2.640083,1048777,0,,,
confirmation/ime/metrics.csv,paint,real Japanese IME composition to commit,,,,,10.659041,0.221458,,,,com.apple.inputmethod.Kotoeri.RomajiTyping.Japanese,variable (CGDisplayMode reports 0),false,,,,0,1,1
confirmation/ime/metrics.csv,input,real Japanese IME composition to commit,174,ime_composition,0.002833,3.645250,,,,,,com.apple.inputmethod.Kotoeri.RomajiTyping.Japanese,variable (CGDisplayMode reports 0),false,,,,,,
confirmation/ime/metrics.csv,block_index,real Japanese IME composition to commit,,,,,,,,,,com.apple.inputmethod.Kotoeri.RomajiTyping.Japanese,variable (CGDisplayMode reports 0),false,3.122958,1048774,0,,,
confirmation/ime/metrics.csv,paint,real Japanese IME composition to commit,,,,,10.580667,0.225042,,,,com.apple.inputmethod.Kotoeri.RomajiTyping.Japanese,variable (CGDisplayMode reports 0),false,,,,0,1,1
confirmation/ime/metrics.csv,input,real Japanese IME composition to commit,175,ime_composition,0.002584,4.109084,,,,,,com.apple.inputmethod.Kotoeri.RomajiTyping.Japanese,variable (CGDisplayMode reports 0),false,,,,,,
confirmation/ime/metrics.csv,block_index,real Japanese IME composition to commit,,,,,,,,,,com.apple.inputmethod.Kotoeri.RomajiTyping.Japanese,variable (CGDisplayMode reports 0),false,2.840709,1048774,0,,,
confirmation/ime/metrics.csv,paint,real Japanese IME composition to commit,,,,,5.298292,0.101208,,,,com.apple.inputmethod.Kotoeri.RomajiTyping.Japanese,variable (CGDisplayMode reports 0),false,,,,0,1,1
confirmation/ime/metrics.csv,input,real Japanese IME composition to commit,176,ime_commit,0.002542,3.568250,,,,,,com.apple.inputmethod.Kotoeri.RomajiTyping.Japanese,variable (CGDisplayMode reports 0),false,,,,,,
confirmation/ime/metrics.csv,paint,real Japanese IME composition to commit,,,,,11.910291,0.164750,,,,com.apple.inputmethod.Kotoeri.RomajiTyping.Japanese,variable (CGDisplayMode reports 0),false,,,,1,0,0
confirmation/ime/metrics.csv,block_index,real Japanese IME composition to commit,,,,,,,,,,com.apple.inputmethod.Kotoeri.RomajiTyping.Japanese,variable (CGDisplayMode reports 0),false,3.209292,1048777,0,,,
confirmation/ime/metrics.csv,paint,real Japanese IME composition to commit,,,,,20.248750,0.374833,,,,com.apple.inputmethod.Kotoeri.RomajiTyping.Japanese,variable (CGDisplayMode reports 0),false,,,,0,1,1
confirmation/ime/metrics.csv,input,real Japanese IME composition to commit,177,ime_composition,0.008375,5.291791,,,,,,com.apple.inputmethod.Kotoeri.RomajiTyping.Japanese,variable (CGDisplayMode reports 0),false,,,,,,
confirmation/ime/metrics.csv,block_index,real Japanese IME composition to commit,,,,,,,,,,com.apple.inputmethod.Kotoeri.RomajiTyping.Japanese,variable (CGDisplayMode reports 0),false,3.103209,1048777,0,,,
confirmation/ime/metrics.csv,paint,real Japanese IME composition to commit,,,,,18.682250,0.282959,,,,com.apple.inputmethod.Kotoeri.RomajiTyping.Japanese,variable (CGDisplayMode reports 0),false,,,,0,1,1
confirmation/ime/metrics.csv,input,real Japanese IME composition to commit,178,ime_composition,0.007666,4.223666,,,,,,com.apple.inputmethod.Kotoeri.RomajiTyping.Japanese,variable (CGDisplayMode reports 0),false,,,,,,
confirmation/ime/metrics.csv,block_index,real Japanese IME composition to commit,,,,,,,,,,com.apple.inputmethod.Kotoeri.RomajiTyping.Japanese,variable (CGDisplayMode reports 0),false,2.803750,1048780,0,,,
confirmation/ime/metrics.csv,paint,real Japanese IME composition to commit,,,,,14.434000,0.274583,,,,com.apple.inputmethod.Kotoeri.RomajiTyping.Japanese,variable (CGDisplayMode reports 0),false,,,,0,1,1
confirmation/ime/metrics.csv,input,real Japanese IME composition to commit,179,ime_composition,0.004125,3.929458,,,,,,com.apple.inputmethod.Kotoeri.RomajiTyping.Japanese,variable (CGDisplayMode reports 0),false,,,,,,
confirmation/ime/metrics.csv,block_index,real Japanese IME composition to commit,,,,,,,,,,com.apple.inputmethod.Kotoeri.RomajiTyping.Japanese,variable (CGDisplayMode reports 0),false,3.115583,1048780,0,,,
confirmation/ime/metrics.csv,paint,real Japanese IME composition to commit,,,,,10.619542,0.222125,,,,com.apple.inputmethod.Kotoeri.RomajiTyping.Japanese,variable (CGDisplayMode reports 0),false,,,,0,1,1
confirmation/ime/metrics.csv,input,real Japanese IME composition to commit,180,ime_composition,0.003583,4.017625,,,,,,com.apple.inputmethod.Kotoeri.RomajiTyping.Japanese,variable (CGDisplayMode reports 0),false,,,,,,
confirmation/ime/metrics.csv,block_index,real Japanese IME composition to commit,,,,,,,,,,com.apple.inputmethod.Kotoeri.RomajiTyping.Japanese,variable (CGDisplayMode reports 0),false,3.069208,1048783,0,,,
confirmation/ime/metrics.csv,paint,real Japanese IME composition to commit,,,,,11.677458,0.229250,,,,com.apple.inputmethod.Kotoeri.RomajiTyping.Japanese,variable (CGDisplayMode reports 0),false,,,,0,1,1
confirmation/ime/metrics.csv,input,real Japanese IME composition to commit,181,ime_composition,0.003375,4.049750,,,,,,com.apple.inputmethod.Kotoeri.RomajiTyping.Japanese,variable (CGDisplayMode reports 0),false,,,,,,
confirmation/ime/metrics.csv,block_index,real Japanese IME composition to commit,,,,,,,,,,com.apple.inputmethod.Kotoeri.RomajiTyping.Japanese,variable (CGDisplayMode reports 0),false,2.637583,1048786,0,,,
confirmation/ime/metrics.csv,paint,real Japanese IME composition to commit,,,,,10.708584,0.209917,,,,com.apple.inputmethod.Kotoeri.RomajiTyping.Japanese,variable (CGDisplayMode reports 0),false,,,,0,1,1
confirmation/ime/metrics.csv,input,real Japanese IME composition to commit,182,ime_composition,0.003209,3.722750,,,,,,com.apple.inputmethod.Kotoeri.RomajiTyping.Japanese,variable (CGDisplayMode reports 0),false,,,,,,
confirmation/ime/metrics.csv,block_index,real Japanese IME composition to commit,,,,,,,,,,com.apple.inputmethod.Kotoeri.RomajiTyping.Japanese,variable (CGDisplayMode reports 0),false,2.884000,1048783,0,,,
confirmation/ime/metrics.csv,paint,real Japanese IME composition to commit,,,,,10.592208,0.260875,,,,com.apple.inputmethod.Kotoeri.RomajiTyping.Japanese,variable (CGDisplayMode reports 0),false,,,,0,1,1
confirmation/ime/metrics.csv,input,real Japanese IME composition to commit,183,ime_composition,0.003208,3.911208,,,,,,com.apple.inputmethod.Kotoeri.RomajiTyping.Japanese,variable (CGDisplayMode reports 0),false,,,,,,
confirmation/ime/metrics.csv,block_index,real Japanese IME composition to commit,,,,,,,,,,com.apple.inputmethod.Kotoeri.RomajiTyping.Japanese,variable (CGDisplayMode reports 0),false,2.884916,1048783,0,,,
confirmation/ime/metrics.csv,paint,real Japanese IME composition to commit,,,,,5.294625,0.106750,,,,com.apple.inputmethod.Kotoeri.RomajiTyping.Japanese,variable (CGDisplayMode reports 0),false,,,,0,1,1
confirmation/ime/metrics.csv,input,real Japanese IME composition to commit,184,ime_commit,0.002250,3.670959,,,,,,com.apple.inputmethod.Kotoeri.RomajiTyping.Japanese,variable (CGDisplayMode reports 0),false,,,,,,
confirmation/ime/metrics.csv,paint,real Japanese IME composition to commit,,,,,6.033167,0.138917,,,,com.apple.inputmethod.Kotoeri.RomajiTyping.Japanese,variable (CGDisplayMode reports 0),false,,,,1,0,0
confirmation/ime/metrics.csv,block_index,real Japanese IME composition to commit,,,,,,,,,,com.apple.inputmethod.Kotoeri.RomajiTyping.Japanese,variable (CGDisplayMode reports 0),false,3.283750,1048786,0,,,
confirmation/ime/metrics.csv,paint,real Japanese IME composition to commit,,,,,25.434666,0.429417,,,,com.apple.inputmethod.Kotoeri.RomajiTyping.Japanese,variable (CGDisplayMode reports 0),false,,,,0,1,1
confirmation/ime/metrics.csv,input,real Japanese IME composition to commit,185,ime_composition,0.007500,8.088375,,,,,,com.apple.inputmethod.Kotoeri.RomajiTyping.Japanese,variable (CGDisplayMode reports 0),false,,,,,,
confirmation/ime/metrics.csv,block_index,real Japanese IME composition to commit,,,,,,,,,,com.apple.inputmethod.Kotoeri.RomajiTyping.Japanese,variable (CGDisplayMode reports 0),false,2.928167,1048786,0,,,
confirmation/ime/metrics.csv,paint,real Japanese IME composition to commit,,,,,17.943584,0.280000,,,,com.apple.inputmethod.Kotoeri.RomajiTyping.Japanese,variable (CGDisplayMode reports 0),false,,,,0,1,1
confirmation/ime/metrics.csv,input,real Japanese IME composition to commit,186,ime_composition,0.006292,4.052083,,,,,,com.apple.inputmethod.Kotoeri.RomajiTyping.Japanese,variable (CGDisplayMode reports 0),false,,,,,,
confirmation/ime/metrics.csv,block_index,real Japanese IME composition to commit,,,,,,,,,,com.apple.inputmethod.Kotoeri.RomajiTyping.Japanese,variable (CGDisplayMode reports 0),false,2.869042,1048789,0,,,
confirmation/ime/metrics.csv,paint,real Japanese IME composition to commit,,,,,14.341333,0.227083,,,,com.apple.inputmethod.Kotoeri.RomajiTyping.Japanese,variable (CGDisplayMode reports 0),false,,,,0,1,1
confirmation/ime/metrics.csv,input,real Japanese IME composition to commit,187,ime_composition,0.004042,3.869042,,,,,,com.apple.inputmethod.Kotoeri.RomajiTyping.Japanese,variable (CGDisplayMode reports 0),false,,,,,,
confirmation/ime/metrics.csv,block_index,real Japanese IME composition to commit,,,,,,,,,,com.apple.inputmethod.Kotoeri.RomajiTyping.Japanese,variable (CGDisplayMode reports 0),false,3.159792,1048789,0,,,
confirmation/ime/metrics.csv,paint,real Japanese IME composition to commit,,,,,10.703208,0.240083,,,,com.apple.inputmethod.Kotoeri.RomajiTyping.Japanese,variable (CGDisplayMode reports 0),false,,,,0,1,1
confirmation/ime/metrics.csv,input,real Japanese IME composition to commit,188,ime_composition,0.003459,4.089042,,,,,,com.apple.inputmethod.Kotoeri.RomajiTyping.Japanese,variable (CGDisplayMode reports 0),false,,,,,,
confirmation/ime/metrics.csv,block_index,real Japanese IME composition to commit,,,,,,,,,,com.apple.inputmethod.Kotoeri.RomajiTyping.Japanese,variable (CGDisplayMode reports 0),false,3.123458,1048792,0,,,
confirmation/ime/metrics.csv,paint,real Japanese IME composition to commit,,,,,11.481834,0.235958,,,,com.apple.inputmethod.Kotoeri.RomajiTyping.Japanese,variable (CGDisplayMode reports 0),false,,,,0,1,1
confirmation/ime/metrics.csv,input,real Japanese IME composition to commit,189,ime_composition,0.003083,4.095667,,,,,,com.apple.inputmethod.Kotoeri.RomajiTyping.Japanese,variable (CGDisplayMode reports 0),false,,,,,,
confirmation/ime/metrics.csv,block_index,real Japanese IME composition to commit,,,,,,,,,,com.apple.inputmethod.Kotoeri.RomajiTyping.Japanese,variable (CGDisplayMode reports 0),false,3.114125,1048795,0,,,
confirmation/ime/metrics.csv,paint,real Japanese IME composition to commit,,,,,11.289625,0.298292,,,,com.apple.inputmethod.Kotoeri.RomajiTyping.Japanese,variable (CGDisplayMode reports 0),false,,,,0,1,1
confirmation/ime/metrics.csv,input,real Japanese IME composition to commit,190,ime_composition,0.003792,4.387584,,,,,,com.apple.inputmethod.Kotoeri.RomajiTyping.Japanese,variable (CGDisplayMode reports 0),false,,,,,,
confirmation/ime/metrics.csv,block_index,real Japanese IME composition to commit,,,,,,,,,,com.apple.inputmethod.Kotoeri.RomajiTyping.Japanese,variable (CGDisplayMode reports 0),false,3.120666,1048792,0,,,
confirmation/ime/metrics.csv,paint,real Japanese IME composition to commit,,,,,11.224708,0.308291,,,,com.apple.inputmethod.Kotoeri.RomajiTyping.Japanese,variable (CGDisplayMode reports 0),false,,,,0,1,1
confirmation/ime/metrics.csv,input,real Japanese IME composition to commit,191,ime_composition,0.005667,4.370250,,,,,,com.apple.inputmethod.Kotoeri.RomajiTyping.Japanese,variable (CGDisplayMode reports 0),false,,,,,,
confirmation/ime/metrics.csv,block_index,real Japanese IME composition to commit,,,,,,,,,,com.apple.inputmethod.Kotoeri.RomajiTyping.Japanese,variable (CGDisplayMode reports 0),false,3.036167,1048792,0,,,
confirmation/ime/metrics.csv,paint,real Japanese IME composition to commit,,,,,5.872583,0.146875,,,,com.apple.inputmethod.Kotoeri.RomajiTyping.Japanese,variable (CGDisplayMode reports 0),false,,,,0,1,1
confirmation/ime/metrics.csv,input,real Japanese IME composition to commit,192,ime_commit,0.003625,4.038458,,,,,,com.apple.inputmethod.Kotoeri.RomajiTyping.Japanese,variable (CGDisplayMode reports 0),false,,,,,,
confirmation/ime/metrics.csv,block_index,real Japanese IME composition to commit,,,,,,,,,,com.apple.inputmethod.Kotoeri.RomajiTyping.Japanese,variable (CGDisplayMode reports 0),false,3.073709,1048795,0,,,
confirmation/ime/metrics.csv,paint,real Japanese IME composition to commit,,,,,22.684167,0.372583,,,,com.apple.inputmethod.Kotoeri.RomajiTyping.Japanese,variable (CGDisplayMode reports 0),false,,,,0,1,1
confirmation/ime/metrics.csv,input,real Japanese IME composition to commit,193,ime_composition,0.007417,5.013125,,,,,,com.apple.inputmethod.Kotoeri.RomajiTyping.Japanese,variable (CGDisplayMode reports 0),false,,,,,,
confirmation/ime/metrics.csv,block_index,real Japanese IME composition to commit,,,,,,,,,,com.apple.inputmethod.Kotoeri.RomajiTyping.Japanese,variable (CGDisplayMode reports 0),false,2.586500,1048795,0,,,
confirmation/ime/metrics.csv,paint,real Japanese IME composition to commit,,,,,17.945167,0.377250,,,,com.apple.inputmethod.Kotoeri.RomajiTyping.Japanese,variable (CGDisplayMode reports 0),false,,,,0,1,1
confirmation/ime/metrics.csv,input,real Japanese IME composition to commit,194,ime_composition,0.007916,3.897250,,,,,,com.apple.inputmethod.Kotoeri.RomajiTyping.Japanese,variable (CGDisplayMode reports 0),false,,,,,,
confirmation/ime/metrics.csv,block_index,real Japanese IME composition to commit,,,,,,,,,,com.apple.inputmethod.Kotoeri.RomajiTyping.Japanese,variable (CGDisplayMode reports 0),false,3.238834,1048798,0,,,
confirmation/ime/metrics.csv,paint,real Japanese IME composition to commit,,,,,14.817250,0.285583,,,,com.apple.inputmethod.Kotoeri.RomajiTyping.Japanese,variable (CGDisplayMode reports 0),false,,,,0,1,1
confirmation/ime/metrics.csv,input,real Japanese IME composition to commit,195,ime_composition,0.003750,4.312458,,,,,,com.apple.inputmethod.Kotoeri.RomajiTyping.Japanese,variable (CGDisplayMode reports 0),false,,,,,,
confirmation/ime/metrics.csv,block_index,real Japanese IME composition to commit,,,,,,,,,,com.apple.inputmethod.Kotoeri.RomajiTyping.Japanese,variable (CGDisplayMode reports 0),false,3.234083,1048798,0,,,
confirmation/ime/metrics.csv,paint,real Japanese IME composition to commit,,,,,10.736375,0.229917,,,,com.apple.inputmethod.Kotoeri.RomajiTyping.Japanese,variable (CGDisplayMode reports 0),false,,,,0,1,1
confirmation/ime/metrics.csv,input,real Japanese IME composition to commit,196,ime_composition,0.003791,4.157416,,,,,,com.apple.inputmethod.Kotoeri.RomajiTyping.Japanese,variable (CGDisplayMode reports 0),false,,,,,,
confirmation/ime/metrics.csv,block_index,real Japanese IME composition to commit,,,,,,,,,,com.apple.inputmethod.Kotoeri.RomajiTyping.Japanese,variable (CGDisplayMode reports 0),false,3.166042,1048801,0,,,
confirmation/ime/metrics.csv,paint,real Japanese IME composition to commit,,,,,11.711833,0.217333,,,,com.apple.inputmethod.Kotoeri.RomajiTyping.Japanese,variable (CGDisplayMode reports 0),false,,,,0,1,1
confirmation/ime/metrics.csv,input,real Japanese IME composition to commit,197,ime_composition,0.004042,4.099792,,,,,,com.apple.inputmethod.Kotoeri.RomajiTyping.Japanese,variable (CGDisplayMode reports 0),false,,,,,,
confirmation/ime/metrics.csv,block_index,real Japanese IME composition to commit,,,,,,,,,,com.apple.inputmethod.Kotoeri.RomajiTyping.Japanese,variable (CGDisplayMode reports 0),false,3.424125,1048804,0,,,
confirmation/ime/metrics.csv,paint,real Japanese IME composition to commit,,,,,11.364542,0.257583,,,,com.apple.inputmethod.Kotoeri.RomajiTyping.Japanese,variable (CGDisplayMode reports 0),false,,,,0,1,1
confirmation/ime/metrics.csv,input,real Japanese IME composition to commit,198,ime_composition,0.002958,4.462083,,,,,,com.apple.inputmethod.Kotoeri.RomajiTyping.Japanese,variable (CGDisplayMode reports 0),false,,,,,,
confirmation/ime/metrics.csv,block_index,real Japanese IME composition to commit,,,,,,,,,,com.apple.inputmethod.Kotoeri.RomajiTyping.Japanese,variable (CGDisplayMode reports 0),false,3.381166,1048801,0,,,
confirmation/ime/metrics.csv,paint,real Japanese IME composition to commit,,,,,10.970708,0.257125,,,,com.apple.inputmethod.Kotoeri.RomajiTyping.Japanese,variable (CGDisplayMode reports 0),false,,,,0,1,1
confirmation/ime/metrics.csv,input,real Japanese IME composition to commit,199,ime_composition,0.002875,4.404125,,,,,,com.apple.inputmethod.Kotoeri.RomajiTyping.Japanese,variable (CGDisplayMode reports 0),false,,,,,,
confirmation/ime/metrics.csv,block_index,real Japanese IME composition to commit,,,,,,,,,,com.apple.inputmethod.Kotoeri.RomajiTyping.Japanese,variable (CGDisplayMode reports 0),false,3.062833,1048801,0,,,
confirmation/ime/metrics.csv,paint,real Japanese IME composition to commit,,,,,8.113458,0.160500,,,,com.apple.inputmethod.Kotoeri.RomajiTyping.Japanese,variable (CGDisplayMode reports 0),false,,,,0,1,1
confirmation/ime/metrics.csv,input,real Japanese IME composition to commit,200,ime_commit,0.005959,4.237417,,,,,,com.apple.inputmethod.Kotoeri.RomajiTyping.Japanese,variable (CGDisplayMode reports 0),false,,,,,,
confirmation/ime/metrics.csv,paint,real Japanese IME composition to commit,,,,,1.626167,0.089333,,,,com.apple.inputmethod.Kotoeri.RomajiTyping.Japanese,variable (CGDisplayMode reports 0),false,,,,1,0,0
confirmation/ime/metrics.csv,paint,real Japanese IME composition to commit,,,,,6.854292,0.275750,,,,com.apple.inputmethod.Kotoeri.RomajiTyping.Japanese,variable (CGDisplayMode reports 0),false,,,,0,1,1
confirmation/ime/metrics.csv,block_index,real Japanese IME composition to commit,,,,,,,,,,com.apple.inputmethod.Kotoeri.RomajiTyping.Japanese,variable (CGDisplayMode reports 0),false,3.205667,1048804,0,,,
confirmation/ime/metrics.csv,paint,real Japanese IME composition to commit,,,,,25.879458,0.327167,,,,com.apple.inputmethod.Kotoeri.RomajiTyping.Japanese,variable (CGDisplayMode reports 0),false,,,,0,1,1
confirmation/ime/metrics.csv,input,real Japanese IME composition to commit,201,ime_composition,0.004792,4.398125,,,,,,com.apple.inputmethod.Kotoeri.RomajiTyping.Japanese,variable (CGDisplayMode reports 0),false,,,,,,
confirmation/ime/metrics.csv,block_index,real Japanese IME composition to commit,,,,,,,,,,com.apple.inputmethod.Kotoeri.RomajiTyping.Japanese,variable (CGDisplayMode reports 0),false,3.381042,1048804,0,,,
confirmation/ime/metrics.csv,paint,real Japanese IME composition to commit,,,,,20.400625,0.335750,,,,com.apple.inputmethod.Kotoeri.RomajiTyping.Japanese,variable (CGDisplayMode reports 0),false,,,,0,1,1
confirmation/ime/metrics.csv,input,real Japanese IME composition to commit,202,ime_composition,0.006833,4.719458,,,,,,com.apple.inputmethod.Kotoeri.RomajiTyping.Japanese,variable (CGDisplayMode reports 0),false,,,,,,
confirmation/ime/metrics.csv,block_index,real Japanese IME composition to commit,,,,,,,,,,com.apple.inputmethod.Kotoeri.RomajiTyping.Japanese,variable (CGDisplayMode reports 0),false,3.048750,1048807,0,,,
confirmation/ime/metrics.csv,paint,real Japanese IME composition to commit,,,,,14.699875,0.272709,,,,com.apple.inputmethod.Kotoeri.RomajiTyping.Japanese,variable (CGDisplayMode reports 0),false,,,,0,1,1
confirmation/ime/metrics.csv,input,real Japanese IME composition to commit,203,ime_composition,0.005416,4.182166,,,,,,com.apple.inputmethod.Kotoeri.RomajiTyping.Japanese,variable (CGDisplayMode reports 0),false,,,,,,
confirmation/ime/metrics.csv,block_index,real Japanese IME composition to commit,,,,,,,,,,com.apple.inputmethod.Kotoeri.RomajiTyping.Japanese,variable (CGDisplayMode reports 0),false,3.059750,1048807,0,,,
confirmation/ime/metrics.csv,paint,real Japanese IME composition to commit,,,,,10.958958,0.254167,,,,com.apple.inputmethod.Kotoeri.RomajiTyping.Japanese,variable (CGDisplayMode reports 0),false,,,,0,1,1
confirmation/ime/metrics.csv,input,real Japanese IME composition to commit,204,ime_composition,0.003083,4.126625,,,,,,com.apple.inputmethod.Kotoeri.RomajiTyping.Japanese,variable (CGDisplayMode reports 0),false,,,,,,
confirmation/ime/metrics.csv,block_index,real Japanese IME composition to commit,,,,,,,,,,com.apple.inputmethod.Kotoeri.RomajiTyping.Japanese,variable (CGDisplayMode reports 0),false,3.259083,1048810,0,,,
confirmation/ime/metrics.csv,paint,real Japanese IME composition to commit,,,,,12.105834,0.223125,,,,com.apple.inputmethod.Kotoeri.RomajiTyping.Japanese,variable (CGDisplayMode reports 0),false,,,,0,1,1
confirmation/ime/metrics.csv,input,real Japanese IME composition to commit,205,ime_composition,0.004292,4.173292,,,,,,com.apple.inputmethod.Kotoeri.RomajiTyping.Japanese,variable (CGDisplayMode reports 0),false,,,,,,
confirmation/ime/metrics.csv,block_index,real Japanese IME composition to commit,,,,,,,,,,com.apple.inputmethod.Kotoeri.RomajiTyping.Japanese,variable (CGDisplayMode reports 0),false,3.015167,1048813,0,,,
confirmation/ime/metrics.csv,paint,real Japanese IME composition to commit,,,,,10.835083,0.237167,,,,com.apple.inputmethod.Kotoeri.RomajiTyping.Japanese,variable (CGDisplayMode reports 0),false,,,,0,1,1
confirmation/ime/metrics.csv,input,real Japanese IME composition to commit,206,ime_composition,0.002792,4.005125,,,,,,com.apple.inputmethod.Kotoeri.RomajiTyping.Japanese,variable (CGDisplayMode reports 0),false,,,,,,
confirmation/ime/metrics.csv,block_index,real Japanese IME composition to commit,,,,,,,,,,com.apple.inputmethod.Kotoeri.RomajiTyping.Japanese,variable (CGDisplayMode reports 0),false,2.657417,1048810,0,,,
confirmation/ime/metrics.csv,paint,real Japanese IME composition to commit,,,,,10.168000,0.250583,,,,com.apple.inputmethod.Kotoeri.RomajiTyping.Japanese,variable (CGDisplayMode reports 0),false,,,,0,1,1
confirmation/ime/metrics.csv,input,real Japanese IME composition to commit,207,ime_composition,0.003000,3.600584,,,,,,com.apple.inputmethod.Kotoeri.RomajiTyping.Japanese,variable (CGDisplayMode reports 0),false,,,,,,
confirmation/ime/metrics.csv,block_index,real Japanese IME composition to commit,,,,,,,,,,com.apple.inputmethod.Kotoeri.RomajiTyping.Japanese,variable (CGDisplayMode reports 0),false,3.096333,1048810,0,,,
confirmation/ime/metrics.csv,paint,real Japanese IME composition to commit,,,,,5.592542,0.109083,,,,com.apple.inputmethod.Kotoeri.RomajiTyping.Japanese,variable (CGDisplayMode reports 0),false,,,,0,1,1
confirmation/ime/metrics.csv,input,real Japanese IME composition to commit,208,ime_commit,0.003667,3.868542,,,,,,com.apple.inputmethod.Kotoeri.RomajiTyping.Japanese,variable (CGDisplayMode reports 0),false,,,,,,
confirmation/ime/metrics.csv,paint,real Japanese IME composition to commit,,,,,1.540625,0.089292,,,,com.apple.inputmethod.Kotoeri.RomajiTyping.Japanese,variable (CGDisplayMode reports 0),false,,,,1,0,0
confirmation/ime/metrics.csv,paint,real Japanese IME composition to commit,,,,,4.540791,0.302916,,,,com.apple.inputmethod.Kotoeri.RomajiTyping.Japanese,variable (CGDisplayMode reports 0),false,,,,0,1,1
confirmation/ime/metrics.csv,block_index,real Japanese IME composition to commit,,,,,,,,,,com.apple.inputmethod.Kotoeri.RomajiTyping.Japanese,variable (CGDisplayMode reports 0),false,3.355500,1048813,0,,,
confirmation/ime/metrics.csv,paint,real Japanese IME composition to commit,,,,,24.048042,0.364833,,,,com.apple.inputmethod.Kotoeri.RomajiTyping.Japanese,variable (CGDisplayMode reports 0),false,,,,0,1,1
confirmation/ime/metrics.csv,input,real Japanese IME composition to commit,209,ime_composition,0.006458,6.745916,,,,,,com.apple.inputmethod.Kotoeri.RomajiTyping.Japanese,variable (CGDisplayMode reports 0),false,,,,,,
confirmation/ime/metrics.csv,block_index,real Japanese IME composition to commit,,,,,,,,,,com.apple.inputmethod.Kotoeri.RomajiTyping.Japanese,variable (CGDisplayMode reports 0),false,2.650250,1048813,0,,,
confirmation/ime/metrics.csv,paint,real Japanese IME composition to commit,,,,,17.687125,0.330458,,,,com.apple.inputmethod.Kotoeri.RomajiTyping.Japanese,variable (CGDisplayMode reports 0),false,,,,0,1,1
confirmation/ime/metrics.csv,input,real Japanese IME composition to commit,210,ime_composition,0.006125,4.062292,,,,,,com.apple.inputmethod.Kotoeri.RomajiTyping.Japanese,variable (CGDisplayMode reports 0),false,,,,,,
confirmation/ime/metrics.csv,block_index,real Japanese IME composition to commit,,,,,,,,,,com.apple.inputmethod.Kotoeri.RomajiTyping.Japanese,variable (CGDisplayMode reports 0),false,3.312083,1048816,0,,,
confirmation/ime/metrics.csv,paint,real Japanese IME composition to commit,,,,,14.634083,0.240333,,,,com.apple.inputmethod.Kotoeri.RomajiTyping.Japanese,variable (CGDisplayMode reports 0),false,,,,0,1,1
confirmation/ime/metrics.csv,input,real Japanese IME composition to commit,211,ime_composition,0.004416,4.302541,,,,,,com.apple.inputmethod.Kotoeri.RomajiTyping.Japanese,variable (CGDisplayMode reports 0),false,,,,,,
confirmation/ime/metrics.csv,block_index,real Japanese IME composition to commit,,,,,,,,,,com.apple.inputmethod.Kotoeri.RomajiTyping.Japanese,variable (CGDisplayMode reports 0),false,3.364292,1048816,0,,,
confirmation/ime/metrics.csv,paint,real Japanese IME composition to commit,,,,,10.753667,0.213750,,,,com.apple.inputmethod.Kotoeri.RomajiTyping.Japanese,variable (CGDisplayMode reports 0),false,,,,0,1,1
confirmation/ime/metrics.csv,input,real Japanese IME composition to commit,212,ime_composition,0.003250,4.220125,,,,,,com.apple.inputmethod.Kotoeri.RomajiTyping.Japanese,variable (CGDisplayMode reports 0),false,,,,,,
confirmation/ime/metrics.csv,block_index,real Japanese IME composition to commit,,,,,,,,,,com.apple.inputmethod.Kotoeri.RomajiTyping.Japanese,variable (CGDisplayMode reports 0),false,3.238875,1048819,0,,,
confirmation/ime/metrics.csv,paint,real Japanese IME composition to commit,,,,,11.726708,0.234125,,,,com.apple.inputmethod.Kotoeri.RomajiTyping.Japanese,variable (CGDisplayMode reports 0),false,,,,0,1,1
confirmation/ime/metrics.csv,input,real Japanese IME composition to commit,213,ime_composition,0.002916,4.206083,,,,,,com.apple.inputmethod.Kotoeri.RomajiTyping.Japanese,variable (CGDisplayMode reports 0),false,,,,,,
confirmation/ime/metrics.csv,block_index,real Japanese IME composition to commit,,,,,,,,,,com.apple.inputmethod.Kotoeri.RomajiTyping.Japanese,variable (CGDisplayMode reports 0),false,3.222125,1048822,0,,,
confirmation/ime/metrics.csv,paint,real Japanese IME composition to commit,,,,,11.037000,0.258250,,,,com.apple.inputmethod.Kotoeri.RomajiTyping.Japanese,variable (CGDisplayMode reports 0),false,,,,0,1,1
confirmation/ime/metrics.csv,input,real Japanese IME composition to commit,214,ime_composition,0.002625,4.298000,,,,,,com.apple.inputmethod.Kotoeri.RomajiTyping.Japanese,variable (CGDisplayMode reports 0),false,,,,,,
confirmation/ime/metrics.csv,block_index,real Japanese IME composition to commit,,,,,,,,,,com.apple.inputmethod.Kotoeri.RomajiTyping.Japanese,variable (CGDisplayMode reports 0),false,3.214917,1048819,0,,,
confirmation/ime/metrics.csv,paint,real Japanese IME composition to commit,,,,,10.802584,0.241833,,,,com.apple.inputmethod.Kotoeri.RomajiTyping.Japanese,variable (CGDisplayMode reports 0),false,,,,0,1,1
confirmation/ime/metrics.csv,input,real Japanese IME composition to commit,215,ime_composition,0.004416,4.186416,,,,,,com.apple.inputmethod.Kotoeri.RomajiTyping.Japanese,variable (CGDisplayMode reports 0),false,,,,,,
confirmation/ime/metrics.csv,block_index,real Japanese IME composition to commit,,,,,,,,,,com.apple.inputmethod.Kotoeri.RomajiTyping.Japanese,variable (CGDisplayMode reports 0),false,3.021083,1048819,0,,,
confirmation/ime/metrics.csv,paint,real Japanese IME composition to commit,,,,,7.026458,0.126250,,,,com.apple.inputmethod.Kotoeri.RomajiTyping.Japanese,variable (CGDisplayMode reports 0),false,,,,0,1,1
confirmation/ime/metrics.csv,input,real Japanese IME composition to commit,216,ime_commit,0.004917,3.911959,,,,,,com.apple.inputmethod.Kotoeri.RomajiTyping.Japanese,variable (CGDisplayMode reports 0),false,,,,,,
confirmation/ime/metrics.csv,paint,real Japanese IME composition to commit,,,,,1.483292,0.085916,,,,com.apple.inputmethod.Kotoeri.RomajiTyping.Japanese,variable (CGDisplayMode reports 0),false,,,,1,0,0
confirmation/ime/metrics.csv,paint,real Japanese IME composition to commit,,,,,7.619000,0.386750,,,,com.apple.inputmethod.Kotoeri.RomajiTyping.Japanese,variable (CGDisplayMode reports 0),false,,,,0,1,1
confirmation/ime/metrics.csv,block_index,real Japanese IME composition to commit,,,,,,,,,,com.apple.inputmethod.Kotoeri.RomajiTyping.Japanese,variable (CGDisplayMode reports 0),false,2.788292,1048822,0,,,
confirmation/ime/metrics.csv,paint,real Japanese IME composition to commit,,,,,15.393125,0.360958,,,,com.apple.inputmethod.Kotoeri.RomajiTyping.Japanese,variable (CGDisplayMode reports 0),false,,,,0,1,1
confirmation/ime/metrics.csv,input,real Japanese IME composition to commit,217,ime_composition,0.005000,5.473959,,,,,,com.apple.inputmethod.Kotoeri.RomajiTyping.Japanese,variable (CGDisplayMode reports 0),false,,,,,,
confirmation/ime/metrics.csv,block_index,real Japanese IME composition to commit,,,,,,,,,,com.apple.inputmethod.Kotoeri.RomajiTyping.Japanese,variable (CGDisplayMode reports 0),false,3.181000,1048822,0,,,
confirmation/ime/metrics.csv,paint,real Japanese IME composition to commit,,,,,18.254166,0.290084,,,,com.apple.inputmethod.Kotoeri.RomajiTyping.Japanese,variable (CGDisplayMode reports 0),false,,,,0,1,1
confirmation/ime/metrics.csv,input,real Japanese IME composition to commit,218,ime_composition,0.006209,4.422625,,,,,,com.apple.inputmethod.Kotoeri.RomajiTyping.Japanese,variable (CGDisplayMode reports 0),false,,,,,,
confirmation/ime/metrics.csv,block_index,real Japanese IME composition to commit,,,,,,,,,,com.apple.inputmethod.Kotoeri.RomajiTyping.Japanese,variable (CGDisplayMode reports 0),false,3.059458,1048825,0,,,
confirmation/ime/metrics.csv,paint,real Japanese IME composition to commit,,,,,14.467125,0.287541,,,,com.apple.inputmethod.Kotoeri.RomajiTyping.Japanese,variable (CGDisplayMode reports 0),false,,,,0,1,1
confirmation/ime/metrics.csv,input,real Japanese IME composition to commit,219,ime_composition,0.003791,4.103875,,,,,,com.apple.inputmethod.Kotoeri.RomajiTyping.Japanese,variable (CGDisplayMode reports 0),false,,,,,,
confirmation/ime/metrics.csv,block_index,real Japanese IME composition to commit,,,,,,,,,,com.apple.inputmethod.Kotoeri.RomajiTyping.Japanese,variable (CGDisplayMode reports 0),false,3.067291,1048825,0,,,
confirmation/ime/metrics.csv,paint,real Japanese IME composition to commit,,,,,10.567542,0.217667,,,,com.apple.inputmethod.Kotoeri.RomajiTyping.Japanese,variable (CGDisplayMode reports 0),false,,,,0,1,1
confirmation/ime/metrics.csv,input,real Japanese IME composition to commit,220,ime_composition,0.004042,3.984084,,,,,,com.apple.inputmethod.Kotoeri.RomajiTyping.Japanese,variable (CGDisplayMode reports 0),false,,,,,,
confirmation/ime/metrics.csv,block_index,real Japanese IME composition to commit,,,,,,,,,,com.apple.inputmethod.Kotoeri.RomajiTyping.Japanese,variable (CGDisplayMode reports 0),false,2.881250,1048828,0,,,
confirmation/ime/metrics.csv,paint,real Japanese IME composition to commit,,,,,11.290875,0.248958,,,,com.apple.inputmethod.Kotoeri.RomajiTyping.Japanese,variable (CGDisplayMode reports 0),false,,,,0,1,1
confirmation/ime/metrics.csv,input,real Japanese IME composition to commit,221,ime_composition,0.003167,3.829292,,,,,,com.apple.inputmethod.Kotoeri.RomajiTyping.Japanese,variable (CGDisplayMode reports 0),false,,,,,,
confirmation/ime/metrics.csv,block_index,real Japanese IME composition to commit,,,,,,,,,,com.apple.inputmethod.Kotoeri.RomajiTyping.Japanese,variable (CGDisplayMode reports 0),false,3.132708,1048831,0,,,
confirmation/ime/metrics.csv,paint,real Japanese IME composition to commit,,,,,10.652458,0.231875,,,,com.apple.inputmethod.Kotoeri.RomajiTyping.Japanese,variable (CGDisplayMode reports 0),false,,,,0,1,1
confirmation/ime/metrics.csv,input,real Japanese IME composition to commit,222,ime_composition,0.002500,4.037250,,,,,,com.apple.inputmethod.Kotoeri.RomajiTyping.Japanese,variable (CGDisplayMode reports 0),false,,,,,,
confirmation/ime/metrics.csv,block_index,real Japanese IME composition to commit,,,,,,,,,,com.apple.inputmethod.Kotoeri.RomajiTyping.Japanese,variable (CGDisplayMode reports 0),false,3.103292,1048828,0,,,
confirmation/ime/metrics.csv,paint,real Japanese IME composition to commit,,,,,10.556834,0.234416,,,,com.apple.inputmethod.Kotoeri.RomajiTyping.Japanese,variable (CGDisplayMode reports 0),false,,,,0,1,1
confirmation/ime/metrics.csv,input,real Japanese IME composition to commit,223,ime_composition,0.003166,4.135166,,,,,,com.apple.inputmethod.Kotoeri.RomajiTyping.Japanese,variable (CGDisplayMode reports 0),false,,,,,,
confirmation/ime/metrics.csv,block_index,real Japanese IME composition to commit,,,,,,,,,,com.apple.inputmethod.Kotoeri.RomajiTyping.Japanese,variable (CGDisplayMode reports 0),false,2.549709,1048828,0,,,
confirmation/ime/metrics.csv,paint,real Japanese IME composition to commit,,,,,5.037416,0.104625,,,,com.apple.inputmethod.Kotoeri.RomajiTyping.Japanese,variable (CGDisplayMode reports 0),false,,,,0,1,1
confirmation/ime/metrics.csv,input,real Japanese IME composition to commit,224,ime_commit,0.002750,3.279917,,,,,,com.apple.inputmethod.Kotoeri.RomajiTyping.Japanese,variable (CGDisplayMode reports 0),false,,,,,,
confirmation/ime/metrics.csv,paint,real Japanese IME composition to commit,,,,,11.806625,0.151166,,,,com.apple.inputmethod.Kotoeri.RomajiTyping.Japanese,variable (CGDisplayMode reports 0),false,,,,1,0,0
confirmation/ime/metrics.csv,block_index,real Japanese IME composition to commit,,,,,,,,,,com.apple.inputmethod.Kotoeri.RomajiTyping.Japanese,variable (CGDisplayMode reports 0),false,3.152333,1048831,0,,,
confirmation/ime/metrics.csv,paint,real Japanese IME composition to commit,,,,,19.831542,0.348125,,,,com.apple.inputmethod.Kotoeri.RomajiTyping.Japanese,variable (CGDisplayMode reports 0),false,,,,0,1,1
confirmation/ime/metrics.csv,input,real Japanese IME composition to commit,225,ime_composition,0.007500,5.320667,,,,,,com.apple.inputmethod.Kotoeri.RomajiTyping.Japanese,variable (CGDisplayMode reports 0),false,,,,,,
confirmation/ime/metrics.csv,block_index,real Japanese IME composition to commit,,,,,,,,,,com.apple.inputmethod.Kotoeri.RomajiTyping.Japanese,variable (CGDisplayMode reports 0),false,2.951417,1048831,0,,,
confirmation/ime/metrics.csv,paint,real Japanese IME composition to commit,,,,,18.158042,0.289041,,,,com.apple.inputmethod.Kotoeri.RomajiTyping.Japanese,variable (CGDisplayMode reports 0),false,,,,0,1,1
confirmation/ime/metrics.csv,input,real Japanese IME composition to commit,226,ime_composition,0.007042,4.071500,,,,,,com.apple.inputmethod.Kotoeri.RomajiTyping.Japanese,variable (CGDisplayMode reports 0),false,,,,,,
confirmation/ime/metrics.csv,block_index,real Japanese IME composition to commit,,,,,,,,,,com.apple.inputmethod.Kotoeri.RomajiTyping.Japanese,variable (CGDisplayMode reports 0),false,2.786208,1048834,0,,,
confirmation/ime/metrics.csv,paint,real Japanese IME composition to commit,,,,,14.146458,0.274042,,,,com.apple.inputmethod.Kotoeri.RomajiTyping.Japanese,variable (CGDisplayMode reports 0),false,,,,0,1,1
confirmation/ime/metrics.csv,input,real Japanese IME composition to commit,227,ime_composition,0.004125,3.802958,,,,,,com.apple.inputmethod.Kotoeri.RomajiTyping.Japanese,variable (CGDisplayMode reports 0),false,,,,,,
confirmation/ime/metrics.csv,block_index,real Japanese IME composition to commit,,,,,,,,,,com.apple.inputmethod.Kotoeri.RomajiTyping.Japanese,variable (CGDisplayMode reports 0),false,2.539375,1048834,0,,,
confirmation/ime/metrics.csv,paint,real Japanese IME composition to commit,,,,,9.908292,0.229541,,,,com.apple.inputmethod.Kotoeri.RomajiTyping.Japanese,variable (CGDisplayMode reports 0),false,,,,0,1,1
confirmation/ime/metrics.csv,input,real Japanese IME composition to commit,228,ime_composition,0.003583,3.433833,,,,,,com.apple.inputmethod.Kotoeri.RomajiTyping.Japanese,variable (CGDisplayMode reports 0),false,,,,,,
confirmation/ime/metrics.csv,block_index,real Japanese IME composition to commit,,,,,,,,,,com.apple.inputmethod.Kotoeri.RomajiTyping.Japanese,variable (CGDisplayMode reports 0),false,2.977833,1048837,0,,,
confirmation/ime/metrics.csv,paint,real Japanese IME composition to commit,,,,,11.610083,0.231417,,,,com.apple.inputmethod.Kotoeri.RomajiTyping.Japanese,variable (CGDisplayMode reports 0),false,,,,0,1,1
confirmation/ime/metrics.csv,input,real Japanese IME composition to commit,229,ime_composition,0.003417,3.953584,,,,,,com.apple.inputmethod.Kotoeri.RomajiTyping.Japanese,variable (CGDisplayMode reports 0),false,,,,,,
confirmation/ime/metrics.csv,block_index,real Japanese IME composition to commit,,,,,,,,,,com.apple.inputmethod.Kotoeri.RomajiTyping.Japanese,variable (CGDisplayMode reports 0),false,2.690916,1048840,0,,,
confirmation/ime/metrics.csv,paint,real Japanese IME composition to commit,,,,,10.404333,0.222208,,,,com.apple.inputmethod.Kotoeri.RomajiTyping.Japanese,variable (CGDisplayMode reports 0),false,,,,0,1,1
confirmation/ime/metrics.csv,input,real Japanese IME composition to commit,230,ime_composition,0.003459,3.578042,,,,,,com.apple.inputmethod.Kotoeri.RomajiTyping.Japanese,variable (CGDisplayMode reports 0),false,,,,,,
confirmation/ime/metrics.csv,block_index,real Japanese IME composition to commit,,,,,,,,,,com.apple.inputmethod.Kotoeri.RomajiTyping.Japanese,variable (CGDisplayMode reports 0),false,3.055042,1048837,0,,,
confirmation/ime/metrics.csv,paint,real Japanese IME composition to commit,,,,,10.775334,0.259625,,,,com.apple.inputmethod.Kotoeri.RomajiTyping.Japanese,variable (CGDisplayMode reports 0),false,,,,0,1,1
confirmation/ime/metrics.csv,input,real Japanese IME composition to commit,231,ime_composition,0.003000,4.147166,,,,,,com.apple.inputmethod.Kotoeri.RomajiTyping.Japanese,variable (CGDisplayMode reports 0),false,,,,,,
confirmation/ime/metrics.csv,block_index,real Japanese IME composition to commit,,,,,,,,,,com.apple.inputmethod.Kotoeri.RomajiTyping.Japanese,variable (CGDisplayMode reports 0),false,2.717834,1048837,0,,,
confirmation/ime/metrics.csv,paint,real Japanese IME composition to commit,,,,,5.222166,0.108083,,,,com.apple.inputmethod.Kotoeri.RomajiTyping.Japanese,variable (CGDisplayMode reports 0),false,,,,0,1,1
confirmation/ime/metrics.csv,input,real Japanese IME composition to commit,232,ime_commit,0.002417,3.468458,,,,,,com.apple.inputmethod.Kotoeri.RomajiTyping.Japanese,variable (CGDisplayMode reports 0),false,,,,,,
confirmation/ime/metrics.csv,paint,real Japanese IME composition to commit,,,,,8.299125,0.157667,,,,com.apple.inputmethod.Kotoeri.RomajiTyping.Japanese,variable (CGDisplayMode reports 0),false,,,,1,0,0
confirmation/ime/metrics.csv,block_index,real Japanese IME composition to commit,,,,,,,,,,com.apple.inputmethod.Kotoeri.RomajiTyping.Japanese,variable (CGDisplayMode reports 0),false,3.134042,1048840,0,,,
confirmation/ime/metrics.csv,paint,real Japanese IME composition to commit,,,,,19.587625,0.342375,,,,com.apple.inputmethod.Kotoeri.RomajiTyping.Japanese,variable (CGDisplayMode reports 0),false,,,,0,1,1
confirmation/ime/metrics.csv,input,real Japanese IME composition to commit,233,ime_composition,0.007250,5.015375,,,,,,com.apple.inputmethod.Kotoeri.RomajiTyping.Japanese,variable (CGDisplayMode reports 0),false,,,,,,
confirmation/ime/metrics.csv,block_index,real Japanese IME composition to commit,,,,,,,,,,com.apple.inputmethod.Kotoeri.RomajiTyping.Japanese,variable (CGDisplayMode reports 0),false,3.020834,1048840,0,,,
confirmation/ime/metrics.csv,paint,real Japanese IME composition to commit,,,,,18.384875,0.307167,,,,com.apple.inputmethod.Kotoeri.RomajiTyping.Japanese,variable (CGDisplayMode reports 0),false,,,,0,1,1
confirmation/ime/metrics.csv,input,real Japanese IME composition to commit,234,ime_composition,0.007000,4.172292,,,,,,com.apple.inputmethod.Kotoeri.RomajiTyping.Japanese,variable (CGDisplayMode reports 0),false,,,,,,
confirmation/ime/metrics.csv,block_index,real Japanese IME composition to commit,,,,,,,,,,com.apple.inputmethod.Kotoeri.RomajiTyping.Japanese,variable (CGDisplayMode reports 0),false,3.142209,1048843,0,,,
confirmation/ime/metrics.csv,paint,real Japanese IME composition to commit,,,,,14.554334,0.254834,,,,com.apple.inputmethod.Kotoeri.RomajiTyping.Japanese,variable (CGDisplayMode reports 0),false,,,,0,1,1
confirmation/ime/metrics.csv,input,real Japanese IME composition to commit,235,ime_composition,0.003958,4.208833,,,,,,com.apple.inputmethod.Kotoeri.RomajiTyping.Japanese,variable (CGDisplayMode reports 0),false,,,,,,
confirmation/ime/metrics.csv,block_index,real Japanese IME composition to commit,,,,,,,,,,com.apple.inputmethod.Kotoeri.RomajiTyping.Japanese,variable (CGDisplayMode reports 0),false,2.839166,1048843,0,,,
confirmation/ime/metrics.csv,paint,real Japanese IME composition to commit,,,,,10.609166,0.254250,,,,com.apple.inputmethod.Kotoeri.RomajiTyping.Japanese,variable (CGDisplayMode reports 0),false,,,,0,1,1
confirmation/ime/metrics.csv,input,real Japanese IME composition to commit,236,ime_composition,0.003417,3.855917,,,,,,com.apple.inputmethod.Kotoeri.RomajiTyping.Japanese,variable (CGDisplayMode reports 0),false,,,,,,
confirmation/ime/metrics.csv,block_index,real Japanese IME composition to commit,,,,,,,,,,com.apple.inputmethod.Kotoeri.RomajiTyping.Japanese,variable (CGDisplayMode reports 0),false,2.765042,1048846,0,,,
confirmation/ime/metrics.csv,paint,real Japanese IME composition to commit,,,,,11.417459,0.218292,,,,com.apple.inputmethod.Kotoeri.RomajiTyping.Japanese,variable (CGDisplayMode reports 0),false,,,,0,1,1
confirmation/ime/metrics.csv,input,real Japanese IME composition to commit,237,ime_composition,0.003541,3.715250,,,,,,com.apple.inputmethod.Kotoeri.RomajiTyping.Japanese,variable (CGDisplayMode reports 0),false,,,,,,
confirmation/ime/metrics.csv,block_index,real Japanese IME composition to commit,,,,,,,,,,com.apple.inputmethod.Kotoeri.RomajiTyping.Japanese,variable (CGDisplayMode reports 0),false,3.281041,1048849,0,,,
confirmation/ime/metrics.csv,paint,real Japanese IME composition to commit,,,,,11.035125,0.216291,,,,com.apple.inputmethod.Kotoeri.RomajiTyping.Japanese,variable (CGDisplayMode reports 0),false,,,,0,1,1
confirmation/ime/metrics.csv,input,real Japanese IME composition to commit,238,ime_composition,0.003250,4.163833,,,,,,com.apple.inputmethod.Kotoeri.RomajiTyping.Japanese,variable (CGDisplayMode reports 0),false,,,,,,
confirmation/ime/metrics.csv,block_index,real Japanese IME composition to commit,,,,,,,,,,com.apple.inputmethod.Kotoeri.RomajiTyping.Japanese,variable (CGDisplayMode reports 0),false,3.305333,1048846,0,,,
confirmation/ime/metrics.csv,paint,real Japanese IME composition to commit,,,,,10.680833,0.226667,,,,com.apple.inputmethod.Kotoeri.RomajiTyping.Japanese,variable (CGDisplayMode reports 0),false,,,,0,1,1
confirmation/ime/metrics.csv,input,real Japanese IME composition to commit,239,ime_composition,0.003041,4.220125,,,,,,com.apple.inputmethod.Kotoeri.RomajiTyping.Japanese,variable (CGDisplayMode reports 0),false,,,,,,
confirmation/ime/metrics.csv,block_index,real Japanese IME composition to commit,,,,,,,,,,com.apple.inputmethod.Kotoeri.RomajiTyping.Japanese,variable (CGDisplayMode reports 0),false,3.077459,1048846,0,,,
confirmation/ime/metrics.csv,paint,real Japanese IME composition to commit,,,,,5.501542,0.104416,,,,com.apple.inputmethod.Kotoeri.RomajiTyping.Japanese,variable (CGDisplayMode reports 0),false,,,,0,1,1
confirmation/ime/metrics.csv,input,real Japanese IME composition to commit,240,ime_commit,0.002292,3.807583,,,,,,com.apple.inputmethod.Kotoeri.RomajiTyping.Japanese,variable (CGDisplayMode reports 0),false,,,,,,
confirmation/ime/metrics.csv,paint,real Japanese IME composition to commit,,,,,6.555416,0.111916,,,,com.apple.inputmethod.Kotoeri.RomajiTyping.Japanese,variable (CGDisplayMode reports 0),false,,,,1,0,0
confirmation/ime/metrics.csv,block_index,real Japanese IME composition to commit,,,,,,,,,,com.apple.inputmethod.Kotoeri.RomajiTyping.Japanese,variable (CGDisplayMode reports 0),false,2.826167,1048849,0,,,
confirmation/ime/metrics.csv,paint,real Japanese IME composition to commit,,,,,24.935500,0.471208,,,,com.apple.inputmethod.Kotoeri.RomajiTyping.Japanese,variable (CGDisplayMode reports 0),false,,,,0,1,1
confirmation/ime/metrics.csv,input,real Japanese IME composition to commit,241,ime_composition,0.006208,7.883583,,,,,,com.apple.inputmethod.Kotoeri.RomajiTyping.Japanese,variable (CGDisplayMode reports 0),false,,,,,,
confirmation/ime/metrics.csv,block_index,real Japanese IME composition to commit,,,,,,,,,,com.apple.inputmethod.Kotoeri.RomajiTyping.Japanese,variable (CGDisplayMode reports 0),false,2.793291,1048849,0,,,
confirmation/ime/metrics.csv,paint,real Japanese IME composition to commit,,,,,17.647209,0.289125,,,,com.apple.inputmethod.Kotoeri.RomajiTyping.Japanese,variable (CGDisplayMode reports 0),false,,,,0,1,1
confirmation/ime/metrics.csv,input,real Japanese IME composition to commit,242,ime_composition,0.005667,3.860125,,,,,,com.apple.inputmethod.Kotoeri.RomajiTyping.Japanese,variable (CGDisplayMode reports 0),false,,,,,,
confirmation/ime/metrics.csv,block_index,real Japanese IME composition to commit,,,,,,,,,,com.apple.inputmethod.Kotoeri.RomajiTyping.Japanese,variable (CGDisplayMode reports 0),false,3.268292,1048852,0,,,
confirmation/ime/metrics.csv,paint,real Japanese IME composition to commit,,,,,14.547291,0.248084,,,,com.apple.inputmethod.Kotoeri.RomajiTyping.Japanese,variable (CGDisplayMode reports 0),false,,,,0,1,1
confirmation/ime/metrics.csv,input,real Japanese IME composition to commit,243,ime_composition,0.004333,4.251000,,,,,,com.apple.inputmethod.Kotoeri.RomajiTyping.Japanese,variable (CGDisplayMode reports 0),false,,,,,,
confirmation/ime/metrics.csv,block_index,real Japanese IME composition to commit,,,,,,,,,,com.apple.inputmethod.Kotoeri.RomajiTyping.Japanese,variable (CGDisplayMode reports 0),false,2.598167,1048852,0,,,
confirmation/ime/metrics.csv,paint,real Japanese IME composition to commit,,,,,10.036542,0.240375,,,,com.apple.inputmethod.Kotoeri.RomajiTyping.Japanese,variable (CGDisplayMode reports 0),false,,,,0,1,1
confirmation/ime/metrics.csv,input,real Japanese IME composition to commit,244,ime_composition,0.003083,3.531166,,,,,,com.apple.inputmethod.Kotoeri.RomajiTyping.Japanese,variable (CGDisplayMode reports 0),false,,,,,,
confirmation/ime/metrics.csv,block_index,real Japanese IME composition to commit,,,,,,,,,,com.apple.inputmethod.Kotoeri.RomajiTyping.Japanese,variable (CGDisplayMode reports 0),false,2.917041,1048855,0,,,
confirmation/ime/metrics.csv,paint,real Japanese IME composition to commit,,,,,11.696792,0.252083,,,,com.apple.inputmethod.Kotoeri.RomajiTyping.Japanese,variable (CGDisplayMode reports 0),false,,,,0,1,1
confirmation/ime/metrics.csv,input,real Japanese IME composition to commit,245,ime_composition,0.002834,4.161459,,,,,,com.apple.inputmethod.Kotoeri.RomajiTyping.Japanese,variable (CGDisplayMode reports 0),false,,,,,,
confirmation/ime/metrics.csv,block_index,real Japanese IME composition to commit,,,,,,,,,,com.apple.inputmethod.Kotoeri.RomajiTyping.Japanese,variable (CGDisplayMode reports 0),false,3.076042,1048858,0,,,
confirmation/ime/metrics.csv,paint,real Japanese IME composition to commit,,,,,10.720500,0.225625,,,,com.apple.inputmethod.Kotoeri.RomajiTyping.Japanese,variable (CGDisplayMode reports 0),false,,,,0,1,1
confirmation/ime/metrics.csv,input,real Japanese IME composition to commit,246,ime_composition,0.003375,3.968708,,,,,,com.apple.inputmethod.Kotoeri.RomajiTyping.Japanese,variable (CGDisplayMode reports 0),false,,,,,,
confirmation/ime/metrics.csv,block_index,real Japanese IME composition to commit,,,,,,,,,,com.apple.inputmethod.Kotoeri.RomajiTyping.Japanese,variable (CGDisplayMode reports 0),false,3.169166,1048855,0,,,
confirmation/ime/metrics.csv,paint,real Japanese IME composition to commit,,,,,10.432333,0.223167,,,,com.apple.inputmethod.Kotoeri.RomajiTyping.Japanese,variable (CGDisplayMode reports 0),false,,,,0,1,1
confirmation/ime/metrics.csv,input,real Japanese IME composition to commit,247,ime_composition,0.003000,4.051458,,,,,,com.apple.inputmethod.Kotoeri.RomajiTyping.Japanese,variable (CGDisplayMode reports 0),false,,,,,,
confirmation/ime/metrics.csv,block_index,real Japanese IME composition to commit,,,,,,,,,,com.apple.inputmethod.Kotoeri.RomajiTyping.Japanese,variable (CGDisplayMode reports 0),false,2.731666,1048855,0,,,
confirmation/ime/metrics.csv,paint,real Japanese IME composition to commit,,,,,5.098458,0.113375,,,,com.apple.inputmethod.Kotoeri.RomajiTyping.Japanese,variable (CGDisplayMode reports 0),false,,,,0,1,1
confirmation/ime/metrics.csv,input,real Japanese IME composition to commit,248,ime_commit,0.001917,3.495917,,,,,,com.apple.inputmethod.Kotoeri.RomajiTyping.Japanese,variable (CGDisplayMode reports 0),false,,,,,,
confirmation/ime/metrics.csv,paint,real Japanese IME composition to commit,,,,,10.735875,0.184334,,,,com.apple.inputmethod.Kotoeri.RomajiTyping.Japanese,variable (CGDisplayMode reports 0),false,,,,1,0,0
confirmation/ime/metrics.csv,block_index,real Japanese IME composition to commit,,,,,,,,,,com.apple.inputmethod.Kotoeri.RomajiTyping.Japanese,variable (CGDisplayMode reports 0),false,3.105083,1048858,0,,,
confirmation/ime/metrics.csv,paint,real Japanese IME composition to commit,,,,,20.227834,0.343416,,,,com.apple.inputmethod.Kotoeri.RomajiTyping.Japanese,variable (CGDisplayMode reports 0),false,,,,0,1,1
confirmation/ime/metrics.csv,input,real Japanese IME composition to commit,249,ime_composition,0.006917,4.960709,,,,,,com.apple.inputmethod.Kotoeri.RomajiTyping.Japanese,variable (CGDisplayMode reports 0),false,,,,,,
confirmation/ime/metrics.csv,block_index,real Japanese IME composition to commit,,,,,,,,,,com.apple.inputmethod.Kotoeri.RomajiTyping.Japanese,variable (CGDisplayMode reports 0),false,3.179500,1048858,0,,,
confirmation/ime/metrics.csv,paint,real Japanese IME composition to commit,,,,,18.520833,0.324416,,,,com.apple.inputmethod.Kotoeri.RomajiTyping.Japanese,variable (CGDisplayMode reports 0),false,,,,0,1,1
confirmation/ime/metrics.csv,input,real Japanese IME composition to commit,250,ime_composition,0.006292,4.373042,,,,,,com.apple.inputmethod.Kotoeri.RomajiTyping.Japanese,variable (CGDisplayMode reports 0),false,,,,,,
confirmation/ime/metrics.csv,block_index,real Japanese IME composition to commit,,,,,,,,,,com.apple.inputmethod.Kotoeri.RomajiTyping.Japanese,variable (CGDisplayMode reports 0),false,3.097500,1048861,0,,,
confirmation/ime/metrics.csv,paint,real Japanese IME composition to commit,,,,,14.604125,0.292417,,,,com.apple.inputmethod.Kotoeri.RomajiTyping.Japanese,variable (CGDisplayMode reports 0),false,,,,0,1,1
confirmation/ime/metrics.csv,input,real Japanese IME composition to commit,251,ime_composition,0.003875,4.152250,,,,,,com.apple.inputmethod.Kotoeri.RomajiTyping.Japanese,variable (CGDisplayMode reports 0),false,,,,,,
confirmation/ime/metrics.csv,block_index,real Japanese IME composition to commit,,,,,,,,,,com.apple.inputmethod.Kotoeri.RomajiTyping.Japanese,variable (CGDisplayMode reports 0),false,3.038042,1048861,0,,,
confirmation/ime/metrics.csv,paint,real Japanese IME composition to commit,,,,,10.592167,0.241750,,,,com.apple.inputmethod.Kotoeri.RomajiTyping.Japanese,variable (CGDisplayMode reports 0),false,,,,0,1,1
confirmation/ime/metrics.csv,input,real Japanese IME composition to commit,252,ime_composition,0.002750,3.976416,,,,,,com.apple.inputmethod.Kotoeri.RomajiTyping.Japanese,variable (CGDisplayMode reports 0),false,,,,,,
confirmation/ime/metrics.csv,block_index,real Japanese IME composition to commit,,,,,,,,,,com.apple.inputmethod.Kotoeri.RomajiTyping.Japanese,variable (CGDisplayMode reports 0),false,3.081666,1048864,0,,,
confirmation/ime/metrics.csv,paint,real Japanese IME composition to commit,,,,,11.554833,0.222667,,,,com.apple.inputmethod.Kotoeri.RomajiTyping.Japanese,variable (CGDisplayMode reports 0),false,,,,0,1,1
confirmation/ime/metrics.csv,input,real Japanese IME composition to commit,253,ime_composition,0.004084,4.042250,,,,,,com.apple.inputmethod.Kotoeri.RomajiTyping.Japanese,variable (CGDisplayMode reports 0),false,,,,,,
confirmation/ime/metrics.csv,block_index,real Japanese IME composition to commit,,,,,,,,,,com.apple.inputmethod.Kotoeri.RomajiTyping.Japanese,variable (CGDisplayMode reports 0),false,2.768083,1048867,0,,,
confirmation/ime/metrics.csv,paint,real Japanese IME composition to commit,,,,,10.516958,0.207708,,,,com.apple.inputmethod.Kotoeri.RomajiTyping.Japanese,variable (CGDisplayMode reports 0),false,,,,0,1,1
confirmation/ime/metrics.csv,input,real Japanese IME composition to commit,254,ime_composition,0.002625,3.626917,,,,,,com.apple.inputmethod.Kotoeri.RomajiTyping.Japanese,variable (CGDisplayMode reports 0),false,,,,,,
confirmation/ime/metrics.csv,block_index,real Japanese IME composition to commit,,,,,,,,,,com.apple.inputmethod.Kotoeri.RomajiTyping.Japanese,variable (CGDisplayMode reports 0),false,3.104875,1048864,0,,,
confirmation/ime/metrics.csv,paint,real Japanese IME composition to commit,,,,,11.608709,0.370125,,,,com.apple.inputmethod.Kotoeri.RomajiTyping.Japanese,variable (CGDisplayMode reports 0),false,,,,0,1,1
confirmation/ime/metrics.csv,input,real Japanese IME composition to commit,255,ime_composition,0.003292,5.077333,,,,,,com.apple.inputmethod.Kotoeri.RomajiTyping.Japanese,variable (CGDisplayMode reports 0),false,,,,,,
confirmation/ime/metrics.csv,block_index,real Japanese IME composition to commit,,,,,,,,,,com.apple.inputmethod.Kotoeri.RomajiTyping.Japanese,variable (CGDisplayMode reports 0),false,3.168375,1048864,0,,,
confirmation/ime/metrics.csv,paint,real Japanese IME composition to commit,,,,,5.671541,0.108875,,,,com.apple.inputmethod.Kotoeri.RomajiTyping.Japanese,variable (CGDisplayMode reports 0),false,,,,0,1,1
confirmation/ime/metrics.csv,input,real Japanese IME composition to commit,256,ime_commit,0.003375,3.947250,,,,,,com.apple.inputmethod.Kotoeri.RomajiTyping.Japanese,variable (CGDisplayMode reports 0),false,,,,,,
confirmation/ime/metrics.csv,paint,real Japanese IME composition to commit,,,,,5.845834,0.139166,,,,com.apple.inputmethod.Kotoeri.RomajiTyping.Japanese,variable (CGDisplayMode reports 0),false,,,,1,0,0
confirmation/ime/metrics.csv,block_index,real Japanese IME composition to commit,,,,,,,,,,com.apple.inputmethod.Kotoeri.RomajiTyping.Japanese,variable (CGDisplayMode reports 0),false,2.526917,1048867,0,,,
confirmation/ime/metrics.csv,paint,real Japanese IME composition to commit,,,,,21.428916,0.460625,,,,com.apple.inputmethod.Kotoeri.RomajiTyping.Japanese,variable (CGDisplayMode reports 0),false,,,,0,1,1
confirmation/ime/metrics.csv,input,real Japanese IME composition to commit,257,ime_composition,0.007375,4.650916,,,,,,com.apple.inputmethod.Kotoeri.RomajiTyping.Japanese,variable (CGDisplayMode reports 0),false,,,,,,
confirmation/ime/metrics.csv,block_index,real Japanese IME composition to commit,,,,,,,,,,com.apple.inputmethod.Kotoeri.RomajiTyping.Japanese,variable (CGDisplayMode reports 0),false,2.963917,1048867,0,,,
confirmation/ime/metrics.csv,paint,real Japanese IME composition to commit,,,,,17.846084,0.302875,,,,com.apple.inputmethod.Kotoeri.RomajiTyping.Japanese,variable (CGDisplayMode reports 0),false,,,,0,1,1
confirmation/ime/metrics.csv,input,real Japanese IME composition to commit,258,ime_composition,0.006500,4.081917,,,,,,com.apple.inputmethod.Kotoeri.RomajiTyping.Japanese,variable (CGDisplayMode reports 0),false,,,,,,
confirmation/ime/metrics.csv,block_index,real Japanese IME composition to commit,,,,,,,,,,com.apple.inputmethod.Kotoeri.RomajiTyping.Japanese,variable (CGDisplayMode reports 0),false,3.184959,1048870,0,,,
confirmation/ime/metrics.csv,paint,real Japanese IME composition to commit,,,,,14.421083,0.238750,,,,com.apple.inputmethod.Kotoeri.RomajiTyping.Japanese,variable (CGDisplayMode reports 0),false,,,,0,1,1
confirmation/ime/metrics.csv,input,real Japanese IME composition to commit,259,ime_composition,0.004333,4.129375,,,,,,com.apple.inputmethod.Kotoeri.RomajiTyping.Japanese,variable (CGDisplayMode reports 0),false,,,,,,
confirmation/ime/metrics.csv,block_index,real Japanese IME composition to commit,,,,,,,,,,com.apple.inputmethod.Kotoeri.RomajiTyping.Japanese,variable (CGDisplayMode reports 0),false,2.884833,1048870,0,,,
confirmation/ime/metrics.csv,paint,real Japanese IME composition to commit,,,,,10.269000,0.233458,,,,com.apple.inputmethod.Kotoeri.RomajiTyping.Japanese,variable (CGDisplayMode reports 0),false,,,,0,1,1
confirmation/ime/metrics.csv,input,real Japanese IME composition to commit,260,ime_composition,0.002834,3.809459,,,,,,com.apple.inputmethod.Kotoeri.RomajiTyping.Japanese,variable (CGDisplayMode reports 0),false,,,,,,
confirmation/ime/metrics.csv,block_index,real Japanese IME composition to commit,,,,,,,,,,com.apple.inputmethod.Kotoeri.RomajiTyping.Japanese,variable (CGDisplayMode reports 0),false,3.146834,1048873,0,,,
confirmation/ime/metrics.csv,paint,real Japanese IME composition to commit,,,,,11.660417,0.221500,,,,com.apple.inputmethod.Kotoeri.RomajiTyping.Japanese,variable (CGDisplayMode reports 0),false,,,,0,1,1
confirmation/ime/metrics.csv,input,real Japanese IME composition to commit,261,ime_composition,0.002667,4.051958,,,,,,com.apple.inputmethod.Kotoeri.RomajiTyping.Japanese,variable (CGDisplayMode reports 0),false,,,,,,
confirmation/ime/metrics.csv,block_index,real Japanese IME composition to commit,,,,,,,,,,com.apple.inputmethod.Kotoeri.RomajiTyping.Japanese,variable (CGDisplayMode reports 0),false,3.082833,1048876,0,,,
confirmation/ime/metrics.csv,paint,real Japanese IME composition to commit,,,,,11.083458,0.252541,,,,com.apple.inputmethod.Kotoeri.RomajiTyping.Japanese,variable (CGDisplayMode reports 0),false,,,,0,1,1
confirmation/ime/metrics.csv,input,real Japanese IME composition to commit,262,ime_composition,0.003459,4.172209,,,,,,com.apple.inputmethod.Kotoeri.RomajiTyping.Japanese,variable (CGDisplayMode reports 0),false,,,,,,
confirmation/ime/metrics.csv,block_index,real Japanese IME composition to commit,,,,,,,,,,com.apple.inputmethod.Kotoeri.RomajiTyping.Japanese,variable (CGDisplayMode reports 0),false,3.050291,1048873,0,,,
confirmation/ime/metrics.csv,paint,real Japanese IME composition to commit,,,,,10.697167,0.254250,,,,com.apple.inputmethod.Kotoeri.RomajiTyping.Japanese,variable (CGDisplayMode reports 0),false,,,,0,1,1
confirmation/ime/metrics.csv,input,real Japanese IME composition to commit,263,ime_composition,0.003167,4.028583,,,,,,com.apple.inputmethod.Kotoeri.RomajiTyping.Japanese,variable (CGDisplayMode reports 0),false,,,,,,
confirmation/ime/metrics.csv,block_index,real Japanese IME composition to commit,,,,,,,,,,com.apple.inputmethod.Kotoeri.RomajiTyping.Japanese,variable (CGDisplayMode reports 0),false,3.152000,1048873,0,,,
confirmation/ime/metrics.csv,paint,real Japanese IME composition to commit,,,,,5.604583,0.105708,,,,com.apple.inputmethod.Kotoeri.RomajiTyping.Japanese,variable (CGDisplayMode reports 0),false,,,,0,1,1
confirmation/ime/metrics.csv,input,real Japanese IME composition to commit,264,ime_commit,0.003166,3.896375,,,,,,com.apple.inputmethod.Kotoeri.RomajiTyping.Japanese,variable (CGDisplayMode reports 0),false,,,,,,
confirmation/ime/metrics.csv,paint,real Japanese IME composition to commit,,,,,5.286958,0.135250,,,,com.apple.inputmethod.Kotoeri.RomajiTyping.Japanese,variable (CGDisplayMode reports 0),false,,,,1,0,0
confirmation/ime/metrics.csv,paint,real Japanese IME composition to commit,,,,,8.609625,0.371542,,,,com.apple.inputmethod.Kotoeri.RomajiTyping.Japanese,variable (CGDisplayMode reports 0),false,,,,0,1,1
confirmation/ime/metrics.csv,block_index,real Japanese IME composition to commit,,,,,,,,,,com.apple.inputmethod.Kotoeri.RomajiTyping.Japanese,variable (CGDisplayMode reports 0),false,3.088791,1048876,0,,,
confirmation/ime/metrics.csv,paint,real Japanese IME composition to commit,,,,,14.864834,0.414292,,,,com.apple.inputmethod.Kotoeri.RomajiTyping.Japanese,variable (CGDisplayMode reports 0),false,,,,0,1,1
confirmation/ime/metrics.csv,input,real Japanese IME composition to commit,265,ime_composition,0.006458,4.837917,,,,,,com.apple.inputmethod.Kotoeri.RomajiTyping.Japanese,variable (CGDisplayMode reports 0),false,,,,,,
confirmation/ime/metrics.csv,block_index,real Japanese IME composition to commit,,,,,,,,,,com.apple.inputmethod.Kotoeri.RomajiTyping.Japanese,variable (CGDisplayMode reports 0),false,3.309167,1048876,0,,,
confirmation/ime/metrics.csv,paint,real Japanese IME composition to commit,,,,,19.277291,0.326167,,,,com.apple.inputmethod.Kotoeri.RomajiTyping.Japanese,variable (CGDisplayMode reports 0),false,,,,0,1,1
confirmation/ime/metrics.csv,input,real Japanese IME composition to commit,266,ime_composition,0.007125,4.484208,,,,,,com.apple.inputmethod.Kotoeri.RomajiTyping.Japanese,variable (CGDisplayMode reports 0),false,,,,,,
confirmation/ime/metrics.csv,block_index,real Japanese IME composition to commit,,,,,,,,,,com.apple.inputmethod.Kotoeri.RomajiTyping.Japanese,variable (CGDisplayMode reports 0),false,2.899375,1048879,0,,,
confirmation/ime/metrics.csv,paint,real Japanese IME composition to commit,,,,,14.646334,0.293500,,,,com.apple.inputmethod.Kotoeri.RomajiTyping.Japanese,variable (CGDisplayMode reports 0),false,,,,0,1,1
confirmation/ime/metrics.csv,input,real Japanese IME composition to commit,267,ime_composition,0.005083,3.973666,,,,,,com.apple.inputmethod.Kotoeri.RomajiTyping.Japanese,variable (CGDisplayMode reports 0),false,,,,,,
confirmation/ime/metrics.csv,block_index,real Japanese IME composition to commit,,,,,,,,,,com.apple.inputmethod.Kotoeri.RomajiTyping.Japanese,variable (CGDisplayMode reports 0),false,3.217375,1048879,0,,,
confirmation/ime/metrics.csv,paint,real Japanese IME composition to commit,,,,,10.741041,0.226084,,,,com.apple.inputmethod.Kotoeri.RomajiTyping.Japanese,variable (CGDisplayMode reports 0),false,,,,0,1,1
confirmation/ime/metrics.csv,input,real Japanese IME composition to commit,268,ime_composition,0.003041,4.129708,,,,,,com.apple.inputmethod.Kotoeri.RomajiTyping.Japanese,variable (CGDisplayMode reports 0),false,,,,,,
confirmation/ime/metrics.csv,block_index,real Japanese IME composition to commit,,,,,,,,,,com.apple.inputmethod.Kotoeri.RomajiTyping.Japanese,variable (CGDisplayMode reports 0),false,3.146709,1048882,0,,,
confirmation/ime/metrics.csv,paint,real Japanese IME composition to commit,,,,,11.836459,0.261042,,,,com.apple.inputmethod.Kotoeri.RomajiTyping.Japanese,variable (CGDisplayMode reports 0),false,,,,0,1,1
confirmation/ime/metrics.csv,input,real Japanese IME composition to commit,269,ime_composition,0.002708,4.220875,,,,,,com.apple.inputmethod.Kotoeri.RomajiTyping.Japanese,variable (CGDisplayMode reports 0),false,,,,,,
confirmation/ime/metrics.csv,block_index,real Japanese IME composition to commit,,,,,,,,,,com.apple.inputmethod.Kotoeri.RomajiTyping.Japanese,variable (CGDisplayMode reports 0),false,3.148083,1048885,0,,,
confirmation/ime/metrics.csv,paint,real Japanese IME composition to commit,,,,,11.037166,0.233875,,,,com.apple.inputmethod.Kotoeri.RomajiTyping.Japanese,variable (CGDisplayMode reports 0),false,,,,0,1,1
confirmation/ime/metrics.csv,input,real Japanese IME composition to commit,270,ime_composition,0.003542,4.088917,,,,,,com.apple.inputmethod.Kotoeri.RomajiTyping.Japanese,variable (CGDisplayMode reports 0),false,,,,,,
confirmation/ime/metrics.csv,block_index,real Japanese IME composition to commit,,,,,,,,,,com.apple.inputmethod.Kotoeri.RomajiTyping.Japanese,variable (CGDisplayMode reports 0),false,3.340167,1048882,0,,,
confirmation/ime/metrics.csv,paint,real Japanese IME composition to commit,,,,,11.033250,0.256334,,,,com.apple.inputmethod.Kotoeri.RomajiTyping.Japanese,variable (CGDisplayMode reports 0),false,,,,0,1,1
confirmation/ime/metrics.csv,input,real Japanese IME composition to commit,271,ime_composition,0.002916,4.328083,,,,,,com.apple.inputmethod.Kotoeri.RomajiTyping.Japanese,variable (CGDisplayMode reports 0),false,,,,,,
confirmation/ime/metrics.csv,block_index,real Japanese IME composition to commit,,,,,,,,,,com.apple.inputmethod.Kotoeri.RomajiTyping.Japanese,variable (CGDisplayMode reports 0),false,3.206042,1048882,0,,,
confirmation/ime/metrics.csv,paint,real Japanese IME composition to commit,,,,,6.042292,0.132750,,,,com.apple.inputmethod.Kotoeri.RomajiTyping.Japanese,variable (CGDisplayMode reports 0),false,,,,0,1,1
confirmation/ime/metrics.csv,input,real Japanese IME composition to commit,272,ime_commit,0.004833,4.152542,,,,,,com.apple.inputmethod.Kotoeri.RomajiTyping.Japanese,variable (CGDisplayMode reports 0),false,,,,,,
confirmation/ime/metrics.csv,paint,real Japanese IME composition to commit,,,,,1.484417,0.087833,,,,com.apple.inputmethod.Kotoeri.RomajiTyping.Japanese,variable (CGDisplayMode reports 0),false,,,,1,0,0
confirmation/ime/metrics.csv,paint,real Japanese IME composition to commit,,,,,7.373166,0.379709,,,,com.apple.inputmethod.Kotoeri.RomajiTyping.Japanese,variable (CGDisplayMode reports 0),false,,,,0,1,1
confirmation/ime/metrics.csv,block_index,real Japanese IME composition to commit,,,,,,,,,,com.apple.inputmethod.Kotoeri.RomajiTyping.Japanese,variable (CGDisplayMode reports 0),false,2.979167,1048885,0,,,
confirmation/ime/metrics.csv,paint,real Japanese IME composition to commit,,,,,16.282584,0.400250,,,,com.apple.inputmethod.Kotoeri.RomajiTyping.Japanese,variable (CGDisplayMode reports 0),false,,,,0,1,1
confirmation/ime/metrics.csv,input,real Japanese IME composition to commit,273,ime_composition,0.005042,6.345208,,,,,,com.apple.inputmethod.Kotoeri.RomajiTyping.Japanese,variable (CGDisplayMode reports 0),false,,,,,,
confirmation/ime/metrics.csv,block_index,real Japanese IME composition to commit,,,,,,,,,,com.apple.inputmethod.Kotoeri.RomajiTyping.Japanese,variable (CGDisplayMode reports 0),false,3.111875,1048885,0,,,
confirmation/ime/metrics.csv,paint,real Japanese IME composition to commit,,,,,18.180333,0.312250,,,,com.apple.inputmethod.Kotoeri.RomajiTyping.Japanese,variable (CGDisplayMode reports 0),false,,,,0,1,1
confirmation/ime/metrics.csv,input,real Japanese IME composition to commit,274,ime_composition,0.006333,4.300500,,,,,,com.apple.inputmethod.Kotoeri.RomajiTyping.Japanese,variable (CGDisplayMode reports 0),false,,,,,,
confirmation/ime/metrics.csv,block_index,real Japanese IME composition to commit,,,,,,,,,,com.apple.inputmethod.Kotoeri.RomajiTyping.Japanese,variable (CGDisplayMode reports 0),false,2.700208,1048888,0,,,
confirmation/ime/metrics.csv,paint,real Japanese IME composition to commit,,,,,14.318417,0.273875,,,,com.apple.inputmethod.Kotoeri.RomajiTyping.Japanese,variable (CGDisplayMode reports 0),false,,,,0,1,1
confirmation/ime/metrics.csv,input,real Japanese IME composition to commit,275,ime_composition,0.004209,3.707750,,,,,,com.apple.inputmethod.Kotoeri.RomajiTyping.Japanese,variable (CGDisplayMode reports 0),false,,,,,,
confirmation/ime/metrics.csv,block_index,real Japanese IME composition to commit,,,,,,,,,,com.apple.inputmethod.Kotoeri.RomajiTyping.Japanese,variable (CGDisplayMode reports 0),false,2.860917,1048888,0,,,
confirmation/ime/metrics.csv,paint,real Japanese IME composition to commit,,,,,10.271791,0.225041,,,,com.apple.inputmethod.Kotoeri.RomajiTyping.Japanese,variable (CGDisplayMode reports 0),false,,,,0,1,1
confirmation/ime/metrics.csv,input,real Japanese IME composition to commit,276,ime_composition,0.003334,3.749084,,,,,,com.apple.inputmethod.Kotoeri.RomajiTyping.Japanese,variable (CGDisplayMode reports 0),false,,,,,,
confirmation/ime/metrics.csv,block_index,real Japanese IME composition to commit,,,,,,,,,,com.apple.inputmethod.Kotoeri.RomajiTyping.Japanese,variable (CGDisplayMode reports 0),false,2.690583,1048891,0,,,
confirmation/ime/metrics.csv,paint,real Japanese IME composition to commit,,,,,11.266542,0.216958,,,,com.apple.inputmethod.Kotoeri.RomajiTyping.Japanese,variable (CGDisplayMode reports 0),false,,,,0,1,1
confirmation/ime/metrics.csv,input,real Japanese IME composition to commit,277,ime_composition,0.003417,3.660709,,,,,,com.apple.inputmethod.Kotoeri.RomajiTyping.Japanese,variable (CGDisplayMode reports 0),false,,,,,,
confirmation/ime/metrics.csv,block_index,real Japanese IME composition to commit,,,,,,,,,,com.apple.inputmethod.Kotoeri.RomajiTyping.Japanese,variable (CGDisplayMode reports 0),false,3.271208,1048894,0,,,
confirmation/ime/metrics.csv,paint,real Japanese IME composition to commit,,,,,11.075583,0.251333,,,,com.apple.inputmethod.Kotoeri.RomajiTyping.Japanese,variable (CGDisplayMode reports 0),false,,,,0,1,1
confirmation/ime/metrics.csv,input,real Japanese IME composition to commit,278,ime_composition,0.003458,4.228458,,,,,,com.apple.inputmethod.Kotoeri.RomajiTyping.Japanese,variable (CGDisplayMode reports 0),false,,,,,,
confirmation/ime/metrics.csv,block_index,real Japanese IME composition to commit,,,,,,,,,,com.apple.inputmethod.Kotoeri.RomajiTyping.Japanese,variable (CGDisplayMode reports 0),false,3.120750,1048891,0,,,
confirmation/ime/metrics.csv,paint,real Japanese IME composition to commit,,,,,10.499125,0.250083,,,,com.apple.inputmethod.Kotoeri.RomajiTyping.Japanese,variable (CGDisplayMode reports 0),false,,,,0,1,1
confirmation/ime/metrics.csv,input,real Japanese IME composition to commit,279,ime_composition,0.003166,4.082333,,,,,,com.apple.inputmethod.Kotoeri.RomajiTyping.Japanese,variable (CGDisplayMode reports 0),false,,,,,,
confirmation/ime/metrics.csv,block_index,real Japanese IME composition to commit,,,,,,,,,,com.apple.inputmethod.Kotoeri.RomajiTyping.Japanese,variable (CGDisplayMode reports 0),false,3.137333,1048891,0,,,
confirmation/ime/metrics.csv,paint,real Japanese IME composition to commit,,,,,7.835709,0.151292,,,,com.apple.inputmethod.Kotoeri.RomajiTyping.Japanese,variable (CGDisplayMode reports 0),false,,,,0,1,1
confirmation/ime/metrics.csv,input,real Japanese IME composition to commit,280,ime_commit,0.006500,4.223666,,,,,,com.apple.inputmethod.Kotoeri.RomajiTyping.Japanese,variable (CGDisplayMode reports 0),false,,,,,,
confirmation/ime/metrics.csv,paint,real Japanese IME composition to commit,,,,,1.794791,0.114125,,,,com.apple.inputmethod.Kotoeri.RomajiTyping.Japanese,variable (CGDisplayMode reports 0),false,,,,1,0,0
confirmation/ime/metrics.csv,paint,real Japanese IME composition to commit,,,,,6.789209,0.378292,,,,com.apple.inputmethod.Kotoeri.RomajiTyping.Japanese,variable (CGDisplayMode reports 0),false,,,,0,1,1
confirmation/ime/metrics.csv,paint,real Japanese IME composition to commit,,,,,75.237375,0.244667,,,,com.apple.inputmethod.Kotoeri.RomajiTyping.Japanese,variable (CGDisplayMode reports 0),false,,,,0,1,1
confirmation/ime/metrics.csv,paint,real Japanese IME composition to commit,,,,,7.957458,0.191417,,,,com.apple.inputmethod.Kotoeri.RomajiTyping.Japanese,variable (CGDisplayMode reports 0),false,,,,0,1,1
confirmation/memory_100mb/trial_1/metrics.csv,memory_load,memory 100 MiB,,,,,,,,,349683712,com.apple.keylayout.ABC,variable (CGDisplayMode reports 0),false,,,,,,
confirmation/memory_100mb/trial_1/metrics.csv,ready,memory 100 MiB,,,,,,,364.354041,227.849083,383959040,com.apple.keylayout.ABC,variable (CGDisplayMode reports 0),false,,,,,,
confirmation/memory_100mb/trial_1/metrics.csv,paint,memory 100 MiB,,,,,,17.271916,,,,com.apple.keylayout.ABC,variable (CGDisplayMode reports 0),false,,,,0,18,18
confirmation/memory_100mb/trial_1/metrics.csv,paint,memory 100 MiB,,,,,18.004042,0.193875,,,,com.apple.keylayout.ABC,variable (CGDisplayMode reports 0),false,,,,17,0,0
confirmation/memory_100mb/trial_1/metrics.csv,paint,memory 100 MiB,,,,,138.553708,0.245541,,,,com.apple.keylayout.ABC,variable (CGDisplayMode reports 0),false,,,,17,0,0
confirmation/memory_100mb/trial_1/metrics.csv,paint,memory 100 MiB,,,,,1.571417,0.201250,,,,com.apple.keylayout.ABC,variable (CGDisplayMode reports 0),false,,,,17,0,0
confirmation/memory_100mb/trial_1/metrics.csv,paint,memory 100 MiB,,,,,2158.126083,0.949084,,,,com.apple.keylayout.ABC,variable (CGDisplayMode reports 0),false,,,,0,18,18
confirmation/memory_100mb/trial_1/metrics.csv,paint,memory 100 MiB,,,,,11017.162250,0.512417,,,,com.apple.keylayout.ABC,variable (CGDisplayMode reports 0),false,,,,17,0,0
confirmation/memory_100mb/trial_1/metrics.csv,paint,memory 100 MiB,,,,,642.530500,0.448208,,,,com.apple.keylayout.ABC,variable (CGDisplayMode reports 0),false,,,,17,0,0
confirmation/memory_100mb/trial_1/metrics.csv,paint,memory 100 MiB,,,,,15.386167,0.306875,,,,com.apple.keylayout.ABC,variable (CGDisplayMode reports 0),false,,,,17,0,0
confirmation/memory_100mb/trial_1/metrics.csv,paint,memory 100 MiB,,,,,1167.350208,0.595375,,,,com.apple.keylayout.ABC,variable (CGDisplayMode reports 0),false,,,,17,0,0
confirmation/memory_100mb/trial_1/metrics.csv,paint,memory 100 MiB,,,,,834.703500,1.155375,,,,com.apple.keylayout.ABC,variable (CGDisplayMode reports 0),false,,,,17,0,0
confirmation/memory_100mb/trial_1/metrics.csv,paint,memory 100 MiB,,,,,659.142792,1.043083,,,,com.apple.keylayout.ABC,variable (CGDisplayMode reports 0),false,,,,17,0,0
confirmation/memory_100mb/trial_1/metrics.csv,paint,memory 100 MiB,,,,,5.487417,0.511375,,,,com.apple.keylayout.ABC,variable (CGDisplayMode reports 0),false,,,,17,0,0
confirmation/memory_100mb/trial_1/metrics.csv,paint,memory 100 MiB,,,,,750.486500,0.714834,,,,com.apple.keylayout.ABC,variable (CGDisplayMode reports 0),false,,,,17,0,0
confirmation/memory_100mb/trial_1/metrics.csv,paint,memory 100 MiB,,,,,824.048583,0.482833,,,,com.apple.keylayout.ABC,variable (CGDisplayMode reports 0),false,,,,17,0,0
confirmation/memory_100mb/trial_1/metrics.csv,paint,memory 100 MiB,,,,,643.600542,0.648166,,,,com.apple.keylayout.ABC,variable (CGDisplayMode reports 0),false,,,,17,0,0
confirmation/memory_100mb/trial_1/metrics.csv,paint,memory 100 MiB,,,,,123.396291,0.308834,,,,com.apple.keylayout.ABC,variable (CGDisplayMode reports 0),false,,,,17,0,0
confirmation/memory_100mb/trial_1/metrics.csv,paint,memory 100 MiB,,,,,999.853667,0.424625,,,,com.apple.keylayout.ABC,variable (CGDisplayMode reports 0),false,,,,17,0,0
confirmation/memory_100mb/trial_1/metrics.csv,paint,memory 100 MiB,,,,,842.563333,0.599875,,,,com.apple.keylayout.ABC,variable (CGDisplayMode reports 0),false,,,,17,0,0
confirmation/memory_100mb/trial_1/metrics.csv,paint,memory 100 MiB,,,,,332.798917,0.455333,,,,com.apple.keylayout.ABC,variable (CGDisplayMode reports 0),false,,,,17,0,0
confirmation/memory_100mb/trial_1/metrics.csv,memory_idle_30s,memory 100 MiB,,,,,,,,,2155495424,com.apple.keylayout.ABC,variable (CGDisplayMode reports 0),false,,,,,,
confirmation/memory_100mb/trial_2/metrics.csv,memory_load,memory 100 MiB,,,,,,,,,349716480,com.apple.keylayout.ABC,variable (CGDisplayMode reports 0),false,,,,,,
confirmation/memory_100mb/trial_2/metrics.csv,ready,memory 100 MiB,,,,,,,376.043958,242.047083,384106496,com.apple.keylayout.ABC,variable (CGDisplayMode reports 0),false,,,,,,
confirmation/memory_100mb/trial_2/metrics.csv,paint,memory 100 MiB,,,,,,18.475333,,,,com.apple.keylayout.ABC,variable (CGDisplayMode reports 0),false,,,,0,18,18
confirmation/memory_100mb/trial_2/metrics.csv,paint,memory 100 MiB,,,,,19.371333,0.194708,,,,com.apple.keylayout.ABC,variable (CGDisplayMode reports 0),false,,,,17,0,0
confirmation/memory_100mb/trial_2/metrics.csv,paint,memory 100 MiB,,,,,84.967250,0.214625,,,,com.apple.keylayout.ABC,variable (CGDisplayMode reports 0),false,,,,17,0,0
confirmation/memory_100mb/trial_2/metrics.csv,paint,memory 100 MiB,,,,,3.678209,0.215709,,,,com.apple.keylayout.ABC,variable (CGDisplayMode reports 0),false,,,,17,0,0
confirmation/memory_100mb/trial_2/metrics.csv,paint,memory 100 MiB,,,,,1838.609500,0.991750,,,,com.apple.keylayout.ABC,variable (CGDisplayMode reports 0),false,,,,0,18,18
confirmation/memory_100mb/trial_2/metrics.csv,paint,memory 100 MiB,,,,,979.717958,0.466500,,,,com.apple.keylayout.ABC,variable (CGDisplayMode reports 0),false,,,,17,0,0
confirmation/memory_100mb/trial_2/metrics.csv,paint,memory 100 MiB,,,,,1084.942250,0.808291,,,,com.apple.keylayout.ABC,variable (CGDisplayMode reports 0),false,,,,17,0,0
confirmation/memory_100mb/trial_2/metrics.csv,paint,memory 100 MiB,,,,,2574.737167,0.770792,,,,com.apple.keylayout.ABC,variable (CGDisplayMode reports 0),false,,,,17,0,0
confirmation/memory_100mb/trial_2/metrics.csv,paint,memory 100 MiB,,,,,373.926708,0.512000,,,,com.apple.keylayout.ABC,variable (CGDisplayMode reports 0),false,,,,17,0,0
confirmation/memory_100mb/trial_2/metrics.csv,paint,memory 100 MiB,,,,,5266.873292,0.577250,,,,com.apple.keylayout.ABC,variable (CGDisplayMode reports 0),false,,,,17,0,0
confirmation/memory_100mb/trial_2/metrics.csv,paint,memory 100 MiB,,,,,950.779291,0.584958,,,,com.apple.keylayout.ABC,variable (CGDisplayMode reports 0),false,,,,17,0,0
confirmation/memory_100mb/trial_2/metrics.csv,paint,memory 100 MiB,,,,,365.496250,0.385167,,,,com.apple.keylayout.ABC,variable (CGDisplayMode reports 0),false,,,,17,0,0
confirmation/memory_100mb/trial_2/metrics.csv,paint,memory 100 MiB,,,,,1016.765542,0.466541,,,,com.apple.keylayout.ABC,variable (CGDisplayMode reports 0),false,,,,17,0,0
confirmation/memory_100mb/trial_2/metrics.csv,paint,memory 100 MiB,,,,,342.646667,0.683125,,,,com.apple.keylayout.ABC,variable (CGDisplayMode reports 0),false,,,,17,0,0
confirmation/memory_100mb/trial_2/metrics.csv,paint,memory 100 MiB,,,,,5406.241208,0.282958,,,,com.apple.keylayout.ABC,variable (CGDisplayMode reports 0),false,,,,17,0,0
confirmation/memory_100mb/trial_2/metrics.csv,paint,memory 100 MiB,,,,,950.437958,0.313917,,,,com.apple.keylayout.ABC,variable (CGDisplayMode reports 0),false,,,,17,0,0
confirmation/memory_100mb/trial_2/metrics.csv,paint,memory 100 MiB,,,,,1.960167,0.212042,,,,com.apple.keylayout.ABC,variable (CGDisplayMode reports 0),false,,,,17,0,0
confirmation/memory_100mb/trial_2/metrics.csv,paint,memory 100 MiB,,,,,24.162333,0.247292,,,,com.apple.keylayout.ABC,variable (CGDisplayMode reports 0),false,,,,17,0,0
confirmation/memory_100mb/trial_2/metrics.csv,paint,memory 100 MiB,,,,,7.362250,0.339458,,,,com.apple.keylayout.ABC,variable (CGDisplayMode reports 0),false,,,,17,0,0
confirmation/memory_100mb/trial_2/metrics.csv,paint,memory 100 MiB,,,,,1833.761792,0.466667,,,,com.apple.keylayout.ABC,variable (CGDisplayMode reports 0),false,,,,17,0,0
confirmation/memory_100mb/trial_2/metrics.csv,paint,memory 100 MiB,,,,,651.524042,0.691709,,,,com.apple.keylayout.ABC,variable (CGDisplayMode reports 0),false,,,,17,0,0
confirmation/memory_100mb/trial_2/metrics.csv,paint,memory 100 MiB,,,,,106.589541,0.350417,,,,com.apple.keylayout.ABC,variable (CGDisplayMode reports 0),false,,,,17,0,0
confirmation/memory_100mb/trial_2/metrics.csv,paint,memory 100 MiB,,,,,575.974459,0.785166,,,,com.apple.keylayout.ABC,variable (CGDisplayMode reports 0),false,,,,17,0,0
confirmation/memory_100mb/trial_2/metrics.csv,paint,memory 100 MiB,,,,,2199.279666,0.468750,,,,com.apple.keylayout.ABC,variable (CGDisplayMode reports 0),false,,,,17,0,0
confirmation/memory_100mb/trial_2/metrics.csv,paint,memory 100 MiB,,,,,8.022709,0.377292,,,,com.apple.keylayout.ABC,variable (CGDisplayMode reports 0),false,,,,17,0,0
confirmation/memory_100mb/trial_2/metrics.csv,paint,memory 100 MiB,,,,,8.146458,0.292375,,,,com.apple.keylayout.ABC,variable (CGDisplayMode reports 0),false,,,,17,0,0
confirmation/memory_100mb/trial_2/metrics.csv,paint,memory 100 MiB,,,,,16.450250,0.229375,,,,com.apple.keylayout.ABC,variable (CGDisplayMode reports 0),false,,,,17,0,0
confirmation/memory_100mb/trial_2/metrics.csv,paint,memory 100 MiB,,,,,8.178792,0.161250,,,,com.apple.keylayout.ABC,variable (CGDisplayMode reports 0),false,,,,17,0,0
confirmation/memory_100mb/trial_2/metrics.csv,paint,memory 100 MiB,,,,,8.307458,0.171875,,,,com.apple.keylayout.ABC,variable (CGDisplayMode reports 0),false,,,,17,0,0
confirmation/memory_100mb/trial_2/metrics.csv,paint,memory 100 MiB,,,,,8.439667,0.202084,,,,com.apple.keylayout.ABC,variable (CGDisplayMode reports 0),false,,,,17,0,0
confirmation/memory_100mb/trial_2/metrics.csv,paint,memory 100 MiB,,,,,7.660375,0.269708,,,,com.apple.keylayout.ABC,variable (CGDisplayMode reports 0),false,,,,18,0,0
confirmation/memory_100mb/trial_2/metrics.csv,paint,memory 100 MiB,,,,,9.436208,0.310708,,,,com.apple.keylayout.ABC,variable (CGDisplayMode reports 0),false,,,,18,0,0
confirmation/memory_100mb/trial_2/metrics.csv,paint,memory 100 MiB,,,,,8.284417,0.314542,,,,com.apple.keylayout.ABC,variable (CGDisplayMode reports 0),false,,,,18,0,0
confirmation/memory_100mb/trial_2/metrics.csv,paint,memory 100 MiB,,,,,7.795458,0.450625,,,,com.apple.keylayout.ABC,variable (CGDisplayMode reports 0),false,,,,18,0,0
confirmation/memory_100mb/trial_2/metrics.csv,paint,memory 100 MiB,,,,,10.071208,1.188458,,,,com.apple.keylayout.ABC,variable (CGDisplayMode reports 0),false,,,,18,1,1
confirmation/memory_100mb/trial_2/metrics.csv,paint,memory 100 MiB,,,,,6.924042,0.424417,,,,com.apple.keylayout.ABC,variable (CGDisplayMode reports 0),false,,,,19,0,0
confirmation/memory_100mb/trial_2/metrics.csv,paint,memory 100 MiB,,,,,8.749958,0.395250,,,,com.apple.keylayout.ABC,variable (CGDisplayMode reports 0),false,,,,19,0,0
confirmation/memory_100mb/trial_2/metrics.csv,paint,memory 100 MiB,,,,,8.331959,0.411458,,,,com.apple.keylayout.ABC,variable (CGDisplayMode reports 0),false,,,,19,0,0
confirmation/memory_100mb/trial_2/metrics.csv,paint,memory 100 MiB,,,,,8.183208,0.337333,,,,com.apple.keylayout.ABC,variable (CGDisplayMode reports 0),false,,,,19,0,0
confirmation/memory_100mb/trial_2/metrics.csv,paint,memory 100 MiB,,,,,9.011167,1.002583,,,,com.apple.keylayout.ABC,variable (CGDisplayMode reports 0),false,,,,19,1,1
confirmation/memory_100mb/trial_2/metrics.csv,paint,memory 100 MiB,,,,,7.687916,0.351292,,,,com.apple.keylayout.ABC,variable (CGDisplayMode reports 0),false,,,,20,0,0
confirmation/memory_100mb/trial_2/metrics.csv,paint,memory 100 MiB,,,,,8.307250,0.338584,,,,com.apple.keylayout.ABC,variable (CGDisplayMode reports 0),false,,,,20,0,0
confirmation/memory_100mb/trial_2/metrics.csv,paint,memory 100 MiB,,,,,8.153000,1.056125,,,,com.apple.keylayout.ABC,variable (CGDisplayMode reports 0),false,,,,20,1,1
confirmation/memory_100mb/trial_2/metrics.csv,paint,memory 100 MiB,,,,,8.710584,0.396583,,,,com.apple.keylayout.ABC,variable (CGDisplayMode reports 0),false,,,,21,0,0
confirmation/memory_100mb/trial_2/metrics.csv,paint,memory 100 MiB,,,,,8.013708,1.064833,,,,com.apple.keylayout.ABC,variable (CGDisplayMode reports 0),false,,,,21,1,1
confirmation/memory_100mb/trial_2/metrics.csv,paint,memory 100 MiB,,,,,8.785583,0.441042,,,,com.apple.keylayout.ABC,variable (CGDisplayMode reports 0),false,,,,21,0,0
confirmation/memory_100mb/trial_2/metrics.csv,paint,memory 100 MiB,,,,,9.171750,1.376917,,,,com.apple.keylayout.ABC,variable (CGDisplayMode reports 0),false,,,,21,1,1
confirmation/memory_100mb/trial_2/metrics.csv,paint,memory 100 MiB,,,,,7.361500,0.411125,,,,com.apple.keylayout.ABC,variable (CGDisplayMode reports 0),false,,,,21,0,0
confirmation/memory_100mb/trial_2/metrics.csv,paint,memory 100 MiB,,,,,8.237709,0.382666,,,,com.apple.keylayout.ABC,variable (CGDisplayMode reports 0),false,,,,21,0,0
confirmation/memory_100mb/trial_2/metrics.csv,paint,memory 100 MiB,,,,,9.115666,1.160750,,,,com.apple.keylayout.ABC,variable (CGDisplayMode reports 0),false,,,,21,1,1
confirmation/memory_100mb/trial_2/metrics.csv,paint,memory 100 MiB,,,,,7.548584,0.380834,,,,com.apple.keylayout.ABC,variable (CGDisplayMode reports 0),false,,,,21,0,0
confirmation/memory_100mb/trial_2/metrics.csv,paint,memory 100 MiB,,,,,9.089875,1.151167,,,,com.apple.keylayout.ABC,variable (CGDisplayMode reports 0),false,,,,21,1,1
confirmation/memory_100mb/trial_2/metrics.csv,paint,memory 100 MiB,,,,,7.586000,0.402583,,,,com.apple.keylayout.ABC,variable (CGDisplayMode reports 0),false,,,,22,0,0
confirmation/memory_100mb/trial_2/metrics.csv,paint,memory 100 MiB,,,,,8.168791,0.341417,,,,com.apple.keylayout.ABC,variable (CGDisplayMode reports 0),false,,,,21,0,0
confirmation/memory_100mb/trial_2/metrics.csv,paint,memory 100 MiB,,,,,8.261125,0.313208,,,,com.apple.keylayout.ABC,variable (CGDisplayMode reports 0),false,,,,21,0,0
confirmation/memory_100mb/trial_2/metrics.csv,paint,memory 100 MiB,,,,,9.172875,1.077500,,,,com.apple.keylayout.ABC,variable (CGDisplayMode reports 0),false,,,,21,1,1
confirmation/memory_100mb/trial_2/metrics.csv,paint,memory 100 MiB,,,,,7.526959,0.326667,,,,com.apple.keylayout.ABC,variable (CGDisplayMode reports 0),false,,,,21,0,0
confirmation/memory_100mb/trial_2/metrics.csv,paint,memory 100 MiB,,,,,7.417333,0.336250,,,,com.apple.keylayout.ABC,variable (CGDisplayMode reports 0),false,,,,21,0,0
confirmation/memory_100mb/trial_2/metrics.csv,paint,memory 100 MiB,,,,,10.375833,1.249542,,,,com.apple.keylayout.ABC,variable (CGDisplayMode reports 0),false,,,,21,1,1
confirmation/memory_100mb/trial_2/metrics.csv,paint,memory 100 MiB,,,,,6.493125,0.392834,,,,com.apple.keylayout.ABC,variable (CGDisplayMode reports 0),false,,,,22,0,0
confirmation/memory_100mb/trial_2/metrics.csv,paint,memory 100 MiB,,,,,9.225417,0.361083,,,,com.apple.keylayout.ABC,variable (CGDisplayMode reports 0),false,,,,21,0,0
confirmation/memory_100mb/trial_2/metrics.csv,paint,memory 100 MiB,,,,,8.242125,0.361000,,,,com.apple.keylayout.ABC,variable (CGDisplayMode reports 0),false,,,,21,0,0
confirmation/memory_100mb/trial_2/metrics.csv,paint,memory 100 MiB,,,,,9.070750,1.083333,,,,com.apple.keylayout.ABC,variable (CGDisplayMode reports 0),false,,,,21,1,1
confirmation/memory_100mb/trial_2/metrics.csv,paint,memory 100 MiB,,,,,7.593333,0.377083,,,,com.apple.keylayout.ABC,variable (CGDisplayMode reports 0),false,,,,22,0,0
confirmation/memory_100mb/trial_2/metrics.csv,paint,memory 100 MiB,,,,,8.376042,0.367916,,,,com.apple.keylayout.ABC,variable (CGDisplayMode reports 0),false,,,,21,0,0
confirmation/memory_100mb/trial_2/metrics.csv,paint,memory 100 MiB,,,,,8.360542,0.387834,,,,com.apple.keylayout.ABC,variable (CGDisplayMode reports 0),false,,,,21,0,0
confirmation/memory_100mb/trial_2/metrics.csv,paint,memory 100 MiB,,,,,9.222458,1.244750,,,,com.apple.keylayout.ABC,variable (CGDisplayMode reports 0),false,,,,21,1,1
confirmation/memory_100mb/trial_2/metrics.csv,paint,memory 100 MiB,,,,,7.443250,0.392750,,,,com.apple.keylayout.ABC,variable (CGDisplayMode reports 0),false,,,,22,0,0
confirmation/memory_100mb/trial_2/metrics.csv,paint,memory 100 MiB,,,,,8.236292,0.351459,,,,com.apple.keylayout.ABC,variable (CGDisplayMode reports 0),false,,,,22,0,0
confirmation/memory_100mb/trial_2/metrics.csv,paint,memory 100 MiB,,,,,8.345541,0.354500,,,,com.apple.keylayout.ABC,variable (CGDisplayMode reports 0),false,,,,21,0,0
confirmation/memory_100mb/trial_2/metrics.csv,paint,memory 100 MiB,,,,,8.329042,0.349958,,,,com.apple.keylayout.ABC,variable (CGDisplayMode reports 0),false,,,,21,0,0
confirmation/memory_100mb/trial_2/metrics.csv,paint,memory 100 MiB,,,,,8.424833,0.375416,,,,com.apple.keylayout.ABC,variable (CGDisplayMode reports 0),false,,,,21,0,0
confirmation/memory_100mb/trial_2/metrics.csv,paint,memory 100 MiB,,,,,8.315667,0.365333,,,,com.apple.keylayout.ABC,variable (CGDisplayMode reports 0),false,,,,21,0,0
confirmation/memory_100mb/trial_2/metrics.csv,paint,memory 100 MiB,,,,,9.067500,1.117500,,,,com.apple.keylayout.ABC,variable (CGDisplayMode reports 0),false,,,,21,1,1
confirmation/memory_100mb/trial_2/metrics.csv,paint,memory 100 MiB,,,,,7.649250,0.385500,,,,com.apple.keylayout.ABC,variable (CGDisplayMode reports 0),false,,,,22,0,0
confirmation/memory_100mb/trial_2/metrics.csv,paint,memory 100 MiB,,,,,8.331000,0.401625,,,,com.apple.keylayout.ABC,variable (CGDisplayMode reports 0),false,,,,22,0,0
confirmation/memory_100mb/trial_2/metrics.csv,paint,memory 100 MiB,,,,,8.264292,0.370125,,,,com.apple.keylayout.ABC,variable (CGDisplayMode reports 0),false,,,,22,0,0
confirmation/memory_100mb/trial_2/metrics.csv,paint,memory 100 MiB,,,,,8.285791,0.356000,,,,com.apple.keylayout.ABC,variable (CGDisplayMode reports 0),false,,,,21,0,0
confirmation/memory_100mb/trial_2/metrics.csv,paint,memory 100 MiB,,,,,8.269875,0.317791,,,,com.apple.keylayout.ABC,variable (CGDisplayMode reports 0),false,,,,21,0,0
confirmation/memory_100mb/trial_2/metrics.csv,paint,memory 100 MiB,,,,,8.498375,0.387458,,,,com.apple.keylayout.ABC,variable (CGDisplayMode reports 0),false,,,,21,0,0
confirmation/memory_100mb/trial_2/metrics.csv,paint,memory 100 MiB,,,,,9.209334,1.249208,,,,com.apple.keylayout.ABC,variable (CGDisplayMode reports 0),false,,,,21,1,1
confirmation/memory_100mb/trial_2/metrics.csv,paint,memory 100 MiB,,,,,7.441541,0.378583,,,,com.apple.keylayout.ABC,variable (CGDisplayMode reports 0),false,,,,22,0,0
confirmation/memory_100mb/trial_2/metrics.csv,paint,memory 100 MiB,,,,,8.341584,0.395833,,,,com.apple.keylayout.ABC,variable (CGDisplayMode reports 0),false,,,,22,0,0
confirmation/memory_100mb/trial_2/metrics.csv,paint,memory 100 MiB,,,,,7.245083,0.338625,,,,com.apple.keylayout.ABC,variable (CGDisplayMode reports 0),false,,,,22,0,0
confirmation/memory_100mb/trial_2/metrics.csv,paint,memory 100 MiB,,,,,9.457583,0.380708,,,,com.apple.keylayout.ABC,variable (CGDisplayMode reports 0),false,,,,22,0,0
confirmation/memory_100mb/trial_2/metrics.csv,paint,memory 100 MiB,,,,,8.211084,0.351583,,,,com.apple.keylayout.ABC,variable (CGDisplayMode reports 0),false,,,,21,0,0
confirmation/memory_100mb/trial_2/metrics.csv,paint,memory 100 MiB,,,,,8.267458,0.326625,,,,com.apple.keylayout.ABC,variable (CGDisplayMode reports 0),false,,,,21,0,0
confirmation/memory_100mb/trial_2/metrics.csv,paint,memory 100 MiB,,,,,8.455250,0.362459,,,,com.apple.keylayout.ABC,variable (CGDisplayMode reports 0),false,,,,21,0,0
confirmation/memory_100mb/trial_2/metrics.csv,paint,memory 100 MiB,,,,,8.329667,0.364667,,,,com.apple.keylayout.ABC,variable (CGDisplayMode reports 0),false,,,,21,0,0
confirmation/memory_100mb/trial_2/metrics.csv,paint,memory 100 MiB,,,,,8.852541,0.365458,,,,com.apple.keylayout.ABC,variable (CGDisplayMode reports 0),false,,,,21,0,0
confirmation/memory_100mb/trial_2/metrics.csv,paint,memory 100 MiB,,,,,7.838209,0.379417,,,,com.apple.keylayout.ABC,variable (CGDisplayMode reports 0),false,,,,21,0,0
confirmation/memory_100mb/trial_2/metrics.csv,paint,memory 100 MiB,,,,,8.257708,0.364500,,,,com.apple.keylayout.ABC,variable (CGDisplayMode reports 0),false,,,,21,0,0
confirmation/memory_100mb/trial_2/metrics.csv,paint,memory 100 MiB,,,,,8.298000,0.341750,,,,com.apple.keylayout.ABC,variable (CGDisplayMode reports 0),false,,,,21,0,0
confirmation/memory_100mb/trial_2/metrics.csv,paint,memory 100 MiB,,,,,8.299875,0.322875,,,,com.apple.keylayout.ABC,variable (CGDisplayMode reports 0),false,,,,21,0,0
confirmation/memory_100mb/trial_2/metrics.csv,paint,memory 100 MiB,,,,,9.302500,1.173334,,,,com.apple.keylayout.ABC,variable (CGDisplayMode reports 0),false,,,,21,1,1
confirmation/memory_100mb/trial_2/metrics.csv,paint,memory 100 MiB,,,,,7.531000,0.383209,,,,com.apple.keylayout.ABC,variable (CGDisplayMode reports 0),false,,,,22,0,0
confirmation/memory_100mb/trial_2/metrics.csv,paint,memory 100 MiB,,,,,8.317917,0.378959,,,,com.apple.keylayout.ABC,variable (CGDisplayMode reports 0),false,,,,22,0,0
confirmation/memory_100mb/trial_2/metrics.csv,paint,memory 100 MiB,,,,,7.401583,0.369916,,,,com.apple.keylayout.ABC,variable (CGDisplayMode reports 0),false,,,,22,0,0
confirmation/memory_100mb/trial_2/metrics.csv,paint,memory 100 MiB,,,,,9.315125,0.370917,,,,com.apple.keylayout.ABC,variable (CGDisplayMode reports 0),false,,,,22,0,0
confirmation/memory_100mb/trial_2/metrics.csv,paint,memory 100 MiB,,,,,8.389042,0.427792,,,,com.apple.keylayout.ABC,variable (CGDisplayMode reports 0),false,,,,22,0,0
confirmation/memory_100mb/trial_2/metrics.csv,paint,memory 100 MiB,,,,,8.118833,0.341250,,,,com.apple.keylayout.ABC,variable (CGDisplayMode reports 0),false,,,,22,0,0
confirmation/memory_100mb/trial_2/metrics.csv,paint,memory 100 MiB,,,,,8.356458,0.326583,,,,com.apple.keylayout.ABC,variable (CGDisplayMode reports 0),false,,,,22,0,0
confirmation/memory_100mb/trial_2/metrics.csv,paint,memory 100 MiB,,,,,8.425709,0.377833,,,,com.apple.keylayout.ABC,variable (CGDisplayMode reports 0),false,,,,22,0,0
confirmation/memory_100mb/trial_2/metrics.csv,paint,memory 100 MiB,,,,,8.324291,0.374250,,,,com.apple.keylayout.ABC,variable (CGDisplayMode reports 0),false,,,,22,0,0
confirmation/memory_100mb/trial_2/metrics.csv,paint,memory 100 MiB,,,,,8.840292,0.362084,,,,com.apple.keylayout.ABC,variable (CGDisplayMode reports 0),false,,,,21,0,0
confirmation/memory_100mb/trial_2/metrics.csv,paint,memory 100 MiB,,,,,8.631083,0.567125,,,,com.apple.keylayout.ABC,variable (CGDisplayMode reports 0),false,,,,21,0,0
confirmation/memory_100mb/trial_2/metrics.csv,paint,memory 100 MiB,,,,,7.754459,0.470584,,,,com.apple.keylayout.ABC,variable (CGDisplayMode reports 0),false,,,,21,0,0
confirmation/memory_100mb/trial_2/metrics.csv,paint,memory 100 MiB,,,,,8.108708,0.390584,,,,com.apple.keylayout.ABC,variable (CGDisplayMode reports 0),false,,,,21,0,0
confirmation/memory_100mb/trial_2/metrics.csv,paint,memory 100 MiB,,,,,8.246708,0.353584,,,,com.apple.keylayout.ABC,variable (CGDisplayMode reports 0),false,,,,21,0,0
confirmation/memory_100mb/trial_2/metrics.csv,paint,memory 100 MiB,,,,,8.400000,0.383417,,,,com.apple.keylayout.ABC,variable (CGDisplayMode reports 0),false,,,,21,0,0
confirmation/memory_100mb/trial_2/metrics.csv,paint,memory 100 MiB,,,,,8.352292,0.375625,,,,com.apple.keylayout.ABC,variable (CGDisplayMode reports 0),false,,,,21,0,0
confirmation/memory_100mb/trial_2/metrics.csv,paint,memory 100 MiB,,,,,8.432125,0.423500,,,,com.apple.keylayout.ABC,variable (CGDisplayMode reports 0),false,,,,21,0,0
confirmation/memory_100mb/trial_2/metrics.csv,paint,memory 100 MiB,,,,,8.228500,0.366958,,,,com.apple.keylayout.ABC,variable (CGDisplayMode reports 0),false,,,,21,0,0
confirmation/memory_100mb/trial_2/metrics.csv,paint,memory 100 MiB,,,,,8.332042,0.370667,,,,com.apple.keylayout.ABC,variable (CGDisplayMode reports 0),false,,,,21,0,0
confirmation/memory_100mb/trial_2/metrics.csv,paint,memory 100 MiB,,,,,7.759750,0.456167,,,,com.apple.keylayout.ABC,variable (CGDisplayMode reports 0),false,,,,21,0,0
confirmation/memory_100mb/trial_2/metrics.csv,paint,memory 100 MiB,,,,,8.943541,0.367083,,,,com.apple.keylayout.ABC,variable (CGDisplayMode reports 0),false,,,,21,0,0
confirmation/memory_100mb/trial_2/metrics.csv,paint,memory 100 MiB,,,,,9.281209,1.311084,,,,com.apple.keylayout.ABC,variable (CGDisplayMode reports 0),false,,,,21,1,1
confirmation/memory_100mb/trial_2/metrics.csv,paint,memory 100 MiB,,,,,15.777125,0.422958,,,,com.apple.keylayout.ABC,variable (CGDisplayMode reports 0),false,,,,22,0,0
confirmation/memory_100mb/trial_2/metrics.csv,paint,memory 100 MiB,,,,,24.698291,0.444416,,,,com.apple.keylayout.ABC,variable (CGDisplayMode reports 0),false,,,,22,0,0
confirmation/memory_100mb/trial_2/metrics.csv,paint,memory 100 MiB,,,,,8.688584,0.429667,,,,com.apple.keylayout.ABC,variable (CGDisplayMode reports 0),false,,,,22,0,0
confirmation/memory_100mb/trial_2/metrics.csv,paint,memory 100 MiB,,,,,16.636041,0.423291,,,,com.apple.keylayout.ABC,variable (CGDisplayMode reports 0),false,,,,22,0,0
confirmation/memory_100mb/trial_2/metrics.csv,paint,memory 100 MiB,,,,,16.624292,0.402959,,,,com.apple.keylayout.ABC,variable (CGDisplayMode reports 0),false,,,,22,0,0
confirmation/memory_100mb/trial_2/metrics.csv,paint,memory 100 MiB,,,,,16.683917,0.412125,,,,com.apple.keylayout.ABC,variable (CGDisplayMode reports 0),false,,,,22,0,0
confirmation/memory_100mb/trial_2/metrics.csv,paint,memory 100 MiB,,,,,16.606375,0.394292,,,,com.apple.keylayout.ABC,variable (CGDisplayMode reports 0),false,,,,22,0,0
confirmation/memory_100mb/trial_2/metrics.csv,paint,memory 100 MiB,,,,,25.226583,0.472292,,,,com.apple.keylayout.ABC,variable (CGDisplayMode reports 0),false,,,,22,0,0
confirmation/memory_100mb/trial_2/metrics.csv,paint,memory 100 MiB,,,,,8.163208,0.415000,,,,com.apple.keylayout.ABC,variable (CGDisplayMode reports 0),false,,,,22,0,0
confirmation/memory_100mb/trial_2/metrics.csv,paint,memory 100 MiB,,,,,16.928334,0.607958,,,,com.apple.keylayout.ABC,variable (CGDisplayMode reports 0),false,,,,22,0,0
confirmation/memory_100mb/trial_2/metrics.csv,paint,memory 100 MiB,,,,,41.644291,0.516042,,,,com.apple.keylayout.ABC,variable (CGDisplayMode reports 0),false,,,,22,0,0
confirmation/memory_100mb/trial_2/metrics.csv,paint,memory 100 MiB,,,,,33.989625,0.460250,,,,com.apple.keylayout.ABC,variable (CGDisplayMode reports 0),false,,,,22,0,0
confirmation/memory_100mb/trial_2/metrics.csv,paint,memory 100 MiB,,,,,32.630167,0.473542,,,,com.apple.keylayout.ABC,variable (CGDisplayMode reports 0),false,,,,22,0,0
confirmation/memory_100mb/trial_2/metrics.csv,paint,memory 100 MiB,,,,,65.739375,0.478750,,,,com.apple.keylayout.ABC,variable (CGDisplayMode reports 0),false,,,,22,0,0
confirmation/memory_100mb/trial_2/metrics.csv,paint,memory 100 MiB,,,,,92.698000,0.529375,,,,com.apple.keylayout.ABC,variable (CGDisplayMode reports 0),false,,,,22,0,0
confirmation/memory_100mb/trial_2/metrics.csv,paint,memory 100 MiB,,,,,8.171208,0.475250,,,,com.apple.keylayout.ABC,variable (CGDisplayMode reports 0),false,,,,22,0,0
confirmation/memory_100mb/trial_2/metrics.csv,paint,memory 100 MiB,,,,,7.240709,0.408209,,,,com.apple.keylayout.ABC,variable (CGDisplayMode reports 0),false,,,,22,0,0
confirmation/memory_100mb/trial_2/metrics.csv,paint,memory 100 MiB,,,,,9.548833,0.473791,,,,com.apple.keylayout.ABC,variable (CGDisplayMode reports 0),false,,,,22,0,0
confirmation/memory_100mb/trial_2/metrics.csv,paint,memory 100 MiB,,,,,8.067875,0.422083,,,,com.apple.keylayout.ABC,variable (CGDisplayMode reports 0),false,,,,22,0,0
confirmation/memory_100mb/trial_2/metrics.csv,paint,memory 100 MiB,,,,,8.246917,0.378125,,,,com.apple.keylayout.ABC,variable (CGDisplayMode reports 0),false,,,,21,0,0
confirmation/memory_100mb/trial_2/metrics.csv,paint,memory 100 MiB,,,,,8.254708,0.346250,,,,com.apple.keylayout.ABC,variable (CGDisplayMode reports 0),false,,,,21,0,0
confirmation/memory_100mb/trial_2/metrics.csv,paint,memory 100 MiB,,,,,8.313667,0.343209,,,,com.apple.keylayout.ABC,variable (CGDisplayMode reports 0),false,,,,22,0,0
confirmation/memory_100mb/trial_2/metrics.csv,paint,memory 100 MiB,,,,,8.496000,0.392250,,,,com.apple.keylayout.ABC,variable (CGDisplayMode reports 0),false,,,,22,0,0
confirmation/memory_100mb/trial_2/metrics.csv,paint,memory 100 MiB,,,,,8.184583,0.357584,,,,com.apple.keylayout.ABC,variable (CGDisplayMode reports 0),false,,,,22,0,0
confirmation/memory_100mb/trial_2/metrics.csv,paint,memory 100 MiB,,,,,8.303708,0.339209,,,,com.apple.keylayout.ABC,variable (CGDisplayMode reports 0),false,,,,22,0,0
confirmation/memory_100mb/trial_2/metrics.csv,paint,memory 100 MiB,,,,,8.342917,0.336833,,,,com.apple.keylayout.ABC,variable (CGDisplayMode reports 0),false,,,,21,0,0
confirmation/memory_100mb/trial_2/metrics.csv,paint,memory 100 MiB,,,,,8.483333,0.385459,,,,com.apple.keylayout.ABC,variable (CGDisplayMode reports 0),false,,,,22,0,0
confirmation/memory_100mb/trial_2/metrics.csv,paint,memory 100 MiB,,,,,8.246125,0.358917,,,,com.apple.keylayout.ABC,variable (CGDisplayMode reports 0),false,,,,22,0,0
confirmation/memory_100mb/trial_2/metrics.csv,paint,memory 100 MiB,,,,,8.406709,0.381833,,,,com.apple.keylayout.ABC,variable (CGDisplayMode reports 0),false,,,,21,0,0
confirmation/memory_100mb/trial_2/metrics.csv,paint,memory 100 MiB,,,,,8.322875,0.372625,,,,com.apple.keylayout.ABC,variable (CGDisplayMode reports 0),false,,,,21,0,0
confirmation/memory_100mb/trial_2/metrics.csv,paint,memory 100 MiB,,,,,8.313000,0.371542,,,,com.apple.keylayout.ABC,variable (CGDisplayMode reports 0),false,,,,22,0,0
confirmation/memory_100mb/trial_2/metrics.csv,paint,memory 100 MiB,,,,,9.396833,1.091750,,,,com.apple.keylayout.ABC,variable (CGDisplayMode reports 0),false,,,,22,0,0
confirmation/memory_100mb/trial_2/metrics.csv,paint,memory 100 MiB,,,,,7.710750,0.357542,,,,com.apple.keylayout.ABC,variable (CGDisplayMode reports 0),false,,,,21,0,0
confirmation/memory_100mb/trial_2/metrics.csv,paint,memory 100 MiB,,,,,7.885083,0.373750,,,,com.apple.keylayout.ABC,variable (CGDisplayMode reports 0),false,,,,19,0,0
confirmation/memory_100mb/trial_2/metrics.csv,paint,memory 100 MiB,,,,,8.210709,0.316916,,,,com.apple.keylayout.ABC,variable (CGDisplayMode reports 0),false,,,,18,0,0
confirmation/memory_100mb/trial_2/metrics.csv,paint,memory 100 MiB,,,,,8.198875,0.273875,,,,com.apple.keylayout.ABC,variable (CGDisplayMode reports 0),false,,,,17,0,0
confirmation/memory_100mb/trial_2/metrics.csv,paint,memory 100 MiB,,,,,7.531708,0.305458,,,,com.apple.keylayout.ABC,variable (CGDisplayMode reports 0),false,,,,17,0,0
confirmation/memory_100mb/trial_2/metrics.csv,paint,memory 100 MiB,,,,,8.319417,0.303375,,,,com.apple.keylayout.ABC,variable (CGDisplayMode reports 0),false,,,,17,0,0
confirmation/memory_100mb/trial_2/metrics.csv,paint,memory 100 MiB,,,,,8.331958,0.298500,,,,com.apple.keylayout.ABC,variable (CGDisplayMode reports 0),false,,,,17,0,0
confirmation/memory_100mb/trial_2/metrics.csv,paint,memory 100 MiB,,,,,9.309208,0.300166,,,,com.apple.keylayout.ABC,variable (CGDisplayMode reports 0),false,,,,17,0,0
confirmation/memory_100mb/trial_2/metrics.csv,paint,memory 100 MiB,,,,,7.347375,0.295458,,,,com.apple.keylayout.ABC,variable (CGDisplayMode reports 0),false,,,,17,0,0
confirmation/memory_100mb/trial_2/metrics.csv,paint,memory 100 MiB,,,,,9.348875,0.301917,,,,com.apple.keylayout.ABC,variable (CGDisplayMode reports 0),false,,,,17,0,0
confirmation/memory_100mb/trial_2/metrics.csv,paint,memory 100 MiB,,,,,8.297042,0.338458,,,,com.apple.keylayout.ABC,variable (CGDisplayMode reports 0),false,,,,17,0,0
confirmation/memory_100mb/trial_2/metrics.csv,paint,memory 100 MiB,,,,,8.267458,0.298625,,,,com.apple.keylayout.ABC,variable (CGDisplayMode reports 0),false,,,,17,0,0
confirmation/memory_100mb/trial_2/metrics.csv,paint,memory 100 MiB,,,,,8.345917,0.295084,,,,com.apple.keylayout.ABC,variable (CGDisplayMode reports 0),false,,,,17,0,0
confirmation/memory_100mb/trial_2/metrics.csv,paint,memory 100 MiB,,,,,7.395500,0.291792,,,,com.apple.keylayout.ABC,variable (CGDisplayMode reports 0),false,,,,17,0,0
confirmation/memory_100mb/trial_2/metrics.csv,paint,memory 100 MiB,,,,,9.316333,0.295208,,,,com.apple.keylayout.ABC,variable (CGDisplayMode reports 0),false,,,,17,0,0
confirmation/memory_100mb/trial_2/metrics.csv,paint,memory 100 MiB,,,,,8.244500,0.292125,,,,com.apple.keylayout.ABC,variable (CGDisplayMode reports 0),false,,,,17,0,0
confirmation/memory_100mb/trial_2/metrics.csv,paint,memory 100 MiB,,,,,8.370417,0.290292,,,,com.apple.keylayout.ABC,variable (CGDisplayMode reports 0),false,,,,17,0,0
confirmation/memory_100mb/trial_2/metrics.csv,paint,memory 100 MiB,,,,,9.191458,0.557750,,,,com.apple.keylayout.ABC,variable (CGDisplayMode reports 0),false,,,,17,0,0
confirmation/memory_100mb/trial_2/metrics.csv,paint,memory 100 MiB,,,,,7.778042,0.443209,,,,com.apple.keylayout.ABC,variable (CGDisplayMode reports 0),false,,,,17,0,0
confirmation/memory_100mb/trial_2/metrics.csv,paint,memory 100 MiB,,,,,8.093958,0.321500,,,,com.apple.keylayout.ABC,variable (CGDisplayMode reports 0),false,,,,17,0,0
confirmation/memory_100mb/trial_2/metrics.csv,paint,memory 100 MiB,,,,,8.338959,0.328792,,,,com.apple.keylayout.ABC,variable (CGDisplayMode reports 0),false,,,,17,0,0
confirmation/memory_100mb/trial_2/metrics.csv,paint,memory 100 MiB,,,,,8.327166,0.309208,,,,com.apple.keylayout.ABC,variable (CGDisplayMode reports 0),false,,,,17,0,0
confirmation/memory_100mb/trial_2/metrics.csv,paint,memory 100 MiB,,,,,8.309917,0.310166,,,,com.apple.keylayout.ABC,variable (CGDisplayMode reports 0),false,,,,17,0,0
confirmation/memory_100mb/trial_2/metrics.csv,paint,memory 100 MiB,,,,,8.794583,0.331833,,,,com.apple.keylayout.ABC,variable (CGDisplayMode reports 0),false,,,,17,0,0
confirmation/memory_100mb/trial_2/metrics.csv,paint,memory 100 MiB,,,,,7.924792,0.329250,,,,com.apple.keylayout.ABC,variable (CGDisplayMode reports 0),false,,,,17,0,0
confirmation/memory_100mb/trial_2/metrics.csv,paint,memory 100 MiB,,,,,8.290042,0.322583,,,,com.apple.keylayout.ABC,variable (CGDisplayMode reports 0),false,,,,17,0,0
confirmation/memory_100mb/trial_2/metrics.csv,paint,memory 100 MiB,,,,,8.273500,0.309000,,,,com.apple.keylayout.ABC,variable (CGDisplayMode reports 0),false,,,,17,0,0
confirmation/memory_100mb/trial_2/metrics.csv,paint,memory 100 MiB,,,,,8.431208,0.318291,,,,com.apple.keylayout.ABC,variable (CGDisplayMode reports 0),false,,,,17,0,0
confirmation/memory_100mb/trial_2/metrics.csv,paint,memory 100 MiB,,,,,8.106958,0.252667,,,,com.apple.keylayout.ABC,variable (CGDisplayMode reports 0),false,,,,17,0,0
confirmation/memory_100mb/trial_2/metrics.csv,paint,memory 100 MiB,,,,,8.437334,0.281709,,,,com.apple.keylayout.ABC,variable (CGDisplayMode reports 0),false,,,,17,0,0
confirmation/memory_100mb/trial_2/metrics.csv,paint,memory 100 MiB,,,,,8.375250,0.305791,,,,com.apple.keylayout.ABC,variable (CGDisplayMode reports 0),false,,,,17,0,0
confirmation/memory_100mb/trial_2/metrics.csv,paint,memory 100 MiB,,,,,8.361333,0.301625,,,,com.apple.keylayout.ABC,variable (CGDisplayMode reports 0),false,,,,17,0,0
confirmation/memory_100mb/trial_2/metrics.csv,paint,memory 100 MiB,,,,,8.962125,0.450166,,,,com.apple.keylayout.ABC,variable (CGDisplayMode reports 0),false,,,,17,0,0
confirmation/memory_100mb/trial_2/metrics.csv,paint,memory 100 MiB,,,,,7.989458,0.442208,,,,com.apple.keylayout.ABC,variable (CGDisplayMode reports 0),false,,,,17,0,0
confirmation/memory_100mb/trial_2/metrics.csv,paint,memory 100 MiB,,,,,7.281459,0.320625,,,,com.apple.keylayout.ABC,variable (CGDisplayMode reports 0),false,,,,17,0,0
confirmation/memory_100mb/trial_2/metrics.csv,paint,memory 100 MiB,,,,,9.089166,0.305375,,,,com.apple.keylayout.ABC,variable (CGDisplayMode reports 0),false,,,,17,0,0
confirmation/memory_100mb/trial_2/metrics.csv,paint,memory 100 MiB,,,,,7.396959,0.308625,,,,com.apple.keylayout.ABC,variable (CGDisplayMode reports 0),false,,,,17,0,0
confirmation/memory_100mb/trial_2/metrics.csv,paint,memory 100 MiB,,,,,9.565625,0.376500,,,,com.apple.keylayout.ABC,variable (CGDisplayMode reports 0),false,,,,17,0,0
confirmation/memory_100mb/trial_2/metrics.csv,paint,memory 100 MiB,,,,,8.111708,0.326292,,,,com.apple.keylayout.ABC,variable (CGDisplayMode reports 0),false,,,,17,0,0
confirmation/memory_100mb/trial_2/metrics.csv,paint,memory 100 MiB,,,,,8.267625,0.304542,,,,com.apple.keylayout.ABC,variable (CGDisplayMode reports 0),false,,,,17,0,0
confirmation/memory_100mb/trial_2/metrics.csv,paint,memory 100 MiB,,,,,8.345417,0.306084,,,,com.apple.keylayout.ABC,variable (CGDisplayMode reports 0),false,,,,17,0,0
confirmation/memory_100mb/trial_2/metrics.csv,paint,memory 100 MiB,,,,,8.486500,0.383750,,,,com.apple.keylayout.ABC,variable (CGDisplayMode reports 0),false,,,,17,0,0
confirmation/memory_100mb/trial_2/metrics.csv,paint,memory 100 MiB,,,,,8.081791,0.292125,,,,com.apple.keylayout.ABC,variable (CGDisplayMode reports 0),false,,,,17,0,0
confirmation/memory_100mb/trial_2/metrics.csv,paint,memory 100 MiB,,,,,8.328917,0.278167,,,,com.apple.keylayout.ABC,variable (CGDisplayMode reports 0),false,,,,17,0,0
confirmation/memory_100mb/trial_2/metrics.csv,paint,memory 100 MiB,,,,,8.426458,0.306208,,,,com.apple.keylayout.ABC,variable (CGDisplayMode reports 0),false,,,,17,0,0
confirmation/memory_100mb/trial_2/metrics.csv,paint,memory 100 MiB,,,,,8.320125,0.298208,,,,com.apple.keylayout.ABC,variable (CGDisplayMode reports 0),false,,,,17,0,0
confirmation/memory_100mb/trial_2/metrics.csv,paint,memory 100 MiB,,,,,8.535250,0.298333,,,,com.apple.keylayout.ABC,variable (CGDisplayMode reports 0),false,,,,17,0,0
confirmation/memory_100mb/trial_2/metrics.csv,paint,memory 100 MiB,,,,,8.123334,0.294750,,,,com.apple.keylayout.ABC,variable (CGDisplayMode reports 0),false,,,,17,0,0
confirmation/memory_100mb/trial_2/metrics.csv,paint,memory 100 MiB,,,,,8.351583,0.302333,,,,com.apple.keylayout.ABC,variable (CGDisplayMode reports 0),false,,,,17,0,0
confirmation/memory_100mb/trial_2/metrics.csv,paint,memory 100 MiB,,,,,8.388542,0.321458,,,,com.apple.keylayout.ABC,variable (CGDisplayMode reports 0),false,,,,17,0,0
confirmation/memory_100mb/trial_2/metrics.csv,paint,memory 100 MiB,,,,,8.293083,0.317917,,,,com.apple.keylayout.ABC,variable (CGDisplayMode reports 0),false,,,,17,0,0
confirmation/memory_100mb/trial_2/metrics.csv,paint,memory 100 MiB,,,,,8.396708,0.352959,,,,com.apple.keylayout.ABC,variable (CGDisplayMode reports 0),false,,,,17,0,0
confirmation/memory_100mb/trial_2/metrics.csv,paint,memory 100 MiB,,,,,8.042250,0.258792,,,,com.apple.keylayout.ABC,variable (CGDisplayMode reports 0),false,,,,17,0,0
confirmation/memory_100mb/trial_2/metrics.csv,paint,memory 100 MiB,,,,,8.350875,0.259916,,,,com.apple.keylayout.ABC,variable (CGDisplayMode reports 0),false,,,,17,0,0
confirmation/memory_100mb/trial_2/metrics.csv,paint,memory 100 MiB,,,,,8.207042,0.221375,,,,com.apple.keylayout.ABC,variable (CGDisplayMode reports 0),false,,,,17,0,0
confirmation/memory_100mb/trial_2/metrics.csv,paint,memory 100 MiB,,,,,8.366000,0.233667,,,,com.apple.keylayout.ABC,variable (CGDisplayMode reports 0),false,,,,17,0,0
confirmation/memory_100mb/trial_2/metrics.csv,paint,memory 100 MiB,,,,,8.577667,0.440875,,,,com.apple.keylayout.ABC,variable (CGDisplayMode reports 0),false,,,,17,0,0
confirmation/memory_100mb/trial_2/metrics.csv,paint,memory 100 MiB,,,,,8.098833,0.244250,,,,com.apple.keylayout.ABC,variable (CGDisplayMode reports 0),false,,,,17,0,0
confirmation/memory_100mb/trial_2/metrics.csv,paint,memory 100 MiB,,,,,8.338667,0.236250,,,,com.apple.keylayout.ABC,variable (CGDisplayMode reports 0),false,,,,17,0,0
confirmation/memory_100mb/trial_2/metrics.csv,paint,memory 100 MiB,,,,,8.385958,0.255000,,,,com.apple.keylayout.ABC,variable (CGDisplayMode reports 0),false,,,,17,0,0
confirmation/memory_100mb/trial_2/metrics.csv,paint,memory 100 MiB,,,,,7.742625,0.385209,,,,com.apple.keylayout.ABC,variable (CGDisplayMode reports 0),false,,,,17,0,0
confirmation/memory_100mb/trial_2/metrics.csv,paint,memory 100 MiB,,,,,9.477708,0.387333,,,,com.apple.keylayout.ABC,variable (CGDisplayMode reports 0),false,,,,17,0,0
confirmation/memory_100mb/trial_2/metrics.csv,paint,memory 100 MiB,,,,,8.111667,0.356958,,,,com.apple.keylayout.ABC,variable (CGDisplayMode reports 0),false,,,,17,0,0
confirmation/memory_100mb/trial_2/metrics.csv,paint,memory 100 MiB,,,,,7.370583,0.330708,,,,com.apple.keylayout.ABC,variable (CGDisplayMode reports 0),false,,,,17,0,0
confirmation/memory_100mb/trial_2/metrics.csv,paint,memory 100 MiB,,,,,9.393000,0.367708,,,,com.apple.keylayout.ABC,variable (CGDisplayMode reports 0),false,,,,17,0,0
confirmation/memory_100mb/trial_2/metrics.csv,paint,memory 100 MiB,,,,,7.185417,0.311208,,,,com.apple.keylayout.ABC,variable (CGDisplayMode reports 0),false,,,,17,0,0
confirmation/memory_100mb/trial_2/metrics.csv,paint,memory 100 MiB,,,,,9.417250,0.344958,,,,com.apple.keylayout.ABC,variable (CGDisplayMode reports 0),false,,,,17,0,0
confirmation/memory_100mb/trial_2/metrics.csv,paint,memory 100 MiB,,,,,8.143375,0.295708,,,,com.apple.keylayout.ABC,variable (CGDisplayMode reports 0),false,,,,17,0,0
confirmation/memory_100mb/trial_2/metrics.csv,paint,memory 100 MiB,,,,,8.421250,0.312541,,,,com.apple.keylayout.ABC,variable (CGDisplayMode reports 0),false,,,,17,0,0
confirmation/memory_100mb/trial_2/metrics.csv,paint,memory 100 MiB,,,,,8.321208,0.311958,,,,com.apple.keylayout.ABC,variable (CGDisplayMode reports 0),false,,,,17,0,0
confirmation/memory_100mb/trial_2/metrics.csv,paint,memory 100 MiB,,,,,8.301834,0.302416,,,,com.apple.keylayout.ABC,variable (CGDisplayMode reports 0),false,,,,17,0,0
confirmation/memory_100mb/trial_2/metrics.csv,paint,memory 100 MiB,,,,,8.425083,0.333750,,,,com.apple.keylayout.ABC,variable (CGDisplayMode reports 0),false,,,,17,0,0
confirmation/memory_100mb/trial_2/metrics.csv,paint,memory 100 MiB,,,,,8.221208,0.307917,,,,com.apple.keylayout.ABC,variable (CGDisplayMode reports 0),false,,,,17,0,0
confirmation/memory_100mb/trial_2/metrics.csv,paint,memory 100 MiB,,,,,8.295875,0.284750,,,,com.apple.keylayout.ABC,variable (CGDisplayMode reports 0),false,,,,17,0,0
confirmation/memory_100mb/trial_2/metrics.csv,paint,memory 100 MiB,,,,,8.283542,0.275083,,,,com.apple.keylayout.ABC,variable (CGDisplayMode reports 0),false,,,,17,0,0
confirmation/memory_100mb/trial_2/metrics.csv,paint,memory 100 MiB,,,,,8.419042,0.300500,,,,com.apple.keylayout.ABC,variable (CGDisplayMode reports 0),false,,,,17,0,0
confirmation/memory_100mb/trial_2/metrics.csv,paint,memory 100 MiB,,,,,8.338791,0.299166,,,,com.apple.keylayout.ABC,variable (CGDisplayMode reports 0),false,,,,17,0,0
confirmation/memory_100mb/trial_2/metrics.csv,paint,memory 100 MiB,,,,,8.820125,0.280375,,,,com.apple.keylayout.ABC,variable (CGDisplayMode reports 0),false,,,,17,0,0
confirmation/memory_100mb/trial_2/metrics.csv,paint,memory 100 MiB,,,,,7.376000,0.304083,,,,com.apple.keylayout.ABC,variable (CGDisplayMode reports 0),false,,,,17,0,0
confirmation/memory_100mb/trial_2/metrics.csv,paint,memory 100 MiB,,,,,8.233125,0.312792,,,,com.apple.keylayout.ABC,variable (CGDisplayMode reports 0),false,,,,17,0,0
confirmation/memory_100mb/trial_2/metrics.csv,paint,memory 100 MiB,,,,,8.291084,0.298542,,,,com.apple.keylayout.ABC,variable (CGDisplayMode reports 0),false,,,,17,0,0
confirmation/memory_100mb/trial_2/metrics.csv,paint,memory 100 MiB,,,,,9.198833,0.358833,,,,com.apple.keylayout.ABC,variable (CGDisplayMode reports 0),false,,,,17,0,0
confirmation/memory_100mb/trial_2/metrics.csv,paint,memory 100 MiB,,,,,8.099375,0.304042,,,,com.apple.keylayout.ABC,variable (CGDisplayMode reports 0),false,,,,17,0,0
confirmation/memory_100mb/trial_2/metrics.csv,paint,memory 100 MiB,,,,,8.292417,0.287250,,,,com.apple.keylayout.ABC,variable (CGDisplayMode reports 0),false,,,,17,0,0
confirmation/memory_100mb/trial_2/metrics.csv,paint,memory 100 MiB,,,,,8.349000,0.293000,,,,com.apple.keylayout.ABC,variable (CGDisplayMode reports 0),false,,,,17,0,0
confirmation/memory_100mb/trial_2/metrics.csv,paint,memory 100 MiB,,,,,9.153166,0.535958,,,,com.apple.keylayout.ABC,variable (CGDisplayMode reports 0),false,,,,17,0,0
confirmation/memory_100mb/trial_2/metrics.csv,paint,memory 100 MiB,,,,,7.583209,0.329875,,,,com.apple.keylayout.ABC,variable (CGDisplayMode reports 0),false,,,,17,0,0
confirmation/memory_100mb/trial_2/metrics.csv,paint,memory 100 MiB,,,,,8.367291,0.333791,,,,com.apple.keylayout.ABC,variable (CGDisplayMode reports 0),false,,,,17,0,0
confirmation/memory_100mb/trial_2/metrics.csv,paint,memory 100 MiB,,,,,8.229292,0.302083,,,,com.apple.keylayout.ABC,variable (CGDisplayMode reports 0),false,,,,17,0,0
confirmation/memory_100mb/trial_2/metrics.csv,paint,memory 100 MiB,,,,,8.601167,0.399833,,,,com.apple.keylayout.ABC,variable (CGDisplayMode reports 0),false,,,,17,0,0
confirmation/memory_100mb/trial_2/metrics.csv,paint,memory 100 MiB,,,,,8.040875,0.294167,,,,com.apple.keylayout.ABC,variable (CGDisplayMode reports 0),false,,,,17,0,0
confirmation/memory_100mb/trial_2/metrics.csv,paint,memory 100 MiB,,,,,8.303875,0.284333,,,,com.apple.keylayout.ABC,variable (CGDisplayMode reports 0),false,,,,17,0,0
confirmation/memory_100mb/trial_2/metrics.csv,paint,memory 100 MiB,,,,,8.399916,0.302625,,,,com.apple.keylayout.ABC,variable (CGDisplayMode reports 0),false,,,,17,0,0
confirmation/memory_100mb/trial_2/metrics.csv,paint,memory 100 MiB,,,,,8.194084,0.259041,,,,com.apple.keylayout.ABC,variable (CGDisplayMode reports 0),false,,,,17,0,0
confirmation/memory_100mb/trial_2/metrics.csv,paint,memory 100 MiB,,,,,8.358375,0.255792,,,,com.apple.keylayout.ABC,variable (CGDisplayMode reports 0),false,,,,17,0,0
confirmation/memory_100mb/trial_2/metrics.csv,paint,memory 100 MiB,,,,,8.086333,0.310333,,,,com.apple.keylayout.ABC,variable (CGDisplayMode reports 0),false,,,,17,0,0
confirmation/memory_100mb/trial_2/metrics.csv,paint,memory 100 MiB,,,,,8.851583,0.343083,,,,com.apple.keylayout.ABC,variable (CGDisplayMode reports 0),false,,,,17,0,0
confirmation/memory_100mb/trial_2/metrics.csv,paint,memory 100 MiB,,,,,7.308917,0.319833,,,,com.apple.keylayout.ABC,variable (CGDisplayMode reports 0),false,,,,17,0,0
confirmation/memory_100mb/trial_2/metrics.csv,paint,memory 100 MiB,,,,,9.452000,0.358209,,,,com.apple.keylayout.ABC,variable (CGDisplayMode reports 0),false,,,,17,0,0
confirmation/memory_100mb/trial_2/metrics.csv,paint,memory 100 MiB,,,,,8.289625,0.393250,,,,com.apple.keylayout.ABC,variable (CGDisplayMode reports 0),false,,,,17,0,0
confirmation/memory_100mb/trial_2/metrics.csv,paint,memory 100 MiB,,,,,8.903792,0.411208,,,,com.apple.keylayout.ABC,variable (CGDisplayMode reports 0),false,,,,17,0,0
confirmation/memory_100mb/trial_2/metrics.csv,paint,memory 100 MiB,,,,,7.806583,0.353583,,,,com.apple.keylayout.ABC,variable (CGDisplayMode reports 0),false,,,,17,0,0
confirmation/memory_100mb/trial_2/metrics.csv,paint,memory 100 MiB,,,,,8.247375,0.353750,,,,com.apple.keylayout.ABC,variable (CGDisplayMode reports 0),false,,,,17,0,0
confirmation/memory_100mb/trial_2/metrics.csv,paint,memory 100 MiB,,,,,7.745875,0.368250,,,,com.apple.keylayout.ABC,variable (CGDisplayMode reports 0),false,,,,17,0,0
confirmation/memory_100mb/trial_2/metrics.csv,paint,memory 100 MiB,,,,,9.016083,0.362041,,,,com.apple.keylayout.ABC,variable (CGDisplayMode reports 0),false,,,,17,0,0
confirmation/memory_100mb/trial_2/metrics.csv,paint,memory 100 MiB,,,,,16.603375,0.346250,,,,com.apple.keylayout.ABC,variable (CGDisplayMode reports 0),false,,,,17,0,0
confirmation/memory_100mb/trial_2/metrics.csv,paint,memory 100 MiB,,,,,16.577084,0.326542,,,,com.apple.keylayout.ABC,variable (CGDisplayMode reports 0),false,,,,17,0,0
confirmation/memory_100mb/trial_2/metrics.csv,paint,memory 100 MiB,,,,,16.662666,0.334500,,,,com.apple.keylayout.ABC,variable (CGDisplayMode reports 0),false,,,,17,0,0
confirmation/memory_100mb/trial_2/metrics.csv,paint,memory 100 MiB,,,,,16.490750,0.306791,,,,com.apple.keylayout.ABC,variable (CGDisplayMode reports 0),false,,,,17,0,0
confirmation/memory_100mb/trial_2/metrics.csv,paint,memory 100 MiB,,,,,16.690709,0.298542,,,,com.apple.keylayout.ABC,variable (CGDisplayMode reports 0),false,,,,17,0,0
confirmation/memory_100mb/trial_2/metrics.csv,paint,memory 100 MiB,,,,,16.782875,0.324250,,,,com.apple.keylayout.ABC,variable (CGDisplayMode reports 0),false,,,,17,0,0
confirmation/memory_100mb/trial_2/metrics.csv,paint,memory 100 MiB,,,,,16.674500,0.334375,,,,com.apple.keylayout.ABC,variable (CGDisplayMode reports 0),false,,,,17,0,0
confirmation/memory_100mb/trial_2/metrics.csv,paint,memory 100 MiB,,,,,16.560041,0.308500,,,,com.apple.keylayout.ABC,variable (CGDisplayMode reports 0),false,,,,17,0,0
confirmation/memory_100mb/trial_2/metrics.csv,paint,memory 100 MiB,,,,,15.715792,0.287250,,,,com.apple.keylayout.ABC,variable (CGDisplayMode reports 0),false,,,,17,0,0
confirmation/memory_100mb/trial_2/metrics.csv,paint,memory 100 MiB,,,,,17.691167,0.324584,,,,com.apple.keylayout.ABC,variable (CGDisplayMode reports 0),false,,,,17,0,0
confirmation/memory_100mb/trial_2/metrics.csv,paint,memory 100 MiB,,,,,33.506541,0.388583,,,,com.apple.keylayout.ABC,variable (CGDisplayMode reports 0),false,,,,17,0,0
confirmation/memory_100mb/trial_2/metrics.csv,paint,memory 100 MiB,,,,,34.205500,0.628042,,,,com.apple.keylayout.ABC,variable (CGDisplayMode reports 0),false,,,,17,0,0
confirmation/memory_100mb/trial_2/metrics.csv,paint,memory 100 MiB,,,,,24.095834,0.382333,,,,com.apple.keylayout.ABC,variable (CGDisplayMode reports 0),false,,,,17,0,0
confirmation/memory_100mb/trial_2/metrics.csv,paint,memory 100 MiB,,,,,33.362750,0.382125,,,,com.apple.keylayout.ABC,variable (CGDisplayMode reports 0),false,,,,17,0,0
confirmation/memory_100mb/trial_2/metrics.csv,paint,memory 100 MiB,,,,,8.189750,0.339375,,,,com.apple.keylayout.ABC,variable (CGDisplayMode reports 0),false,,,,17,0,0
confirmation/memory_100mb/trial_2/metrics.csv,paint,memory 100 MiB,,,,,7.447166,0.323917,,,,com.apple.keylayout.ABC,variable (CGDisplayMode reports 0),false,,,,17,0,0
confirmation/memory_100mb/trial_2/metrics.csv,paint,memory 100 MiB,,,,,9.536917,0.421667,,,,com.apple.keylayout.ABC,variable (CGDisplayMode reports 0),false,,,,17,0,0
confirmation/memory_100mb/trial_2/metrics.csv,paint,memory 100 MiB,,,,,8.117375,0.366083,,,,com.apple.keylayout.ABC,variable (CGDisplayMode reports 0),false,,,,17,0,0
confirmation/memory_100mb/trial_2/metrics.csv,paint,memory 100 MiB,,,,,8.253583,0.333708,,,,com.apple.keylayout.ABC,variable (CGDisplayMode reports 0),false,,,,17,0,0
confirmation/memory_100mb/trial_2/metrics.csv,paint,memory 100 MiB,,,,,8.286625,0.326875,,,,com.apple.keylayout.ABC,variable (CGDisplayMode reports 0),false,,,,17,0,0
confirmation/memory_100mb/trial_2/metrics.csv,paint,memory 100 MiB,,,,,8.321792,0.309000,,,,com.apple.keylayout.ABC,variable (CGDisplayMode reports 0),false,,,,17,0,0
confirmation/memory_100mb/trial_2/metrics.csv,paint,memory 100 MiB,,,,,8.322333,0.315708,,,,com.apple.keylayout.ABC,variable (CGDisplayMode reports 0),false,,,,17,0,0
confirmation/memory_100mb/trial_2/metrics.csv,paint,memory 100 MiB,,,,,7.393375,0.303417,,,,com.apple.keylayout.ABC,variable (CGDisplayMode reports 0),false,,,,17,0,0
confirmation/memory_100mb/trial_2/metrics.csv,paint,memory 100 MiB,,,,,9.350500,0.317792,,,,com.apple.keylayout.ABC,variable (CGDisplayMode reports 0),false,,,,17,0,0
confirmation/memory_100mb/trial_2/metrics.csv,paint,memory 100 MiB,,,,,8.351792,0.354250,,,,com.apple.keylayout.ABC,variable (CGDisplayMode reports 0),false,,,,17,0,0
confirmation/memory_100mb/trial_2/metrics.csv,paint,memory 100 MiB,,,,,8.292958,0.338875,,,,com.apple.keylayout.ABC,variable (CGDisplayMode reports 0),false,,,,17,0,0
confirmation/memory_100mb/trial_2/metrics.csv,paint,memory 100 MiB,,,,,8.301125,0.313292,,,,com.apple.keylayout.ABC,variable (CGDisplayMode reports 0),false,,,,17,0,0
confirmation/memory_100mb/trial_2/metrics.csv,paint,memory 100 MiB,,,,,7.449375,0.321834,,,,com.apple.keylayout.ABC,variable (CGDisplayMode reports 0),false,,,,18,0,0
confirmation/memory_100mb/trial_2/metrics.csv,paint,memory 100 MiB,,,,,9.421209,0.369458,,,,com.apple.keylayout.ABC,variable (CGDisplayMode reports 0),false,,,,18,0,0
confirmation/memory_100mb/trial_2/metrics.csv,paint,memory 100 MiB,,,,,8.214541,0.351791,,,,com.apple.keylayout.ABC,variable (CGDisplayMode reports 0),false,,,,18,0,0
confirmation/memory_100mb/trial_2/metrics.csv,paint,memory 100 MiB,,,,,8.293542,0.332666,,,,com.apple.keylayout.ABC,variable (CGDisplayMode reports 0),false,,,,18,0,0
confirmation/memory_100mb/trial_2/metrics.csv,paint,memory 100 MiB,,,,,8.311958,0.329500,,,,com.apple.keylayout.ABC,variable (CGDisplayMode reports 0),false,,,,18,0,0
confirmation/memory_100mb/trial_2/metrics.csv,paint,memory 100 MiB,,,,,8.474125,0.382167,,,,com.apple.keylayout.ABC,variable (CGDisplayMode reports 0),false,,,,19,0,0
confirmation/memory_100mb/trial_2/metrics.csv,paint,memory 100 MiB,,,,,8.247125,0.358291,,,,com.apple.keylayout.ABC,variable (CGDisplayMode reports 0),false,,,,19,0,0
confirmation/memory_100mb/trial_2/metrics.csv,paint,memory 100 MiB,,,,,542.033334,0.493458,,,,com.apple.keylayout.ABC,variable (CGDisplayMode reports 0),false,,,,19,0,0
confirmation/memory_100mb/trial_2/metrics.csv,paint,memory 100 MiB,,,,,42.367625,0.737625,,,,com.apple.keylayout.ABC,variable (CGDisplayMode reports 0),false,,,,19,0,0
confirmation/memory_100mb/trial_2/metrics.csv,paint,memory 100 MiB,,,,,7.459458,0.420250,,,,com.apple.keylayout.ABC,variable (CGDisplayMode reports 0),false,,,,19,0,0
confirmation/memory_100mb/trial_2/metrics.csv,paint,memory 100 MiB,,,,,8.186875,0.378833,,,,com.apple.keylayout.ABC,variable (CGDisplayMode reports 0),false,,,,19,0,0
confirmation/memory_100mb/trial_2/metrics.csv,paint,memory 100 MiB,,,,,8.544208,0.475708,,,,com.apple.keylayout.ABC,variable (CGDisplayMode reports 0),false,,,,19,0,0
confirmation/memory_100mb/trial_2/metrics.csv,paint,memory 100 MiB,,,,,8.083709,0.363667,,,,com.apple.keylayout.ABC,variable (CGDisplayMode reports 0),false,,,,19,0,0
confirmation/memory_100mb/trial_2/metrics.csv,paint,memory 100 MiB,,,,,8.207541,0.315958,,,,com.apple.keylayout.ABC,variable (CGDisplayMode reports 0),false,,,,19,0,0
confirmation/memory_100mb/trial_2/metrics.csv,paint,memory 100 MiB,,,,,8.434959,0.340458,,,,com.apple.keylayout.ABC,variable (CGDisplayMode reports 0),false,,,,18,0,0
confirmation/memory_100mb/trial_2/metrics.csv,paint,memory 100 MiB,,,,,8.328291,0.337333,,,,com.apple.keylayout.ABC,variable (CGDisplayMode reports 0),false,,,,18,0,0
confirmation/memory_100mb/trial_2/metrics.csv,paint,memory 100 MiB,,,,,8.301750,0.327125,,,,com.apple.keylayout.ABC,variable (CGDisplayMode reports 0),false,,,,18,0,0
confirmation/memory_100mb/trial_2/metrics.csv,paint,memory 100 MiB,,,,,8.306792,0.316167,,,,com.apple.keylayout.ABC,variable (CGDisplayMode reports 0),false,,,,18,0,0
confirmation/memory_100mb/trial_2/metrics.csv,paint,memory 100 MiB,,,,,8.405167,0.357542,,,,com.apple.keylayout.ABC,variable (CGDisplayMode reports 0),false,,,,18,0,0
confirmation/memory_100mb/trial_2/metrics.csv,paint,memory 100 MiB,,,,,8.286208,0.339000,,,,com.apple.keylayout.ABC,variable (CGDisplayMode reports 0),false,,,,18,0,0
confirmation/memory_100mb/trial_2/metrics.csv,paint,memory 100 MiB,,,,,8.198750,0.291500,,,,com.apple.keylayout.ABC,variable (CGDisplayMode reports 0),false,,,,17,0,0
confirmation/memory_100mb/trial_2/metrics.csv,paint,memory 100 MiB,,,,,8.480542,0.317208,,,,com.apple.keylayout.ABC,variable (CGDisplayMode reports 0),false,,,,17,0,0
confirmation/memory_100mb/trial_2/metrics.csv,paint,memory 100 MiB,,,,,8.286125,0.313375,,,,com.apple.keylayout.ABC,variable (CGDisplayMode reports 0),false,,,,17,0,0
confirmation/memory_100mb/trial_2/metrics.csv,paint,memory 100 MiB,,,,,8.328125,0.305833,,,,com.apple.keylayout.ABC,variable (CGDisplayMode reports 0),false,,,,17,0,0
confirmation/memory_100mb/trial_2/metrics.csv,paint,memory 100 MiB,,,,,7.586708,0.370459,,,,com.apple.keylayout.ABC,variable (CGDisplayMode reports 0),false,,,,17,0,0
confirmation/memory_100mb/trial_2/metrics.csv,paint,memory 100 MiB,,,,,9.932292,0.569792,,,,com.apple.keylayout.ABC,variable (CGDisplayMode reports 0),false,,,,17,0,0
confirmation/memory_100mb/trial_2/metrics.csv,paint,memory 100 MiB,,,,,7.665833,0.384250,,,,com.apple.keylayout.ABC,variable (CGDisplayMode reports 0),false,,,,17,0,0
confirmation/memory_100mb/trial_2/metrics.csv,paint,memory 100 MiB,,,,,8.108000,0.328916,,,,com.apple.keylayout.ABC,variable (CGDisplayMode reports 0),false,,,,17,0,0
confirmation/memory_100mb/trial_2/metrics.csv,paint,memory 100 MiB,,,,,7.573542,0.350875,,,,com.apple.keylayout.ABC,variable (CGDisplayMode reports 0),false,,,,17,0,0
confirmation/memory_100mb/trial_2/metrics.csv,paint,memory 100 MiB,,,,,9.128208,0.298125,,,,com.apple.keylayout.ABC,variable (CGDisplayMode reports 0),false,,,,17,0,0
confirmation/memory_100mb/trial_2/metrics.csv,paint,memory 100 MiB,,,,,8.324125,0.318625,,,,com.apple.keylayout.ABC,variable (CGDisplayMode reports 0),false,,,,17,0,0
confirmation/memory_100mb/trial_2/metrics.csv,paint,memory 100 MiB,,,,,8.480208,0.364125,,,,com.apple.keylayout.ABC,variable (CGDisplayMode reports 0),false,,,,17,0,0
confirmation/memory_100mb/trial_2/metrics.csv,paint,memory 100 MiB,,,,,8.143125,0.310750,,,,com.apple.keylayout.ABC,variable (CGDisplayMode reports 0),false,,,,17,0,0
confirmation/memory_100mb/trial_2/metrics.csv,paint,memory 100 MiB,,,,,9.157125,0.468083,,,,com.apple.keylayout.ABC,variable (CGDisplayMode reports 0),false,,,,17,0,0
confirmation/memory_100mb/trial_2/metrics.csv,paint,memory 100 MiB,,,,,7.695792,0.332791,,,,com.apple.keylayout.ABC,variable (CGDisplayMode reports 0),false,,,,17,0,0
confirmation/memory_100mb/trial_2/metrics.csv,paint,memory 100 MiB,,,,,8.155167,0.299625,,,,com.apple.keylayout.ABC,variable (CGDisplayMode reports 0),false,,,,17,0,0
confirmation/memory_100mb/trial_2/metrics.csv,paint,memory 100 MiB,,,,,8.280875,0.284166,,,,com.apple.keylayout.ABC,variable (CGDisplayMode reports 0),false,,,,17,0,0
confirmation/memory_100mb/trial_2/metrics.csv,paint,memory 100 MiB,,,,,8.374916,0.303625,,,,com.apple.keylayout.ABC,variable (CGDisplayMode reports 0),false,,,,17,0,0
confirmation/memory_100mb/trial_2/metrics.csv,paint,memory 100 MiB,,,,,8.536875,0.363917,,,,com.apple.keylayout.ABC,variable (CGDisplayMode reports 0),false,,,,17,0,0
confirmation/memory_100mb/trial_2/metrics.csv,paint,memory 100 MiB,,,,,8.191459,0.306875,,,,com.apple.keylayout.ABC,variable (CGDisplayMode reports 0),false,,,,17,0,0
confirmation/memory_100mb/trial_2/metrics.csv,paint,memory 100 MiB,,,,,8.344916,0.320333,,,,com.apple.keylayout.ABC,variable (CGDisplayMode reports 0),false,,,,17,0,0
confirmation/memory_100mb/trial_2/metrics.csv,paint,memory 100 MiB,,,,,8.215167,0.293125,,,,com.apple.keylayout.ABC,variable (CGDisplayMode reports 0),false,,,,17,0,0
confirmation/memory_100mb/trial_2/metrics.csv,paint,memory 100 MiB,,,,,8.387625,0.327583,,,,com.apple.keylayout.ABC,variable (CGDisplayMode reports 0),false,,,,17,0,0
confirmation/memory_100mb/trial_2/metrics.csv,paint,memory 100 MiB,,,,,8.157958,0.251500,,,,com.apple.keylayout.ABC,variable (CGDisplayMode reports 0),false,,,,17,0,0
confirmation/memory_100mb/trial_2/metrics.csv,paint,memory 100 MiB,,,,,8.338584,0.256667,,,,com.apple.keylayout.ABC,variable (CGDisplayMode reports 0),false,,,,17,0,0
confirmation/memory_100mb/trial_2/metrics.csv,paint,memory 100 MiB,,,,,7.468083,0.264666,,,,com.apple.keylayout.ABC,variable (CGDisplayMode reports 0),false,,,,17,0,0
confirmation/memory_100mb/trial_2/metrics.csv,paint,memory 100 MiB,,,,,9.269458,0.247458,,,,com.apple.keylayout.ABC,variable (CGDisplayMode reports 0),false,,,,17,0,0
confirmation/memory_100mb/trial_2/metrics.csv,paint,memory 100 MiB,,,,,8.320459,0.264250,,,,com.apple.keylayout.ABC,variable (CGDisplayMode reports 0),false,,,,17,0,0
confirmation/memory_100mb/trial_2/metrics.csv,paint,memory 100 MiB,,,,,7.459666,0.272500,,,,com.apple.keylayout.ABC,variable (CGDisplayMode reports 0),false,,,,17,0,0
confirmation/memory_100mb/trial_2/metrics.csv,paint,memory 100 MiB,,,,,9.177459,0.253416,,,,com.apple.keylayout.ABC,variable (CGDisplayMode reports 0),false,,,,17,0,0
confirmation/memory_100mb/trial_2/metrics.csv,paint,memory 100 MiB,,,,,8.370083,0.279292,,,,com.apple.keylayout.ABC,variable (CGDisplayMode reports 0),false,,,,17,0,0
confirmation/memory_100mb/trial_2/metrics.csv,paint,memory 100 MiB,,,,,8.252500,0.244500,,,,com.apple.keylayout.ABC,variable (CGDisplayMode reports 0),false,,,,17,0,0
confirmation/memory_100mb/trial_2/metrics.csv,paint,memory 100 MiB,,,,,8.483125,0.294250,,,,com.apple.keylayout.ABC,variable (CGDisplayMode reports 0),false,,,,17,0,0
confirmation/memory_100mb/trial_2/metrics.csv,paint,memory 100 MiB,,,,,8.247542,0.257833,,,,com.apple.keylayout.ABC,variable (CGDisplayMode reports 0),false,,,,17,0,0
confirmation/memory_100mb/trial_2/metrics.csv,paint,memory 100 MiB,,,,,8.312791,0.254541,,,,com.apple.keylayout.ABC,variable (CGDisplayMode reports 0),false,,,,17,0,0
confirmation/memory_100mb/trial_2/metrics.csv,paint,memory 100 MiB,,,,,8.546000,0.316625,,,,com.apple.keylayout.ABC,variable (CGDisplayMode reports 0),false,,,,17,0,0
confirmation/memory_100mb/trial_2/metrics.csv,paint,memory 100 MiB,,,,,8.142000,0.264250,,,,com.apple.keylayout.ABC,variable (CGDisplayMode reports 0),false,,,,17,0,0
confirmation/memory_100mb/trial_2/metrics.csv,paint,memory 100 MiB,,,,,8.769209,0.426042,,,,com.apple.keylayout.ABC,variable (CGDisplayMode reports 0),false,,,,17,0,0
confirmation/memory_100mb/trial_2/metrics.csv,paint,memory 100 MiB,,,,,8.080291,0.336792,,,,com.apple.keylayout.ABC,variable (CGDisplayMode reports 0),false,,,,17,0,0
confirmation/memory_100mb/trial_2/metrics.csv,paint,memory 100 MiB,,,,,8.379500,0.363666,,,,com.apple.keylayout.ABC,variable (CGDisplayMode reports 0),false,,,,17,0,0
confirmation/memory_100mb/trial_2/metrics.csv,paint,memory 100 MiB,,,,,7.263000,0.325667,,,,com.apple.keylayout.ABC,variable (CGDisplayMode reports 0),false,,,,17,0,0
confirmation/memory_100mb/trial_2/metrics.csv,paint,memory 100 MiB,,,,,8.678167,0.401625,,,,com.apple.keylayout.ABC,variable (CGDisplayMode reports 0),false,,,,17,0,0
confirmation/memory_100mb/trial_2/metrics.csv,paint,memory 100 MiB,,,,,9.090500,0.326208,,,,com.apple.keylayout.ABC,variable (CGDisplayMode reports 0),false,,,,17,0,0
confirmation/memory_100mb/trial_2/metrics.csv,paint,memory 100 MiB,,,,,8.327792,0.343750,,,,com.apple.keylayout.ABC,variable (CGDisplayMode reports 0),false,,,,17,0,0
confirmation/memory_100mb/trial_2/metrics.csv,paint,memory 100 MiB,,,,,8.135041,0.289625,,,,com.apple.keylayout.ABC,variable (CGDisplayMode reports 0),false,,,,17,0,0
confirmation/memory_100mb/trial_2/metrics.csv,paint,memory 100 MiB,,,,,8.287709,0.276958,,,,com.apple.keylayout.ABC,variable (CGDisplayMode reports 0),false,,,,17,0,0
confirmation/memory_100mb/trial_2/metrics.csv,paint,memory 100 MiB,,,,,8.361166,0.278334,,,,com.apple.keylayout.ABC,variable (CGDisplayMode reports 0),false,,,,17,0,0
confirmation/memory_100mb/trial_2/metrics.csv,paint,memory 100 MiB,,,,,8.304125,0.262708,,,,com.apple.keylayout.ABC,variable (CGDisplayMode reports 0),false,,,,17,0,0
confirmation/memory_100mb/trial_2/metrics.csv,paint,memory 100 MiB,,,,,8.318834,0.263375,,,,com.apple.keylayout.ABC,variable (CGDisplayMode reports 0),false,,,,17,0,0
confirmation/memory_100mb/trial_2/metrics.csv,paint,memory 100 MiB,,,,,8.452833,0.299167,,,,com.apple.keylayout.ABC,variable (CGDisplayMode reports 0),false,,,,17,0,0
confirmation/memory_100mb/trial_2/metrics.csv,paint,memory 100 MiB,,,,,8.324125,0.292583,,,,com.apple.keylayout.ABC,variable (CGDisplayMode reports 0),false,,,,17,0,0
confirmation/memory_100mb/trial_2/metrics.csv,paint,memory 100 MiB,,,,,8.515583,0.342708,,,,com.apple.keylayout.ABC,variable (CGDisplayMode reports 0),false,,,,17,0,0
confirmation/memory_100mb/trial_2/metrics.csv,paint,memory 100 MiB,,,,,8.071959,0.282792,,,,com.apple.keylayout.ABC,variable (CGDisplayMode reports 0),false,,,,17,0,0
confirmation/memory_100mb/trial_2/metrics.csv,paint,memory 100 MiB,,,,,8.308375,0.265125,,,,com.apple.keylayout.ABC,variable (CGDisplayMode reports 0),false,,,,17,0,0
confirmation/memory_100mb/trial_2/metrics.csv,paint,memory 100 MiB,,,,,7.420916,0.260666,,,,com.apple.keylayout.ABC,variable (CGDisplayMode reports 0),false,,,,17,0,0
confirmation/memory_100mb/trial_2/metrics.csv,paint,memory 100 MiB,,,,,9.295625,0.255041,,,,com.apple.keylayout.ABC,variable (CGDisplayMode reports 0),false,,,,17,0,0
confirmation/memory_100mb/trial_2/metrics.csv,paint,memory 100 MiB,,,,,8.362250,0.285875,,,,com.apple.keylayout.ABC,variable (CGDisplayMode reports 0),false,,,,17,0,0
confirmation/memory_100mb/trial_2/metrics.csv,paint,memory 100 MiB,,,,,8.358042,0.293625,,,,com.apple.keylayout.ABC,variable (CGDisplayMode reports 0),false,,,,17,0,0
confirmation/memory_100mb/trial_2/metrics.csv,paint,memory 100 MiB,,,,,9.173042,0.544709,,,,com.apple.keylayout.ABC,variable (CGDisplayMode reports 0),false,,,,17,0,0
confirmation/memory_100mb/trial_2/metrics.csv,memory_idle_30s,memory 100 MiB,,,,,,,,,1449951232,com.apple.keylayout.ABC,variable (CGDisplayMode reports 0),false,,,,,,
confirmation/memory_100mb/trial_2/metrics.csv,paint,memory 100 MiB,,,,,7.992708,0.411542,,,,com.apple.keylayout.ABC,variable (CGDisplayMode reports 0),false,,,,17,0,0
confirmation/memory_10mb/trial_1/metrics.csv,memory_load,memory 10 MiB,,,,,,,,,95469568,com.apple.keylayout.ABC,variable (CGDisplayMode reports 0),false,,,,,,
confirmation/memory_10mb/trial_1/metrics.csv,ready,memory 10 MiB,,,,,,,265.706333,112.648125,110231552,com.apple.keylayout.ABC,variable (CGDisplayMode reports 0),false,,,,,,
confirmation/memory_10mb/trial_1/metrics.csv,paint,memory 10 MiB,,,,,,8.096167,,,,com.apple.keylayout.ABC,variable (CGDisplayMode reports 0),false,,,,0,18,18
confirmation/memory_10mb/trial_1/metrics.csv,paint,memory 10 MiB,,,,,21.964000,0.219250,,,,com.apple.keylayout.ABC,variable (CGDisplayMode reports 0),false,,,,16,0,0
confirmation/memory_10mb/trial_1/metrics.csv,paint,memory 10 MiB,,,,,133.679041,0.269208,,,,com.apple.keylayout.ABC,variable (CGDisplayMode reports 0),false,,,,16,0,0
confirmation/memory_10mb/trial_1/metrics.csv,paint,memory 10 MiB,,,,,209.125167,1.061792,,,,com.apple.keylayout.ABC,variable (CGDisplayMode reports 0),false,,,,0,18,18
confirmation/memory_10mb/trial_1/metrics.csv,memory_idle_30s,memory 10 MiB,,,,,,,,,296878080,com.apple.keylayout.ABC,variable (CGDisplayMode reports 0),false,,,,,,
confirmation/memory_10mb/trial_2/metrics.csv,memory_load,memory 10 MiB,,,,,,,,,95076352,com.apple.keylayout.ABC,variable (CGDisplayMode reports 0),false,,,,,,
confirmation/memory_10mb/trial_2/metrics.csv,ready,memory 10 MiB,,,,,,,224.420875,92.658167,109559808,com.apple.keylayout.ABC,variable (CGDisplayMode reports 0),false,,,,,,
confirmation/memory_10mb/trial_2/metrics.csv,paint,memory 10 MiB,,,,,,6.471917,,,,com.apple.keylayout.ABC,variable (CGDisplayMode reports 0),false,,,,0,18,18
confirmation/memory_10mb/trial_2/metrics.csv,paint,memory 10 MiB,,,,,15.497208,0.183334,,,,com.apple.keylayout.ABC,variable (CGDisplayMode reports 0),false,,,,16,0,0
confirmation/memory_10mb/trial_2/metrics.csv,paint,memory 10 MiB,,,,,84.320667,0.178000,,,,com.apple.keylayout.ABC,variable (CGDisplayMode reports 0),false,,,,16,0,0
confirmation/memory_10mb/trial_2/metrics.csv,paint,memory 10 MiB,,,,,6.603208,0.163334,,,,com.apple.keylayout.ABC,variable (CGDisplayMode reports 0),false,,,,16,0,0
confirmation/memory_10mb/trial_2/metrics.csv,paint,memory 10 MiB,,,,,176.012375,0.943375,,,,com.apple.keylayout.ABC,variable (CGDisplayMode reports 0),false,,,,0,18,18
confirmation/memory_10mb/trial_2/metrics.csv,memory_idle_30s,memory 10 MiB,,,,,,,,,370130944,com.apple.keylayout.ABC,variable (CGDisplayMode reports 0),false,,,,,,
confirmation/memory_1mb/trial_1/metrics.csv,memory_load,memory 1 MiB,,,,,,,,,70402048,com.apple.keylayout.ABC,variable (CGDisplayMode reports 0),false,,,,,,
confirmation/memory_1mb/trial_1/metrics.csv,ready,memory 1 MiB,,,,,,,200.097625,69.769083,83050496,com.apple.keylayout.ABC,variable (CGDisplayMode reports 0),false,,,,,,
confirmation/memory_1mb/trial_1/metrics.csv,paint,memory 1 MiB,,,,,,5.808542,,,,com.apple.keylayout.ABC,variable (CGDisplayMode reports 0),false,,,,0,18,18
confirmation/memory_1mb/trial_1/metrics.csv,paint,memory 1 MiB,,,,,29.437208,0.209792,,,,com.apple.keylayout.ABC,variable (CGDisplayMode reports 0),false,,,,16,0,0
confirmation/memory_1mb/trial_1/metrics.csv,paint,memory 1 MiB,,,,,849.398959,2.114292,,,,com.apple.keylayout.ABC,variable (CGDisplayMode reports 0),false,,,,0,18,18
confirmation/memory_1mb/trial_1/metrics.csv,paint,memory 1 MiB,,,,,2576.586750,0.299875,,,,com.apple.keylayout.ABC,variable (CGDisplayMode reports 0),false,,,,16,0,0
confirmation/memory_1mb/trial_1/metrics.csv,memory_idle_30s,memory 1 MiB,,,,,,,,,122175488,com.apple.keylayout.ABC,variable (CGDisplayMode reports 0),false,,,,,,
confirmation/memory_1mb/trial_2/metrics.csv,memory_load,memory 1 MiB,,,,,,,,,70156288,com.apple.keylayout.ABC,variable (CGDisplayMode reports 0),false,,,,,,
confirmation/memory_1mb/trial_2/metrics.csv,ready,memory 1 MiB,,,,,,,202.867541,68.083875,82903040,com.apple.keylayout.ABC,variable (CGDisplayMode reports 0),false,,,,,,
confirmation/memory_1mb/trial_2/metrics.csv,paint,memory 1 MiB,,,,,,6.015917,,,,com.apple.keylayout.ABC,variable (CGDisplayMode reports 0),false,,,,0,18,18
confirmation/memory_1mb/trial_2/metrics.csv,paint,memory 1 MiB,,,,,23.628458,0.182667,,,,com.apple.keylayout.ABC,variable (CGDisplayMode reports 0),false,,,,16,0,0
confirmation/memory_1mb/trial_2/metrics.csv,paint,memory 1 MiB,,,,,145.894125,0.222709,,,,com.apple.keylayout.ABC,variable (CGDisplayMode reports 0),false,,,,16,0,0
confirmation/memory_1mb/trial_2/metrics.csv,paint,memory 1 MiB,,,,,26.855042,1.335333,,,,com.apple.keylayout.ABC,variable (CGDisplayMode reports 0),false,,,,0,18,18
confirmation/memory_1mb/trial_2/metrics.csv,memory_idle_30s,memory 1 MiB,,,,,,,,,121503744,com.apple.keylayout.ABC,variable (CGDisplayMode reports 0),false,,,,,,
confirmation/memory_empty/trial_1/metrics.csv,memory_load,memory empty editor,,,,,,,,,,com.apple.keylayout.ABC,variable (CGDisplayMode reports 0),false,,,,,,
confirmation/memory_empty/trial_1/metrics.csv,ready,memory empty editor,,,,,,,184.324875,0.000000,70959104,com.apple.keylayout.ABC,variable (CGDisplayMode reports 0),false,,,,,,
confirmation/memory_empty/trial_1/metrics.csv,paint,memory empty editor,,,,,,0.125792,,,,com.apple.keylayout.ABC,variable (CGDisplayMode reports 0),false,,,,0,1,1
confirmation/memory_empty/trial_1/metrics.csv,paint,memory empty editor,,,,,14.207125,0.053541,,,,com.apple.keylayout.ABC,variable (CGDisplayMode reports 0),false,,,,0,1,1
confirmation/memory_empty/trial_1/metrics.csv,paint,memory empty editor,,,,,53.469750,0.068208,,,,com.apple.keylayout.ABC,variable (CGDisplayMode reports 0),false,,,,0,1,1
confirmation/memory_empty/trial_1/metrics.csv,paint,memory empty editor,,,,,30.614875,0.054916,,,,com.apple.keylayout.ABC,variable (CGDisplayMode reports 0),false,,,,0,1,1
confirmation/memory_empty/trial_1/metrics.csv,paint,memory empty editor,,,,,1698.596500,5.829084,,,,com.apple.keylayout.ABC,variable (CGDisplayMode reports 0),false,,,,0,11,11
confirmation/memory_empty/trial_1/metrics.csv,paint,memory empty editor,,,,,3.845166,0.227334,,,,com.apple.keylayout.ABC,variable (CGDisplayMode reports 0),false,,,,8,1,1
confirmation/memory_empty/trial_1/metrics.csv,paint,memory empty editor,,,,,51.896000,3.384625,,,,com.apple.keylayout.ABC,variable (CGDisplayMode reports 0),false,,,,0,11,11
confirmation/memory_empty/trial_1/metrics.csv,memory_idle_30s,memory empty editor,,,,,,,,,97796096,com.apple.keylayout.ABC,variable (CGDisplayMode reports 0),false,,,,,,
confirmation/memory_empty/trial_2/metrics.csv,memory_load,memory empty editor,,,,,,,,,,com.apple.keylayout.ABC,variable (CGDisplayMode reports 0),false,,,,,,
confirmation/memory_empty/trial_2/metrics.csv,ready,memory empty editor,,,,,,,185.370625,0.000000,70844416,com.apple.keylayout.ABC,variable (CGDisplayMode reports 0),false,,,,,,
confirmation/memory_empty/trial_2/metrics.csv,paint,memory empty editor,,,,,,0.130833,,,,com.apple.keylayout.ABC,variable (CGDisplayMode reports 0),false,,,,0,1,1
confirmation/memory_empty/trial_2/metrics.csv,paint,memory empty editor,,,,,12.060291,0.050792,,,,com.apple.keylayout.ABC,variable (CGDisplayMode reports 0),false,,,,0,1,1
confirmation/memory_empty/trial_2/metrics.csv,paint,memory empty editor,,,,,55.342750,0.056667,,,,com.apple.keylayout.ABC,variable (CGDisplayMode reports 0),false,,,,0,1,1
confirmation/memory_empty/trial_2/metrics.csv,paint,memory empty editor,,,,,8.409834,0.050916,,,,com.apple.keylayout.ABC,variable (CGDisplayMode reports 0),false,,,,0,1,1
confirmation/memory_empty/trial_2/metrics.csv,paint,memory empty editor,,,,,317.221208,4.785500,,,,com.apple.keylayout.ABC,variable (CGDisplayMode reports 0),false,,,,0,11,11
confirmation/memory_empty/trial_2/metrics.csv,paint,memory empty editor,,,,,3.739958,0.235417,,,,com.apple.keylayout.ABC,variable (CGDisplayMode reports 0),false,,,,8,1,1
confirmation/memory_empty/trial_2/metrics.csv,paint,memory empty editor,,,,,32.792209,2.789625,,,,com.apple.keylayout.ABC,variable (CGDisplayMode reports 0),false,,,,0,11,11
confirmation/memory_empty/trial_2/metrics.csv,memory_idle_30s,memory empty editor,,,,,,,,,96993280,com.apple.keylayout.ABC,variable (CGDisplayMode reports 0),false,,,,,,
confirmation/memory_folder_10k/trial_1/metrics.csv,memory_load,memory 10k work folder,,,,,,,,,,com.apple.keylayout.ABC,variable (CGDisplayMode reports 0),false,,,,,,
confirmation/memory_folder_10k/trial_1/metrics.csv,ready,memory 10k work folder,,,,,,,182.353667,0.000000,70729728,com.apple.keylayout.ABC,variable (CGDisplayMode reports 0),false,,,,,,
confirmation/memory_folder_10k/trial_1/metrics.csv,paint,memory 10k work folder,,,,,,0.114625,,,,com.apple.keylayout.ABC,variable (CGDisplayMode reports 0),false,,,,0,1,1
confirmation/memory_folder_10k/trial_1/metrics.csv,paint,memory 10k work folder,,,,,11.592500,0.050625,,,,com.apple.keylayout.ABC,variable (CGDisplayMode reports 0),false,,,,0,1,1
confirmation/memory_folder_10k/trial_1/metrics.csv,paint,memory 10k work folder,,,,,60.009750,0.061084,,,,com.apple.keylayout.ABC,variable (CGDisplayMode reports 0),false,,,,0,1,1
confirmation/memory_folder_10k/trial_1/metrics.csv,paint,memory 10k work folder,,,,,362.270500,17.774459,,,,com.apple.keylayout.ABC,variable (CGDisplayMode reports 0),false,,,,0,1,1
confirmation/memory_folder_10k/trial_1/metrics.csv,paint,memory 10k work folder,,,,,138.853417,14.622209,,,,com.apple.keylayout.ABC,variable (CGDisplayMode reports 0),false,,,,0,2,2
confirmation/memory_folder_10k/trial_1/metrics.csv,paint,memory 10k work folder,,,,,108.968833,13.265917,,,,com.apple.keylayout.ABC,variable (CGDisplayMode reports 0),false,,,,2,0,0
confirmation/memory_folder_10k/trial_1/metrics.csv,paint,memory 10k work folder,,,,,106.798792,11.376750,,,,com.apple.keylayout.ABC,variable (CGDisplayMode reports 0),false,,,,0,2,2
confirmation/memory_folder_10k/trial_1/metrics.csv,memory_work_folder_idle,memory 10k work folder,,,,,,,,,418693120,com.apple.keylayout.ABC,variable (CGDisplayMode reports 0),false,,,,,,
confirmation/memory_folder_10k/trial_2/metrics.csv,memory_load,memory 10k work folder,,,,,,,,,,com.apple.keylayout.ABC,variable (CGDisplayMode reports 0),false,,,,,,
confirmation/memory_folder_10k/trial_2/metrics.csv,ready,memory 10k work folder,,,,,,,184.399500,0.000000,70664192,com.apple.keylayout.ABC,variable (CGDisplayMode reports 0),false,,,,,,
confirmation/memory_folder_10k/trial_2/metrics.csv,paint,memory 10k work folder,,,,,,0.128125,,,,com.apple.keylayout.ABC,variable (CGDisplayMode reports 0),false,,,,0,1,1
confirmation/memory_folder_10k/trial_2/metrics.csv,paint,memory 10k work folder,,,,,11.660958,0.053416,,,,com.apple.keylayout.ABC,variable (CGDisplayMode reports 0),false,,,,0,1,1
confirmation/memory_folder_10k/trial_2/metrics.csv,paint,memory 10k work folder,,,,,437.612292,17.826042,,,,com.apple.keylayout.ABC,variable (CGDisplayMode reports 0),false,,,,0,1,1
confirmation/memory_folder_10k/trial_2/metrics.csv,paint,memory 10k work folder,,,,,115.203000,13.217375,,,,com.apple.keylayout.ABC,variable (CGDisplayMode reports 0),false,,,,0,1,1
confirmation/memory_folder_10k/trial_2/metrics.csv,paint,memory 10k work folder,,,,,123.982583,15.614208,,,,com.apple.keylayout.ABC,variable (CGDisplayMode reports 0),false,,,,0,2,2
confirmation/memory_folder_10k/trial_2/metrics.csv,paint,memory 10k work folder,,,,,107.025792,11.877167,,,,com.apple.keylayout.ABC,variable (CGDisplayMode reports 0),false,,,,2,0,0
confirmation/memory_folder_10k/trial_2/metrics.csv,paint,memory 10k work folder,,,,,108.501500,12.509584,,,,com.apple.keylayout.ABC,variable (CGDisplayMode reports 0),false,,,,0,2,2
confirmation/memory_folder_10k/trial_2/metrics.csv,paint,memory 10k work folder,,,,,8862.036125,26.482500,,,,com.apple.keylayout.ABC,variable (CGDisplayMode reports 0),false,,,,2,0,0
confirmation/memory_folder_10k/trial_2/metrics.csv,paint,memory 10k work folder,,,,,1384.397416,17.851917,,,,com.apple.keylayout.ABC,variable (CGDisplayMode reports 0),false,,,,2,0,0
confirmation/memory_folder_10k/trial_2/metrics.csv,paint,memory 10k work folder,,,,,5728.336167,14.096500,,,,com.apple.keylayout.ABC,variable (CGDisplayMode reports 0),false,,,,2,0,0
confirmation/memory_folder_10k/trial_2/metrics.csv,memory_work_folder_idle,memory 10k work folder,,,,,,,,,477822976,com.apple.keylayout.ABC,variable (CGDisplayMode reports 0),false,,,,,,
confirmation/memory_folder_1k/trial_1/metrics.csv,memory_load,memory 1k work folder,,,,,,,,,,com.apple.keylayout.ABC,variable (CGDisplayMode reports 0),false,,,,,,
confirmation/memory_folder_1k/trial_1/metrics.csv,ready,memory 1k work folder,,,,,,,223.048292,0.000000,70762496,com.apple.keylayout.ABC,variable (CGDisplayMode reports 0),false,,,,,,
confirmation/memory_folder_1k/trial_1/metrics.csv,paint,memory 1k work folder,,,,,,0.129750,,,,com.apple.keylayout.ABC,variable (CGDisplayMode reports 0),false,,,,0,1,1
confirmation/memory_folder_1k/trial_1/metrics.csv,paint,memory 1k work folder,,,,,16.570792,0.082125,,,,com.apple.keylayout.ABC,variable (CGDisplayMode reports 0),false,,,,0,1,1
confirmation/memory_folder_1k/trial_1/metrics.csv,paint,memory 1k work folder,,,,,181.269583,3.241459,,,,com.apple.keylayout.ABC,variable (CGDisplayMode reports 0),false,,,,0,2,2
confirmation/memory_folder_1k/trial_1/metrics.csv,paint,memory 1k work folder,,,,,17.239167,1.706792,,,,com.apple.keylayout.ABC,variable (CGDisplayMode reports 0),false,,,,2,0,0
confirmation/memory_folder_1k/trial_1/metrics.csv,paint,memory 1k work folder,,,,,12.358292,1.814500,,,,com.apple.keylayout.ABC,variable (CGDisplayMode reports 0),false,,,,0,2,2
confirmation/memory_folder_1k/trial_1/metrics.csv,memory_work_folder_idle,memory 1k work folder,,,,,,,,,123568128,com.apple.keylayout.ABC,variable (CGDisplayMode reports 0),false,,,,,,
confirmation/memory_folder_1k/trial_2/metrics.csv,memory_load,memory 1k work folder,,,,,,,,,,com.apple.keylayout.ABC,variable (CGDisplayMode reports 0),false,,,,,,
confirmation/memory_folder_1k/trial_2/metrics.csv,ready,memory 1k work folder,,,,,,,188.983916,0.000000,70696960,com.apple.keylayout.ABC,variable (CGDisplayMode reports 0),false,,,,,,
confirmation/memory_folder_1k/trial_2/metrics.csv,paint,memory 1k work folder,,,,,,0.117458,,,,com.apple.keylayout.ABC,variable (CGDisplayMode reports 0),false,,,,0,1,1
confirmation/memory_folder_1k/trial_2/metrics.csv,paint,memory 1k work folder,,,,,11.676375,0.060875,,,,com.apple.keylayout.ABC,variable (CGDisplayMode reports 0),false,,,,0,1,1
confirmation/memory_folder_1k/trial_2/metrics.csv,paint,memory 1k work folder,,,,,67.869291,0.063792,,,,com.apple.keylayout.ABC,variable (CGDisplayMode reports 0),false,,,,0,1,1
confirmation/memory_folder_1k/trial_2/metrics.csv,paint,memory 1k work folder,,,,,53.019042,1.965042,,,,com.apple.keylayout.ABC,variable (CGDisplayMode reports 0),false,,,,0,1,1
confirmation/memory_folder_1k/trial_2/metrics.csv,paint,memory 1k work folder,,,,,27.992250,2.175792,,,,com.apple.keylayout.ABC,variable (CGDisplayMode reports 0),false,,,,0,2,2
confirmation/memory_folder_1k/trial_2/metrics.csv,paint,memory 1k work folder,,,,,14.558542,1.374459,,,,com.apple.keylayout.ABC,variable (CGDisplayMode reports 0),false,,,,2,0,0
confirmation/memory_folder_1k/trial_2/metrics.csv,paint,memory 1k work folder,,,,,42.627666,1.727083,,,,com.apple.keylayout.ABC,variable (CGDisplayMode reports 0),false,,,,0,2,2
confirmation/memory_folder_1k/trial_2/metrics.csv,memory_work_folder_idle,memory 1k work folder,,,,,,,,,123076608,com.apple.keylayout.ABC,variable (CGDisplayMode reports 0),false,,,,,,
confirmation/memory_folder_empty/trial_1/metrics.csv,memory_load,memory empty work folder,,,,,,,,,,com.apple.keylayout.ABC,variable (CGDisplayMode reports 0),false,,,,,,
confirmation/memory_folder_empty/trial_1/metrics.csv,ready,memory empty work folder,,,,,,,202.601292,0.000000,70565888,com.apple.keylayout.ABC,variable (CGDisplayMode reports 0),false,,,,,,
confirmation/memory_folder_empty/trial_1/metrics.csv,paint,memory empty work folder,,,,,,0.131083,,,,com.apple.keylayout.ABC,variable (CGDisplayMode reports 0),false,,,,0,1,1
confirmation/memory_folder_empty/trial_1/metrics.csv,paint,memory empty work folder,,,,,13.479167,0.075209,,,,com.apple.keylayout.ABC,variable (CGDisplayMode reports 0),false,,,,0,1,1
confirmation/memory_folder_empty/trial_1/metrics.csv,paint,memory empty work folder,,,,,67.413250,0.073250,,,,com.apple.keylayout.ABC,variable (CGDisplayMode reports 0),false,,,,0,1,1
confirmation/memory_folder_empty/trial_1/metrics.csv,paint,memory empty work folder,,,,,5.271875,0.142375,,,,com.apple.keylayout.ABC,variable (CGDisplayMode reports 0),false,,,,0,1,1
confirmation/memory_folder_empty/trial_1/metrics.csv,paint,memory empty work folder,,,,,3.191583,0.084083,,,,com.apple.keylayout.ABC,variable (CGDisplayMode reports 0),false,,,,0,1,1
confirmation/memory_folder_empty/trial_1/metrics.csv,paint,memory empty work folder,,,,,8.269417,0.066792,,,,com.apple.keylayout.ABC,variable (CGDisplayMode reports 0),false,,,,0,1,1
confirmation/memory_folder_empty/trial_1/metrics.csv,paint,memory empty work folder,,,,,24.980000,0.064417,,,,com.apple.keylayout.ABC,variable (CGDisplayMode reports 0),false,,,,0,1,1
confirmation/memory_folder_empty/trial_1/metrics.csv,paint,memory empty work folder,,,,,41.753875,0.066416,,,,com.apple.keylayout.ABC,variable (CGDisplayMode reports 0),false,,,,0,1,1
confirmation/memory_folder_empty/trial_1/metrics.csv,paint,memory empty work folder,,,,,16.571875,0.067834,,,,com.apple.keylayout.ABC,variable (CGDisplayMode reports 0),false,,,,0,1,1
confirmation/memory_folder_empty/trial_1/metrics.csv,paint,memory empty work folder,,,,,40.817208,0.079875,,,,com.apple.keylayout.ABC,variable (CGDisplayMode reports 0),false,,,,0,1,1
confirmation/memory_folder_empty/trial_1/metrics.csv,paint,memory empty work folder,,,,,59.194750,0.067250,,,,com.apple.keylayout.ABC,variable (CGDisplayMode reports 0),false,,,,0,1,1
confirmation/memory_folder_empty/trial_1/metrics.csv,memory_work_folder_idle,memory empty work folder,,,,,,,,,87212032,com.apple.keylayout.ABC,variable (CGDisplayMode reports 0),false,,,,,,
confirmation/memory_folder_empty/trial_2/metrics.csv,memory_load,memory empty work folder,,,,,,,,,,com.apple.keylayout.ABC,variable (CGDisplayMode reports 0),false,,,,,,
confirmation/memory_folder_empty/trial_2/metrics.csv,ready,memory empty work folder,,,,,,,186.560958,0.000000,70713344,com.apple.keylayout.ABC,variable (CGDisplayMode reports 0),false,,,,,,
confirmation/memory_folder_empty/trial_2/metrics.csv,paint,memory empty work folder,,,,,,0.116833,,,,com.apple.keylayout.ABC,variable (CGDisplayMode reports 0),false,,,,0,1,1
confirmation/memory_folder_empty/trial_2/metrics.csv,paint,memory empty work folder,,,,,11.385584,0.061084,,,,com.apple.keylayout.ABC,variable (CGDisplayMode reports 0),false,,,,0,1,1
confirmation/memory_folder_empty/trial_2/metrics.csv,paint,memory empty work folder,,,,,79.682875,0.069041,,,,com.apple.keylayout.ABC,variable (CGDisplayMode reports 0),false,,,,0,1,1
confirmation/memory_folder_empty/trial_2/metrics.csv,paint,memory empty work folder,,,,,1.497708,0.052208,,,,com.apple.keylayout.ABC,variable (CGDisplayMode reports 0),false,,,,0,1,1
confirmation/memory_folder_empty/trial_2/metrics.csv,paint,memory empty work folder,,,,,6.693792,0.063584,,,,com.apple.keylayout.ABC,variable (CGDisplayMode reports 0),false,,,,0,1,1
confirmation/memory_folder_empty/trial_2/metrics.csv,memory_work_folder_idle,memory empty work folder,,,,,,,,,87425024,com.apple.keylayout.ABC,variable (CGDisplayMode reports 0),false,,,,,,
confirmation/memory_large_then_small/trial_1/metrics.csv,memory_load,memory after large then small,,,,,,,,,,com.apple.keylayout.ABC,variable (CGDisplayMode reports 0),false,,,,,,
confirmation/memory_large_then_small/trial_1/metrics.csv,ready,memory after large then small,,,,,,,184.140042,0.000000,70828032,com.apple.keylayout.ABC,variable (CGDisplayMode reports 0),false,,,,,,
confirmation/memory_large_then_small/trial_1/metrics.csv,paint,memory after large then small,,,,,,0.102333,,,,com.apple.keylayout.ABC,variable (CGDisplayMode reports 0),false,,,,0,1,1
confirmation/memory_large_then_small/trial_1/metrics.csv,paint,memory after large then small,,,,,15.160125,0.052458,,,,com.apple.keylayout.ABC,variable (CGDisplayMode reports 0),false,,,,0,1,1
confirmation/memory_large_then_small/trial_1/metrics.csv,paint,memory after large then small,,,,,174.106750,0.154375,,,,com.apple.keylayout.ABC,variable (CGDisplayMode reports 0),false,,,,0,1,1
confirmation/memory_large_then_small/trial_1/metrics.csv,paint,memory after large then small,,,,,302.905834,1.864000,,,,com.apple.keylayout.ABC,variable (CGDisplayMode reports 0),false,,,,0,18,18
confirmation/memory_large_then_small/trial_1/metrics.csv,paint,memory after large then small,,,,,4.685416,0.184542,,,,com.apple.keylayout.ABC,variable (CGDisplayMode reports 0),false,,,,17,0,0
confirmation/memory_large_then_small/trial_1/metrics.csv,paint,memory after large then small,,,,,10.756667,0.741500,,,,com.apple.keylayout.ABC,variable (CGDisplayMode reports 0),false,,,,0,2,2
confirmation/memory_large_then_small/trial_1/metrics.csv,paint,memory after large then small,,,,,1.875667,0.060250,,,,com.apple.keylayout.ABC,variable (CGDisplayMode reports 0),false,,,,2,0,0
confirmation/memory_large_then_small/trial_1/metrics.csv,paint,memory after large then small,,,,,74.124791,0.513375,,,,com.apple.keylayout.ABC,variable (CGDisplayMode reports 0),false,,,,0,2,2
confirmation/memory_large_then_small/trial_1/metrics.csv,memory_after_2_notes,memory after large then small,,,,,,,,,354680832,com.apple.keylayout.ABC,variable (CGDisplayMode reports 0),false,,,,,,
confirmation/memory_longrun/metrics.csv,memory_load,"memory long-running switches, edits, and images",,,,,,,,,,com.apple.keylayout.ABC,variable (CGDisplayMode reports 0),false,,,,,,
confirmation/memory_longrun/metrics.csv,ready,"memory long-running switches, edits, and images",,,,,,,175.582959,0.000000,70844416,com.apple.keylayout.ABC,variable (CGDisplayMode reports 0),false,,,,,,
confirmation/memory_longrun/metrics.csv,paint,"memory long-running switches, edits, and images",,,,,,0.132125,,,,com.apple.keylayout.ABC,variable (CGDisplayMode reports 0),false,,,,0,1,1
confirmation/memory_longrun/metrics.csv,paint,"memory long-running switches, edits, and images",,,,,14.419792,0.051125,,,,com.apple.keylayout.ABC,variable (CGDisplayMode reports 0),false,,,,0,1,1
confirmation/memory_longrun/metrics.csv,paint,"memory long-running switches, edits, and images",,,,,134.534041,0.726500,,,,com.apple.keylayout.ABC,variable (CGDisplayMode reports 0),false,,,,0,2,2
confirmation/memory_longrun/metrics.csv,paint,"memory long-running switches, edits, and images",,,,,7.328792,0.101000,,,,com.apple.keylayout.ABC,variable (CGDisplayMode reports 0),false,,,,2,0,0
confirmation/memory_longrun/metrics.csv,paint,"memory long-running switches, edits, and images",,,,,7.358167,0.180666,,,,com.apple.keylayout.ABC,variable (CGDisplayMode reports 0),false,,,,0,2,2
confirmation/memory_longrun/metrics.csv,paint,"memory long-running switches, edits, and images",,,,,23.932083,0.860042,,,,com.apple.keylayout.ABC,variable (CGDisplayMode reports 0),false,,,,0,2,2
confirmation/memory_longrun/metrics.csv,paint,"memory long-running switches, edits, and images",,,,,2.350750,0.092875,,,,com.apple.keylayout.ABC,variable (CGDisplayMode reports 0),false,,,,2,0,0
confirmation/memory_longrun/metrics.csv,paint,"memory long-running switches, edits, and images",,,,,40.393792,0.110041,,,,com.apple.keylayout.ABC,variable (CGDisplayMode reports 0),false,,,,2,0,0
confirmation/memory_longrun/metrics.csv,paint,"memory long-running switches, edits, and images",,,,,8.974416,0.162458,,,,com.apple.keylayout.ABC,variable (CGDisplayMode reports 0),false,,,,1,1,1
confirmation/memory_longrun/metrics.csv,input,"memory long-running switches, edits, and images",1,command,0.010375,8.568083,,,,,,com.apple.keylayout.ABC,variable (CGDisplayMode reports 0),false,,,,,,
confirmation/memory_longrun/metrics.csv,input,"memory long-running switches, edits, and images",2,command,0.001125,8.553000,,,,,,com.apple.keylayout.ABC,variable (CGDisplayMode reports 0),false,,,,,,
confirmation/memory_longrun/metrics.csv,input,"memory long-running switches, edits, and images",3,command,0.000458,8.551333,,,,,,com.apple.keylayout.ABC,variable (CGDisplayMode reports 0),false,,,,,,
confirmation/memory_longrun/metrics.csv,input,"memory long-running switches, edits, and images",4,command,0.000208,8.550625,,,,,,com.apple.keylayout.ABC,variable (CGDisplayMode reports 0),false,,,,,,
confirmation/memory_longrun/metrics.csv,input,"memory long-running switches, edits, and images",5,command,0.000584,8.550167,,,,,,com.apple.keylayout.ABC,variable (CGDisplayMode reports 0),false,,,,,,
confirmation/memory_longrun/metrics.csv,input,"memory long-running switches, edits, and images",6,command,0.000167,8.549292,,,,,,com.apple.keylayout.ABC,variable (CGDisplayMode reports 0),false,,,,,,
confirmation/memory_longrun/metrics.csv,input,"memory long-running switches, edits, and images",7,command,0.000250,8.548917,,,,,,com.apple.keylayout.ABC,variable (CGDisplayMode reports 0),false,,,,,,
confirmation/memory_longrun/metrics.csv,input,"memory long-running switches, edits, and images",8,command,0.000166,8.548458,,,,,,com.apple.keylayout.ABC,variable (CGDisplayMode reports 0),false,,,,,,
confirmation/memory_longrun/metrics.csv,input,"memory long-running switches, edits, and images",9,command,0.000708,8.548083,,,,,,com.apple.keylayout.ABC,variable (CGDisplayMode reports 0),false,,,,,,
confirmation/memory_longrun/metrics.csv,input,"memory long-running switches, edits, and images",10,command,0.000208,8.547083,,,,,,com.apple.keylayout.ABC,variable (CGDisplayMode reports 0),false,,,,,,
confirmation/memory_longrun/metrics.csv,input,"memory long-running switches, edits, and images",11,command,0.000208,8.546708,,,,,,com.apple.keylayout.ABC,variable (CGDisplayMode reports 0),false,,,,,,
confirmation/memory_longrun/metrics.csv,input,"memory long-running switches, edits, and images",12,command,0.000208,8.546333,,,,,,com.apple.keylayout.ABC,variable (CGDisplayMode reports 0),false,,,,,,
confirmation/memory_longrun/metrics.csv,input,"memory long-running switches, edits, and images",13,command,0.000250,8.545958,,,,,,com.apple.keylayout.ABC,variable (CGDisplayMode reports 0),false,,,,,,
confirmation/memory_longrun/metrics.csv,input,"memory long-running switches, edits, and images",14,command,0.000167,8.545500,,,,,,com.apple.keylayout.ABC,variable (CGDisplayMode reports 0),false,,,,,,
confirmation/memory_longrun/metrics.csv,input,"memory long-running switches, edits, and images",15,command,0.000209,8.545167,,,,,,com.apple.keylayout.ABC,variable (CGDisplayMode reports 0),false,,,,,,
confirmation/memory_longrun/metrics.csv,input,"memory long-running switches, edits, and images",16,command,0.000167,8.544750,,,,,,com.apple.keylayout.ABC,variable (CGDisplayMode reports 0),false,,,,,,
confirmation/memory_longrun/metrics.csv,input,"memory long-running switches, edits, and images",17,command,0.000750,8.544333,,,,,,com.apple.keylayout.ABC,variable (CGDisplayMode reports 0),false,,,,,,
confirmation/memory_longrun/metrics.csv,input,"memory long-running switches, edits, and images",18,command,0.000167,8.543167,,,,,,com.apple.keylayout.ABC,variable (CGDisplayMode reports 0),false,,,,,,
confirmation/memory_longrun/metrics.csv,input,"memory long-running switches, edits, and images",19,command,0.000167,8.542792,,,,,,com.apple.keylayout.ABC,variable (CGDisplayMode reports 0),false,,,,,,
confirmation/memory_longrun/metrics.csv,input,"memory long-running switches, edits, and images",20,command,0.000167,8.542417,,,,,,com.apple.keylayout.ABC,variable (CGDisplayMode reports 0),false,,,,,,
confirmation/memory_longrun/metrics.csv,input,"memory long-running switches, edits, and images",21,command,0.000209,8.542042,,,,,,com.apple.keylayout.ABC,variable (CGDisplayMode reports 0),false,,,,,,
confirmation/memory_longrun/metrics.csv,input,"memory long-running switches, edits, and images",22,command,0.000167,8.541625,,,,,,com.apple.keylayout.ABC,variable (CGDisplayMode reports 0),false,,,,,,
confirmation/memory_longrun/metrics.csv,input,"memory long-running switches, edits, and images",23,command,0.000209,8.541292,,,,,,com.apple.keylayout.ABC,variable (CGDisplayMode reports 0),false,,,,,,
confirmation/memory_longrun/metrics.csv,input,"memory long-running switches, edits, and images",24,command,0.000209,8.540917,,,,,,com.apple.keylayout.ABC,variable (CGDisplayMode reports 0),false,,,,,,
confirmation/memory_longrun/metrics.csv,input,"memory long-running switches, edits, and images",25,command,0.000208,8.540500,,,,,,com.apple.keylayout.ABC,variable (CGDisplayMode reports 0),false,,,,,,
confirmation/memory_longrun/metrics.csv,input,"memory long-running switches, edits, and images",26,command,0.000208,8.540125,,,,,,com.apple.keylayout.ABC,variable (CGDisplayMode reports 0),false,,,,,,
confirmation/memory_longrun/metrics.csv,input,"memory long-running switches, edits, and images",27,command,0.000166,8.539708,,,,,,com.apple.keylayout.ABC,variable (CGDisplayMode reports 0),false,,,,,,
confirmation/memory_longrun/metrics.csv,input,"memory long-running switches, edits, and images",28,command,0.000167,8.539375,,,,,,com.apple.keylayout.ABC,variable (CGDisplayMode reports 0),false,,,,,,
confirmation/memory_longrun/metrics.csv,input,"memory long-running switches, edits, and images",29,command,0.000250,8.539000,,,,,,com.apple.keylayout.ABC,variable (CGDisplayMode reports 0),false,,,,,,
confirmation/memory_longrun/metrics.csv,input,"memory long-running switches, edits, and images",30,command,0.000166,8.538458,,,,,,com.apple.keylayout.ABC,variable (CGDisplayMode reports 0),false,,,,,,
confirmation/memory_longrun/metrics.csv,input,"memory long-running switches, edits, and images",31,command,0.000166,8.537958,,,,,,com.apple.keylayout.ABC,variable (CGDisplayMode reports 0),false,,,,,,
confirmation/memory_longrun/metrics.csv,input,"memory long-running switches, edits, and images",32,command,0.000250,8.534708,,,,,,com.apple.keylayout.ABC,variable (CGDisplayMode reports 0),false,,,,,,
confirmation/memory_longrun/metrics.csv,input,"memory long-running switches, edits, and images",33,command,0.000833,8.534208,,,,,,com.apple.keylayout.ABC,variable (CGDisplayMode reports 0),false,,,,,,
confirmation/memory_longrun/metrics.csv,input,"memory long-running switches, edits, and images",34,command,0.000166,8.533083,,,,,,com.apple.keylayout.ABC,variable (CGDisplayMode reports 0),false,,,,,,
confirmation/memory_longrun/metrics.csv,input,"memory long-running switches, edits, and images",35,command,0.000166,8.532708,,,,,,com.apple.keylayout.ABC,variable (CGDisplayMode reports 0),false,,,,,,
confirmation/memory_longrun/metrics.csv,input,"memory long-running switches, edits, and images",36,command,0.000166,8.532333,,,,,,com.apple.keylayout.ABC,variable (CGDisplayMode reports 0),false,,,,,,
confirmation/memory_longrun/metrics.csv,input,"memory long-running switches, edits, and images",37,command,0.000208,8.531958,,,,,,com.apple.keylayout.ABC,variable (CGDisplayMode reports 0),false,,,,,,
confirmation/memory_longrun/metrics.csv,input,"memory long-running switches, edits, and images",38,command,0.000208,8.531583,,,,,,com.apple.keylayout.ABC,variable (CGDisplayMode reports 0),false,,,,,,
confirmation/memory_longrun/metrics.csv,input,"memory long-running switches, edits, and images",39,command,0.000166,8.531208,,,,,,com.apple.keylayout.ABC,variable (CGDisplayMode reports 0),false,,,,,,
confirmation/memory_longrun/metrics.csv,input,"memory long-running switches, edits, and images",40,command,0.000166,8.530833,,,,,,com.apple.keylayout.ABC,variable (CGDisplayMode reports 0),false,,,,,,
confirmation/memory_longrun/metrics.csv,paint,"memory long-running switches, edits, and images",,,,,41.536084,0.525584,,,,com.apple.keylayout.ABC,variable (CGDisplayMode reports 0),false,,,,0,2,2
confirmation/memory_longrun/metrics.csv,memory_longrun_cycle_1,"memory long-running switches, edits, and images",,,,,,,,,97615872,com.apple.keylayout.ABC,variable (CGDisplayMode reports 0),false,,,,,,
confirmation/memory_longrun/metrics.csv,paint,"memory long-running switches, edits, and images",,,,,986.889208,1.661667,,,,com.apple.keylayout.ABC,variable (CGDisplayMode reports 0),false,,,,0,2,2
confirmation/memory_longrun/metrics.csv,paint,"memory long-running switches, edits, and images",,,,,12.778083,0.218083,,,,com.apple.keylayout.ABC,variable (CGDisplayMode reports 0),false,,,,2,0,0
confirmation/memory_longrun/metrics.csv,paint,"memory long-running switches, edits, and images",,,,,35.302250,1.244708,,,,com.apple.keylayout.ABC,variable (CGDisplayMode reports 0),false,,,,0,2,2
confirmation/memory_longrun/metrics.csv,paint,"memory long-running switches, edits, and images",,,,,6.195584,0.115834,,,,com.apple.keylayout.ABC,variable (CGDisplayMode reports 0),false,,,,2,0,0
confirmation/memory_longrun/metrics.csv,block_index,"memory long-running switches, edits, and images",,,,,,,,,,com.apple.keylayout.ABC,variable (CGDisplayMode reports 0),false,0.020125,1025,0,,,
confirmation/memory_longrun/metrics.csv,block_index,"memory long-running switches, edits, and images",,,,,,,,,,com.apple.keylayout.ABC,variable (CGDisplayMode reports 0),false,0.011875,1024,0,,,
confirmation/memory_longrun/metrics.csv,block_index,"memory long-running switches, edits, and images",,,,,,,,,,com.apple.keylayout.ABC,variable (CGDisplayMode reports 0),false,0.008834,1025,0,,,
confirmation/memory_longrun/metrics.csv,block_index,"memory long-running switches, edits, and images",,,,,,,,,,com.apple.keylayout.ABC,variable (CGDisplayMode reports 0),false,0.008375,1024,0,,,
confirmation/memory_longrun/metrics.csv,block_index,"memory long-running switches, edits, and images",,,,,,,,,,com.apple.keylayout.ABC,variable (CGDisplayMode reports 0),false,0.007583,1025,0,,,
confirmation/memory_longrun/metrics.csv,block_index,"memory long-running switches, edits, and images",,,,,,,,,,com.apple.keylayout.ABC,variable (CGDisplayMode reports 0),false,0.007625,1024,0,,,
confirmation/memory_longrun/metrics.csv,block_index,"memory long-running switches, edits, and images",,,,,,,,,,com.apple.keylayout.ABC,variable (CGDisplayMode reports 0),false,0.007584,1025,0,,,
confirmation/memory_longrun/metrics.csv,block_index,"memory long-running switches, edits, and images",,,,,,,,,,com.apple.keylayout.ABC,variable (CGDisplayMode reports 0),false,0.007417,1024,0,,,
confirmation/memory_longrun/metrics.csv,block_index,"memory long-running switches, edits, and images",,,,,,,,,,com.apple.keylayout.ABC,variable (CGDisplayMode reports 0),false,0.007333,1025,0,,,
confirmation/memory_longrun/metrics.csv,block_index,"memory long-running switches, edits, and images",,,,,,,,,,com.apple.keylayout.ABC,variable (CGDisplayMode reports 0),false,0.007417,1024,0,,,
confirmation/memory_longrun/metrics.csv,block_index,"memory long-running switches, edits, and images",,,,,,,,,,com.apple.keylayout.ABC,variable (CGDisplayMode reports 0),false,0.007375,1025,0,,,
confirmation/memory_longrun/metrics.csv,block_index,"memory long-running switches, edits, and images",,,,,,,,,,com.apple.keylayout.ABC,variable (CGDisplayMode reports 0),false,0.007250,1024,0,,,
confirmation/memory_longrun/metrics.csv,block_index,"memory long-running switches, edits, and images",,,,,,,,,,com.apple.keylayout.ABC,variable (CGDisplayMode reports 0),false,0.007458,1025,0,,,
confirmation/memory_longrun/metrics.csv,block_index,"memory long-running switches, edits, and images",,,,,,,,,,com.apple.keylayout.ABC,variable (CGDisplayMode reports 0),false,0.007541,1024,0,,,
confirmation/memory_longrun/metrics.csv,block_index,"memory long-running switches, edits, and images",,,,,,,,,,com.apple.keylayout.ABC,variable (CGDisplayMode reports 0),false,0.007291,1025,0,,,
confirmation/memory_longrun/metrics.csv,block_index,"memory long-running switches, edits, and images",,,,,,,,,,com.apple.keylayout.ABC,variable (CGDisplayMode reports 0),false,0.007375,1024,0,,,
confirmation/memory_longrun/metrics.csv,block_index,"memory long-running switches, edits, and images",,,,,,,,,,com.apple.keylayout.ABC,variable (CGDisplayMode reports 0),false,0.007625,1025,0,,,
confirmation/memory_longrun/metrics.csv,block_index,"memory long-running switches, edits, and images",,,,,,,,,,com.apple.keylayout.ABC,variable (CGDisplayMode reports 0),false,0.007375,1024,0,,,
confirmation/memory_longrun/metrics.csv,block_index,"memory long-running switches, edits, and images",,,,,,,,,,com.apple.keylayout.ABC,variable (CGDisplayMode reports 0),false,0.007208,1025,0,,,
confirmation/memory_longrun/metrics.csv,block_index,"memory long-running switches, edits, and images",,,,,,,,,,com.apple.keylayout.ABC,variable (CGDisplayMode reports 0),false,0.007625,1024,0,,,
confirmation/memory_longrun/metrics.csv,block_index,"memory long-running switches, edits, and images",,,,,,,,,,com.apple.keylayout.ABC,variable (CGDisplayMode reports 0),false,0.007292,1025,0,,,
confirmation/memory_longrun/metrics.csv,block_index,"memory long-running switches, edits, and images",,,,,,,,,,com.apple.keylayout.ABC,variable (CGDisplayMode reports 0),false,0.007542,1024,0,,,
confirmation/memory_longrun/metrics.csv,block_index,"memory long-running switches, edits, and images",,,,,,,,,,com.apple.keylayout.ABC,variable (CGDisplayMode reports 0),false,0.007083,1025,0,,,
confirmation/memory_longrun/metrics.csv,block_index,"memory long-running switches, edits, and images",,,,,,,,,,com.apple.keylayout.ABC,variable (CGDisplayMode reports 0),false,0.007125,1024,0,,,
confirmation/memory_longrun/metrics.csv,block_index,"memory long-running switches, edits, and images",,,,,,,,,,com.apple.keylayout.ABC,variable (CGDisplayMode reports 0),false,0.007125,1025,0,,,
confirmation/memory_longrun/metrics.csv,block_index,"memory long-running switches, edits, and images",,,,,,,,,,com.apple.keylayout.ABC,variable (CGDisplayMode reports 0),false,0.007125,1024,0,,,
confirmation/memory_longrun/metrics.csv,block_index,"memory long-running switches, edits, and images",,,,,,,,,,com.apple.keylayout.ABC,variable (CGDisplayMode reports 0),false,0.007208,1025,0,,,
confirmation/memory_longrun/metrics.csv,block_index,"memory long-running switches, edits, and images",,,,,,,,,,com.apple.keylayout.ABC,variable (CGDisplayMode reports 0),false,0.007292,1024,0,,,
confirmation/memory_longrun/metrics.csv,block_index,"memory long-running switches, edits, and images",,,,,,,,,,com.apple.keylayout.ABC,variable (CGDisplayMode reports 0),false,0.007208,1025,0,,,
confirmation/memory_longrun/metrics.csv,block_index,"memory long-running switches, edits, and images",,,,,,,,,,com.apple.keylayout.ABC,variable (CGDisplayMode reports 0),false,0.007542,1024,0,,,
confirmation/memory_longrun/metrics.csv,block_index,"memory long-running switches, edits, and images",,,,,,,,,,com.apple.keylayout.ABC,variable (CGDisplayMode reports 0),false,0.007125,1025,0,,,
confirmation/memory_longrun/metrics.csv,block_index,"memory long-running switches, edits, and images",,,,,,,,,,com.apple.keylayout.ABC,variable (CGDisplayMode reports 0),false,0.006167,1024,0,,,
confirmation/memory_longrun/metrics.csv,block_index,"memory long-running switches, edits, and images",,,,,,,,,,com.apple.keylayout.ABC,variable (CGDisplayMode reports 0),false,0.006084,1025,0,,,
confirmation/memory_longrun/metrics.csv,block_index,"memory long-running switches, edits, and images",,,,,,,,,,com.apple.keylayout.ABC,variable (CGDisplayMode reports 0),false,0.006250,1024,0,,,
confirmation/memory_longrun/metrics.csv,block_index,"memory long-running switches, edits, and images",,,,,,,,,,com.apple.keylayout.ABC,variable (CGDisplayMode reports 0),false,0.006083,1025,0,,,
confirmation/memory_longrun/metrics.csv,block_index,"memory long-running switches, edits, and images",,,,,,,,,,com.apple.keylayout.ABC,variable (CGDisplayMode reports 0),false,0.006125,1024,0,,,
confirmation/memory_longrun/metrics.csv,block_index,"memory long-running switches, edits, and images",,,,,,,,,,com.apple.keylayout.ABC,variable (CGDisplayMode reports 0),false,0.005917,1025,0,,,
confirmation/memory_longrun/metrics.csv,block_index,"memory long-running switches, edits, and images",,,,,,,,,,com.apple.keylayout.ABC,variable (CGDisplayMode reports 0),false,0.007583,1024,0,,,
confirmation/memory_longrun/metrics.csv,block_index,"memory long-running switches, edits, and images",,,,,,,,,,com.apple.keylayout.ABC,variable (CGDisplayMode reports 0),false,0.006041,1025,0,,,
confirmation/memory_longrun/metrics.csv,block_index,"memory long-running switches, edits, and images",,,,,,,,,,com.apple.keylayout.ABC,variable (CGDisplayMode reports 0),false,0.006125,1024,0,,,
confirmation/memory_longrun/metrics.csv,paint,"memory long-running switches, edits, and images",,,,,47.704041,0.693542,,,,com.apple.keylayout.ABC,variable (CGDisplayMode reports 0),false,,,,0,2,2
confirmation/memory_longrun/metrics.csv,paint,"memory long-running switches, edits, and images",,,,,54.591125,1.539208,,,,com.apple.keylayout.ABC,variable (CGDisplayMode reports 0),false,,,,0,2,2
confirmation/memory_longrun/metrics.csv,paint,"memory long-running switches, edits, and images",,,,,6.139292,0.148583,,,,com.apple.keylayout.ABC,variable (CGDisplayMode reports 0),false,,,,2,0,0
confirmation/memory_longrun/metrics.csv,paint,"memory long-running switches, edits, and images",,,,,42.622667,0.857666,,,,com.apple.keylayout.ABC,variable (CGDisplayMode reports 0),false,,,,0,2,2
confirmation/memory_longrun/metrics.csv,paint,"memory long-running switches, edits, and images",,,,,53.477291,1.605708,,,,com.apple.keylayout.ABC,variable (CGDisplayMode reports 0),false,,,,0,2,2
confirmation/memory_longrun/metrics.csv,paint,"memory long-running switches, edits, and images",,,,,3.954625,0.166875,,,,com.apple.keylayout.ABC,variable (CGDisplayMode reports 0),false,,,,2,0,0
confirmation/memory_longrun/metrics.csv,paint,"memory long-running switches, edits, and images",,,,,46.702792,0.909583,,,,com.apple.keylayout.ABC,variable (CGDisplayMode reports 0),false,,,,0,2,2
confirmation/memory_longrun/metrics.csv,paint,"memory long-running switches, edits, and images",,,,,52.398917,1.520833,,,,com.apple.keylayout.ABC,variable (CGDisplayMode reports 0),false,,,,0,2,2
confirmation/memory_longrun/metrics.csv,paint,"memory long-running switches, edits, and images",,,,,1.275708,0.123792,,,,com.apple.keylayout.ABC,variable (CGDisplayMode reports 0),false,,,,2,0,0
confirmation/memory_longrun/metrics.csv,paint,"memory long-running switches, edits, and images",,,,,50.298750,0.244125,,,,com.apple.keylayout.ABC,variable (CGDisplayMode reports 0),false,,,,1,1,1
confirmation/memory_longrun/metrics.csv,input,"memory long-running switches, edits, and images",1,command,0.016375,7.936250,,,,,,com.apple.keylayout.ABC,variable (CGDisplayMode reports 0),false,,,,,,
confirmation/memory_longrun/metrics.csv,input,"memory long-running switches, edits, and images",2,command,0.003416,7.909791,,,,,,com.apple.keylayout.ABC,variable (CGDisplayMode reports 0),false,,,,,,
confirmation/memory_longrun/metrics.csv,input,"memory long-running switches, edits, and images",3,command,0.001000,7.904791,,,,,,com.apple.keylayout.ABC,variable (CGDisplayMode reports 0),false,,,,,,
confirmation/memory_longrun/metrics.csv,input,"memory long-running switches, edits, and images",4,command,0.000542,7.898875,,,,,,com.apple.keylayout.ABC,variable (CGDisplayMode reports 0),false,,,,,,
confirmation/memory_longrun/metrics.csv,input,"memory long-running switches, edits, and images",5,command,0.001667,7.897750,,,,,,com.apple.keylayout.ABC,variable (CGDisplayMode reports 0),false,,,,,,
confirmation/memory_longrun/metrics.csv,input,"memory long-running switches, edits, and images",6,command,0.000417,7.895125,,,,,,com.apple.keylayout.ABC,variable (CGDisplayMode reports 0),false,,,,,,
confirmation/memory_longrun/metrics.csv,input,"memory long-running switches, edits, and images",7,command,0.000416,7.894291,,,,,,com.apple.keylayout.ABC,variable (CGDisplayMode reports 0),false,,,,,,
confirmation/memory_longrun/metrics.csv,input,"memory long-running switches, edits, and images",8,command,0.000334,7.893500,,,,,,com.apple.keylayout.ABC,variable (CGDisplayMode reports 0),false,,,,,,
confirmation/memory_longrun/metrics.csv,input,"memory long-running switches, edits, and images",9,command,0.001500,7.892791,,,,,,com.apple.keylayout.ABC,variable (CGDisplayMode reports 0),false,,,,,,
confirmation/memory_longrun/metrics.csv,input,"memory long-running switches, edits, and images",10,command,0.000333,7.890166,,,,,,com.apple.keylayout.ABC,variable (CGDisplayMode reports 0),false,,,,,,
confirmation/memory_longrun/metrics.csv,input,"memory long-running switches, edits, and images",11,command,0.000333,7.889458,,,,,,com.apple.keylayout.ABC,variable (CGDisplayMode reports 0),false,,,,,,
confirmation/memory_longrun/metrics.csv,input,"memory long-running switches, edits, and images",12,command,0.000334,7.888750,,,,,,com.apple.keylayout.ABC,variable (CGDisplayMode reports 0),false,,,,,,
confirmation/memory_longrun/metrics.csv,input,"memory long-running switches, edits, and images",13,command,0.000416,7.888041,,,,,,com.apple.keylayout.ABC,variable (CGDisplayMode reports 0),false,,,,,,
confirmation/memory_longrun/metrics.csv,input,"memory long-running switches, edits, and images",14,command,0.000333,7.887291,,,,,,com.apple.keylayout.ABC,variable (CGDisplayMode reports 0),false,,,,,,
confirmation/memory_longrun/metrics.csv,input,"memory long-running switches, edits, and images",15,command,0.000375,7.886333,,,,,,com.apple.keylayout.ABC,variable (CGDisplayMode reports 0),false,,,,,,
confirmation/memory_longrun/metrics.csv,input,"memory long-running switches, edits, and images",16,command,0.000333,7.885583,,,,,,com.apple.keylayout.ABC,variable (CGDisplayMode reports 0),false,,,,,,
confirmation/memory_longrun/metrics.csv,input,"memory long-running switches, edits, and images",17,command,0.001084,7.884875,,,,,,com.apple.keylayout.ABC,variable (CGDisplayMode reports 0),false,,,,,,
confirmation/memory_longrun/metrics.csv,input,"memory long-running switches, edits, and images",18,command,0.000333,7.882541,,,,,,com.apple.keylayout.ABC,variable (CGDisplayMode reports 0),false,,,,,,
confirmation/memory_longrun/metrics.csv,input,"memory long-running switches, edits, and images",19,command,0.000417,7.881833,,,,,,com.apple.keylayout.ABC,variable (CGDisplayMode reports 0),false,,,,,,
confirmation/memory_longrun/metrics.csv,input,"memory long-running switches, edits, and images",20,command,0.000333,7.881083,,,,,,com.apple.keylayout.ABC,variable (CGDisplayMode reports 0),false,,,,,,
confirmation/memory_longrun/metrics.csv,input,"memory long-running switches, edits, and images",21,command,0.000417,7.880375,,,,,,com.apple.keylayout.ABC,variable (CGDisplayMode reports 0),false,,,,,,
confirmation/memory_longrun/metrics.csv,input,"memory long-running switches, edits, and images",22,command,0.000375,7.879625,,,,,,com.apple.keylayout.ABC,variable (CGDisplayMode reports 0),false,,,,,,
confirmation/memory_longrun/metrics.csv,input,"memory long-running switches, edits, and images",23,command,0.000375,7.878708,,,,,,com.apple.keylayout.ABC,variable (CGDisplayMode reports 0),false,,,,,,
confirmation/memory_longrun/metrics.csv,input,"memory long-running switches, edits, and images",24,command,0.000333,7.877958,,,,,,com.apple.keylayout.ABC,variable (CGDisplayMode reports 0),false,,,,,,
confirmation/memory_longrun/metrics.csv,input,"memory long-running switches, edits, and images",25,command,0.000417,7.877250,,,,,,com.apple.keylayout.ABC,variable (CGDisplayMode reports 0),false,,,,,,
confirmation/memory_longrun/metrics.csv,input,"memory long-running switches, edits, and images",26,command,0.000375,7.876291,,,,,,com.apple.keylayout.ABC,variable (CGDisplayMode reports 0),false,,,,,,
confirmation/memory_longrun/metrics.csv,input,"memory long-running switches, edits, and images",27,command,0.000333,7.875541,,,,,,com.apple.keylayout.ABC,variable (CGDisplayMode reports 0),false,,,,,,
confirmation/memory_longrun/metrics.csv,input,"memory long-running switches, edits, and images",28,command,0.000333,7.874583,,,,,,com.apple.keylayout.ABC,variable (CGDisplayMode reports 0),false,,,,,,
confirmation/memory_longrun/metrics.csv,input,"memory long-running switches, edits, and images",29,command,0.000417,7.873708,,,,,,com.apple.keylayout.ABC,variable (CGDisplayMode reports 0),false,,,,,,
confirmation/memory_longrun/metrics.csv,input,"memory long-running switches, edits, and images",30,command,0.000333,7.872916,,,,,,com.apple.keylayout.ABC,variable (CGDisplayMode reports 0),false,,,,,,
confirmation/memory_longrun/metrics.csv,input,"memory long-running switches, edits, and images",31,command,0.000375,7.872208,,,,,,com.apple.keylayout.ABC,variable (CGDisplayMode reports 0),false,,,,,,
confirmation/memory_longrun/metrics.csv,input,"memory long-running switches, edits, and images",32,command,0.000375,7.871500,,,,,,com.apple.keylayout.ABC,variable (CGDisplayMode reports 0),false,,,,,,
confirmation/memory_longrun/metrics.csv,input,"memory long-running switches, edits, and images",33,command,0.001750,7.870750,,,,,,com.apple.keylayout.ABC,variable (CGDisplayMode reports 0),false,,,,,,
confirmation/memory_longrun/metrics.csv,input,"memory long-running switches, edits, and images",34,command,0.000375,7.867541,,,,,,com.apple.keylayout.ABC,variable (CGDisplayMode reports 0),false,,,,,,
confirmation/memory_longrun/metrics.csv,input,"memory long-running switches, edits, and images",35,command,0.000333,7.866833,,,,,,com.apple.keylayout.ABC,variable (CGDisplayMode reports 0),false,,,,,,
confirmation/memory_longrun/metrics.csv,input,"memory long-running switches, edits, and images",36,command,0.000375,7.866125,,,,,,com.apple.keylayout.ABC,variable (CGDisplayMode reports 0),false,,,,,,
confirmation/memory_longrun/metrics.csv,input,"memory long-running switches, edits, and images",37,command,0.000375,7.864833,,,,,,com.apple.keylayout.ABC,variable (CGDisplayMode reports 0),false,,,,,,
confirmation/memory_longrun/metrics.csv,input,"memory long-running switches, edits, and images",38,command,0.000500,7.855666,,,,,,com.apple.keylayout.ABC,variable (CGDisplayMode reports 0),false,,,,,,
confirmation/memory_longrun/metrics.csv,input,"memory long-running switches, edits, and images",39,command,0.000458,7.854666,,,,,,com.apple.keylayout.ABC,variable (CGDisplayMode reports 0),false,,,,,,
confirmation/memory_longrun/metrics.csv,input,"memory long-running switches, edits, and images",40,command,0.000375,7.853875,,,,,,com.apple.keylayout.ABC,variable (CGDisplayMode reports 0),false,,,,,,
confirmation/memory_longrun/metrics.csv,paint,"memory long-running switches, edits, and images",,,,,58.718708,0.938958,,,,com.apple.keylayout.ABC,variable (CGDisplayMode reports 0),false,,,,0,2,2
confirmation/memory_longrun/metrics.csv,memory_longrun_cycle_5,"memory long-running switches, edits, and images",,,,,,,,,108134400,com.apple.keylayout.ABC,variable (CGDisplayMode reports 0),false,,,,,,
confirmation/memory_longrun/metrics.csv,paint,"memory long-running switches, edits, and images",,,,,985.777750,0.964166,,,,com.apple.keylayout.ABC,variable (CGDisplayMode reports 0),false,,,,0,2,2
confirmation/memory_longrun/metrics.csv,paint,"memory long-running switches, edits, and images",,,,,50.488584,1.781791,,,,com.apple.keylayout.ABC,variable (CGDisplayMode reports 0),false,,,,0,2,2
confirmation/memory_longrun/metrics.csv,paint,"memory long-running switches, edits, and images",,,,,4.361541,0.208667,,,,com.apple.keylayout.ABC,variable (CGDisplayMode reports 0),false,,,,2,0,0
confirmation/memory_longrun/metrics.csv,paint,"memory long-running switches, edits, and images",,,,,45.259834,0.645959,,,,com.apple.keylayout.ABC,variable (CGDisplayMode reports 0),false,,,,0,2,2
confirmation/memory_longrun/metrics.csv,paint,"memory long-running switches, edits, and images",,,,,52.467625,1.391667,,,,com.apple.keylayout.ABC,variable (CGDisplayMode reports 0),false,,,,0,2,2
confirmation/memory_longrun/metrics.csv,paint,"memory long-running switches, edits, and images",,,,,2.201083,0.128667,,,,com.apple.keylayout.ABC,variable (CGDisplayMode reports 0),false,,,,2,0,0
confirmation/memory_longrun/metrics.csv,paint,"memory long-running switches, edits, and images",,,,,48.317125,0.878333,,,,com.apple.keylayout.ABC,variable (CGDisplayMode reports 0),false,,,,0,2,2
confirmation/memory_longrun/metrics.csv,paint,"memory long-running switches, edits, and images",,,,,53.515750,1.287250,,,,com.apple.keylayout.ABC,variable (CGDisplayMode reports 0),false,,,,0,2,2
confirmation/memory_longrun/metrics.csv,paint,"memory long-running switches, edits, and images",,,,,6.435958,0.136458,,,,com.apple.keylayout.ABC,variable (CGDisplayMode reports 0),false,,,,2,0,0
confirmation/memory_longrun/metrics.csv,paint,"memory long-running switches, edits, and images",,,,,44.493959,0.907833,,,,com.apple.keylayout.ABC,variable (CGDisplayMode reports 0),false,,,,0,2,2
confirmation/memory_longrun/metrics.csv,paint,"memory long-running switches, edits, and images",,,,,55.199458,1.821458,,,,com.apple.keylayout.ABC,variable (CGDisplayMode reports 0),false,,,,0,2,2
confirmation/memory_longrun/metrics.csv,paint,"memory long-running switches, edits, and images",,,,,1.532500,0.152541,,,,com.apple.keylayout.ABC,variable (CGDisplayMode reports 0),false,,,,2,0,0
confirmation/memory_longrun/metrics.csv,paint,"memory long-running switches, edits, and images",,,,,47.032542,1.041666,,,,com.apple.keylayout.ABC,variable (CGDisplayMode reports 0),false,,,,0,2,2
confirmation/memory_longrun/metrics.csv,paint,"memory long-running switches, edits, and images",,,,,53.808250,1.444500,,,,com.apple.keylayout.ABC,variable (CGDisplayMode reports 0),false,,,,0,2,2
confirmation/memory_longrun/metrics.csv,paint,"memory long-running switches, edits, and images",,,,,6.474000,0.212375,,,,com.apple.keylayout.ABC,variable (CGDisplayMode reports 0),false,,,,2,0,0
confirmation/memory_longrun/metrics.csv,paint,"memory long-running switches, edits, and images",,,,,42.278958,0.230916,,,,com.apple.keylayout.ABC,variable (CGDisplayMode reports 0),false,,,,1,1,1
confirmation/memory_longrun/metrics.csv,input,"memory long-running switches, edits, and images",1,command,0.016500,7.508250,,,,,,com.apple.keylayout.ABC,variable (CGDisplayMode reports 0),false,,,,,,
confirmation/memory_longrun/metrics.csv,input,"memory long-running switches, edits, and images",2,command,0.003541,7.480125,,,,,,com.apple.keylayout.ABC,variable (CGDisplayMode reports 0),false,,,,,,
confirmation/memory_longrun/metrics.csv,input,"memory long-running switches, edits, and images",3,command,0.000750,7.474500,,,,,,com.apple.keylayout.ABC,variable (CGDisplayMode reports 0),false,,,,,,
confirmation/memory_longrun/metrics.csv,input,"memory long-running switches, edits, and images",4,command,0.000500,7.473042,,,,,,com.apple.keylayout.ABC,variable (CGDisplayMode reports 0),false,,,,,,
confirmation/memory_longrun/metrics.csv,input,"memory long-running switches, edits, and images",5,command,0.002083,7.471917,,,,,,com.apple.keylayout.ABC,variable (CGDisplayMode reports 0),false,,,,,,
confirmation/memory_longrun/metrics.csv,input,"memory long-running switches, edits, and images",6,command,0.000458,7.469125,,,,,,com.apple.keylayout.ABC,variable (CGDisplayMode reports 0),false,,,,,,
confirmation/memory_longrun/metrics.csv,input,"memory long-running switches, edits, and images",7,command,0.000417,7.468084,,,,,,com.apple.keylayout.ABC,variable (CGDisplayMode reports 0),false,,,,,,
confirmation/memory_longrun/metrics.csv,input,"memory long-running switches, edits, and images",8,command,0.000375,7.467334,,,,,,com.apple.keylayout.ABC,variable (CGDisplayMode reports 0),false,,,,,,
confirmation/memory_longrun/metrics.csv,input,"memory long-running switches, edits, and images",9,command,0.001834,7.466584,,,,,,com.apple.keylayout.ABC,variable (CGDisplayMode reports 0),false,,,,,,
confirmation/memory_longrun/metrics.csv,input,"memory long-running switches, edits, and images",10,command,0.000333,7.463750,,,,,,com.apple.keylayout.ABC,variable (CGDisplayMode reports 0),false,,,,,,
confirmation/memory_longrun/metrics.csv,input,"memory long-running switches, edits, and images",11,command,0.000417,7.463042,,,,,,com.apple.keylayout.ABC,variable (CGDisplayMode reports 0),false,,,,,,
confirmation/memory_longrun/metrics.csv,input,"memory long-running switches, edits, and images",12,command,0.000375,7.462292,,,,,,com.apple.keylayout.ABC,variable (CGDisplayMode reports 0),false,,,,,,
confirmation/memory_longrun/metrics.csv,input,"memory long-running switches, edits, and images",13,command,0.000417,7.461542,,,,,,com.apple.keylayout.ABC,variable (CGDisplayMode reports 0),false,,,,,,
confirmation/memory_longrun/metrics.csv,input,"memory long-running switches, edits, and images",14,command,0.000333,7.460750,,,,,,com.apple.keylayout.ABC,variable (CGDisplayMode reports 0),false,,,,,,
confirmation/memory_longrun/metrics.csv,input,"memory long-running switches, edits, and images",15,command,0.000375,7.460042,,,,,,com.apple.keylayout.ABC,variable (CGDisplayMode reports 0),false,,,,,,
confirmation/memory_longrun/metrics.csv,input,"memory long-running switches, edits, and images",16,command,0.000333,7.459292,,,,,,com.apple.keylayout.ABC,variable (CGDisplayMode reports 0),false,,,,,,
confirmation/memory_longrun/metrics.csv,input,"memory long-running switches, edits, and images",17,command,0.001375,7.458625,,,,,,com.apple.keylayout.ABC,variable (CGDisplayMode reports 0),false,,,,,,
confirmation/memory_longrun/metrics.csv,input,"memory long-running switches, edits, and images",18,command,0.000375,7.455792,,,,,,com.apple.keylayout.ABC,variable (CGDisplayMode reports 0),false,,,,,,
confirmation/memory_longrun/metrics.csv,input,"memory long-running switches, edits, and images",19,command,0.000333,7.455042,,,,,,com.apple.keylayout.ABC,variable (CGDisplayMode reports 0),false,,,,,,
confirmation/memory_longrun/metrics.csv,input,"memory long-running switches, edits, and images",20,command,0.000333,7.454375,,,,,,com.apple.keylayout.ABC,variable (CGDisplayMode reports 0),false,,,,,,
confirmation/memory_longrun/metrics.csv,input,"memory long-running switches, edits, and images",21,command,0.000375,7.453584,,,,,,com.apple.keylayout.ABC,variable (CGDisplayMode reports 0),false,,,,,,
confirmation/memory_longrun/metrics.csv,input,"memory long-running switches, edits, and images",22,command,0.000334,7.452834,,,,,,com.apple.keylayout.ABC,variable (CGDisplayMode reports 0),false,,,,,,
confirmation/memory_longrun/metrics.csv,input,"memory long-running switches, edits, and images",23,command,0.000333,7.452125,,,,,,com.apple.keylayout.ABC,variable (CGDisplayMode reports 0),false,,,,,,
confirmation/memory_longrun/metrics.csv,input,"memory long-running switches, edits, and images",24,command,0.000375,7.451417,,,,,,com.apple.keylayout.ABC,variable (CGDisplayMode reports 0),false,,,,,,
confirmation/memory_longrun/metrics.csv,input,"memory long-running switches, edits, and images",25,command,0.000375,7.450667,,,,,,com.apple.keylayout.ABC,variable (CGDisplayMode reports 0),false,,,,,,
confirmation/memory_longrun/metrics.csv,input,"memory long-running switches, edits, and images",26,command,0.000333,7.449917,,,,,,com.apple.keylayout.ABC,variable (CGDisplayMode reports 0),false,,,,,,
confirmation/memory_longrun/metrics.csv,input,"memory long-running switches, edits, and images",27,command,0.000375,7.449000,,,,,,com.apple.keylayout.ABC,variable (CGDisplayMode reports 0),false,,,,,,
confirmation/memory_longrun/metrics.csv,input,"memory long-running switches, edits, and images",28,command,0.000292,7.448209,,,,,,com.apple.keylayout.ABC,variable (CGDisplayMode reports 0),false,,,,,,
confirmation/memory_longrun/metrics.csv,input,"memory long-running switches, edits, and images",29,command,0.000417,7.447542,,,,,,com.apple.keylayout.ABC,variable (CGDisplayMode reports 0),false,,,,,,
confirmation/memory_longrun/metrics.csv,input,"memory long-running switches, edits, and images",30,command,0.000333,7.446500,,,,,,com.apple.keylayout.ABC,variable (CGDisplayMode reports 0),false,,,,,,
confirmation/memory_longrun/metrics.csv,input,"memory long-running switches, edits, and images",31,command,0.000375,7.445584,,,,,,com.apple.keylayout.ABC,variable (CGDisplayMode reports 0),false,,,,,,
confirmation/memory_longrun/metrics.csv,input,"memory long-running switches, edits, and images",32,command,0.000333,7.444875,,,,,,com.apple.keylayout.ABC,variable (CGDisplayMode reports 0),false,,,,,,
confirmation/memory_longrun/metrics.csv,input,"memory long-running switches, edits, and images",33,command,0.002042,7.444167,,,,,,com.apple.keylayout.ABC,variable (CGDisplayMode reports 0),false,,,,,,
confirmation/memory_longrun/metrics.csv,input,"memory long-running switches, edits, and images",34,command,0.000375,7.440709,,,,,,com.apple.keylayout.ABC,variable (CGDisplayMode reports 0),false,,,,,,
confirmation/memory_longrun/metrics.csv,input,"memory long-running switches, edits, and images",35,command,0.000334,7.439959,,,,,,com.apple.keylayout.ABC,variable (CGDisplayMode reports 0),false,,,,,,
confirmation/memory_longrun/metrics.csv,input,"memory long-running switches, edits, and images",36,command,0.000375,7.439250,,,,,,com.apple.keylayout.ABC,variable (CGDisplayMode reports 0),false,,,,,,
confirmation/memory_longrun/metrics.csv,input,"memory long-running switches, edits, and images",37,command,0.000416,7.438500,,,,,,com.apple.keylayout.ABC,variable (CGDisplayMode reports 0),false,,,,,,
confirmation/memory_longrun/metrics.csv,input,"memory long-running switches, edits, and images",38,command,0.000375,7.437709,,,,,,com.apple.keylayout.ABC,variable (CGDisplayMode reports 0),false,,,,,,
confirmation/memory_longrun/metrics.csv,input,"memory long-running switches, edits, and images",39,command,0.000334,7.436459,,,,,,com.apple.keylayout.ABC,variable (CGDisplayMode reports 0),false,,,,,,
confirmation/memory_longrun/metrics.csv,input,"memory long-running switches, edits, and images",40,command,0.000625,7.427500,,,,,,com.apple.keylayout.ABC,variable (CGDisplayMode reports 0),false,,,,,,
confirmation/memory_longrun/metrics.csv,paint,"memory long-running switches, edits, and images",,,,,42.093500,0.918375,,,,com.apple.keylayout.ABC,variable (CGDisplayMode reports 0),false,,,,0,2,2
confirmation/memory_longrun/metrics.csv,memory_longrun_cycle_10,"memory long-running switches, edits, and images",,,,,,,,,108314624,com.apple.keylayout.ABC,variable (CGDisplayMode reports 0),false,,,,,,
confirmation/memory_longrun/metrics.csv,paint,"memory long-running switches, edits, and images",,,,,989.440333,1.517292,,,,com.apple.keylayout.ABC,variable (CGDisplayMode reports 0),false,,,,0,2,2
confirmation/memory_longrun/metrics.csv,paint,"memory long-running switches, edits, and images",,,,,51.458500,1.897250,,,,com.apple.keylayout.ABC,variable (CGDisplayMode reports 0),false,,,,0,2,2
confirmation/memory_longrun/metrics.csv,paint,"memory long-running switches, edits, and images",,,,,1.651542,0.174917,,,,com.apple.keylayout.ABC,variable (CGDisplayMode reports 0),false,,,,2,0,0
confirmation/memory_longrun/metrics.csv,paint,"memory long-running switches, edits, and images",,,,,48.941375,0.882750,,,,com.apple.keylayout.ABC,variable (CGDisplayMode reports 0),false,,,,0,2,2
confirmation/memory_longrun/metrics.csv,paint,"memory long-running switches, edits, and images",,,,,51.657875,1.476416,,,,com.apple.keylayout.ABC,variable (CGDisplayMode reports 0),false,,,,0,2,2
confirmation/memory_longrun/metrics.csv,paint,"memory long-running switches, edits, and images",,,,,5.676542,0.139208,,,,com.apple.keylayout.ABC,variable (CGDisplayMode reports 0),false,,,,2,0,0
confirmation/memory_longrun/metrics.csv,paint,"memory long-running switches, edits, and images",,,,,43.154750,0.753167,,,,com.apple.keylayout.ABC,variable (CGDisplayMode reports 0),false,,,,0,2,2
confirmation/memory_longrun/metrics.csv,paint,"memory long-running switches, edits, and images",,,,,53.149333,1.590375,,,,com.apple.keylayout.ABC,variable (CGDisplayMode reports 0),false,,,,0,2,2
confirmation/memory_longrun/metrics.csv,paint,"memory long-running switches, edits, and images",,,,,3.801125,0.198542,,,,com.apple.keylayout.ABC,variable (CGDisplayMode reports 0),false,,,,2,0,0
confirmation/memory_longrun/metrics.csv,paint,"memory long-running switches, edits, and images",,,,,46.731542,1.138500,,,,com.apple.keylayout.ABC,variable (CGDisplayMode reports 0),false,,,,0,2,2
confirmation/memory_longrun/metrics.csv,paint,"memory long-running switches, edits, and images",,,,,54.569000,1.777959,,,,com.apple.keylayout.ABC,variable (CGDisplayMode reports 0),false,,,,0,2,2
confirmation/memory_longrun/metrics.csv,paint,"memory long-running switches, edits, and images",,,,,1.455250,0.141458,,,,com.apple.keylayout.ABC,variable (CGDisplayMode reports 0),false,,,,2,0,0
confirmation/memory_longrun/metrics.csv,paint,"memory long-running switches, edits, and images",,,,,48.145125,0.872875,,,,com.apple.keylayout.ABC,variable (CGDisplayMode reports 0),false,,,,0,2,2
confirmation/memory_longrun/metrics.csv,paint,"memory long-running switches, edits, and images",,,,,51.779708,1.437250,,,,com.apple.keylayout.ABC,variable (CGDisplayMode reports 0),false,,,,0,2,2
confirmation/memory_longrun/metrics.csv,paint,"memory long-running switches, edits, and images",,,,,5.640250,0.184250,,,,com.apple.keylayout.ABC,variable (CGDisplayMode reports 0),false,,,,2,0,0
confirmation/memory_longrun/metrics.csv,block_index,"memory long-running switches, edits, and images",,,,,,,,,,com.apple.keylayout.ABC,variable (CGDisplayMode reports 0),false,0.023666,1025,0,,,
confirmation/memory_longrun/metrics.csv,block_index,"memory long-running switches, edits, and images",,,,,,,,,,com.apple.keylayout.ABC,variable (CGDisplayMode reports 0),false,0.009083,1024,0,,,
confirmation/memory_longrun/metrics.csv,block_index,"memory long-running switches, edits, and images",,,,,,,,,,com.apple.keylayout.ABC,variable (CGDisplayMode reports 0),false,0.006625,1025,0,,,
confirmation/memory_longrun/metrics.csv,block_index,"memory long-running switches, edits, and images",,,,,,,,,,com.apple.keylayout.ABC,variable (CGDisplayMode reports 0),false,0.006333,1024,0,,,
confirmation/memory_longrun/metrics.csv,block_index,"memory long-running switches, edits, and images",,,,,,,,,,com.apple.keylayout.ABC,variable (CGDisplayMode reports 0),false,0.005750,1025,0,,,
confirmation/memory_longrun/metrics.csv,block_index,"memory long-running switches, edits, and images",,,,,,,,,,com.apple.keylayout.ABC,variable (CGDisplayMode reports 0),false,0.005708,1024,0,,,
confirmation/memory_longrun/metrics.csv,block_index,"memory long-running switches, edits, and images",,,,,,,,,,com.apple.keylayout.ABC,variable (CGDisplayMode reports 0),false,0.005542,1025,0,,,
confirmation/memory_longrun/metrics.csv,block_index,"memory long-running switches, edits, and images",,,,,,,,,,com.apple.keylayout.ABC,variable (CGDisplayMode reports 0),false,0.005583,1024,0,,,
confirmation/memory_longrun/metrics.csv,block_index,"memory long-running switches, edits, and images",,,,,,,,,,com.apple.keylayout.ABC,variable (CGDisplayMode reports 0),false,0.005375,1025,0,,,
confirmation/memory_longrun/metrics.csv,block_index,"memory long-running switches, edits, and images",,,,,,,,,,com.apple.keylayout.ABC,variable (CGDisplayMode reports 0),false,0.005625,1024,0,,,
confirmation/memory_longrun/metrics.csv,block_index,"memory long-running switches, edits, and images",,,,,,,,,,com.apple.keylayout.ABC,variable (CGDisplayMode reports 0),false,0.005416,1025,0,,,
confirmation/memory_longrun/metrics.csv,block_index,"memory long-running switches, edits, and images",,,,,,,,,,com.apple.keylayout.ABC,variable (CGDisplayMode reports 0),false,0.005666,1024,0,,,
confirmation/memory_longrun/metrics.csv,block_index,"memory long-running switches, edits, and images",,,,,,,,,,com.apple.keylayout.ABC,variable (CGDisplayMode reports 0),false,0.005417,1025,0,,,
confirmation/memory_longrun/metrics.csv,block_index,"memory long-running switches, edits, and images",,,,,,,,,,com.apple.keylayout.ABC,variable (CGDisplayMode reports 0),false,0.005375,1024,0,,,
confirmation/memory_longrun/metrics.csv,block_index,"memory long-running switches, edits, and images",,,,,,,,,,com.apple.keylayout.ABC,variable (CGDisplayMode reports 0),false,0.005375,1025,0,,,
confirmation/memory_longrun/metrics.csv,block_index,"memory long-running switches, edits, and images",,,,,,,,,,com.apple.keylayout.ABC,variable (CGDisplayMode reports 0),false,0.005625,1024,0,,,
confirmation/memory_longrun/metrics.csv,block_index,"memory long-running switches, edits, and images",,,,,,,,,,com.apple.keylayout.ABC,variable (CGDisplayMode reports 0),false,0.005292,1025,0,,,
confirmation/memory_longrun/metrics.csv,block_index,"memory long-running switches, edits, and images",,,,,,,,,,com.apple.keylayout.ABC,variable (CGDisplayMode reports 0),false,0.006708,1024,0,,,
confirmation/memory_longrun/metrics.csv,block_index,"memory long-running switches, edits, and images",,,,,,,,,,com.apple.keylayout.ABC,variable (CGDisplayMode reports 0),false,0.005291,1025,0,,,
confirmation/memory_longrun/metrics.csv,block_index,"memory long-running switches, edits, and images",,,,,,,,,,com.apple.keylayout.ABC,variable (CGDisplayMode reports 0),false,0.005333,1024,0,,,
confirmation/memory_longrun/metrics.csv,block_index,"memory long-running switches, edits, and images",,,,,,,,,,com.apple.keylayout.ABC,variable (CGDisplayMode reports 0),false,0.005250,1025,0,,,
confirmation/memory_longrun/metrics.csv,block_index,"memory long-running switches, edits, and images",,,,,,,,,,com.apple.keylayout.ABC,variable (CGDisplayMode reports 0),false,0.005375,1024,0,,,
confirmation/memory_longrun/metrics.csv,block_index,"memory long-running switches, edits, and images",,,,,,,,,,com.apple.keylayout.ABC,variable (CGDisplayMode reports 0),false,0.005292,1025,0,,,
confirmation/memory_longrun/metrics.csv,block_index,"memory long-running switches, edits, and images",,,,,,,,,,com.apple.keylayout.ABC,variable (CGDisplayMode reports 0),false,0.005666,1024,0,,,
confirmation/memory_longrun/metrics.csv,block_index,"memory long-running switches, edits, and images",,,,,,,,,,com.apple.keylayout.ABC,variable (CGDisplayMode reports 0),false,0.005292,1025,0,,,
confirmation/memory_longrun/metrics.csv,block_index,"memory long-running switches, edits, and images",,,,,,,,,,com.apple.keylayout.ABC,variable (CGDisplayMode reports 0),false,0.005334,1024,0,,,
confirmation/memory_longrun/metrics.csv,block_index,"memory long-running switches, edits, and images",,,,,,,,,,com.apple.keylayout.ABC,variable (CGDisplayMode reports 0),false,0.005208,1025,0,,,
confirmation/memory_longrun/metrics.csv,block_index,"memory long-running switches, edits, and images",,,,,,,,,,com.apple.keylayout.ABC,variable (CGDisplayMode reports 0),false,0.005333,1024,0,,,
confirmation/memory_longrun/metrics.csv,block_index,"memory long-running switches, edits, and images",,,,,,,,,,com.apple.keylayout.ABC,variable (CGDisplayMode reports 0),false,0.005291,1025,0,,,
confirmation/memory_longrun/metrics.csv,block_index,"memory long-running switches, edits, and images",,,,,,,,,,com.apple.keylayout.ABC,variable (CGDisplayMode reports 0),false,0.005292,1024,0,,,
confirmation/memory_longrun/metrics.csv,block_index,"memory long-running switches, edits, and images",,,,,,,,,,com.apple.keylayout.ABC,variable (CGDisplayMode reports 0),false,0.005292,1025,0,,,
confirmation/memory_longrun/metrics.csv,block_index,"memory long-running switches, edits, and images",,,,,,,,,,com.apple.keylayout.ABC,variable (CGDisplayMode reports 0),false,0.005417,1024,0,,,
confirmation/memory_longrun/metrics.csv,block_index,"memory long-running switches, edits, and images",,,,,,,,,,com.apple.keylayout.ABC,variable (CGDisplayMode reports 0),false,0.005375,1025,0,,,
confirmation/memory_longrun/metrics.csv,block_index,"memory long-running switches, edits, and images",,,,,,,,,,com.apple.keylayout.ABC,variable (CGDisplayMode reports 0),false,0.005584,1024,0,,,
confirmation/memory_longrun/metrics.csv,block_index,"memory long-running switches, edits, and images",,,,,,,,,,com.apple.keylayout.ABC,variable (CGDisplayMode reports 0),false,0.006083,1025,0,,,
confirmation/memory_longrun/metrics.csv,block_index,"memory long-running switches, edits, and images",,,,,,,,,,com.apple.keylayout.ABC,variable (CGDisplayMode reports 0),false,0.006166,1024,0,,,
confirmation/memory_longrun/metrics.csv,block_index,"memory long-running switches, edits, and images",,,,,,,,,,com.apple.keylayout.ABC,variable (CGDisplayMode reports 0),false,0.006125,1025,0,,,
confirmation/memory_longrun/metrics.csv,block_index,"memory long-running switches, edits, and images",,,,,,,,,,com.apple.keylayout.ABC,variable (CGDisplayMode reports 0),false,0.006125,1024,0,,,
confirmation/memory_longrun/metrics.csv,block_index,"memory long-running switches, edits, and images",,,,,,,,,,com.apple.keylayout.ABC,variable (CGDisplayMode reports 0),false,0.006125,1025,0,,,
confirmation/memory_longrun/metrics.csv,block_index,"memory long-running switches, edits, and images",,,,,,,,,,com.apple.keylayout.ABC,variable (CGDisplayMode reports 0),false,0.006334,1024,0,,,
confirmation/memory_longrun/metrics.csv,paint,"memory long-running switches, edits, and images",,,,,43.649625,0.926500,,,,com.apple.keylayout.ABC,variable (CGDisplayMode reports 0),false,,,,0,2,2
confirmation/memory_longrun/metrics.csv,input,"memory long-running switches, edits, and images",1,command,0.012292,5.146209,,,,,,com.apple.keylayout.ABC,variable (CGDisplayMode reports 0),false,,,,,,
confirmation/memory_longrun/metrics.csv,input,"memory long-running switches, edits, and images",2,command,0.003416,4.974250,,,,,,com.apple.keylayout.ABC,variable (CGDisplayMode reports 0),false,,,,,,
confirmation/memory_longrun/metrics.csv,input,"memory long-running switches, edits, and images",3,command,0.001042,4.887417,,,,,,com.apple.keylayout.ABC,variable (CGDisplayMode reports 0),false,,,,,,
confirmation/memory_longrun/metrics.csv,input,"memory long-running switches, edits, and images",4,command,0.000833,4.809292,,,,,,com.apple.keylayout.ABC,variable (CGDisplayMode reports 0),false,,,,,,
confirmation/memory_longrun/metrics.csv,input,"memory long-running switches, edits, and images",5,command,0.001250,4.735292,,,,,,com.apple.keylayout.ABC,variable (CGDisplayMode reports 0),false,,,,,,
confirmation/memory_longrun/metrics.csv,input,"memory long-running switches, edits, and images",6,command,0.000584,4.664334,,,,,,com.apple.keylayout.ABC,variable (CGDisplayMode reports 0),false,,,,,,
confirmation/memory_longrun/metrics.csv,input,"memory long-running switches, edits, and images",7,command,0.000625,4.591709,,,,,,com.apple.keylayout.ABC,variable (CGDisplayMode reports 0),false,,,,,,
confirmation/memory_longrun/metrics.csv,input,"memory long-running switches, edits, and images",8,command,0.000500,4.523375,,,,,,com.apple.keylayout.ABC,variable (CGDisplayMode reports 0),false,,,,,,
confirmation/memory_longrun/metrics.csv,input,"memory long-running switches, edits, and images",9,command,0.001666,4.453375,,,,,,com.apple.keylayout.ABC,variable (CGDisplayMode reports 0),false,,,,,,
confirmation/memory_longrun/metrics.csv,input,"memory long-running switches, edits, and images",10,command,0.000459,4.377834,,,,,,com.apple.keylayout.ABC,variable (CGDisplayMode reports 0),false,,,,,,
confirmation/memory_longrun/metrics.csv,input,"memory long-running switches, edits, and images",11,command,0.000500,4.285625,,,,,,com.apple.keylayout.ABC,variable (CGDisplayMode reports 0),false,,,,,,
confirmation/memory_longrun/metrics.csv,input,"memory long-running switches, edits, and images",12,command,0.000459,4.202084,,,,,,com.apple.keylayout.ABC,variable (CGDisplayMode reports 0),false,,,,,,
confirmation/memory_longrun/metrics.csv,input,"memory long-running switches, edits, and images",13,command,0.000583,4.134000,,,,,,com.apple.keylayout.ABC,variable (CGDisplayMode reports 0),false,,,,,,
confirmation/memory_longrun/metrics.csv,input,"memory long-running switches, edits, and images",14,command,0.000459,4.065334,,,,,,com.apple.keylayout.ABC,variable (CGDisplayMode reports 0),false,,,,,,
confirmation/memory_longrun/metrics.csv,input,"memory long-running switches, edits, and images",15,command,0.000500,3.994792,,,,,,com.apple.keylayout.ABC,variable (CGDisplayMode reports 0),false,,,,,,
confirmation/memory_longrun/metrics.csv,input,"memory long-running switches, edits, and images",16,command,0.000417,3.926417,,,,,,com.apple.keylayout.ABC,variable (CGDisplayMode reports 0),false,,,,,,
confirmation/memory_longrun/metrics.csv,input,"memory long-running switches, edits, and images",17,command,0.001000,3.855625,,,,,,com.apple.keylayout.ABC,variable (CGDisplayMode reports 0),false,,,,,,
confirmation/memory_longrun/metrics.csv,input,"memory long-running switches, edits, and images",18,command,0.000500,3.781500,,,,,,com.apple.keylayout.ABC,variable (CGDisplayMode reports 0),false,,,,,,
confirmation/memory_longrun/metrics.csv,input,"memory long-running switches, edits, and images",19,command,0.000458,3.711292,,,,,,com.apple.keylayout.ABC,variable (CGDisplayMode reports 0),false,,,,,,
confirmation/memory_longrun/metrics.csv,input,"memory long-running switches, edits, and images",20,command,0.000417,3.643084,,,,,,com.apple.keylayout.ABC,variable (CGDisplayMode reports 0),false,,,,,,
confirmation/memory_longrun/metrics.csv,input,"memory long-running switches, edits, and images",21,command,0.000500,3.575542,,,,,,com.apple.keylayout.ABC,variable (CGDisplayMode reports 0),false,,,,,,
confirmation/memory_longrun/metrics.csv,input,"memory long-running switches, edits, and images",22,command,0.000458,3.507250,,,,,,com.apple.keylayout.ABC,variable (CGDisplayMode reports 0),false,,,,,,
confirmation/memory_longrun/metrics.csv,input,"memory long-running switches, edits, and images",23,command,0.000417,3.436959,,,,,,com.apple.keylayout.ABC,variable (CGDisplayMode reports 0),false,,,,,,
confirmation/memory_longrun/metrics.csv,input,"memory long-running switches, edits, and images",24,command,0.000542,3.349292,,,,,,com.apple.keylayout.ABC,variable (CGDisplayMode reports 0),false,,,,,,
confirmation/memory_longrun/metrics.csv,input,"memory long-running switches, edits, and images",25,command,0.000542,3.281709,,,,,,com.apple.keylayout.ABC,variable (CGDisplayMode reports 0),false,,,,,,
confirmation/memory_longrun/metrics.csv,input,"memory long-running switches, edits, and images",26,command,0.000458,3.210167,,,,,,com.apple.keylayout.ABC,variable (CGDisplayMode reports 0),false,,,,,,
confirmation/memory_longrun/metrics.csv,input,"memory long-running switches, edits, and images",27,command,0.000500,3.136334,,,,,,com.apple.keylayout.ABC,variable (CGDisplayMode reports 0),false,,,,,,
confirmation/memory_longrun/metrics.csv,input,"memory long-running switches, edits, and images",28,command,0.000416,3.066000,,,,,,com.apple.keylayout.ABC,variable (CGDisplayMode reports 0),false,,,,,,
confirmation/memory_longrun/metrics.csv,input,"memory long-running switches, edits, and images",29,command,0.000459,2.998959,,,,,,com.apple.keylayout.ABC,variable (CGDisplayMode reports 0),false,,,,,,
confirmation/memory_longrun/metrics.csv,input,"memory long-running switches, edits, and images",30,command,0.000375,2.932209,,,,,,com.apple.keylayout.ABC,variable (CGDisplayMode reports 0),false,,,,,,
confirmation/memory_longrun/metrics.csv,input,"memory long-running switches, edits, and images",31,command,0.000417,2.865167,,,,,,com.apple.keylayout.ABC,variable (CGDisplayMode reports 0),false,,,,,,
confirmation/memory_longrun/metrics.csv,input,"memory long-running switches, edits, and images",32,command,0.000416,2.798500,,,,,,com.apple.keylayout.ABC,variable (CGDisplayMode reports 0),false,,,,,,
confirmation/memory_longrun/metrics.csv,input,"memory long-running switches, edits, and images",33,command,0.002166,2.721750,,,,,,com.apple.keylayout.ABC,variable (CGDisplayMode reports 0),false,,,,,,
confirmation/memory_longrun/metrics.csv,input,"memory long-running switches, edits, and images",34,command,0.000458,2.651875,,,,,,com.apple.keylayout.ABC,variable (CGDisplayMode reports 0),false,,,,,,
confirmation/memory_longrun/metrics.csv,input,"memory long-running switches, edits, and images",35,command,0.000542,2.579459,,,,,,com.apple.keylayout.ABC,variable (CGDisplayMode reports 0),false,,,,,,
confirmation/memory_longrun/metrics.csv,input,"memory long-running switches, edits, and images",36,command,0.000500,2.500959,,,,,,com.apple.keylayout.ABC,variable (CGDisplayMode reports 0),false,,,,,,
confirmation/memory_longrun/metrics.csv,input,"memory long-running switches, edits, and images",37,command,0.000584,2.423334,,,,,,com.apple.keylayout.ABC,variable (CGDisplayMode reports 0),false,,,,,,
confirmation/memory_longrun/metrics.csv,input,"memory long-running switches, edits, and images",38,command,0.000458,2.341667,,,,,,com.apple.keylayout.ABC,variable (CGDisplayMode reports 0),false,,,,,,
confirmation/memory_longrun/metrics.csv,input,"memory long-running switches, edits, and images",39,command,0.000459,2.251959,,,,,,com.apple.keylayout.ABC,variable (CGDisplayMode reports 0),false,,,,,,
confirmation/memory_longrun/metrics.csv,input,"memory long-running switches, edits, and images",40,command,0.000416,2.170750,,,,,,com.apple.keylayout.ABC,variable (CGDisplayMode reports 0),false,,,,,,
confirmation/memory_longrun/metrics.csv,paint,"memory long-running switches, edits, and images",,,,,82.126750,0.242542,,,,com.apple.keylayout.ABC,variable (CGDisplayMode reports 0),false,,,,0,2,2
confirmation/memory_longrun/metrics.csv,memory_longrun_cycle_15,"memory long-running switches, edits, and images",,,,,,,,,108412928,com.apple.keylayout.ABC,variable (CGDisplayMode reports 0),false,,,,,,
confirmation/memory_longrun/metrics.csv,paint,"memory long-running switches, edits, and images",,,,,936.314792,1.425083,,,,com.apple.keylayout.ABC,variable (CGDisplayMode reports 0),false,,,,0,2,2
confirmation/memory_longrun/metrics.csv,paint,"memory long-running switches, edits, and images",,,,,50.202208,1.761708,,,,com.apple.keylayout.ABC,variable (CGDisplayMode reports 0),false,,,,0,2,2
confirmation/memory_longrun/metrics.csv,paint,"memory long-running switches, edits, and images",,,,,4.283625,0.136500,,,,com.apple.keylayout.ABC,variable (CGDisplayMode reports 0),false,,,,2,0,0
confirmation/memory_longrun/metrics.csv,paint,"memory long-running switches, edits, and images",,,,,47.050667,1.004875,,,,com.apple.keylayout.ABC,variable (CGDisplayMode reports 0),false,,,,0,2,2
confirmation/memory_longrun/metrics.csv,paint,"memory long-running switches, edits, and images",,,,,52.543083,1.668333,,,,com.apple.keylayout.ABC,variable (CGDisplayMode reports 0),false,,,,0,2,2
confirmation/memory_longrun/metrics.csv,paint,"memory long-running switches, edits, and images",,,,,1.494750,0.129375,,,,com.apple.keylayout.ABC,variable (CGDisplayMode reports 0),false,,,,2,0,0
confirmation/memory_longrun/metrics.csv,paint,"memory long-running switches, edits, and images",,,,,49.788208,0.818083,,,,com.apple.keylayout.ABC,variable (CGDisplayMode reports 0),false,,,,0,2,2
confirmation/memory_longrun/metrics.csv,paint,"memory long-running switches, edits, and images",,,,,53.449875,1.727875,,,,com.apple.keylayout.ABC,variable (CGDisplayMode reports 0),false,,,,0,2,2
confirmation/memory_longrun/metrics.csv,paint,"memory long-running switches, edits, and images",,,,,4.286834,0.220875,,,,com.apple.keylayout.ABC,variable (CGDisplayMode reports 0),false,,,,2,0,0
confirmation/memory_longrun/metrics.csv,paint,"memory long-running switches, edits, and images",,,,,46.335125,0.973375,,,,com.apple.keylayout.ABC,variable (CGDisplayMode reports 0),false,,,,0,2,2
confirmation/memory_longrun/metrics.csv,paint,"memory long-running switches, edits, and images",,,,,53.178625,1.685500,,,,com.apple.keylayout.ABC,variable (CGDisplayMode reports 0),false,,,,0,2,2
confirmation/memory_longrun/metrics.csv,paint,"memory long-running switches, edits, and images",,,,,1.478250,0.143625,,,,com.apple.keylayout.ABC,variable (CGDisplayMode reports 0),false,,,,2,0,0
confirmation/memory_longrun/metrics.csv,paint,"memory long-running switches, edits, and images",,,,,49.993041,1.045291,,,,com.apple.keylayout.ABC,variable (CGDisplayMode reports 0),false,,,,0,2,2
confirmation/memory_longrun/metrics.csv,paint,"memory long-running switches, edits, and images",,,,,52.073917,1.472750,,,,com.apple.keylayout.ABC,variable (CGDisplayMode reports 0),false,,,,0,2,2
confirmation/memory_longrun/metrics.csv,paint,"memory long-running switches, edits, and images",,,,,5.028042,0.152791,,,,com.apple.keylayout.ABC,variable (CGDisplayMode reports 0),false,,,,2,0,0
confirmation/memory_longrun/metrics.csv,paint,"memory long-running switches, edits, and images",,,,,42.799208,0.909583,,,,com.apple.keylayout.ABC,variable (CGDisplayMode reports 0),false,,,,0,2,2
confirmation/memory_longrun/metrics.csv,input,"memory long-running switches, edits, and images",1,command,0.018875,4.173708,,,,,,com.apple.keylayout.ABC,variable (CGDisplayMode reports 0),false,,,,,,
confirmation/memory_longrun/metrics.csv,input,"memory long-running switches, edits, and images",2,command,0.003000,4.141208,,,,,,com.apple.keylayout.ABC,variable (CGDisplayMode reports 0),false,,,,,,
confirmation/memory_longrun/metrics.csv,input,"memory long-running switches, edits, and images",3,command,0.001667,4.137125,,,,,,com.apple.keylayout.ABC,variable (CGDisplayMode reports 0),false,,,,,,
confirmation/memory_longrun/metrics.csv,input,"memory long-running switches, edits, and images",4,command,0.000459,4.134875,,,,,,com.apple.keylayout.ABC,variable (CGDisplayMode reports 0),false,,,,,,
confirmation/memory_longrun/metrics.csv,input,"memory long-running switches, edits, and images",5,command,0.001333,4.133791,,,,,,com.apple.keylayout.ABC,variable (CGDisplayMode reports 0),false,,,,,,
confirmation/memory_longrun/metrics.csv,input,"memory long-running switches, edits, and images",6,command,0.000375,4.131083,,,,,,com.apple.keylayout.ABC,variable (CGDisplayMode reports 0),false,,,,,,
confirmation/memory_longrun/metrics.csv,input,"memory long-running switches, edits, and images",7,command,0.000416,4.130166,,,,,,com.apple.keylayout.ABC,variable (CGDisplayMode reports 0),false,,,,,,
confirmation/memory_longrun/metrics.csv,input,"memory long-running switches, edits, and images",8,command,0.000375,4.129125,,,,,,com.apple.keylayout.ABC,variable (CGDisplayMode reports 0),false,,,,,,
confirmation/memory_longrun/metrics.csv,input,"memory long-running switches, edits, and images",9,command,0.002083,4.128166,,,,,,com.apple.keylayout.ABC,variable (CGDisplayMode reports 0),false,,,,,,
confirmation/memory_longrun/metrics.csv,input,"memory long-running switches, edits, and images",10,command,0.000375,4.124666,,,,,,com.apple.keylayout.ABC,variable (CGDisplayMode reports 0),false,,,,,,
confirmation/memory_longrun/metrics.csv,input,"memory long-running switches, edits, and images",11,command,0.000416,4.123666,,,,,,com.apple.keylayout.ABC,variable (CGDisplayMode reports 0),false,,,,,,
confirmation/memory_longrun/metrics.csv,input,"memory long-running switches, edits, and images",12,command,0.000333,4.122583,,,,,,com.apple.keylayout.ABC,variable (CGDisplayMode reports 0),false,,,,,,
confirmation/memory_longrun/metrics.csv,input,"memory long-running switches, edits, and images",13,command,0.000375,4.121666,,,,,,com.apple.keylayout.ABC,variable (CGDisplayMode reports 0),false,,,,,,
confirmation/memory_longrun/metrics.csv,input,"memory long-running switches, edits, and images",14,command,0.000375,4.120625,,,,,,com.apple.keylayout.ABC,variable (CGDisplayMode reports 0),false,,,,,,
confirmation/memory_longrun/metrics.csv,input,"memory long-running switches, edits, and images",15,command,0.000416,4.119666,,,,,,com.apple.keylayout.ABC,variable (CGDisplayMode reports 0),false,,,,,,
confirmation/memory_longrun/metrics.csv,input,"memory long-running switches, edits, and images",16,command,0.000333,4.118833,,,,,,com.apple.keylayout.ABC,variable (CGDisplayMode reports 0),false,,,,,,
confirmation/memory_longrun/metrics.csv,input,"memory long-running switches, edits, and images",17,command,0.001833,4.117958,,,,,,com.apple.keylayout.ABC,variable (CGDisplayMode reports 0),false,,,,,,
confirmation/memory_longrun/metrics.csv,input,"memory long-running switches, edits, and images",18,command,0.000375,4.114666,,,,,,com.apple.keylayout.ABC,variable (CGDisplayMode reports 0),false,,,,,,
confirmation/memory_longrun/metrics.csv,input,"memory long-running switches, edits, and images",19,command,0.000333,4.113916,,,,,,com.apple.keylayout.ABC,variable (CGDisplayMode reports 0),false,,,,,,
confirmation/memory_longrun/metrics.csv,input,"memory long-running switches, edits, and images",20,command,0.000333,4.113208,,,,,,com.apple.keylayout.ABC,variable (CGDisplayMode reports 0),false,,,,,,
confirmation/memory_longrun/metrics.csv,input,"memory long-running switches, edits, and images",21,command,0.000417,4.112375,,,,,,com.apple.keylayout.ABC,variable (CGDisplayMode reports 0),false,,,,,,
confirmation/memory_longrun/metrics.csv,input,"memory long-running switches, edits, and images",22,command,0.000334,4.111375,,,,,,com.apple.keylayout.ABC,variable (CGDisplayMode reports 0),false,,,,,,
confirmation/memory_longrun/metrics.csv,input,"memory long-running switches, edits, and images",23,command,0.000333,4.110666,,,,,,com.apple.keylayout.ABC,variable (CGDisplayMode reports 0),false,,,,,,
confirmation/memory_longrun/metrics.csv,input,"memory long-running switches, edits, and images",24,command,0.000292,4.109958,,,,,,com.apple.keylayout.ABC,variable (CGDisplayMode reports 0),false,,,,,,
confirmation/memory_longrun/metrics.csv,input,"memory long-running switches, edits, and images",25,command,0.000416,4.109041,,,,,,com.apple.keylayout.ABC,variable (CGDisplayMode reports 0),false,,,,,,
confirmation/memory_longrun/metrics.csv,input,"memory long-running switches, edits, and images",26,command,0.000334,4.108000,,,,,,com.apple.keylayout.ABC,variable (CGDisplayMode reports 0),false,,,,,,
confirmation/memory_longrun/metrics.csv,input,"memory long-running switches, edits, and images",27,command,0.000333,4.107291,,,,,,com.apple.keylayout.ABC,variable (CGDisplayMode reports 0),false,,,,,,
confirmation/memory_longrun/metrics.csv,input,"memory long-running switches, edits, and images",28,command,0.000333,4.106541,,,,,,com.apple.keylayout.ABC,variable (CGDisplayMode reports 0),false,,,,,,
confirmation/memory_longrun/metrics.csv,input,"memory long-running switches, edits, and images",29,command,0.000417,4.105583,,,,,,com.apple.keylayout.ABC,variable (CGDisplayMode reports 0),false,,,,,,
confirmation/memory_longrun/metrics.csv,input,"memory long-running switches, edits, and images",30,command,0.000333,4.104541,,,,,,com.apple.keylayout.ABC,variable (CGDisplayMode reports 0),false,,,,,,
confirmation/memory_longrun/metrics.csv,input,"memory long-running switches, edits, and images",31,command,0.000292,4.103583,,,,,,com.apple.keylayout.ABC,variable (CGDisplayMode reports 0),false,,,,,,
confirmation/memory_longrun/metrics.csv,input,"memory long-running switches, edits, and images",32,command,0.000375,4.102625,,,,,,com.apple.keylayout.ABC,variable (CGDisplayMode reports 0),false,,,,,,
confirmation/memory_longrun/metrics.csv,input,"memory long-running switches, edits, and images",33,command,0.001667,4.101583,,,,,,com.apple.keylayout.ABC,variable (CGDisplayMode reports 0),false,,,,,,
confirmation/memory_longrun/metrics.csv,input,"memory long-running switches, edits, and images",34,command,0.000333,4.097916,,,,,,com.apple.keylayout.ABC,variable (CGDisplayMode reports 0),false,,,,,,
confirmation/memory_longrun/metrics.csv,input,"memory long-running switches, edits, and images",35,command,0.000417,4.097000,,,,,,com.apple.keylayout.ABC,variable (CGDisplayMode reports 0),false,,,,,,
confirmation/memory_longrun/metrics.csv,input,"memory long-running switches, edits, and images",36,command,0.000333,4.096041,,,,,,com.apple.keylayout.ABC,variable (CGDisplayMode reports 0),false,,,,,,
confirmation/memory_longrun/metrics.csv,input,"memory long-running switches, edits, and images",37,command,0.000417,4.095083,,,,,,com.apple.keylayout.ABC,variable (CGDisplayMode reports 0),false,,,,,,
confirmation/memory_longrun/metrics.csv,input,"memory long-running switches, edits, and images",38,command,0.000333,4.094041,,,,,,com.apple.keylayout.ABC,variable (CGDisplayMode reports 0),false,,,,,,
confirmation/memory_longrun/metrics.csv,input,"memory long-running switches, edits, and images",39,command,0.000333,4.092708,,,,,,com.apple.keylayout.ABC,variable (CGDisplayMode reports 0),false,,,,,,
confirmation/memory_longrun/metrics.csv,input,"memory long-running switches, edits, and images",40,command,0.000333,4.091708,,,,,,com.apple.keylayout.ABC,variable (CGDisplayMode reports 0),false,,,,,,
confirmation/memory_longrun/metrics.csv,paint,"memory long-running switches, edits, and images",,,,,49.291375,0.191667,,,,com.apple.keylayout.ABC,variable (CGDisplayMode reports 0),false,,,,0,2,2
confirmation/memory_longrun/metrics.csv,memory_longrun_cycle_20,"memory long-running switches, edits, and images",,,,,,,,,108822528,com.apple.keylayout.ABC,variable (CGDisplayMode reports 0),false,,,,,,
confirmation/memory_longrun/metrics.csv,memory_longrun_idle,"memory long-running switches, edits, and images",,,,,,,,,108167168,com.apple.keylayout.ABC,variable (CGDisplayMode reports 0),false,,,,,,
confirmation/memory_visits_1k/trial_1/metrics.csv,memory_load,memory after visiting notes,,,,,,,,,,com.apple.keylayout.ABC,variable (CGDisplayMode reports 0),false,,,,,,
confirmation/memory_visits_1k/trial_1/metrics.csv,ready,memory after visiting notes,,,,,,,185.925750,0.000000,70729728,com.apple.keylayout.ABC,variable (CGDisplayMode reports 0),false,,,,,,
confirmation/memory_visits_1k/trial_1/metrics.csv,paint,memory after visiting notes,,,,,,0.126041,,,,com.apple.keylayout.ABC,variable (CGDisplayMode reports 0),false,,,,0,1,1
confirmation/memory_visits_1k/trial_1/metrics.csv,paint,memory after visiting notes,,,,,11.398667,0.050916,,,,com.apple.keylayout.ABC,variable (CGDisplayMode reports 0),false,,,,0,1,1
confirmation/memory_visits_1k/trial_1/metrics.csv,paint,memory after visiting notes,,,,,100.684791,1.980167,,,,com.apple.keylayout.ABC,variable (CGDisplayMode reports 0),false,,,,0,1,1
confirmation/memory_visits_1k/trial_1/metrics.csv,paint,memory after visiting notes,,,,,29.136042,1.296917,,,,com.apple.keylayout.ABC,variable (CGDisplayMode reports 0),false,,,,0,1,1
confirmation/memory_visits_1k/trial_1/metrics.csv,paint,memory after visiting notes,,,,,22.173750,2.114625,,,,com.apple.keylayout.ABC,variable (CGDisplayMode reports 0),false,,,,0,2,2
confirmation/memory_visits_1k/trial_1/metrics.csv,paint,memory after visiting notes,,,,,14.433083,1.390917,,,,com.apple.keylayout.ABC,variable (CGDisplayMode reports 0),false,,,,2,0,0
confirmation/memory_visits_1k/trial_1/metrics.csv,paint,memory after visiting notes,,,,,17.499625,1.952375,,,,com.apple.keylayout.ABC,variable (CGDisplayMode reports 0),false,,,,0,2,2
confirmation/memory_visits_1k/trial_1/metrics.csv,paint,memory after visiting notes,,,,,11.034834,1.229209,,,,com.apple.keylayout.ABC,variable (CGDisplayMode reports 0),false,,,,2,0,0
confirmation/memory_visits_1k/trial_1/metrics.csv,paint,memory after visiting notes,,,,,29.967458,1.914625,,,,com.apple.keylayout.ABC,variable (CGDisplayMode reports 0),false,,,,0,2,2
confirmation/memory_visits_1k/trial_1/metrics.csv,paint,memory after visiting notes,,,,,11.586292,1.188417,,,,com.apple.keylayout.ABC,variable (CGDisplayMode reports 0),false,,,,2,0,0
confirmation/memory_visits_1k/trial_1/metrics.csv,paint,memory after visiting notes,,,,,38.721291,1.917459,,,,com.apple.keylayout.ABC,variable (CGDisplayMode reports 0),false,,,,0,2,2
confirmation/memory_visits_1k/trial_1/metrics.csv,paint,memory after visiting notes,,,,,11.990125,1.275583,,,,com.apple.keylayout.ABC,variable (CGDisplayMode reports 0),false,,,,2,0,0
confirmation/memory_visits_1k/trial_1/metrics.csv,paint,memory after visiting notes,,,,,38.990959,1.895000,,,,com.apple.keylayout.ABC,variable (CGDisplayMode reports 0),false,,,,0,2,2
confirmation/memory_visits_1k/trial_1/metrics.csv,paint,memory after visiting notes,,,,,11.501083,1.253041,,,,com.apple.keylayout.ABC,variable (CGDisplayMode reports 0),false,,,,2,0,0
confirmation/memory_visits_1k/trial_1/metrics.csv,paint,memory after visiting notes,,,,,37.332375,1.861959,,,,com.apple.keylayout.ABC,variable (CGDisplayMode reports 0),false,,,,0,2,2
confirmation/memory_visits_1k/trial_1/metrics.csv,paint,memory after visiting notes,,,,,11.278958,1.251167,,,,com.apple.keylayout.ABC,variable (CGDisplayMode reports 0),false,,,,2,0,0
confirmation/memory_visits_1k/trial_1/metrics.csv,paint,memory after visiting notes,,,,,39.380417,1.917333,,,,com.apple.keylayout.ABC,variable (CGDisplayMode reports 0),false,,,,0,2,2
confirmation/memory_visits_1k/trial_1/metrics.csv,paint,memory after visiting notes,,,,,10.280500,1.238916,,,,com.apple.keylayout.ABC,variable (CGDisplayMode reports 0),false,,,,2,0,0
confirmation/memory_visits_1k/trial_1/metrics.csv,paint,memory after visiting notes,,,,,41.241250,1.914167,,,,com.apple.keylayout.ABC,variable (CGDisplayMode reports 0),false,,,,0,2,2
confirmation/memory_visits_1k/trial_1/metrics.csv,paint,memory after visiting notes,,,,,11.135458,1.263750,,,,com.apple.keylayout.ABC,variable (CGDisplayMode reports 0),false,,,,2,0,0
confirmation/memory_visits_1k/trial_1/metrics.csv,paint,memory after visiting notes,,,,,41.722959,1.941042,,,,com.apple.keylayout.ABC,variable (CGDisplayMode reports 0),false,,,,0,2,2
confirmation/memory_visits_1k/trial_1/metrics.csv,paint,memory after visiting notes,,,,,10.464833,1.176750,,,,com.apple.keylayout.ABC,variable (CGDisplayMode reports 0),false,,,,2,0,0
confirmation/memory_visits_1k/trial_1/metrics.csv,paint,memory after visiting notes,,,,,40.387458,1.916666,,,,com.apple.keylayout.ABC,variable (CGDisplayMode reports 0),false,,,,0,2,2
confirmation/memory_visits_1k/trial_1/metrics.csv,paint,memory after visiting notes,,,,,10.276084,1.207208,,,,com.apple.keylayout.ABC,variable (CGDisplayMode reports 0),false,,,,2,0,0
confirmation/memory_visits_1k/trial_1/metrics.csv,paint,memory after visiting notes,,,,,58.370291,1.803750,,,,com.apple.keylayout.ABC,variable (CGDisplayMode reports 0),false,,,,0,2,2
confirmation/memory_visits_1k/trial_1/metrics.csv,paint,memory after visiting notes,,,,,7207.087375,4.376666,,,,com.apple.keylayout.ABC,variable (CGDisplayMode reports 0),false,,,,2,0,0
confirmation/memory_visits_1k/trial_1/metrics.csv,paint,memory after visiting notes,,,,,5119.434917,2.515667,,,,com.apple.keylayout.ABC,variable (CGDisplayMode reports 0),false,,,,2,0,0
confirmation/memory_visits_1k/trial_1/metrics.csv,memory_after_10_notes,memory after visiting notes,,,,,,,,,132546560,com.apple.keylayout.ABC,variable (CGDisplayMode reports 0),false,,,,,,
confirmation/memory_visits_1k/trial_1/metrics.csv,paint,memory after visiting notes,,,,,18395.170708,4.828542,,,,com.apple.keylayout.ABC,variable (CGDisplayMode reports 0),false,,,,0,2,2
confirmation/memory_visits_1k/trial_1/metrics.csv,paint,memory after visiting notes,,,,,16.167125,2.110291,,,,com.apple.keylayout.ABC,variable (CGDisplayMode reports 0),false,,,,2,0,0
confirmation/memory_visits_1k/trial_1/metrics.csv,paint,memory after visiting notes,,,,,25.800334,2.432333,,,,com.apple.keylayout.ABC,variable (CGDisplayMode reports 0),false,,,,0,2,2
confirmation/memory_visits_1k/trial_1/metrics.csv,paint,memory after visiting notes,,,,,12.717375,1.330416,,,,com.apple.keylayout.ABC,variable (CGDisplayMode reports 0),false,,,,2,0,0
confirmation/memory_visits_1k/trial_1/metrics.csv,paint,memory after visiting notes,,,,,29.819458,1.476791,,,,com.apple.keylayout.ABC,variable (CGDisplayMode reports 0),false,,,,2,0,0
confirmation/memory_visits_1k/trial_1/metrics.csv,paint,memory after visiting notes,,,,,20.763708,2.191917,,,,com.apple.keylayout.ABC,variable (CGDisplayMode reports 0),false,,,,0,2,2
confirmation/memory_visits_1k/trial_1/metrics.csv,paint,memory after visiting notes,,,,,12.999250,1.349333,,,,com.apple.keylayout.ABC,variable (CGDisplayMode reports 0),false,,,,2,0,0
confirmation/memory_visits_1k/trial_1/metrics.csv,paint,memory after visiting notes,,,,,25.617250,2.051916,,,,com.apple.keylayout.ABC,variable (CGDisplayMode reports 0),false,,,,0,2,2
confirmation/memory_visits_1k/trial_1/metrics.csv,paint,memory after visiting notes,,,,,11.856584,1.293083,,,,com.apple.keylayout.ABC,variable (CGDisplayMode reports 0),false,,,,2,0,0
confirmation/memory_visits_1k/trial_1/metrics.csv,paint,memory after visiting notes,,,,,38.268958,2.012958,,,,com.apple.keylayout.ABC,variable (CGDisplayMode reports 0),false,,,,0,2,2
confirmation/memory_visits_1k/trial_1/metrics.csv,paint,memory after visiting notes,,,,,10.422875,1.205625,,,,com.apple.keylayout.ABC,variable (CGDisplayMode reports 0),false,,,,2,0,0
confirmation/memory_visits_1k/trial_1/metrics.csv,paint,memory after visiting notes,,,,,41.630667,1.902541,,,,com.apple.keylayout.ABC,variable (CGDisplayMode reports 0),false,,,,0,2,2
confirmation/memory_visits_1k/trial_1/metrics.csv,paint,memory after visiting notes,,,,,10.367833,1.206583,,,,com.apple.keylayout.ABC,variable (CGDisplayMode reports 0),false,,,,2,0,0
confirmation/memory_visits_1k/trial_1/metrics.csv,paint,memory after visiting notes,,,,,39.114708,1.908959,,,,com.apple.keylayout.ABC,variable (CGDisplayMode reports 0),false,,,,0,2,2
confirmation/memory_visits_1k/trial_1/metrics.csv,paint,memory after visiting notes,,,,,10.324542,1.200125,,,,com.apple.keylayout.ABC,variable (CGDisplayMode reports 0),false,,,,2,0,0
confirmation/memory_visits_1k/trial_1/metrics.csv,paint,memory after visiting notes,,,,,44.068875,1.965041,,,,com.apple.keylayout.ABC,variable (CGDisplayMode reports 0),false,,,,0,2,2
confirmation/memory_visits_1k/trial_1/metrics.csv,paint,memory after visiting notes,,,,,10.907333,1.270333,,,,com.apple.keylayout.ABC,variable (CGDisplayMode reports 0),false,,,,2,0,0
confirmation/memory_visits_1k/trial_1/metrics.csv,paint,memory after visiting notes,,,,,39.583584,1.994042,,,,com.apple.keylayout.ABC,variable (CGDisplayMode reports 0),false,,,,0,2,2
confirmation/memory_visits_1k/trial_1/metrics.csv,paint,memory after visiting notes,,,,,11.204416,1.286500,,,,com.apple.keylayout.ABC,variable (CGDisplayMode reports 0),false,,,,2,0,0
confirmation/memory_visits_1k/trial_1/metrics.csv,paint,memory after visiting notes,,,,,41.903334,2.100333,,,,com.apple.keylayout.ABC,variable (CGDisplayMode reports 0),false,,,,0,2,2
confirmation/memory_visits_1k/trial_1/metrics.csv,paint,memory after visiting notes,,,,,11.049416,1.284917,,,,com.apple.keylayout.ABC,variable (CGDisplayMode reports 0),false,,,,2,0,0
confirmation/memory_visits_1k/trial_1/metrics.csv,paint,memory after visiting notes,,,,,41.446875,2.095625,,,,com.apple.keylayout.ABC,variable (CGDisplayMode reports 0),false,,,,0,2,2
confirmation/memory_visits_1k/trial_1/metrics.csv,paint,memory after visiting notes,,,,,11.402542,1.304333,,,,com.apple.keylayout.ABC,variable (CGDisplayMode reports 0),false,,,,2,0,0
confirmation/memory_visits_1k/trial_1/metrics.csv,paint,memory after visiting notes,,,,,42.306792,2.124750,,,,com.apple.keylayout.ABC,variable (CGDisplayMode reports 0),false,,,,0,2,2
confirmation/memory_visits_1k/trial_1/metrics.csv,paint,memory after visiting notes,,,,,12.326458,1.310583,,,,com.apple.keylayout.ABC,variable (CGDisplayMode reports 0),false,,,,2,0,0
confirmation/memory_visits_1k/trial_1/metrics.csv,paint,memory after visiting notes,,,,,37.599375,2.078167,,,,com.apple.keylayout.ABC,variable (CGDisplayMode reports 0),false,,,,0,2,2
confirmation/memory_visits_1k/trial_1/metrics.csv,paint,memory after visiting notes,,,,,11.719292,1.283667,,,,com.apple.keylayout.ABC,variable (CGDisplayMode reports 0),false,,,,2,0,0
confirmation/memory_visits_1k/trial_1/metrics.csv,paint,memory after visiting notes,,,,,39.300166,2.004708,,,,com.apple.keylayout.ABC,variable (CGDisplayMode reports 0),false,,,,0,2,2
confirmation/memory_visits_1k/trial_1/metrics.csv,paint,memory after visiting notes,,,,,10.554167,1.222833,,,,com.apple.keylayout.ABC,variable (CGDisplayMode reports 0),false,,,,2,0,0
confirmation/memory_visits_1k/trial_1/metrics.csv,paint,memory after visiting notes,,,,,40.829708,1.963084,,,,com.apple.keylayout.ABC,variable (CGDisplayMode reports 0),false,,,,0,2,2
confirmation/memory_visits_1k/trial_1/metrics.csv,paint,memory after visiting notes,,,,,10.761084,1.271792,,,,com.apple.keylayout.ABC,variable (CGDisplayMode reports 0),false,,,,2,0,0
confirmation/memory_visits_1k/trial_1/metrics.csv,paint,memory after visiting notes,,,,,40.323750,2.027458,,,,com.apple.keylayout.ABC,variable (CGDisplayMode reports 0),false,,,,0,2,2
confirmation/memory_visits_1k/trial_1/metrics.csv,paint,memory after visiting notes,,,,,10.861208,1.266333,,,,com.apple.keylayout.ABC,variable (CGDisplayMode reports 0),false,,,,2,0,0
confirmation/memory_visits_1k/trial_1/metrics.csv,paint,memory after visiting notes,,,,,43.773667,2.144958,,,,com.apple.keylayout.ABC,variable (CGDisplayMode reports 0),false,,,,0,2,2
confirmation/memory_visits_1k/trial_1/metrics.csv,paint,memory after visiting notes,,,,,12.213916,1.305375,,,,com.apple.keylayout.ABC,variable (CGDisplayMode reports 0),false,,,,2,0,0
confirmation/memory_visits_1k/trial_1/metrics.csv,paint,memory after visiting notes,,,,,38.029834,2.078000,,,,com.apple.keylayout.ABC,variable (CGDisplayMode reports 0),false,,,,0,2,2
confirmation/memory_visits_1k/trial_1/metrics.csv,paint,memory after visiting notes,,,,,11.837458,1.318834,,,,com.apple.keylayout.ABC,variable (CGDisplayMode reports 0),false,,,,2,0,0
confirmation/memory_visits_1k/trial_1/metrics.csv,paint,memory after visiting notes,,,,,38.300125,2.056792,,,,com.apple.keylayout.ABC,variable (CGDisplayMode reports 0),false,,,,0,2,2
confirmation/memory_visits_1k/trial_1/metrics.csv,paint,memory after visiting notes,,,,,10.955083,1.282625,,,,com.apple.keylayout.ABC,variable (CGDisplayMode reports 0),false,,,,2,0,0
confirmation/memory_visits_1k/trial_1/metrics.csv,paint,memory after visiting notes,,,,,40.529584,2.087416,,,,com.apple.keylayout.ABC,variable (CGDisplayMode reports 0),false,,,,0,2,2
confirmation/memory_visits_1k/trial_1/metrics.csv,paint,memory after visiting notes,,,,,11.323000,1.303750,,,,com.apple.keylayout.ABC,variable (CGDisplayMode reports 0),false,,,,2,0,0
confirmation/memory_visits_1k/trial_1/metrics.csv,paint,memory after visiting notes,,,,,41.130958,2.077958,,,,com.apple.keylayout.ABC,variable (CGDisplayMode reports 0),false,,,,0,2,2
confirmation/memory_visits_1k/trial_1/metrics.csv,paint,memory after visiting notes,,,,,11.138333,1.296708,,,,com.apple.keylayout.ABC,variable (CGDisplayMode reports 0),false,,,,2,0,0
confirmation/memory_visits_1k/trial_1/metrics.csv,paint,memory after visiting notes,,,,,42.895209,2.039750,,,,com.apple.keylayout.ABC,variable (CGDisplayMode reports 0),false,,,,0,2,2
confirmation/memory_visits_1k/trial_1/metrics.csv,paint,memory after visiting notes,,,,,12.068791,1.322458,,,,com.apple.keylayout.ABC,variable (CGDisplayMode reports 0),false,,,,2,0,0
confirmation/memory_visits_1k/trial_1/metrics.csv,paint,memory after visiting notes,,,,,38.277334,1.989000,,,,com.apple.keylayout.ABC,variable (CGDisplayMode reports 0),false,,,,0,2,2
confirmation/memory_visits_1k/trial_1/metrics.csv,paint,memory after visiting notes,,,,,10.580250,1.231416,,,,com.apple.keylayout.ABC,variable (CGDisplayMode reports 0),false,,,,2,0,0
confirmation/memory_visits_1k/trial_1/metrics.csv,paint,memory after visiting notes,,,,,39.317708,1.922083,,,,com.apple.keylayout.ABC,variable (CGDisplayMode reports 0),false,,,,0,2,2
confirmation/memory_visits_1k/trial_1/metrics.csv,paint,memory after visiting notes,,,,,10.719250,1.278750,,,,com.apple.keylayout.ABC,variable (CGDisplayMode reports 0),false,,,,2,0,0
confirmation/memory_visits_1k/trial_1/metrics.csv,paint,memory after visiting notes,,,,,42.199125,2.001083,,,,com.apple.keylayout.ABC,variable (CGDisplayMode reports 0),false,,,,0,2,2
confirmation/memory_visits_1k/trial_1/metrics.csv,paint,memory after visiting notes,,,,,10.928375,1.243875,,,,com.apple.keylayout.ABC,variable (CGDisplayMode reports 0),false,,,,2,0,0
confirmation/memory_visits_1k/trial_1/metrics.csv,paint,memory after visiting notes,,,,,41.803375,2.027750,,,,com.apple.keylayout.ABC,variable (CGDisplayMode reports 0),false,,,,0,2,2
confirmation/memory_visits_1k/trial_1/metrics.csv,paint,memory after visiting notes,,,,,10.763250,1.286834,,,,com.apple.keylayout.ABC,variable (CGDisplayMode reports 0),false,,,,2,0,0
confirmation/memory_visits_1k/trial_1/metrics.csv,paint,memory after visiting notes,,,,,41.540875,2.044500,,,,com.apple.keylayout.ABC,variable (CGDisplayMode reports 0),false,,,,0,2,2
confirmation/memory_visits_1k/trial_1/metrics.csv,paint,memory after visiting notes,,,,,11.249917,1.300375,,,,com.apple.keylayout.ABC,variable (CGDisplayMode reports 0),false,,,,2,0,0
confirmation/memory_visits_1k/trial_1/metrics.csv,paint,memory after visiting notes,,,,,39.144416,2.070125,,,,com.apple.keylayout.ABC,variable (CGDisplayMode reports 0),false,,,,0,2,2
confirmation/memory_visits_1k/trial_1/metrics.csv,paint,memory after visiting notes,,,,,12.146542,1.324458,,,,com.apple.keylayout.ABC,variable (CGDisplayMode reports 0),false,,,,2,0,0
confirmation/memory_visits_1k/trial_1/metrics.csv,paint,memory after visiting notes,,,,,41.023292,2.140583,,,,com.apple.keylayout.ABC,variable (CGDisplayMode reports 0),false,,,,0,2,2
confirmation/memory_visits_1k/trial_1/metrics.csv,paint,memory after visiting notes,,,,,11.688708,1.400250,,,,com.apple.keylayout.ABC,variable (CGDisplayMode reports 0),false,,,,2,0,0
confirmation/memory_visits_1k/trial_1/metrics.csv,paint,memory after visiting notes,,,,,40.431167,2.067167,,,,com.apple.keylayout.ABC,variable (CGDisplayMode reports 0),false,,,,0,2,2
confirmation/memory_visits_1k/trial_1/metrics.csv,paint,memory after visiting notes,,,,,11.503541,1.295958,,,,com.apple.keylayout.ABC,variable (CGDisplayMode reports 0),false,,,,2,0,0
confirmation/memory_visits_1k/trial_1/metrics.csv,paint,memory after visiting notes,,,,,40.932250,2.000708,,,,com.apple.keylayout.ABC,variable (CGDisplayMode reports 0),false,,,,0,2,2
confirmation/memory_visits_1k/trial_1/metrics.csv,paint,memory after visiting notes,,,,,11.005834,1.298541,,,,com.apple.keylayout.ABC,variable (CGDisplayMode reports 0),false,,,,2,0,0
confirmation/memory_visits_1k/trial_1/metrics.csv,paint,memory after visiting notes,,,,,39.883708,1.974334,,,,com.apple.keylayout.ABC,variable (CGDisplayMode reports 0),false,,,,0,2,2
confirmation/memory_visits_1k/trial_1/metrics.csv,paint,memory after visiting notes,,,,,10.781875,1.242042,,,,com.apple.keylayout.ABC,variable (CGDisplayMode reports 0),false,,,,2,0,0
confirmation/memory_visits_1k/trial_1/metrics.csv,paint,memory after visiting notes,,,,,42.314583,1.981166,,,,com.apple.keylayout.ABC,variable (CGDisplayMode reports 0),false,,,,0,2,2
confirmation/memory_visits_1k/trial_1/metrics.csv,paint,memory after visiting notes,,,,,11.239417,1.272208,,,,com.apple.keylayout.ABC,variable (CGDisplayMode reports 0),false,,,,2,0,0
confirmation/memory_visits_1k/trial_1/metrics.csv,paint,memory after visiting notes,,,,,39.180500,2.003458,,,,com.apple.keylayout.ABC,variable (CGDisplayMode reports 0),false,,,,0,2,2
confirmation/memory_visits_1k/trial_1/metrics.csv,paint,memory after visiting notes,,,,,11.219917,1.258041,,,,com.apple.keylayout.ABC,variable (CGDisplayMode reports 0),false,,,,2,0,0
confirmation/memory_visits_1k/trial_1/metrics.csv,paint,memory after visiting notes,,,,,42.798333,2.006291,,,,com.apple.keylayout.ABC,variable (CGDisplayMode reports 0),false,,,,0,2,2
confirmation/memory_visits_1k/trial_1/metrics.csv,paint,memory after visiting notes,,,,,11.659625,1.260584,,,,com.apple.keylayout.ABC,variable (CGDisplayMode reports 0),false,,,,2,0,0
confirmation/memory_visits_1k/trial_1/metrics.csv,paint,memory after visiting notes,,,,,39.199042,2.011416,,,,com.apple.keylayout.ABC,variable (CGDisplayMode reports 0),false,,,,0,2,2
confirmation/memory_visits_1k/trial_1/metrics.csv,paint,memory after visiting notes,,,,,11.934625,1.304125,,,,com.apple.keylayout.ABC,variable (CGDisplayMode reports 0),false,,,,2,0,0
confirmation/memory_visits_1k/trial_1/metrics.csv,paint,memory after visiting notes,,,,,40.186083,2.087041,,,,com.apple.keylayout.ABC,variable (CGDisplayMode reports 0),false,,,,0,2,2
confirmation/memory_visits_1k/trial_1/metrics.csv,paint,memory after visiting notes,,,,,12.888458,1.389250,,,,com.apple.keylayout.ABC,variable (CGDisplayMode reports 0),false,,,,2,0,0
confirmation/memory_visits_1k/trial_1/metrics.csv,paint,memory after visiting notes,,,,,39.540209,2.066792,,,,com.apple.keylayout.ABC,variable (CGDisplayMode reports 0),false,,,,0,2,2
confirmation/memory_visits_1k/trial_1/metrics.csv,paint,memory after visiting notes,,,,,11.619291,1.305958,,,,com.apple.keylayout.ABC,variable (CGDisplayMode reports 0),false,,,,2,0,0
confirmation/memory_visits_1k/trial_1/metrics.csv,paint,memory after visiting notes,,,,,41.381459,2.143333,,,,com.apple.keylayout.ABC,variable (CGDisplayMode reports 0),false,,,,0,2,2
confirmation/memory_visits_1k/trial_1/metrics.csv,paint,memory after visiting notes,,,,,11.565791,1.295000,,,,com.apple.keylayout.ABC,variable (CGDisplayMode reports 0),false,,,,2,0,0
confirmation/memory_visits_1k/trial_1/metrics.csv,paint,memory after visiting notes,,,,,38.889542,2.017041,,,,com.apple.keylayout.ABC,variable (CGDisplayMode reports 0),false,,,,0,2,2
confirmation/memory_visits_1k/trial_1/metrics.csv,paint,memory after visiting notes,,,,,11.400708,1.263959,,,,com.apple.keylayout.ABC,variable (CGDisplayMode reports 0),false,,,,2,0,0
confirmation/memory_visits_1k/trial_1/metrics.csv,paint,memory after visiting notes,,,,,46.099875,2.027917,,,,com.apple.keylayout.ABC,variable (CGDisplayMode reports 0),false,,,,0,2,2
confirmation/memory_visits_1k/trial_1/metrics.csv,paint,memory after visiting notes,,,,,11.367209,1.259583,,,,com.apple.keylayout.ABC,variable (CGDisplayMode reports 0),false,,,,2,0,0
confirmation/memory_visits_1k/trial_1/metrics.csv,paint,memory after visiting notes,,,,,35.856291,2.041583,,,,com.apple.keylayout.ABC,variable (CGDisplayMode reports 0),false,,,,0,2,2
confirmation/memory_visits_1k/trial_1/metrics.csv,paint,memory after visiting notes,,,,,12.550917,1.293834,,,,com.apple.keylayout.ABC,variable (CGDisplayMode reports 0),false,,,,2,0,0
confirmation/memory_visits_1k/trial_1/metrics.csv,paint,memory after visiting notes,,,,,41.118125,2.061167,,,,com.apple.keylayout.ABC,variable (CGDisplayMode reports 0),false,,,,0,2,2
confirmation/memory_visits_1k/trial_1/metrics.csv,paint,memory after visiting notes,,,,,11.951542,1.358833,,,,com.apple.keylayout.ABC,variable (CGDisplayMode reports 0),false,,,,2,0,0
confirmation/memory_visits_1k/trial_1/metrics.csv,paint,memory after visiting notes,,,,,38.326083,2.036500,,,,com.apple.keylayout.ABC,variable (CGDisplayMode reports 0),false,,,,0,2,2
confirmation/memory_visits_1k/trial_1/metrics.csv,paint,memory after visiting notes,,,,,11.833042,1.268333,,,,com.apple.keylayout.ABC,variable (CGDisplayMode reports 0),false,,,,2,0,0
confirmation/memory_visits_1k/trial_1/metrics.csv,paint,memory after visiting notes,,,,,40.922375,2.054042,,,,com.apple.keylayout.ABC,variable (CGDisplayMode reports 0),false,,,,0,2,2
confirmation/memory_visits_1k/trial_1/metrics.csv,paint,memory after visiting notes,,,,,11.702333,1.289750,,,,com.apple.keylayout.ABC,variable (CGDisplayMode reports 0),false,,,,2,0,0
confirmation/memory_visits_1k/trial_1/metrics.csv,paint,memory after visiting notes,,,,,40.416917,2.114792,,,,com.apple.keylayout.ABC,variable (CGDisplayMode reports 0),false,,,,0,2,2
confirmation/memory_visits_1k/trial_1/metrics.csv,paint,memory after visiting notes,,,,,11.977291,1.309125,,,,com.apple.keylayout.ABC,variable (CGDisplayMode reports 0),false,,,,2,0,0
confirmation/memory_visits_1k/trial_1/metrics.csv,paint,memory after visiting notes,,,,,40.776250,2.070500,,,,com.apple.keylayout.ABC,variable (CGDisplayMode reports 0),false,,,,0,2,2
confirmation/memory_visits_1k/trial_1/metrics.csv,paint,memory after visiting notes,,,,,11.844292,1.328833,,,,com.apple.keylayout.ABC,variable (CGDisplayMode reports 0),false,,,,2,0,0
confirmation/memory_visits_1k/trial_1/metrics.csv,paint,memory after visiting notes,,,,,39.337375,2.096375,,,,com.apple.keylayout.ABC,variable (CGDisplayMode reports 0),false,,,,0,2,2
confirmation/memory_visits_1k/trial_1/metrics.csv,paint,memory after visiting notes,,,,,11.733917,1.320667,,,,com.apple.keylayout.ABC,variable (CGDisplayMode reports 0),false,,,,2,0,0
confirmation/memory_visits_1k/trial_1/metrics.csv,paint,memory after visiting notes,,,,,41.151541,2.034041,,,,com.apple.keylayout.ABC,variable (CGDisplayMode reports 0),false,,,,0,2,2
confirmation/memory_visits_1k/trial_1/metrics.csv,paint,memory after visiting notes,,,,,12.677625,1.366583,,,,com.apple.keylayout.ABC,variable (CGDisplayMode reports 0),false,,,,2,0,0
confirmation/memory_visits_1k/trial_1/metrics.csv,paint,memory after visiting notes,,,,,38.278375,2.049500,,,,com.apple.keylayout.ABC,variable (CGDisplayMode reports 0),false,,,,0,2,2
confirmation/memory_visits_1k/trial_1/metrics.csv,paint,memory after visiting notes,,,,,11.733417,1.362583,,,,com.apple.keylayout.ABC,variable (CGDisplayMode reports 0),false,,,,2,0,0
confirmation/memory_visits_1k/trial_1/metrics.csv,paint,memory after visiting notes,,,,,41.240042,1.994458,,,,com.apple.keylayout.ABC,variable (CGDisplayMode reports 0),false,,,,0,2,2
confirmation/memory_visits_1k/trial_1/metrics.csv,paint,memory after visiting notes,,,,,12.342000,1.361500,,,,com.apple.keylayout.ABC,variable (CGDisplayMode reports 0),false,,,,2,0,0
confirmation/memory_visits_1k/trial_1/metrics.csv,paint,memory after visiting notes,,,,,38.525791,2.067917,,,,com.apple.keylayout.ABC,variable (CGDisplayMode reports 0),false,,,,0,2,2
confirmation/memory_visits_1k/trial_1/metrics.csv,paint,memory after visiting notes,,,,,11.390375,1.267167,,,,com.apple.keylayout.ABC,variable (CGDisplayMode reports 0),false,,,,2,0,0
confirmation/memory_visits_1k/trial_1/metrics.csv,paint,memory after visiting notes,,,,,42.379250,2.087000,,,,com.apple.keylayout.ABC,variable (CGDisplayMode reports 0),false,,,,0,2,2
confirmation/memory_visits_1k/trial_1/metrics.csv,paint,memory after visiting notes,,,,,12.588500,1.400917,,,,com.apple.keylayout.ABC,variable (CGDisplayMode reports 0),false,,,,2,0,0
confirmation/memory_visits_1k/trial_1/metrics.csv,paint,memory after visiting notes,,,,,39.287000,2.151750,,,,com.apple.keylayout.ABC,variable (CGDisplayMode reports 0),false,,,,0,2,2
confirmation/memory_visits_1k/trial_1/metrics.csv,paint,memory after visiting notes,,,,,12.616584,1.345208,,,,com.apple.keylayout.ABC,variable (CGDisplayMode reports 0),false,,,,2,0,0
confirmation/memory_visits_1k/trial_1/metrics.csv,paint,memory after visiting notes,,,,,39.744333,2.117417,,,,com.apple.keylayout.ABC,variable (CGDisplayMode reports 0),false,,,,0,2,2
confirmation/memory_visits_1k/trial_1/metrics.csv,paint,memory after visiting notes,,,,,12.330333,1.314041,,,,com.apple.keylayout.ABC,variable (CGDisplayMode reports 0),false,,,,2,0,0
confirmation/memory_visits_1k/trial_1/metrics.csv,paint,memory after visiting notes,,,,,37.837417,2.085291,,,,com.apple.keylayout.ABC,variable (CGDisplayMode reports 0),false,,,,0,2,2
confirmation/memory_visits_1k/trial_1/metrics.csv,paint,memory after visiting notes,,,,,12.697958,1.315041,,,,com.apple.keylayout.ABC,variable (CGDisplayMode reports 0),false,,,,2,0,0
confirmation/memory_visits_1k/trial_1/metrics.csv,paint,memory after visiting notes,,,,,40.344792,2.063542,,,,com.apple.keylayout.ABC,variable (CGDisplayMode reports 0),false,,,,0,2,2
confirmation/memory_visits_1k/trial_1/metrics.csv,paint,memory after visiting notes,,,,,11.671333,1.297334,,,,com.apple.keylayout.ABC,variable (CGDisplayMode reports 0),false,,,,2,0,0
confirmation/memory_visits_1k/trial_1/metrics.csv,paint,memory after visiting notes,,,,,39.500125,2.017583,,,,com.apple.keylayout.ABC,variable (CGDisplayMode reports 0),false,,,,0,2,2
confirmation/memory_visits_1k/trial_1/metrics.csv,paint,memory after visiting notes,,,,,12.020334,1.307292,,,,com.apple.keylayout.ABC,variable (CGDisplayMode reports 0),false,,,,2,0,0
confirmation/memory_visits_1k/trial_1/metrics.csv,paint,memory after visiting notes,,,,,41.672250,2.051500,,,,com.apple.keylayout.ABC,variable (CGDisplayMode reports 0),false,,,,0,2,2
confirmation/memory_visits_1k/trial_1/metrics.csv,paint,memory after visiting notes,,,,,12.316833,1.361875,,,,com.apple.keylayout.ABC,variable (CGDisplayMode reports 0),false,,,,2,0,0
confirmation/memory_visits_1k/trial_1/metrics.csv,paint,memory after visiting notes,,,,,38.483333,2.047125,,,,com.apple.keylayout.ABC,variable (CGDisplayMode reports 0),false,,,,0,2,2
confirmation/memory_visits_1k/trial_1/metrics.csv,paint,memory after visiting notes,,,,,12.113250,1.383459,,,,com.apple.keylayout.ABC,variable (CGDisplayMode reports 0),false,,,,2,0,0
confirmation/memory_visits_1k/trial_1/metrics.csv,paint,memory after visiting notes,,,,,39.835792,2.081125,,,,com.apple.keylayout.ABC,variable (CGDisplayMode reports 0),false,,,,0,2,2
confirmation/memory_visits_1k/trial_1/metrics.csv,paint,memory after visiting notes,,,,,12.272500,1.359584,,,,com.apple.keylayout.ABC,variable (CGDisplayMode reports 0),false,,,,2,0,0
confirmation/memory_visits_1k/trial_1/metrics.csv,paint,memory after visiting notes,,,,,38.503917,2.068500,,,,com.apple.keylayout.ABC,variable (CGDisplayMode reports 0),false,,,,0,2,2
confirmation/memory_visits_1k/trial_1/metrics.csv,paint,memory after visiting notes,,,,,13.052333,1.380667,,,,com.apple.keylayout.ABC,variable (CGDisplayMode reports 0),false,,,,2,0,0
confirmation/memory_visits_1k/trial_1/metrics.csv,paint,memory after visiting notes,,,,,38.571958,2.079417,,,,com.apple.keylayout.ABC,variable (CGDisplayMode reports 0),false,,,,0,2,2
confirmation/memory_visits_1k/trial_1/metrics.csv,paint,memory after visiting notes,,,,,12.160792,1.340000,,,,com.apple.keylayout.ABC,variable (CGDisplayMode reports 0),false,,,,2,0,0
confirmation/memory_visits_1k/trial_1/metrics.csv,paint,memory after visiting notes,,,,,36.745208,2.058417,,,,com.apple.keylayout.ABC,variable (CGDisplayMode reports 0),false,,,,0,2,2
confirmation/memory_visits_1k/trial_1/metrics.csv,paint,memory after visiting notes,,,,,12.204375,1.392333,,,,com.apple.keylayout.ABC,variable (CGDisplayMode reports 0),false,,,,2,0,0
confirmation/memory_visits_1k/trial_1/metrics.csv,paint,memory after visiting notes,,,,,42.386500,2.062917,,,,com.apple.keylayout.ABC,variable (CGDisplayMode reports 0),false,,,,0,2,2
confirmation/memory_visits_1k/trial_1/metrics.csv,paint,memory after visiting notes,,,,,11.870750,1.276500,,,,com.apple.keylayout.ABC,variable (CGDisplayMode reports 0),false,,,,2,0,0
confirmation/memory_visits_1k/trial_1/metrics.csv,paint,memory after visiting notes,,,,,39.008959,2.019583,,,,com.apple.keylayout.ABC,variable (CGDisplayMode reports 0),false,,,,0,2,2
confirmation/memory_visits_1k/trial_1/metrics.csv,paint,memory after visiting notes,,,,,13.172000,1.382500,,,,com.apple.keylayout.ABC,variable (CGDisplayMode reports 0),false,,,,2,0,0
confirmation/memory_visits_1k/trial_1/metrics.csv,paint,memory after visiting notes,,,,,37.302750,2.089458,,,,com.apple.keylayout.ABC,variable (CGDisplayMode reports 0),false,,,,0,2,2
confirmation/memory_visits_1k/trial_1/metrics.csv,paint,memory after visiting notes,,,,,11.708708,1.259417,,,,com.apple.keylayout.ABC,variable (CGDisplayMode reports 0),false,,,,2,0,0
confirmation/memory_visits_1k/trial_1/metrics.csv,paint,memory after visiting notes,,,,,41.464792,2.086250,,,,com.apple.keylayout.ABC,variable (CGDisplayMode reports 0),false,,,,0,2,2
confirmation/memory_visits_1k/trial_1/metrics.csv,paint,memory after visiting notes,,,,,12.972791,1.359292,,,,com.apple.keylayout.ABC,variable (CGDisplayMode reports 0),false,,,,2,0,0
confirmation/memory_visits_1k/trial_1/metrics.csv,paint,memory after visiting notes,,,,,38.433125,2.068166,,,,com.apple.keylayout.ABC,variable (CGDisplayMode reports 0),false,,,,0,2,2
confirmation/memory_visits_1k/trial_1/metrics.csv,paint,memory after visiting notes,,,,,11.751250,1.296167,,,,com.apple.keylayout.ABC,variable (CGDisplayMode reports 0),false,,,,2,0,0
confirmation/memory_visits_1k/trial_1/metrics.csv,paint,memory after visiting notes,,,,,40.808500,2.051292,,,,com.apple.keylayout.ABC,variable (CGDisplayMode reports 0),false,,,,0,2,2
confirmation/memory_visits_1k/trial_1/metrics.csv,paint,memory after visiting notes,,,,,13.099250,1.425542,,,,com.apple.keylayout.ABC,variable (CGDisplayMode reports 0),false,,,,2,0,0
confirmation/memory_visits_1k/trial_1/metrics.csv,paint,memory after visiting notes,,,,,38.161250,2.067792,,,,com.apple.keylayout.ABC,variable (CGDisplayMode reports 0),false,,,,0,2,2
confirmation/memory_visits_1k/trial_1/metrics.csv,paint,memory after visiting notes,,,,,12.733334,1.343625,,,,com.apple.keylayout.ABC,variable (CGDisplayMode reports 0),false,,,,2,0,0
confirmation/memory_visits_1k/trial_1/metrics.csv,paint,memory after visiting notes,,,,,40.418458,2.127000,,,,com.apple.keylayout.ABC,variable (CGDisplayMode reports 0),false,,,,0,2,2
confirmation/memory_visits_1k/trial_1/metrics.csv,paint,memory after visiting notes,,,,,13.349292,1.477917,,,,com.apple.keylayout.ABC,variable (CGDisplayMode reports 0),false,,,,2,0,0
confirmation/memory_visits_1k/trial_1/metrics.csv,paint,memory after visiting notes,,,,,36.254333,2.023834,,,,com.apple.keylayout.ABC,variable (CGDisplayMode reports 0),false,,,,0,2,2
confirmation/memory_visits_1k/trial_1/metrics.csv,paint,memory after visiting notes,,,,,12.250750,1.288375,,,,com.apple.keylayout.ABC,variable (CGDisplayMode reports 0),false,,,,2,0,0
confirmation/memory_visits_1k/trial_1/metrics.csv,paint,memory after visiting notes,,,,,41.835625,2.056333,,,,com.apple.keylayout.ABC,variable (CGDisplayMode reports 0),false,,,,0,2,2
confirmation/memory_visits_1k/trial_1/metrics.csv,paint,memory after visiting notes,,,,,12.229875,1.356375,,,,com.apple.keylayout.ABC,variable (CGDisplayMode reports 0),false,,,,2,0,0
confirmation/memory_visits_1k/trial_1/metrics.csv,paint,memory after visiting notes,,,,,38.357167,2.062458,,,,com.apple.keylayout.ABC,variable (CGDisplayMode reports 0),false,,,,0,2,2
confirmation/memory_visits_1k/trial_1/metrics.csv,paint,memory after visiting notes,,,,,12.704875,1.284375,,,,com.apple.keylayout.ABC,variable (CGDisplayMode reports 0),false,,,,2,0,0
confirmation/memory_visits_1k/trial_1/metrics.csv,paint,memory after visiting notes,,,,,40.420166,2.098833,,,,com.apple.keylayout.ABC,variable (CGDisplayMode reports 0),false,,,,0,2,2
confirmation/memory_visits_1k/trial_1/metrics.csv,paint,memory after visiting notes,,,,,13.522167,1.363791,,,,com.apple.keylayout.ABC,variable (CGDisplayMode reports 0),false,,,,2,0,0
confirmation/memory_visits_1k/trial_1/metrics.csv,paint,memory after visiting notes,,,,,39.154708,2.152084,,,,com.apple.keylayout.ABC,variable (CGDisplayMode reports 0),false,,,,0,2,2
confirmation/memory_visits_1k/trial_1/metrics.csv,paint,memory after visiting notes,,,,,12.250167,1.397083,,,,com.apple.keylayout.ABC,variable (CGDisplayMode reports 0),false,,,,2,0,0
confirmation/memory_visits_1k/trial_1/metrics.csv,paint,memory after visiting notes,,,,,40.304083,2.103709,,,,com.apple.keylayout.ABC,variable (CGDisplayMode reports 0),false,,,,0,2,2
confirmation/memory_visits_1k/trial_1/metrics.csv,paint,memory after visiting notes,,,,,13.005625,1.389125,,,,com.apple.keylayout.ABC,variable (CGDisplayMode reports 0),false,,,,2,0,0
confirmation/memory_visits_1k/trial_1/metrics.csv,paint,memory after visiting notes,,,,,37.097209,2.088916,,,,com.apple.keylayout.ABC,variable (CGDisplayMode reports 0),false,,,,0,2,2
confirmation/memory_visits_1k/trial_1/metrics.csv,paint,memory after visiting notes,,,,,12.790333,1.439916,,,,com.apple.keylayout.ABC,variable (CGDisplayMode reports 0),false,,,,2,0,0
confirmation/memory_visits_1k/trial_1/metrics.csv,paint,memory after visiting notes,,,,,39.573667,2.101791,,,,com.apple.keylayout.ABC,variable (CGDisplayMode reports 0),false,,,,0,2,2
confirmation/memory_visits_1k/trial_1/metrics.csv,paint,memory after visiting notes,,,,,12.689291,1.340167,,,,com.apple.keylayout.ABC,variable (CGDisplayMode reports 0),false,,,,2,0,0
confirmation/memory_visits_1k/trial_1/metrics.csv,paint,memory after visiting notes,,,,,39.319042,2.088375,,,,com.apple.keylayout.ABC,variable (CGDisplayMode reports 0),false,,,,0,2,2
confirmation/memory_visits_1k/trial_1/metrics.csv,paint,memory after visiting notes,,,,,12.335833,1.316541,,,,com.apple.keylayout.ABC,variable (CGDisplayMode reports 0),false,,,,2,0,0
confirmation/memory_visits_1k/trial_1/metrics.csv,paint,memory after visiting notes,,,,,41.385750,2.045750,,,,com.apple.keylayout.ABC,variable (CGDisplayMode reports 0),false,,,,0,2,2
confirmation/memory_visits_1k/trial_1/metrics.csv,paint,memory after visiting notes,,,,,13.174875,1.437333,,,,com.apple.keylayout.ABC,variable (CGDisplayMode reports 0),false,,,,2,0,0
confirmation/memory_visits_1k/trial_1/metrics.csv,paint,memory after visiting notes,,,,,36.883209,2.087792,,,,com.apple.keylayout.ABC,variable (CGDisplayMode reports 0),false,,,,0,2,2
confirmation/memory_visits_1k/trial_1/metrics.csv,paint,memory after visiting notes,,,,,12.687166,1.425000,,,,com.apple.keylayout.ABC,variable (CGDisplayMode reports 0),false,,,,2,0,0
confirmation/memory_visits_1k/trial_1/metrics.csv,paint,memory after visiting notes,,,,,40.523334,2.082625,,,,com.apple.keylayout.ABC,variable (CGDisplayMode reports 0),false,,,,0,2,2
confirmation/memory_visits_1k/trial_1/metrics.csv,paint,memory after visiting notes,,,,,12.512833,1.316167,,,,com.apple.keylayout.ABC,variable (CGDisplayMode reports 0),false,,,,2,0,0
confirmation/memory_visits_1k/trial_1/metrics.csv,paint,memory after visiting notes,,,,,39.925417,2.129375,,,,com.apple.keylayout.ABC,variable (CGDisplayMode reports 0),false,,,,0,2,2
confirmation/memory_visits_1k/trial_1/metrics.csv,paint,memory after visiting notes,,,,,12.285625,1.334542,,,,com.apple.keylayout.ABC,variable (CGDisplayMode reports 0),false,,,,2,0,0
confirmation/memory_visits_1k/trial_1/metrics.csv,paint,memory after visiting notes,,,,,40.646041,2.026333,,,,com.apple.keylayout.ABC,variable (CGDisplayMode reports 0),false,,,,0,2,2
confirmation/memory_visits_1k/trial_1/metrics.csv,paint,memory after visiting notes,,,,,12.780167,1.343000,,,,com.apple.keylayout.ABC,variable (CGDisplayMode reports 0),false,,,,2,0,0
confirmation/memory_visits_1k/trial_1/metrics.csv,paint,memory after visiting notes,,,,,37.999708,2.091250,,,,com.apple.keylayout.ABC,variable (CGDisplayMode reports 0),false,,,,0,2,2
confirmation/memory_visits_1k/trial_1/metrics.csv,paint,memory after visiting notes,,,,,13.090875,1.399083,,,,com.apple.keylayout.ABC,variable (CGDisplayMode reports 0),false,,,,2,0,0
confirmation/memory_visits_1k/trial_1/metrics.csv,paint,memory after visiting notes,,,,,37.787834,2.101958,,,,com.apple.keylayout.ABC,variable (CGDisplayMode reports 0),false,,,,0,2,2
confirmation/memory_visits_1k/trial_1/metrics.csv,paint,memory after visiting notes,,,,,13.375791,1.359500,,,,com.apple.keylayout.ABC,variable (CGDisplayMode reports 0),false,,,,2,0,0
confirmation/memory_visits_1k/trial_1/metrics.csv,paint,memory after visiting notes,,,,,40.129334,2.068084,,,,com.apple.keylayout.ABC,variable (CGDisplayMode reports 0),false,,,,0,2,2
confirmation/memory_visits_1k/trial_1/metrics.csv,paint,memory after visiting notes,,,,,13.669875,1.451208,,,,com.apple.keylayout.ABC,variable (CGDisplayMode reports 0),false,,,,2,0,0
confirmation/memory_visits_1k/trial_1/metrics.csv,paint,memory after visiting notes,,,,,39.477375,2.139000,,,,com.apple.keylayout.ABC,variable (CGDisplayMode reports 0),false,,,,0,2,2
confirmation/memory_visits_1k/trial_1/metrics.csv,paint,memory after visiting notes,,,,,13.600833,1.423250,,,,com.apple.keylayout.ABC,variable (CGDisplayMode reports 0),false,,,,2,0,0
confirmation/memory_visits_1k/trial_1/metrics.csv,paint,memory after visiting notes,,,,,61.669417,2.092125,,,,com.apple.keylayout.ABC,variable (CGDisplayMode reports 0),false,,,,0,2,2
confirmation/memory_visits_1k/trial_1/metrics.csv,memory_after_100_notes,memory after visiting notes,,,,,,,,,144015360,com.apple.keylayout.ABC,variable (CGDisplayMode reports 0),false,,,,,,
confirmation/memory_visits_1k/trial_1/metrics.csv,paint,memory after visiting notes,,,,,31372.857833,4.643333,,,,com.apple.keylayout.ABC,variable (CGDisplayMode reports 0),false,,,,0,2,2
confirmation/memory_visits_1k/trial_1/metrics.csv,paint,memory after visiting notes,,,,,17.461917,2.088792,,,,com.apple.keylayout.ABC,variable (CGDisplayMode reports 0),false,,,,2,0,0
confirmation/memory_visits_1k/trial_1/metrics.csv,paint,memory after visiting notes,,,,,24.420125,2.662500,,,,com.apple.keylayout.ABC,variable (CGDisplayMode reports 0),false,,,,0,2,2
confirmation/memory_visits_1k/trial_1/metrics.csv,paint,memory after visiting notes,,,,,14.688666,1.554250,,,,com.apple.keylayout.ABC,variable (CGDisplayMode reports 0),false,,,,2,0,0
confirmation/memory_visits_1k/trial_1/metrics.csv,paint,memory after visiting notes,,,,,38.612000,2.311000,,,,com.apple.keylayout.ABC,variable (CGDisplayMode reports 0),false,,,,0,2,2
confirmation/memory_visits_1k/trial_1/metrics.csv,paint,memory after visiting notes,,,,,14.180000,1.455125,,,,com.apple.keylayout.ABC,variable (CGDisplayMode reports 0),false,,,,2,0,0
confirmation/memory_visits_1k/trial_1/metrics.csv,paint,memory after visiting notes,,,,,35.554834,2.235083,,,,com.apple.keylayout.ABC,variable (CGDisplayMode reports 0),false,,,,0,2,2
confirmation/memory_visits_1k/trial_1/metrics.csv,paint,memory after visiting notes,,,,,14.013083,1.439541,,,,com.apple.keylayout.ABC,variable (CGDisplayMode reports 0),false,,,,2,0,0
confirmation/memory_visits_1k/trial_1/metrics.csv,paint,memory after visiting notes,,,,,38.590792,2.158000,,,,com.apple.keylayout.ABC,variable (CGDisplayMode reports 0),false,,,,0,2,2
confirmation/memory_visits_1k/trial_1/metrics.csv,paint,memory after visiting notes,,,,,14.323958,1.452709,,,,com.apple.keylayout.ABC,variable (CGDisplayMode reports 0),false,,,,2,0,0
confirmation/memory_visits_1k/trial_1/metrics.csv,paint,memory after visiting notes,,,,,36.359917,2.134958,,,,com.apple.keylayout.ABC,variable (CGDisplayMode reports 0),false,,,,0,2,2
confirmation/memory_visits_1k/trial_1/metrics.csv,paint,memory after visiting notes,,,,,13.211833,1.364250,,,,com.apple.keylayout.ABC,variable (CGDisplayMode reports 0),false,,,,2,0,0
confirmation/memory_visits_1k/trial_1/metrics.csv,paint,memory after visiting notes,,,,,37.635708,2.143125,,,,com.apple.keylayout.ABC,variable (CGDisplayMode reports 0),false,,,,0,2,2
confirmation/memory_visits_1k/trial_1/metrics.csv,paint,memory after visiting notes,,,,,14.087542,1.467500,,,,com.apple.keylayout.ABC,variable (CGDisplayMode reports 0),false,,,,2,0,0
confirmation/memory_visits_1k/trial_1/metrics.csv,paint,memory after visiting notes,,,,,39.325375,2.103125,,,,com.apple.keylayout.ABC,variable (CGDisplayMode reports 0),false,,,,0,2,2
confirmation/memory_visits_1k/trial_1/metrics.csv,paint,memory after visiting notes,,,,,14.151667,1.434208,,,,com.apple.keylayout.ABC,variable (CGDisplayMode reports 0),false,,,,2,0,0
confirmation/memory_visits_1k/trial_1/metrics.csv,paint,memory after visiting notes,,,,,36.165791,2.076500,,,,com.apple.keylayout.ABC,variable (CGDisplayMode reports 0),false,,,,0,2,2
confirmation/memory_visits_1k/trial_1/metrics.csv,paint,memory after visiting notes,,,,,12.895042,1.306083,,,,com.apple.keylayout.ABC,variable (CGDisplayMode reports 0),false,,,,2,0,0
confirmation/memory_visits_1k/trial_1/metrics.csv,paint,memory after visiting notes,,,,,40.157000,2.143875,,,,com.apple.keylayout.ABC,variable (CGDisplayMode reports 0),false,,,,0,2,2
confirmation/memory_visits_1k/trial_1/metrics.csv,paint,memory after visiting notes,,,,,13.327583,1.364042,,,,com.apple.keylayout.ABC,variable (CGDisplayMode reports 0),false,,,,2,0,0
confirmation/memory_visits_1k/trial_1/metrics.csv,paint,memory after visiting notes,,,,,39.299042,2.171417,,,,com.apple.keylayout.ABC,variable (CGDisplayMode reports 0),false,,,,0,2,2
confirmation/memory_visits_1k/trial_1/metrics.csv,paint,memory after visiting notes,,,,,13.039875,1.412208,,,,com.apple.keylayout.ABC,variable (CGDisplayMode reports 0),false,,,,2,0,0
confirmation/memory_visits_1k/trial_1/metrics.csv,paint,memory after visiting notes,,,,,39.584167,2.120666,,,,com.apple.keylayout.ABC,variable (CGDisplayMode reports 0),false,,,,0,2,2
confirmation/memory_visits_1k/trial_1/metrics.csv,paint,memory after visiting notes,,,,,14.366541,1.467208,,,,com.apple.keylayout.ABC,variable (CGDisplayMode reports 0),false,,,,2,0,0
confirmation/memory_visits_1k/trial_1/metrics.csv,paint,memory after visiting notes,,,,,36.989917,2.193208,,,,com.apple.keylayout.ABC,variable (CGDisplayMode reports 0),false,,,,0,2,2
confirmation/memory_visits_1k/trial_1/metrics.csv,paint,memory after visiting notes,,,,,13.746833,1.450041,,,,com.apple.keylayout.ABC,variable (CGDisplayMode reports 0),false,,,,2,0,0
confirmation/memory_visits_1k/trial_1/metrics.csv,paint,memory after visiting notes,,,,,38.439084,2.179291,,,,com.apple.keylayout.ABC,variable (CGDisplayMode reports 0),false,,,,0,2,2
confirmation/memory_visits_1k/trial_1/metrics.csv,paint,memory after visiting notes,,,,,13.940875,1.468458,,,,com.apple.keylayout.ABC,variable (CGDisplayMode reports 0),false,,,,2,0,0
confirmation/memory_visits_1k/trial_1/metrics.csv,paint,memory after visiting notes,,,,,37.615875,2.131583,,,,com.apple.keylayout.ABC,variable (CGDisplayMode reports 0),false,,,,0,2,2
confirmation/memory_visits_1k/trial_1/metrics.csv,paint,memory after visiting notes,,,,,13.935666,1.463458,,,,com.apple.keylayout.ABC,variable (CGDisplayMode reports 0),false,,,,2,0,0
confirmation/memory_visits_1k/trial_1/metrics.csv,paint,memory after visiting notes,,,,,38.468667,2.042584,,,,com.apple.keylayout.ABC,variable (CGDisplayMode reports 0),false,,,,0,2,2
confirmation/memory_visits_1k/trial_1/metrics.csv,paint,memory after visiting notes,,,,,12.938000,1.316625,,,,com.apple.keylayout.ABC,variable (CGDisplayMode reports 0),false,,,,2,0,0
confirmation/memory_visits_1k/trial_1/metrics.csv,paint,memory after visiting notes,,,,,37.324167,2.101375,,,,com.apple.keylayout.ABC,variable (CGDisplayMode reports 0),false,,,,0,2,2
confirmation/memory_visits_1k/trial_1/metrics.csv,paint,memory after visiting notes,,,,,12.961375,1.343458,,,,com.apple.keylayout.ABC,variable (CGDisplayMode reports 0),false,,,,2,0,0
confirmation/memory_visits_1k/trial_1/metrics.csv,paint,memory after visiting notes,,,,,37.467333,2.202584,,,,com.apple.keylayout.ABC,variable (CGDisplayMode reports 0),false,,,,0,2,2
confirmation/memory_visits_1k/trial_1/metrics.csv,paint,memory after visiting notes,,,,,13.956208,1.458041,,,,com.apple.keylayout.ABC,variable (CGDisplayMode reports 0),false,,,,2,0,0
confirmation/memory_visits_1k/trial_1/metrics.csv,paint,memory after visiting notes,,,,,40.456750,2.131500,,,,com.apple.keylayout.ABC,variable (CGDisplayMode reports 0),false,,,,0,2,2
confirmation/memory_visits_1k/trial_1/metrics.csv,paint,memory after visiting notes,,,,,13.364125,1.476042,,,,com.apple.keylayout.ABC,variable (CGDisplayMode reports 0),false,,,,2,0,0
confirmation/memory_visits_1k/trial_1/metrics.csv,paint,memory after visiting notes,,,,,36.568000,2.141625,,,,com.apple.keylayout.ABC,variable (CGDisplayMode reports 0),false,,,,0,2,2
confirmation/memory_visits_1k/trial_1/metrics.csv,paint,memory after visiting notes,,,,,14.627709,1.513125,,,,com.apple.keylayout.ABC,variable (CGDisplayMode reports 0),false,,,,2,0,0
confirmation/memory_visits_1k/trial_1/metrics.csv,paint,memory after visiting notes,,,,,38.881666,2.151000,,,,com.apple.keylayout.ABC,variable (CGDisplayMode reports 0),false,,,,0,2,2
confirmation/memory_visits_1k/trial_1/metrics.csv,paint,memory after visiting notes,,,,,14.288834,1.424125,,,,com.apple.keylayout.ABC,variable (CGDisplayMode reports 0),false,,,,2,0,0
confirmation/memory_visits_1k/trial_1/metrics.csv,paint,memory after visiting notes,,,,,36.978000,2.124125,,,,com.apple.keylayout.ABC,variable (CGDisplayMode reports 0),false,,,,0,2,2
confirmation/memory_visits_1k/trial_1/metrics.csv,paint,memory after visiting notes,,,,,13.666083,1.406583,,,,com.apple.keylayout.ABC,variable (CGDisplayMode reports 0),false,,,,2,0,0
confirmation/memory_visits_1k/trial_1/metrics.csv,paint,memory after visiting notes,,,,,38.798000,2.102417,,,,com.apple.keylayout.ABC,variable (CGDisplayMode reports 0),false,,,,0,2,2
confirmation/memory_visits_1k/trial_1/metrics.csv,paint,memory after visiting notes,,,,,13.261083,1.372875,,,,com.apple.keylayout.ABC,variable (CGDisplayMode reports 0),false,,,,2,0,0
confirmation/memory_visits_1k/trial_1/metrics.csv,paint,memory after visiting notes,,,,,38.760834,2.152334,,,,com.apple.keylayout.ABC,variable (CGDisplayMode reports 0),false,,,,0,2,2
confirmation/memory_visits_1k/trial_1/metrics.csv,paint,memory after visiting notes,,,,,14.121250,1.435833,,,,com.apple.keylayout.ABC,variable (CGDisplayMode reports 0),false,,,,2,0,0
confirmation/memory_visits_1k/trial_1/metrics.csv,paint,memory after visiting notes,,,,,39.091416,2.057625,,,,com.apple.keylayout.ABC,variable (CGDisplayMode reports 0),false,,,,0,2,2
confirmation/memory_visits_1k/trial_1/metrics.csv,paint,memory after visiting notes,,,,,14.240459,1.398667,,,,com.apple.keylayout.ABC,variable (CGDisplayMode reports 0),false,,,,2,0,0
confirmation/memory_visits_1k/trial_1/metrics.csv,paint,memory after visiting notes,,,,,36.530083,2.145708,,,,com.apple.keylayout.ABC,variable (CGDisplayMode reports 0),false,,,,0,2,2
confirmation/memory_visits_1k/trial_1/metrics.csv,paint,memory after visiting notes,,,,,14.712750,1.395250,,,,com.apple.keylayout.ABC,variable (CGDisplayMode reports 0),false,,,,2,0,0
confirmation/memory_visits_1k/trial_1/metrics.csv,paint,memory after visiting notes,,,,,35.581792,2.157583,,,,com.apple.keylayout.ABC,variable (CGDisplayMode reports 0),false,,,,0,2,2
confirmation/memory_visits_1k/trial_1/metrics.csv,paint,memory after visiting notes,,,,,14.292375,1.489541,,,,com.apple.keylayout.ABC,variable (CGDisplayMode reports 0),false,,,,2,0,0
confirmation/memory_visits_1k/trial_1/metrics.csv,paint,memory after visiting notes,,,,,37.590125,2.161791,,,,com.apple.keylayout.ABC,variable (CGDisplayMode reports 0),false,,,,0,2,2
confirmation/memory_visits_1k/trial_1/metrics.csv,paint,memory after visiting notes,,,,,13.866208,1.355375,,,,com.apple.keylayout.ABC,variable (CGDisplayMode reports 0),false,,,,2,0,0
confirmation/memory_visits_1k/trial_1/metrics.csv,paint,memory after visiting notes,,,,,37.999042,2.155791,,,,com.apple.keylayout.ABC,variable (CGDisplayMode reports 0),false,,,,0,2,2
confirmation/memory_visits_1k/trial_1/metrics.csv,paint,memory after visiting notes,,,,,14.471666,1.523208,,,,com.apple.keylayout.ABC,variable (CGDisplayMode reports 0),false,,,,2,0,0
confirmation/memory_visits_1k/trial_1/metrics.csv,paint,memory after visiting notes,,,,,39.658500,2.098875,,,,com.apple.keylayout.ABC,variable (CGDisplayMode reports 0),false,,,,0,2,2
confirmation/memory_visits_1k/trial_1/metrics.csv,paint,memory after visiting notes,,,,,14.995792,1.526667,,,,com.apple.keylayout.ABC,variable (CGDisplayMode reports 0),false,,,,2,0,0
confirmation/memory_visits_1k/trial_1/metrics.csv,paint,memory after visiting notes,,,,,34.371208,2.174291,,,,com.apple.keylayout.ABC,variable (CGDisplayMode reports 0),false,,,,0,2,2
confirmation/memory_visits_1k/trial_1/metrics.csv,paint,memory after visiting notes,,,,,13.721459,1.315459,,,,com.apple.keylayout.ABC,variable (CGDisplayMode reports 0),false,,,,2,0,0
confirmation/memory_visits_1k/trial_1/metrics.csv,paint,memory after visiting notes,,,,,38.545375,2.182583,,,,com.apple.keylayout.ABC,variable (CGDisplayMode reports 0),false,,,,0,2,2
confirmation/memory_visits_1k/trial_1/metrics.csv,paint,memory after visiting notes,,,,,13.813000,1.353708,,,,com.apple.keylayout.ABC,variable (CGDisplayMode reports 0),false,,,,2,0,0
confirmation/memory_visits_1k/trial_1/metrics.csv,paint,memory after visiting notes,,,,,37.905500,2.164292,,,,com.apple.keylayout.ABC,variable (CGDisplayMode reports 0),false,,,,0,2,2
confirmation/memory_visits_1k/trial_1/metrics.csv,paint,memory after visiting notes,,,,,14.667500,1.418875,,,,com.apple.keylayout.ABC,variable (CGDisplayMode reports 0),false,,,,2,0,0
confirmation/memory_visits_1k/trial_1/metrics.csv,paint,memory after visiting notes,,,,,39.674375,2.167500,,,,com.apple.keylayout.ABC,variable (CGDisplayMode reports 0),false,,,,0,2,2
confirmation/memory_visits_1k/trial_1/metrics.csv,paint,memory after visiting notes,,,,,13.685750,1.445791,,,,com.apple.keylayout.ABC,variable (CGDisplayMode reports 0),false,,,,2,0,0
confirmation/memory_visits_1k/trial_1/metrics.csv,paint,memory after visiting notes,,,,,37.276791,2.096333,,,,com.apple.keylayout.ABC,variable (CGDisplayMode reports 0),false,,,,0,2,2
confirmation/memory_visits_1k/trial_1/metrics.csv,paint,memory after visiting notes,,,,,14.408000,1.503416,,,,com.apple.keylayout.ABC,variable (CGDisplayMode reports 0),false,,,,2,0,0
confirmation/memory_visits_1k/trial_1/metrics.csv,paint,memory after visiting notes,,,,,35.758959,2.183583,,,,com.apple.keylayout.ABC,variable (CGDisplayMode reports 0),false,,,,0,2,2
confirmation/memory_visits_1k/trial_1/metrics.csv,paint,memory after visiting notes,,,,,14.147000,1.401542,,,,com.apple.keylayout.ABC,variable (CGDisplayMode reports 0),false,,,,2,0,0
confirmation/memory_visits_1k/trial_1/metrics.csv,paint,memory after visiting notes,,,,,38.413375,2.152292,,,,com.apple.keylayout.ABC,variable (CGDisplayMode reports 0),false,,,,0,2,2
confirmation/memory_visits_1k/trial_1/metrics.csv,paint,memory after visiting notes,,,,,13.787208,1.415791,,,,com.apple.keylayout.ABC,variable (CGDisplayMode reports 0),false,,,,2,0,0
confirmation/memory_visits_1k/trial_1/metrics.csv,paint,memory after visiting notes,,,,,37.266083,2.183459,,,,com.apple.keylayout.ABC,variable (CGDisplayMode reports 0),false,,,,0,2,2
confirmation/memory_visits_1k/trial_1/metrics.csv,paint,memory after visiting notes,,,,,13.931917,1.446000,,,,com.apple.keylayout.ABC,variable (CGDisplayMode reports 0),false,,,,2,0,0
confirmation/memory_visits_1k/trial_1/metrics.csv,paint,memory after visiting notes,,,,,40.336417,2.054291,,,,com.apple.keylayout.ABC,variable (CGDisplayMode reports 0),false,,,,0,2,2
confirmation/memory_visits_1k/trial_1/metrics.csv,paint,memory after visiting notes,,,,,14.910708,1.488334,,,,com.apple.keylayout.ABC,variable (CGDisplayMode reports 0),false,,,,2,0,0
confirmation/memory_visits_1k/trial_1/metrics.csv,paint,memory after visiting notes,,,,,35.151667,2.201541,,,,com.apple.keylayout.ABC,variable (CGDisplayMode reports 0),false,,,,0,2,2
confirmation/memory_visits_1k/trial_1/metrics.csv,paint,memory after visiting notes,,,,,14.008291,1.430041,,,,com.apple.keylayout.ABC,variable (CGDisplayMode reports 0),false,,,,2,0,0
confirmation/memory_visits_1k/trial_1/metrics.csv,paint,memory after visiting notes,,,,,38.900042,2.239875,,,,com.apple.keylayout.ABC,variable (CGDisplayMode reports 0),false,,,,0,2,2
confirmation/memory_visits_1k/trial_1/metrics.csv,paint,memory after visiting notes,,,,,14.480917,1.357458,,,,com.apple.keylayout.ABC,variable (CGDisplayMode reports 0),false,,,,2,0,0
confirmation/memory_visits_1k/trial_1/metrics.csv,paint,memory after visiting notes,,,,,37.026166,2.188625,,,,com.apple.keylayout.ABC,variable (CGDisplayMode reports 0),false,,,,0,2,2
confirmation/memory_visits_1k/trial_1/metrics.csv,paint,memory after visiting notes,,,,,14.753417,1.502042,,,,com.apple.keylayout.ABC,variable (CGDisplayMode reports 0),false,,,,2,0,0
confirmation/memory_visits_1k/trial_1/metrics.csv,paint,memory after visiting notes,,,,,39.140458,2.167833,,,,com.apple.keylayout.ABC,variable (CGDisplayMode reports 0),false,,,,0,2,2
confirmation/memory_visits_1k/trial_1/metrics.csv,paint,memory after visiting notes,,,,,15.230584,1.517791,,,,com.apple.keylayout.ABC,variable (CGDisplayMode reports 0),false,,,,2,0,0
confirmation/memory_visits_1k/trial_1/metrics.csv,paint,memory after visiting notes,,,,,34.204541,2.206125,,,,com.apple.keylayout.ABC,variable (CGDisplayMode reports 0),false,,,,0,2,2
confirmation/memory_visits_1k/trial_1/metrics.csv,paint,memory after visiting notes,,,,,14.153042,1.380750,,,,com.apple.keylayout.ABC,variable (CGDisplayMode reports 0),false,,,,2,0,0
confirmation/memory_visits_1k/trial_1/metrics.csv,paint,memory after visiting notes,,,,,39.807042,2.188333,,,,com.apple.keylayout.ABC,variable (CGDisplayMode reports 0),false,,,,0,2,2
confirmation/memory_visits_1k/trial_1/metrics.csv,paint,memory after visiting notes,,,,,14.434041,1.514125,,,,com.apple.keylayout.ABC,variable (CGDisplayMode reports 0),false,,,,2,0,0
confirmation/memory_visits_1k/trial_1/metrics.csv,paint,memory after visiting notes,,,,,37.017334,2.132667,,,,com.apple.keylayout.ABC,variable (CGDisplayMode reports 0),false,,,,0,2,2
confirmation/memory_visits_1k/trial_1/metrics.csv,paint,memory after visiting notes,,,,,14.004583,1.379750,,,,com.apple.keylayout.ABC,variable (CGDisplayMode reports 0),false,,,,2,0,0
confirmation/memory_visits_1k/trial_1/metrics.csv,paint,memory after visiting notes,,,,,39.117167,2.118417,,,,com.apple.keylayout.ABC,variable (CGDisplayMode reports 0),false,,,,0,2,2
confirmation/memory_visits_1k/trial_1/metrics.csv,paint,memory after visiting notes,,,,,15.390375,1.432333,,,,com.apple.keylayout.ABC,variable (CGDisplayMode reports 0),false,,,,2,0,0
confirmation/memory_visits_1k/trial_1/metrics.csv,paint,memory after visiting notes,,,,,35.740125,2.215834,,,,com.apple.keylayout.ABC,variable (CGDisplayMode reports 0),false,,,,0,2,2
confirmation/memory_visits_1k/trial_1/metrics.csv,paint,memory after visiting notes,,,,,15.201875,1.462000,,,,com.apple.keylayout.ABC,variable (CGDisplayMode reports 0),false,,,,2,0,0
confirmation/memory_visits_1k/trial_1/metrics.csv,paint,memory after visiting notes,,,,,34.670333,2.252542,,,,com.apple.keylayout.ABC,variable (CGDisplayMode reports 0),false,,,,0,2,2
confirmation/memory_visits_1k/trial_1/metrics.csv,paint,memory after visiting notes,,,,,13.932583,1.452458,,,,com.apple.keylayout.ABC,variable (CGDisplayMode reports 0),false,,,,2,0,0
confirmation/memory_visits_1k/trial_1/metrics.csv,paint,memory after visiting notes,,,,,39.971542,2.163833,,,,com.apple.keylayout.ABC,variable (CGDisplayMode reports 0),false,,,,0,2,2
confirmation/memory_visits_1k/trial_1/metrics.csv,paint,memory after visiting notes,,,,,14.402708,1.499833,,,,com.apple.keylayout.ABC,variable (CGDisplayMode reports 0),false,,,,2,0,0
confirmation/memory_visits_1k/trial_1/metrics.csv,paint,memory after visiting notes,,,,,36.998584,2.179792,,,,com.apple.keylayout.ABC,variable (CGDisplayMode reports 0),false,,,,0,2,2
confirmation/memory_visits_1k/trial_1/metrics.csv,paint,memory after visiting notes,,,,,14.194791,1.520708,,,,com.apple.keylayout.ABC,variable (CGDisplayMode reports 0),false,,,,2,0,0
confirmation/memory_visits_1k/trial_1/metrics.csv,paint,memory after visiting notes,,,,,38.925542,2.153417,,,,com.apple.keylayout.ABC,variable (CGDisplayMode reports 0),false,,,,0,2,2
confirmation/memory_visits_1k/trial_1/metrics.csv,paint,memory after visiting notes,,,,,16.240500,1.628875,,,,com.apple.keylayout.ABC,variable (CGDisplayMode reports 0),false,,,,2,0,0
confirmation/memory_visits_1k/trial_1/metrics.csv,paint,memory after visiting notes,,,,,33.238667,2.216792,,,,com.apple.keylayout.ABC,variable (CGDisplayMode reports 0),false,,,,0,2,2
confirmation/memory_visits_1k/trial_1/metrics.csv,paint,memory after visiting notes,,,,,13.934250,1.367250,,,,com.apple.keylayout.ABC,variable (CGDisplayMode reports 0),false,,,,2,0,0
confirmation/memory_visits_1k/trial_1/metrics.csv,paint,memory after visiting notes,,,,,38.303333,2.188125,,,,com.apple.keylayout.ABC,variable (CGDisplayMode reports 0),false,,,,0,2,2
confirmation/memory_visits_1k/trial_1/metrics.csv,paint,memory after visiting notes,,,,,14.020792,1.379042,,,,com.apple.keylayout.ABC,variable (CGDisplayMode reports 0),false,,,,2,0,0
confirmation/memory_visits_1k/trial_1/metrics.csv,paint,memory after visiting notes,,,,,38.291500,2.202375,,,,com.apple.keylayout.ABC,variable (CGDisplayMode reports 0),false,,,,0,2,2
confirmation/memory_visits_1k/trial_1/metrics.csv,paint,memory after visiting notes,,,,,15.115375,1.481792,,,,com.apple.keylayout.ABC,variable (CGDisplayMode reports 0),false,,,,2,0,0
confirmation/memory_visits_1k/trial_1/metrics.csv,paint,memory after visiting notes,,,,,37.803083,2.097125,,,,com.apple.keylayout.ABC,variable (CGDisplayMode reports 0),false,,,,0,2,2
confirmation/memory_visits_1k/trial_1/metrics.csv,paint,memory after visiting notes,,,,,13.891208,1.359000,,,,com.apple.keylayout.ABC,variable (CGDisplayMode reports 0),false,,,,2,0,0
confirmation/memory_visits_1k/trial_1/metrics.csv,paint,memory after visiting notes,,,,,37.413792,2.217667,,,,com.apple.keylayout.ABC,variable (CGDisplayMode reports 0),false,,,,0,2,2
confirmation/memory_visits_1k/trial_1/metrics.csv,paint,memory after visiting notes,,,,,14.677000,1.448167,,,,com.apple.keylayout.ABC,variable (CGDisplayMode reports 0),false,,,,2,0,0
confirmation/memory_visits_1k/trial_1/metrics.csv,paint,memory after visiting notes,,,,,38.200750,2.182500,,,,com.apple.keylayout.ABC,variable (CGDisplayMode reports 0),false,,,,0,2,2
confirmation/memory_visits_1k/trial_1/metrics.csv,paint,memory after visiting notes,,,,,14.533917,1.517542,,,,com.apple.keylayout.ABC,variable (CGDisplayMode reports 0),false,,,,2,0,0
confirmation/memory_visits_1k/trial_1/metrics.csv,paint,memory after visiting notes,,,,,37.424666,2.213375,,,,com.apple.keylayout.ABC,variable (CGDisplayMode reports 0),false,,,,0,2,2
confirmation/memory_visits_1k/trial_1/metrics.csv,paint,memory after visiting notes,,,,,15.023959,1.490250,,,,com.apple.keylayout.ABC,variable (CGDisplayMode reports 0),false,,,,2,0,0
confirmation/memory_visits_1k/trial_1/metrics.csv,paint,memory after visiting notes,,,,,38.399666,2.207375,,,,com.apple.keylayout.ABC,variable (CGDisplayMode reports 0),false,,,,0,2,2
confirmation/memory_visits_1k/trial_1/metrics.csv,paint,memory after visiting notes,,,,,15.382125,1.519166,,,,com.apple.keylayout.ABC,variable (CGDisplayMode reports 0),false,,,,2,0,0
confirmation/memory_visits_1k/trial_1/metrics.csv,paint,memory after visiting notes,,,,,35.480417,2.206584,,,,com.apple.keylayout.ABC,variable (CGDisplayMode reports 0),false,,,,0,2,2
confirmation/memory_visits_1k/trial_1/metrics.csv,paint,memory after visiting notes,,,,,14.505333,1.554209,,,,com.apple.keylayout.ABC,variable (CGDisplayMode reports 0),false,,,,2,0,0
confirmation/memory_visits_1k/trial_1/metrics.csv,paint,memory after visiting notes,,,,,37.889417,2.347917,,,,com.apple.keylayout.ABC,variable (CGDisplayMode reports 0),false,,,,0,2,2
confirmation/memory_visits_1k/trial_1/metrics.csv,paint,memory after visiting notes,,,,,14.177125,1.420084,,,,com.apple.keylayout.ABC,variable (CGDisplayMode reports 0),false,,,,2,0,0
confirmation/memory_visits_1k/trial_1/metrics.csv,paint,memory after visiting notes,,,,,35.785708,2.207500,,,,com.apple.keylayout.ABC,variable (CGDisplayMode reports 0),false,,,,0,2,2
confirmation/memory_visits_1k/trial_1/metrics.csv,paint,memory after visiting notes,,,,,14.061542,1.388125,,,,com.apple.keylayout.ABC,variable (CGDisplayMode reports 0),false,,,,2,0,0
confirmation/memory_visits_1k/trial_1/metrics.csv,paint,memory after visiting notes,,,,,40.490625,2.192209,,,,com.apple.keylayout.ABC,variable (CGDisplayMode reports 0),false,,,,0,2,2
confirmation/memory_visits_1k/trial_1/metrics.csv,paint,memory after visiting notes,,,,,14.324792,1.482708,,,,com.apple.keylayout.ABC,variable (CGDisplayMode reports 0),false,,,,2,0,0
confirmation/memory_visits_1k/trial_1/metrics.csv,paint,memory after visiting notes,,,,,36.462208,2.260125,,,,com.apple.keylayout.ABC,variable (CGDisplayMode reports 0),false,,,,0,2,2
confirmation/memory_visits_1k/trial_1/metrics.csv,paint,memory after visiting notes,,,,,14.285667,1.439042,,,,com.apple.keylayout.ABC,variable (CGDisplayMode reports 0),false,,,,2,0,0
confirmation/memory_visits_1k/trial_1/metrics.csv,paint,memory after visiting notes,,,,,39.614375,2.246333,,,,com.apple.keylayout.ABC,variable (CGDisplayMode reports 0),false,,,,0,2,2
confirmation/memory_visits_1k/trial_1/metrics.csv,paint,memory after visiting notes,,,,,15.489125,1.596083,,,,com.apple.keylayout.ABC,variable (CGDisplayMode reports 0),false,,,,2,0,0
confirmation/memory_visits_1k/trial_1/metrics.csv,paint,memory after visiting notes,,,,,35.745250,2.263875,,,,com.apple.keylayout.ABC,variable (CGDisplayMode reports 0),false,,,,0,2,2
confirmation/memory_visits_1k/trial_1/metrics.csv,paint,memory after visiting notes,,,,,15.224416,1.561083,,,,com.apple.keylayout.ABC,variable (CGDisplayMode reports 0),false,,,,2,0,0
confirmation/memory_visits_1k/trial_1/metrics.csv,paint,memory after visiting notes,,,,,37.160875,2.218208,,,,com.apple.keylayout.ABC,variable (CGDisplayMode reports 0),false,,,,0,2,2
confirmation/memory_visits_1k/trial_1/metrics.csv,paint,memory after visiting notes,,,,,15.109167,1.491333,,,,com.apple.keylayout.ABC,variable (CGDisplayMode reports 0),false,,,,2,0,0
confirmation/memory_visits_1k/trial_1/metrics.csv,paint,memory after visiting notes,,,,,34.928542,2.204000,,,,com.apple.keylayout.ABC,variable (CGDisplayMode reports 0),false,,,,0,2,2
confirmation/memory_visits_1k/trial_1/metrics.csv,paint,memory after visiting notes,,,,,14.278375,1.437250,,,,com.apple.keylayout.ABC,variable (CGDisplayMode reports 0),false,,,,2,0,0
confirmation/memory_visits_1k/trial_1/metrics.csv,paint,memory after visiting notes,,,,,39.117666,2.244417,,,,com.apple.keylayout.ABC,variable (CGDisplayMode reports 0),false,,,,0,2,2
confirmation/memory_visits_1k/trial_1/metrics.csv,paint,memory after visiting notes,,,,,14.441709,1.526958,,,,com.apple.keylayout.ABC,variable (CGDisplayMode reports 0),false,,,,2,0,0
confirmation/memory_visits_1k/trial_1/metrics.csv,paint,memory after visiting notes,,,,,36.582875,2.225084,,,,com.apple.keylayout.ABC,variable (CGDisplayMode reports 0),false,,,,0,2,2
confirmation/memory_visits_1k/trial_1/metrics.csv,paint,memory after visiting notes,,,,,15.216416,1.535625,,,,com.apple.keylayout.ABC,variable (CGDisplayMode reports 0),false,,,,2,0,0
confirmation/memory_visits_1k/trial_1/metrics.csv,paint,memory after visiting notes,,,,,39.203292,2.214417,,,,com.apple.keylayout.ABC,variable (CGDisplayMode reports 0),false,,,,0,2,2
confirmation/memory_visits_1k/trial_1/metrics.csv,paint,memory after visiting notes,,,,,15.283500,1.526875,,,,com.apple.keylayout.ABC,variable (CGDisplayMode reports 0),false,,,,2,0,0
confirmation/memory_visits_1k/trial_1/metrics.csv,paint,memory after visiting notes,,,,,34.233500,2.220166,,,,com.apple.keylayout.ABC,variable (CGDisplayMode reports 0),false,,,,0,2,2
confirmation/memory_visits_1k/trial_1/metrics.csv,paint,memory after visiting notes,,,,,15.229875,1.495500,,,,com.apple.keylayout.ABC,variable (CGDisplayMode reports 0),false,,,,2,0,0
confirmation/memory_visits_1k/trial_1/metrics.csv,paint,memory after visiting notes,,,,,36.680167,2.315958,,,,com.apple.keylayout.ABC,variable (CGDisplayMode reports 0),false,,,,0,2,2
confirmation/memory_visits_1k/trial_1/metrics.csv,paint,memory after visiting notes,,,,,14.353000,1.419084,,,,com.apple.keylayout.ABC,variable (CGDisplayMode reports 0),false,,,,2,0,0
confirmation/memory_visits_1k/trial_1/metrics.csv,paint,memory after visiting notes,,,,,39.480041,2.183542,,,,com.apple.keylayout.ABC,variable (CGDisplayMode reports 0),false,,,,0,2,2
confirmation/memory_visits_1k/trial_1/metrics.csv,paint,memory after visiting notes,,,,,14.559750,1.431042,,,,com.apple.keylayout.ABC,variable (CGDisplayMode reports 0),false,,,,2,0,0
confirmation/memory_visits_1k/trial_1/metrics.csv,paint,memory after visiting notes,,,,,38.421709,2.210708,,,,com.apple.keylayout.ABC,variable (CGDisplayMode reports 0),false,,,,0,2,2
confirmation/memory_visits_1k/trial_1/metrics.csv,paint,memory after visiting notes,,,,,15.094041,1.496583,,,,com.apple.keylayout.ABC,variable (CGDisplayMode reports 0),false,,,,2,0,0
confirmation/memory_visits_1k/trial_1/metrics.csv,paint,memory after visiting notes,,,,,35.464959,2.242666,,,,com.apple.keylayout.ABC,variable (CGDisplayMode reports 0),false,,,,0,2,2
confirmation/memory_visits_1k/trial_1/metrics.csv,paint,memory after visiting notes,,,,,16.145791,1.504958,,,,com.apple.keylayout.ABC,variable (CGDisplayMode reports 0),false,,,,2,0,0
confirmation/memory_visits_1k/trial_1/metrics.csv,paint,memory after visiting notes,,,,,36.617667,2.263750,,,,com.apple.keylayout.ABC,variable (CGDisplayMode reports 0),false,,,,0,2,2
confirmation/memory_visits_1k/trial_1/metrics.csv,paint,memory after visiting notes,,,,,15.376667,1.508250,,,,com.apple.keylayout.ABC,variable (CGDisplayMode reports 0),false,,,,2,0,0
confirmation/memory_visits_1k/trial_1/metrics.csv,paint,memory after visiting notes,,,,,36.156125,2.239542,,,,com.apple.keylayout.ABC,variable (CGDisplayMode reports 0),false,,,,0,2,2
confirmation/memory_visits_1k/trial_1/metrics.csv,paint,memory after visiting notes,,,,,15.896375,1.604292,,,,com.apple.keylayout.ABC,variable (CGDisplayMode reports 0),false,,,,2,0,0
confirmation/memory_visits_1k/trial_1/metrics.csv,paint,memory after visiting notes,,,,,37.571833,2.207709,,,,com.apple.keylayout.ABC,variable (CGDisplayMode reports 0),false,,,,0,2,2
confirmation/memory_visits_1k/trial_1/metrics.csv,paint,memory after visiting notes,,,,,15.120792,1.620042,,,,com.apple.keylayout.ABC,variable (CGDisplayMode reports 0),false,,,,2,0,0
confirmation/memory_visits_1k/trial_1/metrics.csv,paint,memory after visiting notes,,,,,34.696500,2.265917,,,,com.apple.keylayout.ABC,variable (CGDisplayMode reports 0),false,,,,0,2,2
confirmation/memory_visits_1k/trial_1/metrics.csv,paint,memory after visiting notes,,,,,14.836833,1.445167,,,,com.apple.keylayout.ABC,variable (CGDisplayMode reports 0),false,,,,2,0,0
confirmation/memory_visits_1k/trial_1/metrics.csv,paint,memory after visiting notes,,,,,37.397875,2.255792,,,,com.apple.keylayout.ABC,variable (CGDisplayMode reports 0),false,,,,0,2,2
confirmation/memory_visits_1k/trial_1/metrics.csv,paint,memory after visiting notes,,,,,14.965875,1.503500,,,,com.apple.keylayout.ABC,variable (CGDisplayMode reports 0),false,,,,2,0,0
confirmation/memory_visits_1k/trial_1/metrics.csv,paint,memory after visiting notes,,,,,34.682458,2.257041,,,,com.apple.keylayout.ABC,variable (CGDisplayMode reports 0),false,,,,0,2,2
confirmation/memory_visits_1k/trial_1/metrics.csv,paint,memory after visiting notes,,,,,14.818417,1.452333,,,,com.apple.keylayout.ABC,variable (CGDisplayMode reports 0),false,,,,2,0,0
confirmation/memory_visits_1k/trial_1/metrics.csv,paint,memory after visiting notes,,,,,36.612542,2.217333,,,,com.apple.keylayout.ABC,variable (CGDisplayMode reports 0),false,,,,0,2,2
confirmation/memory_visits_1k/trial_1/metrics.csv,paint,memory after visiting notes,,,,,15.679541,1.620375,,,,com.apple.keylayout.ABC,variable (CGDisplayMode reports 0),false,,,,2,0,0
confirmation/memory_visits_1k/trial_1/metrics.csv,paint,memory after visiting notes,,,,,36.378625,2.287625,,,,com.apple.keylayout.ABC,variable (CGDisplayMode reports 0),false,,,,0,2,2
confirmation/memory_visits_1k/trial_1/metrics.csv,paint,memory after visiting notes,,,,,15.373917,1.454041,,,,com.apple.keylayout.ABC,variable (CGDisplayMode reports 0),false,,,,2,0,0
confirmation/memory_visits_1k/trial_1/metrics.csv,paint,memory after visiting notes,,,,,38.415375,2.260500,,,,com.apple.keylayout.ABC,variable (CGDisplayMode reports 0),false,,,,0,2,2
confirmation/memory_visits_1k/trial_1/metrics.csv,paint,memory after visiting notes,,,,,16.275000,1.624459,,,,com.apple.keylayout.ABC,variable (CGDisplayMode reports 0),false,,,,2,0,0
confirmation/memory_visits_1k/trial_1/metrics.csv,paint,memory after visiting notes,,,,,34.366208,2.200666,,,,com.apple.keylayout.ABC,variable (CGDisplayMode reports 0),false,,,,0,2,2
confirmation/memory_visits_1k/trial_1/metrics.csv,paint,memory after visiting notes,,,,,15.057417,1.451375,,,,com.apple.keylayout.ABC,variable (CGDisplayMode reports 0),false,,,,2,0,0
confirmation/memory_visits_1k/trial_1/metrics.csv,paint,memory after visiting notes,,,,,38.322458,2.257250,,,,com.apple.keylayout.ABC,variable (CGDisplayMode reports 0),false,,,,0,2,2
confirmation/memory_visits_1k/trial_1/metrics.csv,paint,memory after visiting notes,,,,,16.180750,1.480291,,,,com.apple.keylayout.ABC,variable (CGDisplayMode reports 0),false,,,,2,0,0
confirmation/memory_visits_1k/trial_1/metrics.csv,paint,memory after visiting notes,,,,,33.901792,2.296792,,,,com.apple.keylayout.ABC,variable (CGDisplayMode reports 0),false,,,,0,2,2
confirmation/memory_visits_1k/trial_1/metrics.csv,paint,memory after visiting notes,,,,,15.418708,1.422000,,,,com.apple.keylayout.ABC,variable (CGDisplayMode reports 0),false,,,,2,0,0
confirmation/memory_visits_1k/trial_1/metrics.csv,paint,memory after visiting notes,,,,,38.173250,2.180791,,,,com.apple.keylayout.ABC,variable (CGDisplayMode reports 0),false,,,,0,2,2
confirmation/memory_visits_1k/trial_1/metrics.csv,paint,memory after visiting notes,,,,,15.682375,1.481292,,,,com.apple.keylayout.ABC,variable (CGDisplayMode reports 0),false,,,,2,0,0
confirmation/memory_visits_1k/trial_1/metrics.csv,paint,memory after visiting notes,,,,,37.057584,2.276708,,,,com.apple.keylayout.ABC,variable (CGDisplayMode reports 0),false,,,,0,2,2
confirmation/memory_visits_1k/trial_1/metrics.csv,paint,memory after visiting notes,,,,,16.938666,1.653333,,,,com.apple.keylayout.ABC,variable (CGDisplayMode reports 0),false,,,,2,0,0
confirmation/memory_visits_1k/trial_1/metrics.csv,paint,memory after visiting notes,,,,,33.510667,2.322000,,,,com.apple.keylayout.ABC,variable (CGDisplayMode reports 0),false,,,,0,2,2
confirmation/memory_visits_1k/trial_1/metrics.csv,paint,memory after visiting notes,,,,,15.266292,1.431458,,,,com.apple.keylayout.ABC,variable (CGDisplayMode reports 0),false,,,,2,0,0
confirmation/memory_visits_1k/trial_1/metrics.csv,paint,memory after visiting notes,,,,,36.295375,2.300417,,,,com.apple.keylayout.ABC,variable (CGDisplayMode reports 0),false,,,,0,2,2
confirmation/memory_visits_1k/trial_1/metrics.csv,paint,memory after visiting notes,,,,,15.651208,1.598084,,,,com.apple.keylayout.ABC,variable (CGDisplayMode reports 0),false,,,,2,0,0
confirmation/memory_visits_1k/trial_1/metrics.csv,paint,memory after visiting notes,,,,,38.681833,2.236792,,,,com.apple.keylayout.ABC,variable (CGDisplayMode reports 0),false,,,,0,2,2
confirmation/memory_visits_1k/trial_1/metrics.csv,paint,memory after visiting notes,,,,,16.668459,1.571708,,,,com.apple.keylayout.ABC,variable (CGDisplayMode reports 0),false,,,,2,0,0
confirmation/memory_visits_1k/trial_1/metrics.csv,paint,memory after visiting notes,,,,,33.226083,2.294042,,,,com.apple.keylayout.ABC,variable (CGDisplayMode reports 0),false,,,,0,2,2
confirmation/memory_visits_1k/trial_1/metrics.csv,paint,memory after visiting notes,,,,,15.114833,1.442792,,,,com.apple.keylayout.ABC,variable (CGDisplayMode reports 0),false,,,,2,0,0
confirmation/memory_visits_1k/trial_1/metrics.csv,paint,memory after visiting notes,,,,,38.155292,2.269959,,,,com.apple.keylayout.ABC,variable (CGDisplayMode reports 0),false,,,,0,2,2
confirmation/memory_visits_1k/trial_1/metrics.csv,paint,memory after visiting notes,,,,,15.927500,1.650958,,,,com.apple.keylayout.ABC,variable (CGDisplayMode reports 0),false,,,,2,0,0
confirmation/memory_visits_1k/trial_1/metrics.csv,paint,memory after visiting notes,,,,,36.081375,2.274125,,,,com.apple.keylayout.ABC,variable (CGDisplayMode reports 0),false,,,,0,2,2
confirmation/memory_visits_1k/trial_1/metrics.csv,paint,memory after visiting notes,,,,,16.042917,1.627875,,,,com.apple.keylayout.ABC,variable (CGDisplayMode reports 0),false,,,,2,0,0
confirmation/memory_visits_1k/trial_1/metrics.csv,paint,memory after visiting notes,,,,,26.534291,1.596541,,,,com.apple.keylayout.ABC,variable (CGDisplayMode reports 0),false,,,,2,0,0
confirmation/memory_visits_1k/trial_1/metrics.csv,paint,memory after visiting notes,,,,,21.915375,2.257000,,,,com.apple.keylayout.ABC,variable (CGDisplayMode reports 0),false,,,,0,2,2
confirmation/memory_visits_1k/trial_1/metrics.csv,paint,memory after visiting notes,,,,,15.955667,1.445292,,,,com.apple.keylayout.ABC,variable (CGDisplayMode reports 0),false,,,,2,0,0
confirmation/memory_visits_1k/trial_1/metrics.csv,paint,memory after visiting notes,,,,,15.688542,1.477875,,,,com.apple.keylayout.ABC,variable (CGDisplayMode reports 0),false,,,,2,0,0
confirmation/memory_visits_1k/trial_1/metrics.csv,paint,memory after visiting notes,,,,,22.984500,2.227542,,,,com.apple.keylayout.ABC,variable (CGDisplayMode reports 0),false,,,,0,2,2
confirmation/memory_visits_1k/trial_1/metrics.csv,paint,memory after visiting notes,,,,,15.504625,1.441500,,,,com.apple.keylayout.ABC,variable (CGDisplayMode reports 0),false,,,,2,0,0
confirmation/memory_visits_1k/trial_1/metrics.csv,paint,memory after visiting notes,,,,,16.118708,1.513916,,,,com.apple.keylayout.ABC,variable (CGDisplayMode reports 0),false,,,,2,0,0
confirmation/memory_visits_1k/trial_1/metrics.csv,paint,memory after visiting notes,,,,,21.547083,2.212875,,,,com.apple.keylayout.ABC,variable (CGDisplayMode reports 0),false,,,,0,2,2
confirmation/memory_visits_1k/trial_1/metrics.csv,paint,memory after visiting notes,,,,,16.439667,1.564084,,,,com.apple.keylayout.ABC,variable (CGDisplayMode reports 0),false,,,,2,0,0
confirmation/memory_visits_1k/trial_1/metrics.csv,paint,memory after visiting notes,,,,,15.119250,1.458792,,,,com.apple.keylayout.ABC,variable (CGDisplayMode reports 0),false,,,,2,0,0
confirmation/memory_visits_1k/trial_1/metrics.csv,paint,memory after visiting notes,,,,,23.465583,2.106875,,,,com.apple.keylayout.ABC,variable (CGDisplayMode reports 0),false,,,,0,2,2
confirmation/memory_visits_1k/trial_1/metrics.csv,paint,memory after visiting notes,,,,,15.418334,1.490666,,,,com.apple.keylayout.ABC,variable (CGDisplayMode reports 0),false,,,,2,0,0
confirmation/memory_visits_1k/trial_1/metrics.csv,paint,memory after visiting notes,,,,,15.395541,1.508750,,,,com.apple.keylayout.ABC,variable (CGDisplayMode reports 0),false,,,,2,0,0
confirmation/memory_visits_1k/trial_1/metrics.csv,paint,memory after visiting notes,,,,,21.991459,2.328750,,,,com.apple.keylayout.ABC,variable (CGDisplayMode reports 0),false,,,,0,2,2
confirmation/memory_visits_1k/trial_1/metrics.csv,paint,memory after visiting notes,,,,,16.046083,1.479542,,,,com.apple.keylayout.ABC,variable (CGDisplayMode reports 0),false,,,,2,0,0
confirmation/memory_visits_1k/trial_1/metrics.csv,paint,memory after visiting notes,,,,,15.324042,1.480583,,,,com.apple.keylayout.ABC,variable (CGDisplayMode reports 0),false,,,,2,0,0
confirmation/memory_visits_1k/trial_1/metrics.csv,paint,memory after visiting notes,,,,,24.770583,2.261833,,,,com.apple.keylayout.ABC,variable (CGDisplayMode reports 0),false,,,,0,2,2
confirmation/memory_visits_1k/trial_1/metrics.csv,paint,memory after visiting notes,,,,,16.392833,1.572250,,,,com.apple.keylayout.ABC,variable (CGDisplayMode reports 0),false,,,,2,0,0
confirmation/memory_visits_1k/trial_1/metrics.csv,paint,memory after visiting notes,,,,,15.929542,1.511250,,,,com.apple.keylayout.ABC,variable (CGDisplayMode reports 0),false,,,,2,0,0
confirmation/memory_visits_1k/trial_1/metrics.csv,paint,memory after visiting notes,,,,,22.940250,2.279209,,,,com.apple.keylayout.ABC,variable (CGDisplayMode reports 0),false,,,,0,2,2
confirmation/memory_visits_1k/trial_1/metrics.csv,paint,memory after visiting notes,,,,,15.984250,1.615167,,,,com.apple.keylayout.ABC,variable (CGDisplayMode reports 0),false,,,,2,0,0
confirmation/memory_visits_1k/trial_1/metrics.csv,paint,memory after visiting notes,,,,,16.256917,1.477166,,,,com.apple.keylayout.ABC,variable (CGDisplayMode reports 0),false,,,,2,0,0
confirmation/memory_visits_1k/trial_1/metrics.csv,paint,memory after visiting notes,,,,,23.634916,2.327208,,,,com.apple.keylayout.ABC,variable (CGDisplayMode reports 0),false,,,,0,2,2
confirmation/memory_visits_1k/trial_1/metrics.csv,paint,memory after visiting notes,,,,,17.400292,1.695291,,,,com.apple.keylayout.ABC,variable (CGDisplayMode reports 0),false,,,,2,0,0
confirmation/memory_visits_1k/trial_1/metrics.csv,paint,memory after visiting notes,,,,,16.187750,1.652750,,,,com.apple.keylayout.ABC,variable (CGDisplayMode reports 0),false,,,,2,0,0
confirmation/memory_visits_1k/trial_1/metrics.csv,paint,memory after visiting notes,,,,,22.794833,2.321375,,,,com.apple.keylayout.ABC,variable (CGDisplayMode reports 0),false,,,,0,2,2
confirmation/memory_visits_1k/trial_1/metrics.csv,paint,memory after visiting notes,,,,,15.620292,1.467583,,,,com.apple.keylayout.ABC,variable (CGDisplayMode reports 0),false,,,,2,0,0
confirmation/memory_visits_1k/trial_1/metrics.csv,paint,memory after visiting notes,,,,,15.673167,1.484250,,,,com.apple.keylayout.ABC,variable (CGDisplayMode reports 0),false,,,,2,0,0
confirmation/memory_visits_1k/trial_1/metrics.csv,paint,memory after visiting notes,,,,,21.513541,2.300291,,,,com.apple.keylayout.ABC,variable (CGDisplayMode reports 0),false,,,,0,2,2
confirmation/memory_visits_1k/trial_1/metrics.csv,paint,memory after visiting notes,,,,,15.873209,1.502416,,,,com.apple.keylayout.ABC,variable (CGDisplayMode reports 0),false,,,,2,0,0
confirmation/memory_visits_1k/trial_1/metrics.csv,paint,memory after visiting notes,,,,,15.704750,1.484167,,,,com.apple.keylayout.ABC,variable (CGDisplayMode reports 0),false,,,,2,0,0
confirmation/memory_visits_1k/trial_1/metrics.csv,paint,memory after visiting notes,,,,,23.504583,2.205166,,,,com.apple.keylayout.ABC,variable (CGDisplayMode reports 0),false,,,,0,2,2
confirmation/memory_visits_1k/trial_1/metrics.csv,paint,memory after visiting notes,,,,,16.625833,1.461042,,,,com.apple.keylayout.ABC,variable (CGDisplayMode reports 0),false,,,,2,0,0
confirmation/memory_visits_1k/trial_1/metrics.csv,paint,memory after visiting notes,,,,,15.385875,1.486292,,,,com.apple.keylayout.ABC,variable (CGDisplayMode reports 0),false,,,,2,0,0
confirmation/memory_visits_1k/trial_1/metrics.csv,paint,memory after visiting notes,,,,,21.651209,2.323791,,,,com.apple.keylayout.ABC,variable (CGDisplayMode reports 0),false,,,,0,2,2
confirmation/memory_visits_1k/trial_1/metrics.csv,paint,memory after visiting notes,,,,,15.673916,1.499958,,,,com.apple.keylayout.ABC,variable (CGDisplayMode reports 0),false,,,,2,0,0
confirmation/memory_visits_1k/trial_1/metrics.csv,paint,memory after visiting notes,,,,,15.873084,1.536542,,,,com.apple.keylayout.ABC,variable (CGDisplayMode reports 0),false,,,,2,0,0
confirmation/memory_visits_1k/trial_1/metrics.csv,paint,memory after visiting notes,,,,,22.850583,2.139667,,,,com.apple.keylayout.ABC,variable (CGDisplayMode reports 0),false,,,,0,2,2
confirmation/memory_visits_1k/trial_1/metrics.csv,paint,memory after visiting notes,,,,,16.015708,1.655166,,,,com.apple.keylayout.ABC,variable (CGDisplayMode reports 0),false,,,,2,0,0
confirmation/memory_visits_1k/trial_1/metrics.csv,paint,memory after visiting notes,,,,,15.647709,1.474167,,,,com.apple.keylayout.ABC,variable (CGDisplayMode reports 0),false,,,,2,0,0
confirmation/memory_visits_1k/trial_1/metrics.csv,paint,memory after visiting notes,,,,,22.296125,2.268708,,,,com.apple.keylayout.ABC,variable (CGDisplayMode reports 0),false,,,,0,2,2
confirmation/memory_visits_1k/trial_1/metrics.csv,paint,memory after visiting notes,,,,,16.392875,1.477333,,,,com.apple.keylayout.ABC,variable (CGDisplayMode reports 0),false,,,,2,0,0
confirmation/memory_visits_1k/trial_1/metrics.csv,paint,memory after visiting notes,,,,,15.794666,1.489875,,,,com.apple.keylayout.ABC,variable (CGDisplayMode reports 0),false,,,,2,0,0
confirmation/memory_visits_1k/trial_1/metrics.csv,paint,memory after visiting notes,,,,,22.043542,2.279584,,,,com.apple.keylayout.ABC,variable (CGDisplayMode reports 0),false,,,,0,2,2
confirmation/memory_visits_1k/trial_1/metrics.csv,paint,memory after visiting notes,,,,,16.504875,1.484917,,,,com.apple.keylayout.ABC,variable (CGDisplayMode reports 0),false,,,,2,0,0
confirmation/memory_visits_1k/trial_1/metrics.csv,paint,memory after visiting notes,,,,,15.747792,1.477750,,,,com.apple.keylayout.ABC,variable (CGDisplayMode reports 0),false,,,,2,0,0
confirmation/memory_visits_1k/trial_1/metrics.csv,paint,memory after visiting notes,,,,,22.801041,2.307125,,,,com.apple.keylayout.ABC,variable (CGDisplayMode reports 0),false,,,,0,2,2
confirmation/memory_visits_1k/trial_1/metrics.csv,paint,memory after visiting notes,,,,,16.565125,1.521500,,,,com.apple.keylayout.ABC,variable (CGDisplayMode reports 0),false,,,,2,0,0
confirmation/memory_visits_1k/trial_1/metrics.csv,paint,memory after visiting notes,,,,,16.036209,1.547208,,,,com.apple.keylayout.ABC,variable (CGDisplayMode reports 0),false,,,,2,0,0
confirmation/memory_visits_1k/trial_1/metrics.csv,paint,memory after visiting notes,,,,,22.152916,2.313791,,,,com.apple.keylayout.ABC,variable (CGDisplayMode reports 0),false,,,,0,2,2
confirmation/memory_visits_1k/trial_1/metrics.csv,paint,memory after visiting notes,,,,,15.614167,1.511417,,,,com.apple.keylayout.ABC,variable (CGDisplayMode reports 0),false,,,,2,0,0
confirmation/memory_visits_1k/trial_1/metrics.csv,paint,memory after visiting notes,,,,,15.822333,1.490291,,,,com.apple.keylayout.ABC,variable (CGDisplayMode reports 0),false,,,,2,0,0
confirmation/memory_visits_1k/trial_1/metrics.csv,paint,memory after visiting notes,,,,,25.117584,2.325583,,,,com.apple.keylayout.ABC,variable (CGDisplayMode reports 0),false,,,,0,2,2
confirmation/memory_visits_1k/trial_1/metrics.csv,paint,memory after visiting notes,,,,,15.727125,1.515375,,,,com.apple.keylayout.ABC,variable (CGDisplayMode reports 0),false,,,,2,0,0
confirmation/memory_visits_1k/trial_1/metrics.csv,paint,memory after visiting notes,,,,,15.798958,1.484000,,,,com.apple.keylayout.ABC,variable (CGDisplayMode reports 0),false,,,,2,0,0
confirmation/memory_visits_1k/trial_1/metrics.csv,paint,memory after visiting notes,,,,,23.007500,2.277041,,,,com.apple.keylayout.ABC,variable (CGDisplayMode reports 0),false,,,,0,2,2
confirmation/memory_visits_1k/trial_1/metrics.csv,paint,memory after visiting notes,,,,,17.094542,1.582041,,,,com.apple.keylayout.ABC,variable (CGDisplayMode reports 0),false,,,,2,0,0
confirmation/memory_visits_1k/trial_1/metrics.csv,paint,memory after visiting notes,,,,,16.288916,1.562167,,,,com.apple.keylayout.ABC,variable (CGDisplayMode reports 0),false,,,,2,0,0
confirmation/memory_visits_1k/trial_1/metrics.csv,paint,memory after visiting notes,,,,,22.956084,2.296875,,,,com.apple.keylayout.ABC,variable (CGDisplayMode reports 0),false,,,,0,2,2
confirmation/memory_visits_1k/trial_1/metrics.csv,paint,memory after visiting notes,,,,,16.352750,1.539167,,,,com.apple.keylayout.ABC,variable (CGDisplayMode reports 0),false,,,,2,0,0
confirmation/memory_visits_1k/trial_1/metrics.csv,paint,memory after visiting notes,,,,,15.602625,1.521083,,,,com.apple.keylayout.ABC,variable (CGDisplayMode reports 0),false,,,,2,0,0
confirmation/memory_visits_1k/trial_1/metrics.csv,paint,memory after visiting notes,,,,,24.887166,2.075292,,,,com.apple.keylayout.ABC,variable (CGDisplayMode reports 0),false,,,,0,2,2
confirmation/memory_visits_1k/trial_1/metrics.csv,paint,memory after visiting notes,,,,,16.514625,1.651208,,,,com.apple.keylayout.ABC,variable (CGDisplayMode reports 0),false,,,,2,0,0
confirmation/memory_visits_1k/trial_1/metrics.csv,paint,memory after visiting notes,,,,,15.588167,1.514458,,,,com.apple.keylayout.ABC,variable (CGDisplayMode reports 0),false,,,,2,0,0
confirmation/memory_visits_1k/trial_1/metrics.csv,paint,memory after visiting notes,,,,,26.378417,2.136958,,,,com.apple.keylayout.ABC,variable (CGDisplayMode reports 0),false,,,,0,2,2
confirmation/memory_visits_1k/trial_1/metrics.csv,paint,memory after visiting notes,,,,,16.503166,1.572042,,,,com.apple.keylayout.ABC,variable (CGDisplayMode reports 0),false,,,,2,0,0
confirmation/memory_visits_1k/trial_1/metrics.csv,paint,memory after visiting notes,,,,,16.311792,1.547541,,,,com.apple.keylayout.ABC,variable (CGDisplayMode reports 0),false,,,,2,0,0
confirmation/memory_visits_1k/trial_1/metrics.csv,paint,memory after visiting notes,,,,,25.028667,2.165750,,,,com.apple.keylayout.ABC,variable (CGDisplayMode reports 0),false,,,,0,2,2
confirmation/memory_visits_1k/trial_1/metrics.csv,paint,memory after visiting notes,,,,,16.462875,1.523625,,,,com.apple.keylayout.ABC,variable (CGDisplayMode reports 0),false,,,,2,0,0
confirmation/memory_visits_1k/trial_1/metrics.csv,paint,memory after visiting notes,,,,,15.687041,1.512417,,,,com.apple.keylayout.ABC,variable (CGDisplayMode reports 0),false,,,,2,0,0
confirmation/memory_visits_1k/trial_1/metrics.csv,paint,memory after visiting notes,,,,,25.785417,2.212625,,,,com.apple.keylayout.ABC,variable (CGDisplayMode reports 0),false,,,,0,2,2
confirmation/memory_visits_1k/trial_1/metrics.csv,paint,memory after visiting notes,,,,,16.213625,1.558000,,,,com.apple.keylayout.ABC,variable (CGDisplayMode reports 0),false,,,,2,0,0
confirmation/memory_visits_1k/trial_1/metrics.csv,paint,memory after visiting notes,,,,,15.637167,1.488709,,,,com.apple.keylayout.ABC,variable (CGDisplayMode reports 0),false,,,,2,0,0
confirmation/memory_visits_1k/trial_1/metrics.csv,paint,memory after visiting notes,,,,,22.962541,2.308333,,,,com.apple.keylayout.ABC,variable (CGDisplayMode reports 0),false,,,,0,2,2
confirmation/memory_visits_1k/trial_1/metrics.csv,paint,memory after visiting notes,,,,,16.542834,1.598625,,,,com.apple.keylayout.ABC,variable (CGDisplayMode reports 0),false,,,,2,0,0
confirmation/memory_visits_1k/trial_1/metrics.csv,paint,memory after visiting notes,,,,,16.357708,1.554833,,,,com.apple.keylayout.ABC,variable (CGDisplayMode reports 0),false,,,,2,0,0
confirmation/memory_visits_1k/trial_1/metrics.csv,paint,memory after visiting notes,,,,,23.094667,2.289500,,,,com.apple.keylayout.ABC,variable (CGDisplayMode reports 0),false,,,,0,2,2
confirmation/memory_visits_1k/trial_1/metrics.csv,paint,memory after visiting notes,,,,,16.369041,1.579125,,,,com.apple.keylayout.ABC,variable (CGDisplayMode reports 0),false,,,,2,0,0
confirmation/memory_visits_1k/trial_1/metrics.csv,paint,memory after visiting notes,,,,,16.248834,1.539334,,,,com.apple.keylayout.ABC,variable (CGDisplayMode reports 0),false,,,,2,0,0
confirmation/memory_visits_1k/trial_1/metrics.csv,paint,memory after visiting notes,,,,,24.037750,2.141334,,,,com.apple.keylayout.ABC,variable (CGDisplayMode reports 0),false,,,,0,2,2
confirmation/memory_visits_1k/trial_1/metrics.csv,paint,memory after visiting notes,,,,,17.157458,1.665208,,,,com.apple.keylayout.ABC,variable (CGDisplayMode reports 0),false,,,,2,0,0
confirmation/memory_visits_1k/trial_1/metrics.csv,paint,memory after visiting notes,,,,,15.874292,1.496125,,,,com.apple.keylayout.ABC,variable (CGDisplayMode reports 0),false,,,,2,0,0
confirmation/memory_visits_1k/trial_1/metrics.csv,paint,memory after visiting notes,,,,,25.581791,2.161250,,,,com.apple.keylayout.ABC,variable (CGDisplayMode reports 0),false,,,,0,2,2
confirmation/memory_visits_1k/trial_1/metrics.csv,paint,memory after visiting notes,,,,,17.229792,1.750833,,,,com.apple.keylayout.ABC,variable (CGDisplayMode reports 0),false,,,,2,0,0
confirmation/memory_visits_1k/trial_1/metrics.csv,paint,memory after visiting notes,,,,,16.075833,1.577292,,,,com.apple.keylayout.ABC,variable (CGDisplayMode reports 0),false,,,,2,0,0
confirmation/memory_visits_1k/trial_1/metrics.csv,paint,memory after visiting notes,,,,,24.192542,2.311834,,,,com.apple.keylayout.ABC,variable (CGDisplayMode reports 0),false,,,,0,2,2
confirmation/memory_visits_1k/trial_1/metrics.csv,paint,memory after visiting notes,,,,,16.551625,1.537084,,,,com.apple.keylayout.ABC,variable (CGDisplayMode reports 0),false,,,,2,0,0
confirmation/memory_visits_1k/trial_1/metrics.csv,paint,memory after visiting notes,,,,,16.238833,1.603958,,,,com.apple.keylayout.ABC,variable (CGDisplayMode reports 0),false,,,,2,0,0
confirmation/memory_visits_1k/trial_1/metrics.csv,paint,memory after visiting notes,,,,,25.442750,2.237125,,,,com.apple.keylayout.ABC,variable (CGDisplayMode reports 0),false,,,,0,2,2
confirmation/memory_visits_1k/trial_1/metrics.csv,paint,memory after visiting notes,,,,,16.851542,1.642250,,,,com.apple.keylayout.ABC,variable (CGDisplayMode reports 0),false,,,,2,0,0
confirmation/memory_visits_1k/trial_1/metrics.csv,paint,memory after visiting notes,,,,,17.283333,1.569125,,,,com.apple.keylayout.ABC,variable (CGDisplayMode reports 0),false,,,,2,0,0
confirmation/memory_visits_1k/trial_1/metrics.csv,paint,memory after visiting notes,,,,,25.873542,2.187959,,,,com.apple.keylayout.ABC,variable (CGDisplayMode reports 0),false,,,,0,2,2
confirmation/memory_visits_1k/trial_1/metrics.csv,paint,memory after visiting notes,,,,,16.836000,1.731292,,,,com.apple.keylayout.ABC,variable (CGDisplayMode reports 0),false,,,,2,0,0
confirmation/memory_visits_1k/trial_1/metrics.csv,paint,memory after visiting notes,,,,,15.664417,1.550333,,,,com.apple.keylayout.ABC,variable (CGDisplayMode reports 0),false,,,,2,0,0
confirmation/memory_visits_1k/trial_1/metrics.csv,paint,memory after visiting notes,,,,,24.420916,2.218125,,,,com.apple.keylayout.ABC,variable (CGDisplayMode reports 0),false,,,,0,2,2
confirmation/memory_visits_1k/trial_1/metrics.csv,paint,memory after visiting notes,,,,,16.599792,1.596000,,,,com.apple.keylayout.ABC,variable (CGDisplayMode reports 0),false,,,,2,0,0
confirmation/memory_visits_1k/trial_1/metrics.csv,paint,memory after visiting notes,,,,,16.899417,1.518334,,,,com.apple.keylayout.ABC,variable (CGDisplayMode reports 0),false,,,,2,0,0
confirmation/memory_visits_1k/trial_1/metrics.csv,paint,memory after visiting notes,,,,,24.972541,2.307250,,,,com.apple.keylayout.ABC,variable (CGDisplayMode reports 0),false,,,,0,2,2
confirmation/memory_visits_1k/trial_1/metrics.csv,paint,memory after visiting notes,,,,,16.495250,1.607292,,,,com.apple.keylayout.ABC,variable (CGDisplayMode reports 0),false,,,,2,0,0
confirmation/memory_visits_1k/trial_1/metrics.csv,paint,memory after visiting notes,,,,,16.335792,1.538292,,,,com.apple.keylayout.ABC,variable (CGDisplayMode reports 0),false,,,,2,0,0
confirmation/memory_visits_1k/trial_1/metrics.csv,paint,memory after visiting notes,,,,,25.407375,2.171542,,,,com.apple.keylayout.ABC,variable (CGDisplayMode reports 0),false,,,,0,2,2
confirmation/memory_visits_1k/trial_1/metrics.csv,paint,memory after visiting notes,,,,,17.539042,1.719292,,,,com.apple.keylayout.ABC,variable (CGDisplayMode reports 0),false,,,,2,0,0
confirmation/memory_visits_1k/trial_1/metrics.csv,paint,memory after visiting notes,,,,,16.273000,1.598583,,,,com.apple.keylayout.ABC,variable (CGDisplayMode reports 0),false,,,,2,0,0
confirmation/memory_visits_1k/trial_1/metrics.csv,paint,memory after visiting notes,,,,,25.020375,2.211417,,,,com.apple.keylayout.ABC,variable (CGDisplayMode reports 0),false,,,,0,2,2
confirmation/memory_visits_1k/trial_1/metrics.csv,paint,memory after visiting notes,,,,,17.019166,1.746084,,,,com.apple.keylayout.ABC,variable (CGDisplayMode reports 0),false,,,,2,0,0
confirmation/memory_visits_1k/trial_1/metrics.csv,paint,memory after visiting notes,,,,,15.937709,1.514292,,,,com.apple.keylayout.ABC,variable (CGDisplayMode reports 0),false,,,,2,0,0
confirmation/memory_visits_1k/trial_1/metrics.csv,paint,memory after visiting notes,,,,,25.385458,2.174250,,,,com.apple.keylayout.ABC,variable (CGDisplayMode reports 0),false,,,,0,2,2
confirmation/memory_visits_1k/trial_1/metrics.csv,paint,memory after visiting notes,,,,,17.758333,1.594917,,,,com.apple.keylayout.ABC,variable (CGDisplayMode reports 0),false,,,,2,0,0
confirmation/memory_visits_1k/trial_1/metrics.csv,paint,memory after visiting notes,,,,,16.401250,1.570416,,,,com.apple.keylayout.ABC,variable (CGDisplayMode reports 0),false,,,,2,0,0
confirmation/memory_visits_1k/trial_1/metrics.csv,paint,memory after visiting notes,,,,,23.571459,2.284709,,,,com.apple.keylayout.ABC,variable (CGDisplayMode reports 0),false,,,,0,2,2
confirmation/memory_visits_1k/trial_1/metrics.csv,paint,memory after visiting notes,,,,,16.559250,1.608666,,,,com.apple.keylayout.ABC,variable (CGDisplayMode reports 0),false,,,,2,0,0
confirmation/memory_visits_1k/trial_1/metrics.csv,paint,memory after visiting notes,,,,,16.337750,1.527834,,,,com.apple.keylayout.ABC,variable (CGDisplayMode reports 0),false,,,,2,0,0
confirmation/memory_visits_1k/trial_1/metrics.csv,paint,memory after visiting notes,,,,,25.702416,2.196916,,,,com.apple.keylayout.ABC,variable (CGDisplayMode reports 0),false,,,,0,2,2
confirmation/memory_visits_1k/trial_1/metrics.csv,paint,memory after visiting notes,,,,,17.337584,1.607542,,,,com.apple.keylayout.ABC,variable (CGDisplayMode reports 0),false,,,,2,0,0
confirmation/memory_visits_1k/trial_1/metrics.csv,paint,memory after visiting notes,,,,,16.366875,1.599583,,,,com.apple.keylayout.ABC,variable (CGDisplayMode reports 0),false,,,,2,0,0
confirmation/memory_visits_1k/trial_1/metrics.csv,paint,memory after visiting notes,,,,,24.112000,2.126792,,,,com.apple.keylayout.ABC,variable (CGDisplayMode reports 0),false,,,,0,2,2
confirmation/memory_visits_1k/trial_1/metrics.csv,paint,memory after visiting notes,,,,,16.708333,1.603917,,,,com.apple.keylayout.ABC,variable (CGDisplayMode reports 0),false,,,,2,0,0
confirmation/memory_visits_1k/trial_1/metrics.csv,paint,memory after visiting notes,,,,,16.390125,1.504250,,,,com.apple.keylayout.ABC,variable (CGDisplayMode reports 0),false,,,,2,0,0
confirmation/memory_visits_1k/trial_1/metrics.csv,paint,memory after visiting notes,,,,,25.081875,2.218916,,,,com.apple.keylayout.ABC,variable (CGDisplayMode reports 0),false,,,,0,2,2
confirmation/memory_visits_1k/trial_1/metrics.csv,paint,memory after visiting notes,,,,,16.587667,1.531000,,,,com.apple.keylayout.ABC,variable (CGDisplayMode reports 0),false,,,,2,0,0
confirmation/memory_visits_1k/trial_1/metrics.csv,paint,memory after visiting notes,,,,,16.292541,1.546291,,,,com.apple.keylayout.ABC,variable (CGDisplayMode reports 0),false,,,,2,0,0
confirmation/memory_visits_1k/trial_1/metrics.csv,paint,memory after visiting notes,,,,,25.781584,2.193791,,,,com.apple.keylayout.ABC,variable (CGDisplayMode reports 0),false,,,,0,2,2
confirmation/memory_visits_1k/trial_1/metrics.csv,paint,memory after visiting notes,,,,,16.868041,1.614458,,,,com.apple.keylayout.ABC,variable (CGDisplayMode reports 0),false,,,,2,0,0
confirmation/memory_visits_1k/trial_1/metrics.csv,paint,memory after visiting notes,,,,,16.301167,1.487000,,,,com.apple.keylayout.ABC,variable (CGDisplayMode reports 0),false,,,,2,0,0
confirmation/memory_visits_1k/trial_1/metrics.csv,paint,memory after visiting notes,,,,,25.668250,2.368084,,,,com.apple.keylayout.ABC,variable (CGDisplayMode reports 0),false,,,,0,2,2
confirmation/memory_visits_1k/trial_1/metrics.csv,paint,memory after visiting notes,,,,,17.023417,1.553333,,,,com.apple.keylayout.ABC,variable (CGDisplayMode reports 0),false,,,,2,0,0
confirmation/memory_visits_1k/trial_1/metrics.csv,paint,memory after visiting notes,,,,,16.447541,1.513416,,,,com.apple.keylayout.ABC,variable (CGDisplayMode reports 0),false,,,,2,0,0
confirmation/memory_visits_1k/trial_1/metrics.csv,paint,memory after visiting notes,,,,,25.471959,2.292125,,,,com.apple.keylayout.ABC,variable (CGDisplayMode reports 0),false,,,,0,2,2
confirmation/memory_visits_1k/trial_1/metrics.csv,paint,memory after visiting notes,,,,,17.296625,1.520000,,,,com.apple.keylayout.ABC,variable (CGDisplayMode reports 0),false,,,,2,0,0
confirmation/memory_visits_1k/trial_1/metrics.csv,paint,memory after visiting notes,,,,,16.404250,1.554916,,,,com.apple.keylayout.ABC,variable (CGDisplayMode reports 0),false,,,,2,0,0
confirmation/memory_visits_1k/trial_1/metrics.csv,paint,memory after visiting notes,,,,,24.881541,2.370167,,,,com.apple.keylayout.ABC,variable (CGDisplayMode reports 0),false,,,,0,2,2
confirmation/memory_visits_1k/trial_1/metrics.csv,paint,memory after visiting notes,,,,,17.672584,1.557667,,,,com.apple.keylayout.ABC,variable (CGDisplayMode reports 0),false,,,,2,0,0
confirmation/memory_visits_1k/trial_1/metrics.csv,paint,memory after visiting notes,,,,,16.907291,1.667250,,,,com.apple.keylayout.ABC,variable (CGDisplayMode reports 0),false,,,,2,0,0
confirmation/memory_visits_1k/trial_1/metrics.csv,paint,memory after visiting notes,,,,,26.267167,2.390375,,,,com.apple.keylayout.ABC,variable (CGDisplayMode reports 0),false,,,,0,2,2
confirmation/memory_visits_1k/trial_1/metrics.csv,paint,memory after visiting notes,,,,,18.015875,1.660500,,,,com.apple.keylayout.ABC,variable (CGDisplayMode reports 0),false,,,,2,0,0
confirmation/memory_visits_1k/trial_1/metrics.csv,paint,memory after visiting notes,,,,,16.811333,1.606000,,,,com.apple.keylayout.ABC,variable (CGDisplayMode reports 0),false,,,,2,0,0
confirmation/memory_visits_1k/trial_1/metrics.csv,paint,memory after visiting notes,,,,,24.973875,2.394875,,,,com.apple.keylayout.ABC,variable (CGDisplayMode reports 0),false,,,,0,2,2
confirmation/memory_visits_1k/trial_1/metrics.csv,paint,memory after visiting notes,,,,,17.554042,1.606667,,,,com.apple.keylayout.ABC,variable (CGDisplayMode reports 0),false,,,,2,0,0
confirmation/memory_visits_1k/trial_1/metrics.csv,paint,memory after visiting notes,,,,,17.114000,1.620375,,,,com.apple.keylayout.ABC,variable (CGDisplayMode reports 0),false,,,,2,0,0
confirmation/memory_visits_1k/trial_1/metrics.csv,paint,memory after visiting notes,,,,,23.932792,2.379250,,,,com.apple.keylayout.ABC,variable (CGDisplayMode reports 0),false,,,,0,2,2
confirmation/memory_visits_1k/trial_1/metrics.csv,paint,memory after visiting notes,,,,,17.236500,1.634292,,,,com.apple.keylayout.ABC,variable (CGDisplayMode reports 0),false,,,,2,0,0
confirmation/memory_visits_1k/trial_1/metrics.csv,paint,memory after visiting notes,,,,,16.687125,1.556916,,,,com.apple.keylayout.ABC,variable (CGDisplayMode reports 0),false,,,,2,0,0
confirmation/memory_visits_1k/trial_1/metrics.csv,paint,memory after visiting notes,,,,,27.587833,2.101917,,,,com.apple.keylayout.ABC,variable (CGDisplayMode reports 0),false,,,,0,2,2
confirmation/memory_visits_1k/trial_1/metrics.csv,paint,memory after visiting notes,,,,,17.321417,1.712667,,,,com.apple.keylayout.ABC,variable (CGDisplayMode reports 0),false,,,,2,0,0
confirmation/memory_visits_1k/trial_1/metrics.csv,paint,memory after visiting notes,,,,,17.054375,1.637209,,,,com.apple.keylayout.ABC,variable (CGDisplayMode reports 0),false,,,,2,0,0
confirmation/memory_visits_1k/trial_1/metrics.csv,paint,memory after visiting notes,,,,,24.378000,2.279500,,,,com.apple.keylayout.ABC,variable (CGDisplayMode reports 0),false,,,,0,2,2
confirmation/memory_visits_1k/trial_1/metrics.csv,paint,memory after visiting notes,,,,,17.258625,1.764041,,,,com.apple.keylayout.ABC,variable (CGDisplayMode reports 0),false,,,,2,0,0
confirmation/memory_visits_1k/trial_1/metrics.csv,paint,memory after visiting notes,,,,,16.394666,1.591541,,,,com.apple.keylayout.ABC,variable (CGDisplayMode reports 0),false,,,,2,0,0
confirmation/memory_visits_1k/trial_1/metrics.csv,paint,memory after visiting notes,,,,,25.609792,2.353250,,,,com.apple.keylayout.ABC,variable (CGDisplayMode reports 0),false,,,,0,2,2
confirmation/memory_visits_1k/trial_1/metrics.csv,paint,memory after visiting notes,,,,,17.623875,1.665250,,,,com.apple.keylayout.ABC,variable (CGDisplayMode reports 0),false,,,,2,0,0
confirmation/memory_visits_1k/trial_1/metrics.csv,paint,memory after visiting notes,,,,,16.472292,1.561000,,,,com.apple.keylayout.ABC,variable (CGDisplayMode reports 0),false,,,,2,0,0
confirmation/memory_visits_1k/trial_1/metrics.csv,paint,memory after visiting notes,,,,,25.632208,2.398000,,,,com.apple.keylayout.ABC,variable (CGDisplayMode reports 0),false,,,,0,2,2
confirmation/memory_visits_1k/trial_1/metrics.csv,paint,memory after visiting notes,,,,,17.076917,1.646958,,,,com.apple.keylayout.ABC,variable (CGDisplayMode reports 0),false,,,,2,0,0
confirmation/memory_visits_1k/trial_1/metrics.csv,paint,memory after visiting notes,,,,,16.756875,1.567625,,,,com.apple.keylayout.ABC,variable (CGDisplayMode reports 0),false,,,,2,0,0
confirmation/memory_visits_1k/trial_1/metrics.csv,paint,memory after visiting notes,,,,,23.591166,2.247917,,,,com.apple.keylayout.ABC,variable (CGDisplayMode reports 0),false,,,,0,2,2
confirmation/memory_visits_1k/trial_1/metrics.csv,paint,memory after visiting notes,,,,,17.292500,1.650125,,,,com.apple.keylayout.ABC,variable (CGDisplayMode reports 0),false,,,,2,0,0
confirmation/memory_visits_1k/trial_1/metrics.csv,paint,memory after visiting notes,,,,,16.809500,1.617500,,,,com.apple.keylayout.ABC,variable (CGDisplayMode reports 0),false,,,,2,0,0
confirmation/memory_visits_1k/trial_1/metrics.csv,paint,memory after visiting notes,,,,,26.898250,2.394792,,,,com.apple.keylayout.ABC,variable (CGDisplayMode reports 0),false,,,,0,2,2
confirmation/memory_visits_1k/trial_1/metrics.csv,paint,memory after visiting notes,,,,,16.914625,1.590750,,,,com.apple.keylayout.ABC,variable (CGDisplayMode reports 0),false,,,,2,0,0
confirmation/memory_visits_1k/trial_1/metrics.csv,paint,memory after visiting notes,,,,,16.843625,1.573458,,,,com.apple.keylayout.ABC,variable (CGDisplayMode reports 0),false,,,,2,0,0
confirmation/memory_visits_1k/trial_1/metrics.csv,paint,memory after visiting notes,,,,,26.622250,2.364084,,,,com.apple.keylayout.ABC,variable (CGDisplayMode reports 0),false,,,,0,2,2
confirmation/memory_visits_1k/trial_1/metrics.csv,paint,memory after visiting notes,,,,,17.500459,1.683458,,,,com.apple.keylayout.ABC,variable (CGDisplayMode reports 0),false,,,,2,0,0
confirmation/memory_visits_1k/trial_1/metrics.csv,paint,memory after visiting notes,,,,,16.623375,1.611584,,,,com.apple.keylayout.ABC,variable (CGDisplayMode reports 0),false,,,,2,0,0
confirmation/memory_visits_1k/trial_1/metrics.csv,paint,memory after visiting notes,,,,,26.374833,2.433875,,,,com.apple.keylayout.ABC,variable (CGDisplayMode reports 0),false,,,,0,2,2
confirmation/memory_visits_1k/trial_1/metrics.csv,paint,memory after visiting notes,,,,,17.161792,1.622875,,,,com.apple.keylayout.ABC,variable (CGDisplayMode reports 0),false,,,,2,0,0
confirmation/memory_visits_1k/trial_1/metrics.csv,paint,memory after visiting notes,,,,,16.756708,1.527292,,,,com.apple.keylayout.ABC,variable (CGDisplayMode reports 0),false,,,,2,0,0
confirmation/memory_visits_1k/trial_1/metrics.csv,paint,memory after visiting notes,,,,,24.912167,2.331458,,,,com.apple.keylayout.ABC,variable (CGDisplayMode reports 0),false,,,,0,2,2
confirmation/memory_visits_1k/trial_1/metrics.csv,paint,memory after visiting notes,,,,,17.840333,1.649375,,,,com.apple.keylayout.ABC,variable (CGDisplayMode reports 0),false,,,,2,0,0
confirmation/memory_visits_1k/trial_1/metrics.csv,paint,memory after visiting notes,,,,,17.178583,1.645708,,,,com.apple.keylayout.ABC,variable (CGDisplayMode reports 0),false,,,,2,0,0
confirmation/memory_visits_1k/trial_1/metrics.csv,paint,memory after visiting notes,,,,,24.232875,2.411291,,,,com.apple.keylayout.ABC,variable (CGDisplayMode reports 0),false,,,,0,2,2
confirmation/memory_visits_1k/trial_1/metrics.csv,paint,memory after visiting notes,,,,,16.893417,1.540458,,,,com.apple.keylayout.ABC,variable (CGDisplayMode reports 0),false,,,,2,0,0
confirmation/memory_visits_1k/trial_1/metrics.csv,paint,memory after visiting notes,,,,,16.958458,1.573042,,,,com.apple.keylayout.ABC,variable (CGDisplayMode reports 0),false,,,,2,0,0
confirmation/memory_visits_1k/trial_1/metrics.csv,paint,memory after visiting notes,,,,,26.718125,2.351292,,,,com.apple.keylayout.ABC,variable (CGDisplayMode reports 0),false,,,,0,2,2
confirmation/memory_visits_1k/trial_1/metrics.csv,paint,memory after visiting notes,,,,,17.995125,1.608083,,,,com.apple.keylayout.ABC,variable (CGDisplayMode reports 0),false,,,,2,0,0
confirmation/memory_visits_1k/trial_1/metrics.csv,paint,memory after visiting notes,,,,,17.146042,1.625959,,,,com.apple.keylayout.ABC,variable (CGDisplayMode reports 0),false,,,,2,0,0
confirmation/memory_visits_1k/trial_1/metrics.csv,paint,memory after visiting notes,,,,,24.530167,2.427250,,,,com.apple.keylayout.ABC,variable (CGDisplayMode reports 0),false,,,,0,2,2
confirmation/memory_visits_1k/trial_1/metrics.csv,paint,memory after visiting notes,,,,,16.840666,1.568458,,,,com.apple.keylayout.ABC,variable (CGDisplayMode reports 0),false,,,,2,0,0
confirmation/memory_visits_1k/trial_1/metrics.csv,paint,memory after visiting notes,,,,,16.918959,1.552667,,,,com.apple.keylayout.ABC,variable (CGDisplayMode reports 0),false,,,,2,0,0
confirmation/memory_visits_1k/trial_1/metrics.csv,paint,memory after visiting notes,,,,,23.956041,2.417166,,,,com.apple.keylayout.ABC,variable (CGDisplayMode reports 0),false,,,,0,2,2
confirmation/memory_visits_1k/trial_1/metrics.csv,paint,memory after visiting notes,,,,,17.876167,1.778917,,,,com.apple.keylayout.ABC,variable (CGDisplayMode reports 0),false,,,,2,0,0
confirmation/memory_visits_1k/trial_1/metrics.csv,paint,memory after visiting notes,,,,,17.651625,1.594875,,,,com.apple.keylayout.ABC,variable (CGDisplayMode reports 0),false,,,,2,0,0
confirmation/memory_visits_1k/trial_1/metrics.csv,paint,memory after visiting notes,,,,,25.233750,2.453250,,,,com.apple.keylayout.ABC,variable (CGDisplayMode reports 0),false,,,,0,2,2
confirmation/memory_visits_1k/trial_1/metrics.csv,paint,memory after visiting notes,,,,,18.751625,1.771958,,,,com.apple.keylayout.ABC,variable (CGDisplayMode reports 0),false,,,,2,0,0
confirmation/memory_visits_1k/trial_1/metrics.csv,paint,memory after visiting notes,,,,,17.365083,1.676958,,,,com.apple.keylayout.ABC,variable (CGDisplayMode reports 0),false,,,,2,0,0
confirmation/memory_visits_1k/trial_1/metrics.csv,paint,memory after visiting notes,,,,,24.221084,2.398958,,,,com.apple.keylayout.ABC,variable (CGDisplayMode reports 0),false,,,,0,2,2
confirmation/memory_visits_1k/trial_1/metrics.csv,paint,memory after visiting notes,,,,,17.483083,1.624375,,,,com.apple.keylayout.ABC,variable (CGDisplayMode reports 0),false,,,,2,0,0
confirmation/memory_visits_1k/trial_1/metrics.csv,paint,memory after visiting notes,,,,,17.023583,1.611750,,,,com.apple.keylayout.ABC,variable (CGDisplayMode reports 0),false,,,,2,0,0
confirmation/memory_visits_1k/trial_1/metrics.csv,paint,memory after visiting notes,,,,,24.460125,2.377917,,,,com.apple.keylayout.ABC,variable (CGDisplayMode reports 0),false,,,,0,2,2
confirmation/memory_visits_1k/trial_1/metrics.csv,paint,memory after visiting notes,,,,,18.136792,1.698708,,,,com.apple.keylayout.ABC,variable (CGDisplayMode reports 0),false,,,,2,0,0
confirmation/memory_visits_1k/trial_1/metrics.csv,paint,memory after visiting notes,,,,,17.312542,1.657459,,,,com.apple.keylayout.ABC,variable (CGDisplayMode reports 0),false,,,,2,0,0
confirmation/memory_visits_1k/trial_1/metrics.csv,paint,memory after visiting notes,,,,,25.416083,2.333666,,,,com.apple.keylayout.ABC,variable (CGDisplayMode reports 0),false,,,,0,2,2
confirmation/memory_visits_1k/trial_1/metrics.csv,paint,memory after visiting notes,,,,,17.811292,1.538125,,,,com.apple.keylayout.ABC,variable (CGDisplayMode reports 0),false,,,,2,0,0
confirmation/memory_visits_1k/trial_1/metrics.csv,paint,memory after visiting notes,,,,,17.010833,1.572125,,,,com.apple.keylayout.ABC,variable (CGDisplayMode reports 0),false,,,,2,0,0
confirmation/memory_visits_1k/trial_1/metrics.csv,paint,memory after visiting notes,,,,,24.499958,2.387459,,,,com.apple.keylayout.ABC,variable (CGDisplayMode reports 0),false,,,,0,2,2
confirmation/memory_visits_1k/trial_1/metrics.csv,paint,memory after visiting notes,,,,,19.126167,1.644375,,,,com.apple.keylayout.ABC,variable (CGDisplayMode reports 0),false,,,,2,0,0
confirmation/memory_visits_1k/trial_1/metrics.csv,paint,memory after visiting notes,,,,,18.100083,1.700667,,,,com.apple.keylayout.ABC,variable (CGDisplayMode reports 0),false,,,,2,0,0
confirmation/memory_visits_1k/trial_1/metrics.csv,paint,memory after visiting notes,,,,,27.018834,2.379417,,,,com.apple.keylayout.ABC,variable (CGDisplayMode reports 0),false,,,,0,2,2
confirmation/memory_visits_1k/trial_1/metrics.csv,paint,memory after visiting notes,,,,,17.350000,1.630667,,,,com.apple.keylayout.ABC,variable (CGDisplayMode reports 0),false,,,,2,0,0
confirmation/memory_visits_1k/trial_1/metrics.csv,paint,memory after visiting notes,,,,,17.334875,1.643083,,,,com.apple.keylayout.ABC,variable (CGDisplayMode reports 0),false,,,,2,0,0
confirmation/memory_visits_1k/trial_1/metrics.csv,paint,memory after visiting notes,,,,,25.953208,2.416541,,,,com.apple.keylayout.ABC,variable (CGDisplayMode reports 0),false,,,,0,2,2
confirmation/memory_visits_1k/trial_1/metrics.csv,paint,memory after visiting notes,,,,,17.178083,1.586709,,,,com.apple.keylayout.ABC,variable (CGDisplayMode reports 0),false,,,,2,0,0
confirmation/memory_visits_1k/trial_1/metrics.csv,paint,memory after visiting notes,,,,,17.139625,1.585625,,,,com.apple.keylayout.ABC,variable (CGDisplayMode reports 0),false,,,,2,0,0
confirmation/memory_visits_1k/trial_1/metrics.csv,paint,memory after visiting notes,,,,,24.370334,2.424667,,,,com.apple.keylayout.ABC,variable (CGDisplayMode reports 0),false,,,,0,2,2
confirmation/memory_visits_1k/trial_1/metrics.csv,paint,memory after visiting notes,,,,,17.164541,1.597417,,,,com.apple.keylayout.ABC,variable (CGDisplayMode reports 0),false,,,,2,0,0
confirmation/memory_visits_1k/trial_1/metrics.csv,paint,memory after visiting notes,,,,,17.412917,1.633125,,,,com.apple.keylayout.ABC,variable (CGDisplayMode reports 0),false,,,,2,0,0
confirmation/memory_visits_1k/trial_1/metrics.csv,paint,memory after visiting notes,,,,,27.919208,2.409250,,,,com.apple.keylayout.ABC,variable (CGDisplayMode reports 0),false,,,,0,2,2
confirmation/memory_visits_1k/trial_1/metrics.csv,paint,memory after visiting notes,,,,,17.815834,1.626375,,,,com.apple.keylayout.ABC,variable (CGDisplayMode reports 0),false,,,,2,0,0
confirmation/memory_visits_1k/trial_1/metrics.csv,paint,memory after visiting notes,,,,,17.295166,1.593208,,,,com.apple.keylayout.ABC,variable (CGDisplayMode reports 0),false,,,,2,0,0
confirmation/memory_visits_1k/trial_1/metrics.csv,paint,memory after visiting notes,,,,,25.924000,2.468500,,,,com.apple.keylayout.ABC,variable (CGDisplayMode reports 0),false,,,,0,2,2
confirmation/memory_visits_1k/trial_1/metrics.csv,paint,memory after visiting notes,,,,,17.952625,1.761500,,,,com.apple.keylayout.ABC,variable (CGDisplayMode reports 0),false,,,,2,0,0
confirmation/memory_visits_1k/trial_1/metrics.csv,paint,memory after visiting notes,,,,,17.271125,1.627208,,,,com.apple.keylayout.ABC,variable (CGDisplayMode reports 0),false,,,,2,0,0
confirmation/memory_visits_1k/trial_1/metrics.csv,paint,memory after visiting notes,,,,,24.726250,2.433125,,,,com.apple.keylayout.ABC,variable (CGDisplayMode reports 0),false,,,,0,2,2
confirmation/memory_visits_1k/trial_1/metrics.csv,paint,memory after visiting notes,,,,,17.664042,1.600625,,,,com.apple.keylayout.ABC,variable (CGDisplayMode reports 0),false,,,,2,0,0
confirmation/memory_visits_1k/trial_1/metrics.csv,paint,memory after visiting notes,,,,,17.386875,1.611208,,,,com.apple.keylayout.ABC,variable (CGDisplayMode reports 0),false,,,,2,0,0
confirmation/memory_visits_1k/trial_1/metrics.csv,paint,memory after visiting notes,,,,,26.629458,2.405208,,,,com.apple.keylayout.ABC,variable (CGDisplayMode reports 0),false,,,,0,2,2
confirmation/memory_visits_1k/trial_1/metrics.csv,paint,memory after visiting notes,,,,,17.314875,1.594541,,,,com.apple.keylayout.ABC,variable (CGDisplayMode reports 0),false,,,,2,0,0
confirmation/memory_visits_1k/trial_1/metrics.csv,paint,memory after visiting notes,,,,,17.577584,1.619000,,,,com.apple.keylayout.ABC,variable (CGDisplayMode reports 0),false,,,,2,0,0
confirmation/memory_visits_1k/trial_1/metrics.csv,paint,memory after visiting notes,,,,,24.657375,2.412458,,,,com.apple.keylayout.ABC,variable (CGDisplayMode reports 0),false,,,,0,2,2
confirmation/memory_visits_1k/trial_1/metrics.csv,paint,memory after visiting notes,,,,,18.127291,1.687000,,,,com.apple.keylayout.ABC,variable (CGDisplayMode reports 0),false,,,,2,0,0
confirmation/memory_visits_1k/trial_1/metrics.csv,paint,memory after visiting notes,,,,,17.690917,1.664000,,,,com.apple.keylayout.ABC,variable (CGDisplayMode reports 0),false,,,,2,0,0
confirmation/memory_visits_1k/trial_1/metrics.csv,paint,memory after visiting notes,,,,,24.866542,2.413542,,,,com.apple.keylayout.ABC,variable (CGDisplayMode reports 0),false,,,,0,2,2
confirmation/memory_visits_1k/trial_1/metrics.csv,paint,memory after visiting notes,,,,,17.338041,1.610125,,,,com.apple.keylayout.ABC,variable (CGDisplayMode reports 0),false,,,,2,0,0
confirmation/memory_visits_1k/trial_1/metrics.csv,paint,memory after visiting notes,,,,,17.698500,1.612000,,,,com.apple.keylayout.ABC,variable (CGDisplayMode reports 0),false,,,,2,0,0
confirmation/memory_visits_1k/trial_1/metrics.csv,paint,memory after visiting notes,,,,,24.413042,2.427125,,,,com.apple.keylayout.ABC,variable (CGDisplayMode reports 0),false,,,,0,2,2
confirmation/memory_visits_1k/trial_1/metrics.csv,paint,memory after visiting notes,,,,,18.160292,1.639166,,,,com.apple.keylayout.ABC,variable (CGDisplayMode reports 0),false,,,,2,0,0
confirmation/memory_visits_1k/trial_1/metrics.csv,paint,memory after visiting notes,,,,,17.303750,1.575666,,,,com.apple.keylayout.ABC,variable (CGDisplayMode reports 0),false,,,,2,0,0
confirmation/memory_visits_1k/trial_1/metrics.csv,paint,memory after visiting notes,,,,,26.896666,2.190666,,,,com.apple.keylayout.ABC,variable (CGDisplayMode reports 0),false,,,,0,2,2
confirmation/memory_visits_1k/trial_1/metrics.csv,paint,memory after visiting notes,,,,,17.701792,1.620916,,,,com.apple.keylayout.ABC,variable (CGDisplayMode reports 0),false,,,,2,0,0
confirmation/memory_visits_1k/trial_1/metrics.csv,paint,memory after visiting notes,,,,,17.663417,1.601625,,,,com.apple.keylayout.ABC,variable (CGDisplayMode reports 0),false,,,,2,0,0
confirmation/memory_visits_1k/trial_1/metrics.csv,paint,memory after visiting notes,,,,,25.516458,2.384708,,,,com.apple.keylayout.ABC,variable (CGDisplayMode reports 0),false,,,,0,2,2
confirmation/memory_visits_1k/trial_1/metrics.csv,paint,memory after visiting notes,,,,,18.362583,1.676958,,,,com.apple.keylayout.ABC,variable (CGDisplayMode reports 0),false,,,,2,0,0
confirmation/memory_visits_1k/trial_1/metrics.csv,paint,memory after visiting notes,,,,,17.866250,1.629750,,,,com.apple.keylayout.ABC,variable (CGDisplayMode reports 0),false,,,,2,0,0
confirmation/memory_visits_1k/trial_1/metrics.csv,paint,memory after visiting notes,,,,,23.989292,2.456500,,,,com.apple.keylayout.ABC,variable (CGDisplayMode reports 0),false,,,,0,2,2
confirmation/memory_visits_1k/trial_1/metrics.csv,paint,memory after visiting notes,,,,,17.348917,1.666958,,,,com.apple.keylayout.ABC,variable (CGDisplayMode reports 0),false,,,,2,0,0
confirmation/memory_visits_1k/trial_1/metrics.csv,paint,memory after visiting notes,,,,,17.580416,1.608916,,,,com.apple.keylayout.ABC,variable (CGDisplayMode reports 0),false,,,,2,0,0
confirmation/memory_visits_1k/trial_1/metrics.csv,paint,memory after visiting notes,,,,,28.395917,2.266000,,,,com.apple.keylayout.ABC,variable (CGDisplayMode reports 0),false,,,,0,2,2
confirmation/memory_visits_1k/trial_1/metrics.csv,paint,memory after visiting notes,,,,,18.153083,1.679834,,,,com.apple.keylayout.ABC,variable (CGDisplayMode reports 0),false,,,,2,0,0
confirmation/memory_visits_1k/trial_1/metrics.csv,paint,memory after visiting notes,,,,,18.254084,1.626667,,,,com.apple.keylayout.ABC,variable (CGDisplayMode reports 0),false,,,,2,0,0
confirmation/memory_visits_1k/trial_1/metrics.csv,paint,memory after visiting notes,,,,,24.582541,2.466084,,,,com.apple.keylayout.ABC,variable (CGDisplayMode reports 0),false,,,,0,2,2
confirmation/memory_visits_1k/trial_1/metrics.csv,paint,memory after visiting notes,,,,,17.324500,1.639875,,,,com.apple.keylayout.ABC,variable (CGDisplayMode reports 0),false,,,,2,0,0
confirmation/memory_visits_1k/trial_1/metrics.csv,paint,memory after visiting notes,,,,,17.982500,1.637125,,,,com.apple.keylayout.ABC,variable (CGDisplayMode reports 0),false,,,,2,0,0
confirmation/memory_visits_1k/trial_1/metrics.csv,paint,memory after visiting notes,,,,,27.647709,2.383583,,,,com.apple.keylayout.ABC,variable (CGDisplayMode reports 0),false,,,,0,2,2
confirmation/memory_visits_1k/trial_1/metrics.csv,paint,memory after visiting notes,,,,,17.742708,1.661583,,,,com.apple.keylayout.ABC,variable (CGDisplayMode reports 0),false,,,,2,0,0
confirmation/memory_visits_1k/trial_1/metrics.csv,paint,memory after visiting notes,,,,,17.952625,1.621208,,,,com.apple.keylayout.ABC,variable (CGDisplayMode reports 0),false,,,,2,0,0
confirmation/memory_visits_1k/trial_1/metrics.csv,paint,memory after visiting notes,,,,,25.968792,2.364958,,,,com.apple.keylayout.ABC,variable (CGDisplayMode reports 0),false,,,,0,2,2
confirmation/memory_visits_1k/trial_1/metrics.csv,paint,memory after visiting notes,,,,,17.788500,1.688625,,,,com.apple.keylayout.ABC,variable (CGDisplayMode reports 0),false,,,,2,0,0
confirmation/memory_visits_1k/trial_1/metrics.csv,paint,memory after visiting notes,,,,,19.227708,1.791792,,,,com.apple.keylayout.ABC,variable (CGDisplayMode reports 0),false,,,,2,0,0
confirmation/memory_visits_1k/trial_1/metrics.csv,paint,memory after visiting notes,,,,,26.279500,2.320417,,,,com.apple.keylayout.ABC,variable (CGDisplayMode reports 0),false,,,,0,2,2
confirmation/memory_visits_1k/trial_1/metrics.csv,paint,memory after visiting notes,,,,,17.757417,1.620333,,,,com.apple.keylayout.ABC,variable (CGDisplayMode reports 0),false,,,,2,0,0
confirmation/memory_visits_1k/trial_1/metrics.csv,paint,memory after visiting notes,,,,,18.140541,1.632625,,,,com.apple.keylayout.ABC,variable (CGDisplayMode reports 0),false,,,,2,0,0
confirmation/memory_visits_1k/trial_1/metrics.csv,paint,memory after visiting notes,,,,,25.748084,2.363125,,,,com.apple.keylayout.ABC,variable (CGDisplayMode reports 0),false,,,,0,2,2
confirmation/memory_visits_1k/trial_1/metrics.csv,paint,memory after visiting notes,,,,,19.171083,1.700333,,,,com.apple.keylayout.ABC,variable (CGDisplayMode reports 0),false,,,,2,0,0
confirmation/memory_visits_1k/trial_1/metrics.csv,paint,memory after visiting notes,,,,,17.561542,1.666584,,,,com.apple.keylayout.ABC,variable (CGDisplayMode reports 0),false,,,,2,0,0
confirmation/memory_visits_1k/trial_1/metrics.csv,paint,memory after visiting notes,,,,,27.065583,2.384459,,,,com.apple.keylayout.ABC,variable (CGDisplayMode reports 0),false,,,,0,2,2
confirmation/memory_visits_1k/trial_1/metrics.csv,paint,memory after visiting notes,,,,,18.562083,1.711750,,,,com.apple.keylayout.ABC,variable (CGDisplayMode reports 0),false,,,,2,0,0
confirmation/memory_visits_1k/trial_1/metrics.csv,paint,memory after visiting notes,,,,,18.278042,1.686042,,,,com.apple.keylayout.ABC,variable (CGDisplayMode reports 0),false,,,,2,0,0
confirmation/memory_visits_1k/trial_1/metrics.csv,paint,memory after visiting notes,,,,,25.333667,2.390750,,,,com.apple.keylayout.ABC,variable (CGDisplayMode reports 0),false,,,,0,2,2
confirmation/memory_visits_1k/trial_1/metrics.csv,paint,memory after visiting notes,,,,,18.404291,1.660875,,,,com.apple.keylayout.ABC,variable (CGDisplayMode reports 0),false,,,,2,0,0
confirmation/memory_visits_1k/trial_1/metrics.csv,paint,memory after visiting notes,,,,,18.487042,1.738625,,,,com.apple.keylayout.ABC,variable (CGDisplayMode reports 0),false,,,,2,0,0
confirmation/memory_visits_1k/trial_1/metrics.csv,paint,memory after visiting notes,,,,,25.327500,2.387542,,,,com.apple.keylayout.ABC,variable (CGDisplayMode reports 0),false,,,,0,2,2
confirmation/memory_visits_1k/trial_1/metrics.csv,paint,memory after visiting notes,,,,,19.085917,1.809375,,,,com.apple.keylayout.ABC,variable (CGDisplayMode reports 0),false,,,,2,0,0
confirmation/memory_visits_1k/trial_1/metrics.csv,paint,memory after visiting notes,,,,,18.515125,1.720417,,,,com.apple.keylayout.ABC,variable (CGDisplayMode reports 0),false,,,,2,0,0
confirmation/memory_visits_1k/trial_1/metrics.csv,paint,memory after visiting notes,,,,,24.928833,2.488709,,,,com.apple.keylayout.ABC,variable (CGDisplayMode reports 0),false,,,,0,2,2
confirmation/memory_visits_1k/trial_1/metrics.csv,paint,memory after visiting notes,,,,,18.478917,1.658208,,,,com.apple.keylayout.ABC,variable (CGDisplayMode reports 0),false,,,,2,0,0
confirmation/memory_visits_1k/trial_1/metrics.csv,paint,memory after visiting notes,,,,,18.097125,1.666458,,,,com.apple.keylayout.ABC,variable (CGDisplayMode reports 0),false,,,,2,0,0
confirmation/memory_visits_1k/trial_1/metrics.csv,paint,memory after visiting notes,,,,,27.014750,2.252916,,,,com.apple.keylayout.ABC,variable (CGDisplayMode reports 0),false,,,,0,2,2
confirmation/memory_visits_1k/trial_1/metrics.csv,paint,memory after visiting notes,,,,,18.746375,1.696875,,,,com.apple.keylayout.ABC,variable (CGDisplayMode reports 0),false,,,,2,0,0
confirmation/memory_visits_1k/trial_1/metrics.csv,paint,memory after visiting notes,,,,,18.331291,1.669541,,,,com.apple.keylayout.ABC,variable (CGDisplayMode reports 0),false,,,,2,0,0
confirmation/memory_visits_1k/trial_1/metrics.csv,paint,memory after visiting notes,,,,,25.325834,2.471667,,,,com.apple.keylayout.ABC,variable (CGDisplayMode reports 0),false,,,,0,2,2
confirmation/memory_visits_1k/trial_1/metrics.csv,paint,memory after visiting notes,,,,,17.658541,1.618541,,,,com.apple.keylayout.ABC,variable (CGDisplayMode reports 0),false,,,,2,0,0
confirmation/memory_visits_1k/trial_1/metrics.csv,paint,memory after visiting notes,,,,,17.742125,1.633125,,,,com.apple.keylayout.ABC,variable (CGDisplayMode reports 0),false,,,,2,0,0
confirmation/memory_visits_1k/trial_1/metrics.csv,paint,memory after visiting notes,,,,,26.967209,2.434917,,,,com.apple.keylayout.ABC,variable (CGDisplayMode reports 0),false,,,,0,2,2
confirmation/memory_visits_1k/trial_1/metrics.csv,paint,memory after visiting notes,,,,,18.045291,1.654625,,,,com.apple.keylayout.ABC,variable (CGDisplayMode reports 0),false,,,,2,0,0
confirmation/memory_visits_1k/trial_1/metrics.csv,paint,memory after visiting notes,,,,,17.850834,1.630084,,,,com.apple.keylayout.ABC,variable (CGDisplayMode reports 0),false,,,,2,0,0
confirmation/memory_visits_1k/trial_1/metrics.csv,paint,memory after visiting notes,,,,,25.629666,2.374833,,,,com.apple.keylayout.ABC,variable (CGDisplayMode reports 0),false,,,,0,2,2
confirmation/memory_visits_1k/trial_1/metrics.csv,paint,memory after visiting notes,,,,,18.650375,1.747291,,,,com.apple.keylayout.ABC,variable (CGDisplayMode reports 0),false,,,,2,0,0
confirmation/memory_visits_1k/trial_1/metrics.csv,paint,memory after visiting notes,,,,,18.588334,1.678667,,,,com.apple.keylayout.ABC,variable (CGDisplayMode reports 0),false,,,,2,0,0
confirmation/memory_visits_1k/trial_1/metrics.csv,paint,memory after visiting notes,,,,,26.665208,2.518083,,,,com.apple.keylayout.ABC,variable (CGDisplayMode reports 0),false,,,,0,2,2
confirmation/memory_visits_1k/trial_1/metrics.csv,paint,memory after visiting notes,,,,,17.796042,1.589666,,,,com.apple.keylayout.ABC,variable (CGDisplayMode reports 0),false,,,,2,0,0
confirmation/memory_visits_1k/trial_1/metrics.csv,paint,memory after visiting notes,,,,,17.734250,1.612958,,,,com.apple.keylayout.ABC,variable (CGDisplayMode reports 0),false,,,,2,0,0
confirmation/memory_visits_1k/trial_1/metrics.csv,paint,memory after visiting notes,,,,,25.832166,2.482000,,,,com.apple.keylayout.ABC,variable (CGDisplayMode reports 0),false,,,,0,2,2
confirmation/memory_visits_1k/trial_1/metrics.csv,paint,memory after visiting notes,,,,,18.573834,1.635250,,,,com.apple.keylayout.ABC,variable (CGDisplayMode reports 0),false,,,,2,0,0
confirmation/memory_visits_1k/trial_1/metrics.csv,paint,memory after visiting notes,,,,,18.074625,1.668208,,,,com.apple.keylayout.ABC,variable (CGDisplayMode reports 0),false,,,,2,0,0
confirmation/memory_visits_1k/trial_1/metrics.csv,paint,memory after visiting notes,,,,,26.383958,2.270208,,,,com.apple.keylayout.ABC,variable (CGDisplayMode reports 0),false,,,,0,2,2
confirmation/memory_visits_1k/trial_1/metrics.csv,paint,memory after visiting notes,,,,,18.881500,1.683833,,,,com.apple.keylayout.ABC,variable (CGDisplayMode reports 0),false,,,,2,0,0
confirmation/memory_visits_1k/trial_1/metrics.csv,paint,memory after visiting notes,,,,,18.687833,1.698041,,,,com.apple.keylayout.ABC,variable (CGDisplayMode reports 0),false,,,,2,0,0
confirmation/memory_visits_1k/trial_1/metrics.csv,paint,memory after visiting notes,,,,,25.154959,2.482625,,,,com.apple.keylayout.ABC,variable (CGDisplayMode reports 0),false,,,,0,2,2
confirmation/memory_visits_1k/trial_1/metrics.csv,paint,memory after visiting notes,,,,,17.904583,1.709584,,,,com.apple.keylayout.ABC,variable (CGDisplayMode reports 0),false,,,,2,0,0
confirmation/memory_visits_1k/trial_1/metrics.csv,paint,memory after visiting notes,,,,,18.756458,1.659042,,,,com.apple.keylayout.ABC,variable (CGDisplayMode reports 0),false,,,,2,0,0
confirmation/memory_visits_1k/trial_1/metrics.csv,paint,memory after visiting notes,,,,,25.827250,2.266500,,,,com.apple.keylayout.ABC,variable (CGDisplayMode reports 0),false,,,,0,2,2
confirmation/memory_visits_1k/trial_1/metrics.csv,paint,memory after visiting notes,,,,,18.548209,1.725125,,,,com.apple.keylayout.ABC,variable (CGDisplayMode reports 0),false,,,,2,0,0
confirmation/memory_visits_1k/trial_1/metrics.csv,paint,memory after visiting notes,,,,,18.976291,1.732792,,,,com.apple.keylayout.ABC,variable (CGDisplayMode reports 0),false,,,,2,0,0
confirmation/memory_visits_1k/trial_1/metrics.csv,paint,memory after visiting notes,,,,,26.438000,2.476708,,,,com.apple.keylayout.ABC,variable (CGDisplayMode reports 0),false,,,,0,2,2
confirmation/memory_visits_1k/trial_1/metrics.csv,paint,memory after visiting notes,,,,,20.304459,1.835000,,,,com.apple.keylayout.ABC,variable (CGDisplayMode reports 0),false,,,,2,0,0
confirmation/memory_visits_1k/trial_1/metrics.csv,paint,memory after visiting notes,,,,,18.610708,1.717667,,,,com.apple.keylayout.ABC,variable (CGDisplayMode reports 0),false,,,,2,0,0
confirmation/memory_visits_1k/trial_1/metrics.csv,paint,memory after visiting notes,,,,,25.524042,2.520667,,,,com.apple.keylayout.ABC,variable (CGDisplayMode reports 0),false,,,,0,2,2
confirmation/memory_visits_1k/trial_1/metrics.csv,paint,memory after visiting notes,,,,,18.989375,1.801625,,,,com.apple.keylayout.ABC,variable (CGDisplayMode reports 0),false,,,,2,0,0
confirmation/memory_visits_1k/trial_1/metrics.csv,paint,memory after visiting notes,,,,,17.853791,1.651875,,,,com.apple.keylayout.ABC,variable (CGDisplayMode reports 0),false,,,,2,0,0
confirmation/memory_visits_1k/trial_1/metrics.csv,paint,memory after visiting notes,,,,,27.605334,2.260208,,,,com.apple.keylayout.ABC,variable (CGDisplayMode reports 0),false,,,,0,2,2
confirmation/memory_visits_1k/trial_1/metrics.csv,paint,memory after visiting notes,,,,,19.417458,1.803042,,,,com.apple.keylayout.ABC,variable (CGDisplayMode reports 0),false,,,,2,0,0
confirmation/memory_visits_1k/trial_1/metrics.csv,paint,memory after visiting notes,,,,,18.441417,1.710750,,,,com.apple.keylayout.ABC,variable (CGDisplayMode reports 0),false,,,,2,0,0
confirmation/memory_visits_1k/trial_1/metrics.csv,paint,memory after visiting notes,,,,,27.163583,2.310959,,,,com.apple.keylayout.ABC,variable (CGDisplayMode reports 0),false,,,,0,2,2
confirmation/memory_visits_1k/trial_1/metrics.csv,paint,memory after visiting notes,,,,,18.898625,1.715209,,,,com.apple.keylayout.ABC,variable (CGDisplayMode reports 0),false,,,,2,0,0
confirmation/memory_visits_1k/trial_1/metrics.csv,paint,memory after visiting notes,,,,,18.152542,1.670209,,,,com.apple.keylayout.ABC,variable (CGDisplayMode reports 0),false,,,,2,0,0
confirmation/memory_visits_1k/trial_1/metrics.csv,paint,memory after visiting notes,,,,,25.719041,2.472500,,,,com.apple.keylayout.ABC,variable (CGDisplayMode reports 0),false,,,,0,2,2
confirmation/memory_visits_1k/trial_1/metrics.csv,paint,memory after visiting notes,,,,,19.725834,1.841541,,,,com.apple.keylayout.ABC,variable (CGDisplayMode reports 0),false,,,,2,0,0
confirmation/memory_visits_1k/trial_1/metrics.csv,paint,memory after visiting notes,,,,,18.228500,1.646792,,,,com.apple.keylayout.ABC,variable (CGDisplayMode reports 0),false,,,,2,0,0
confirmation/memory_visits_1k/trial_1/metrics.csv,paint,memory after visiting notes,,,,,25.489958,2.442792,,,,com.apple.keylayout.ABC,variable (CGDisplayMode reports 0),false,,,,0,2,2
confirmation/memory_visits_1k/trial_1/metrics.csv,paint,memory after visiting notes,,,,,19.192667,1.730500,,,,com.apple.keylayout.ABC,variable (CGDisplayMode reports 0),false,,,,2,0,0
confirmation/memory_visits_1k/trial_1/metrics.csv,paint,memory after visiting notes,,,,,18.444083,1.689542,,,,com.apple.keylayout.ABC,variable (CGDisplayMode reports 0),false,,,,2,0,0
confirmation/memory_visits_1k/trial_1/metrics.csv,paint,memory after visiting notes,,,,,28.425625,2.400708,,,,com.apple.keylayout.ABC,variable (CGDisplayMode reports 0),false,,,,0,2,2
confirmation/memory_visits_1k/trial_1/metrics.csv,paint,memory after visiting notes,,,,,18.459833,1.680750,,,,com.apple.keylayout.ABC,variable (CGDisplayMode reports 0),false,,,,2,0,0
confirmation/memory_visits_1k/trial_1/metrics.csv,paint,memory after visiting notes,,,,,18.500292,1.706916,,,,com.apple.keylayout.ABC,variable (CGDisplayMode reports 0),false,,,,2,0,0
confirmation/memory_visits_1k/trial_1/metrics.csv,paint,memory after visiting notes,,,,,25.733250,2.475125,,,,com.apple.keylayout.ABC,variable (CGDisplayMode reports 0),false,,,,0,2,2
confirmation/memory_visits_1k/trial_1/metrics.csv,paint,memory after visiting notes,,,,,19.701042,1.762417,,,,com.apple.keylayout.ABC,variable (CGDisplayMode reports 0),false,,,,2,0,0
confirmation/memory_visits_1k/trial_1/metrics.csv,paint,memory after visiting notes,,,,,18.311916,1.648875,,,,com.apple.keylayout.ABC,variable (CGDisplayMode reports 0),false,,,,2,0,0
confirmation/memory_visits_1k/trial_1/metrics.csv,paint,memory after visiting notes,,,,,24.942584,2.474625,,,,com.apple.keylayout.ABC,variable (CGDisplayMode reports 0),false,,,,0,2,2
confirmation/memory_visits_1k/trial_1/metrics.csv,paint,memory after visiting notes,,,,,19.555583,1.763583,,,,com.apple.keylayout.ABC,variable (CGDisplayMode reports 0),false,,,,2,0,0
confirmation/memory_visits_1k/trial_1/metrics.csv,paint,memory after visiting notes,,,,,18.396083,1.641667,,,,com.apple.keylayout.ABC,variable (CGDisplayMode reports 0),false,,,,2,0,0
confirmation/memory_visits_1k/trial_1/metrics.csv,paint,memory after visiting notes,,,,,28.312084,2.274583,,,,com.apple.keylayout.ABC,variable (CGDisplayMode reports 0),false,,,,0,2,2
confirmation/memory_visits_1k/trial_1/metrics.csv,paint,memory after visiting notes,,,,,19.505458,1.704000,,,,com.apple.keylayout.ABC,variable (CGDisplayMode reports 0),false,,,,2,0,0
confirmation/memory_visits_1k/trial_1/metrics.csv,paint,memory after visiting notes,,,,,19.895750,1.660375,,,,com.apple.keylayout.ABC,variable (CGDisplayMode reports 0),false,,,,2,0,0
confirmation/memory_visits_1k/trial_1/metrics.csv,paint,memory after visiting notes,,,,,27.191167,2.339167,,,,com.apple.keylayout.ABC,variable (CGDisplayMode reports 0),false,,,,0,2,2
confirmation/memory_visits_1k/trial_1/metrics.csv,paint,memory after visiting notes,,,,,19.565333,1.752625,,,,com.apple.keylayout.ABC,variable (CGDisplayMode reports 0),false,,,,2,0,0
confirmation/memory_visits_1k/trial_1/metrics.csv,paint,memory after visiting notes,,,,,19.309708,1.718833,,,,com.apple.keylayout.ABC,variable (CGDisplayMode reports 0),false,,,,2,0,0
confirmation/memory_visits_1k/trial_1/metrics.csv,paint,memory after visiting notes,,,,,30.112292,2.551041,,,,com.apple.keylayout.ABC,variable (CGDisplayMode reports 0),false,,,,0,2,2
confirmation/memory_visits_1k/trial_1/metrics.csv,paint,memory after visiting notes,,,,,20.527042,1.841041,,,,com.apple.keylayout.ABC,variable (CGDisplayMode reports 0),false,,,,2,0,0
confirmation/memory_visits_1k/trial_1/metrics.csv,paint,memory after visiting notes,,,,,18.964625,1.634208,,,,com.apple.keylayout.ABC,variable (CGDisplayMode reports 0),false,,,,2,0,0
confirmation/memory_visits_1k/trial_1/metrics.csv,paint,memory after visiting notes,,,,,27.419916,2.462417,,,,com.apple.keylayout.ABC,variable (CGDisplayMode reports 0),false,,,,0,2,2
confirmation/memory_visits_1k/trial_1/metrics.csv,paint,memory after visiting notes,,,,,20.916417,1.773667,,,,com.apple.keylayout.ABC,variable (CGDisplayMode reports 0),false,,,,2,0,0
confirmation/memory_visits_1k/trial_1/metrics.csv,paint,memory after visiting notes,,,,,19.145958,1.747625,,,,com.apple.keylayout.ABC,variable (CGDisplayMode reports 0),false,,,,2,0,0
confirmation/memory_visits_1k/trial_1/metrics.csv,paint,memory after visiting notes,,,,,25.955459,2.414500,,,,com.apple.keylayout.ABC,variable (CGDisplayMode reports 0),false,,,,0,2,2
confirmation/memory_visits_1k/trial_1/metrics.csv,paint,memory after visiting notes,,,,,19.245208,1.835292,,,,com.apple.keylayout.ABC,variable (CGDisplayMode reports 0),false,,,,2,0,0
confirmation/memory_visits_1k/trial_1/metrics.csv,paint,memory after visiting notes,,,,,18.639417,1.719916,,,,com.apple.keylayout.ABC,variable (CGDisplayMode reports 0),false,,,,2,0,0
confirmation/memory_visits_1k/trial_1/metrics.csv,paint,memory after visiting notes,,,,,28.147291,2.297834,,,,com.apple.keylayout.ABC,variable (CGDisplayMode reports 0),false,,,,0,2,2
confirmation/memory_visits_1k/trial_1/metrics.csv,paint,memory after visiting notes,,,,,19.730542,1.798667,,,,com.apple.keylayout.ABC,variable (CGDisplayMode reports 0),false,,,,2,0,0
confirmation/memory_visits_1k/trial_1/metrics.csv,paint,memory after visiting notes,,,,,19.648750,1.727208,,,,com.apple.keylayout.ABC,variable (CGDisplayMode reports 0),false,,,,2,0,0
confirmation/memory_visits_1k/trial_1/metrics.csv,paint,memory after visiting notes,,,,,26.551833,2.434625,,,,com.apple.keylayout.ABC,variable (CGDisplayMode reports 0),false,,,,0,2,2
confirmation/memory_visits_1k/trial_1/metrics.csv,paint,memory after visiting notes,,,,,18.984709,1.712083,,,,com.apple.keylayout.ABC,variable (CGDisplayMode reports 0),false,,,,2,0,0
confirmation/memory_visits_1k/trial_1/metrics.csv,paint,memory after visiting notes,,,,,18.634250,1.699083,,,,com.apple.keylayout.ABC,variable (CGDisplayMode reports 0),false,,,,2,0,0
confirmation/memory_visits_1k/trial_1/metrics.csv,paint,memory after visiting notes,,,,,28.740125,2.444500,,,,com.apple.keylayout.ABC,variable (CGDisplayMode reports 0),false,,,,0,2,2
confirmation/memory_visits_1k/trial_1/metrics.csv,paint,memory after visiting notes,,,,,18.425083,1.666541,,,,com.apple.keylayout.ABC,variable (CGDisplayMode reports 0),false,,,,2,0,0
confirmation/memory_visits_1k/trial_1/metrics.csv,paint,memory after visiting notes,,,,,18.380875,1.648167,,,,com.apple.keylayout.ABC,variable (CGDisplayMode reports 0),false,,,,2,0,0
confirmation/memory_visits_1k/trial_1/metrics.csv,paint,memory after visiting notes,,,,,25.573583,2.484458,,,,com.apple.keylayout.ABC,variable (CGDisplayMode reports 0),false,,,,0,2,2
confirmation/memory_visits_1k/trial_1/metrics.csv,paint,memory after visiting notes,,,,,18.455375,1.697375,,,,com.apple.keylayout.ABC,variable (CGDisplayMode reports 0),false,,,,2,0,0
confirmation/memory_visits_1k/trial_1/metrics.csv,paint,memory after visiting notes,,,,,18.831417,1.668125,,,,com.apple.keylayout.ABC,variable (CGDisplayMode reports 0),false,,,,2,0,0
confirmation/memory_visits_1k/trial_1/metrics.csv,paint,memory after visiting notes,,,,,25.530000,2.368541,,,,com.apple.keylayout.ABC,variable (CGDisplayMode reports 0),false,,,,0,2,2
confirmation/memory_visits_1k/trial_1/metrics.csv,paint,memory after visiting notes,,,,,18.895542,1.706959,,,,com.apple.keylayout.ABC,variable (CGDisplayMode reports 0),false,,,,2,0,0
confirmation/memory_visits_1k/trial_1/metrics.csv,paint,memory after visiting notes,,,,,19.032291,1.669500,,,,com.apple.keylayout.ABC,variable (CGDisplayMode reports 0),false,,,,2,0,0
confirmation/memory_visits_1k/trial_1/metrics.csv,paint,memory after visiting notes,,,,,28.569375,2.358292,,,,com.apple.keylayout.ABC,variable (CGDisplayMode reports 0),false,,,,0,2,2
confirmation/memory_visits_1k/trial_1/metrics.csv,paint,memory after visiting notes,,,,,18.987250,1.738750,,,,com.apple.keylayout.ABC,variable (CGDisplayMode reports 0),false,,,,2,0,0
confirmation/memory_visits_1k/trial_1/metrics.csv,paint,memory after visiting notes,,,,,19.784875,1.771041,,,,com.apple.keylayout.ABC,variable (CGDisplayMode reports 0),false,,,,2,0,0
confirmation/memory_visits_1k/trial_1/metrics.csv,paint,memory after visiting notes,,,,,27.741917,2.378542,,,,com.apple.keylayout.ABC,variable (CGDisplayMode reports 0),false,,,,0,2,2
confirmation/memory_visits_1k/trial_1/metrics.csv,paint,memory after visiting notes,,,,,19.119708,1.664875,,,,com.apple.keylayout.ABC,variable (CGDisplayMode reports 0),false,,,,2,0,0
confirmation/memory_visits_1k/trial_1/metrics.csv,paint,memory after visiting notes,,,,,18.837875,1.666500,,,,com.apple.keylayout.ABC,variable (CGDisplayMode reports 0),false,,,,2,0,0
confirmation/memory_visits_1k/trial_1/metrics.csv,paint,memory after visiting notes,,,,,25.757167,2.483917,,,,com.apple.keylayout.ABC,variable (CGDisplayMode reports 0),false,,,,0,2,2
confirmation/memory_visits_1k/trial_1/metrics.csv,paint,memory after visiting notes,,,,,19.411125,1.691792,,,,com.apple.keylayout.ABC,variable (CGDisplayMode reports 0),false,,,,2,0,0
confirmation/memory_visits_1k/trial_1/metrics.csv,paint,memory after visiting notes,,,,,19.022375,1.761125,,,,com.apple.keylayout.ABC,variable (CGDisplayMode reports 0),false,,,,2,0,0
confirmation/memory_visits_1k/trial_1/metrics.csv,paint,memory after visiting notes,,,,,26.706125,2.491417,,,,com.apple.keylayout.ABC,variable (CGDisplayMode reports 0),false,,,,0,2,2
confirmation/memory_visits_1k/trial_1/metrics.csv,paint,memory after visiting notes,,,,,19.125750,1.687375,,,,com.apple.keylayout.ABC,variable (CGDisplayMode reports 0),false,,,,2,0,0
confirmation/memory_visits_1k/trial_1/metrics.csv,paint,memory after visiting notes,,,,,18.527208,1.650958,,,,com.apple.keylayout.ABC,variable (CGDisplayMode reports 0),false,,,,2,0,0
confirmation/memory_visits_1k/trial_1/metrics.csv,paint,memory after visiting notes,,,,,26.188209,2.510000,,,,com.apple.keylayout.ABC,variable (CGDisplayMode reports 0),false,,,,0,2,2
confirmation/memory_visits_1k/trial_1/metrics.csv,paint,memory after visiting notes,,,,,19.784916,1.892417,,,,com.apple.keylayout.ABC,variable (CGDisplayMode reports 0),false,,,,2,0,0
confirmation/memory_visits_1k/trial_1/metrics.csv,paint,memory after visiting notes,,,,,18.749625,1.694083,,,,com.apple.keylayout.ABC,variable (CGDisplayMode reports 0),false,,,,2,0,0
confirmation/memory_visits_1k/trial_1/metrics.csv,paint,memory after visiting notes,,,,,27.858459,2.322042,,,,com.apple.keylayout.ABC,variable (CGDisplayMode reports 0),false,,,,0,2,2
confirmation/memory_visits_1k/trial_1/metrics.csv,paint,memory after visiting notes,,,,,19.071958,1.638875,,,,com.apple.keylayout.ABC,variable (CGDisplayMode reports 0),false,,,,2,0,0
confirmation/memory_visits_1k/trial_1/metrics.csv,paint,memory after visiting notes,,,,,18.805833,1.708708,,,,com.apple.keylayout.ABC,variable (CGDisplayMode reports 0),false,,,,2,0,0
confirmation/memory_visits_1k/trial_1/metrics.csv,paint,memory after visiting notes,,,,,28.311209,2.401542,,,,com.apple.keylayout.ABC,variable (CGDisplayMode reports 0),false,,,,0,2,2
confirmation/memory_visits_1k/trial_1/metrics.csv,paint,memory after visiting notes,,,,,19.013458,1.717042,,,,com.apple.keylayout.ABC,variable (CGDisplayMode reports 0),false,,,,2,0,0
confirmation/memory_visits_1k/trial_1/metrics.csv,paint,memory after visiting notes,,,,,18.814250,1.688875,,,,com.apple.keylayout.ABC,variable (CGDisplayMode reports 0),false,,,,2,0,0
confirmation/memory_visits_1k/trial_1/metrics.csv,paint,memory after visiting notes,,,,,29.444958,2.437458,,,,com.apple.keylayout.ABC,variable (CGDisplayMode reports 0),false,,,,0,2,2
confirmation/memory_visits_1k/trial_1/metrics.csv,paint,memory after visiting notes,,,,,18.882292,1.695875,,,,com.apple.keylayout.ABC,variable (CGDisplayMode reports 0),false,,,,2,0,0
confirmation/memory_visits_1k/trial_1/metrics.csv,paint,memory after visiting notes,,,,,18.635292,1.693917,,,,com.apple.keylayout.ABC,variable (CGDisplayMode reports 0),false,,,,2,0,0
confirmation/memory_visits_1k/trial_1/metrics.csv,paint,memory after visiting notes,,,,,28.590583,2.276083,,,,com.apple.keylayout.ABC,variable (CGDisplayMode reports 0),false,,,,0,2,2
confirmation/memory_visits_1k/trial_1/metrics.csv,paint,memory after visiting notes,,,,,19.623542,1.809916,,,,com.apple.keylayout.ABC,variable (CGDisplayMode reports 0),false,,,,2,0,0
confirmation/memory_visits_1k/trial_1/metrics.csv,paint,memory after visiting notes,,,,,19.963291,1.768125,,,,com.apple.keylayout.ABC,variable (CGDisplayMode reports 0),false,,,,2,0,0
confirmation/memory_visits_1k/trial_1/metrics.csv,paint,memory after visiting notes,,,,,27.610042,2.325833,,,,com.apple.keylayout.ABC,variable (CGDisplayMode reports 0),false,,,,0,2,2
confirmation/memory_visits_1k/trial_1/metrics.csv,paint,memory after visiting notes,,,,,19.323083,1.728000,,,,com.apple.keylayout.ABC,variable (CGDisplayMode reports 0),false,,,,2,0,0
confirmation/memory_visits_1k/trial_1/metrics.csv,paint,memory after visiting notes,,,,,19.240084,1.705958,,,,com.apple.keylayout.ABC,variable (CGDisplayMode reports 0),false,,,,2,0,0
confirmation/memory_visits_1k/trial_1/metrics.csv,paint,memory after visiting notes,,,,,27.296750,2.303916,,,,com.apple.keylayout.ABC,variable (CGDisplayMode reports 0),false,,,,0,2,2
confirmation/memory_visits_1k/trial_1/metrics.csv,paint,memory after visiting notes,,,,,19.197500,1.689041,,,,com.apple.keylayout.ABC,variable (CGDisplayMode reports 0),false,,,,2,0,0
confirmation/memory_visits_1k/trial_1/metrics.csv,paint,memory after visiting notes,,,,,19.192166,1.674125,,,,com.apple.keylayout.ABC,variable (CGDisplayMode reports 0),false,,,,2,0,0
confirmation/memory_visits_1k/trial_1/metrics.csv,paint,memory after visiting notes,,,,,29.262375,2.242416,,,,com.apple.keylayout.ABC,variable (CGDisplayMode reports 0),false,,,,0,2,2
confirmation/memory_visits_1k/trial_1/metrics.csv,paint,memory after visiting notes,,,,,19.422209,1.745708,,,,com.apple.keylayout.ABC,variable (CGDisplayMode reports 0),false,,,,2,0,0
confirmation/memory_visits_1k/trial_1/metrics.csv,paint,memory after visiting notes,,,,,18.873083,1.678709,,,,com.apple.keylayout.ABC,variable (CGDisplayMode reports 0),false,,,,2,0,0
confirmation/memory_visits_1k/trial_1/metrics.csv,paint,memory after visiting notes,,,,,30.433375,2.308125,,,,com.apple.keylayout.ABC,variable (CGDisplayMode reports 0),false,,,,0,2,2
confirmation/memory_visits_1k/trial_1/metrics.csv,paint,memory after visiting notes,,,,,21.335000,1.940625,,,,com.apple.keylayout.ABC,variable (CGDisplayMode reports 0),false,,,,2,0,0
confirmation/memory_visits_1k/trial_1/metrics.csv,paint,memory after visiting notes,,,,,19.823750,1.848833,,,,com.apple.keylayout.ABC,variable (CGDisplayMode reports 0),false,,,,2,0,0
confirmation/memory_visits_1k/trial_1/metrics.csv,paint,memory after visiting notes,,,,,26.911125,2.503042,,,,com.apple.keylayout.ABC,variable (CGDisplayMode reports 0),false,,,,0,2,2
confirmation/memory_visits_1k/trial_1/metrics.csv,paint,memory after visiting notes,,,,,19.078208,1.675750,,,,com.apple.keylayout.ABC,variable (CGDisplayMode reports 0),false,,,,2,0,0
confirmation/memory_visits_1k/trial_1/metrics.csv,paint,memory after visiting notes,,,,,19.033875,1.720333,,,,com.apple.keylayout.ABC,variable (CGDisplayMode reports 0),false,,,,2,0,0
confirmation/memory_visits_1k/trial_1/metrics.csv,paint,memory after visiting notes,,,,,28.041500,2.522250,,,,com.apple.keylayout.ABC,variable (CGDisplayMode reports 0),false,,,,0,2,2
confirmation/memory_visits_1k/trial_1/metrics.csv,paint,memory after visiting notes,,,,,19.595917,1.913083,,,,com.apple.keylayout.ABC,variable (CGDisplayMode reports 0),false,,,,2,0,0
confirmation/memory_visits_1k/trial_1/metrics.csv,paint,memory after visiting notes,,,,,18.917500,1.768166,,,,com.apple.keylayout.ABC,variable (CGDisplayMode reports 0),false,,,,2,0,0
confirmation/memory_visits_1k/trial_1/metrics.csv,paint,memory after visiting notes,,,,,26.653583,2.587500,,,,com.apple.keylayout.ABC,variable (CGDisplayMode reports 0),false,,,,0,2,2
confirmation/memory_visits_1k/trial_1/metrics.csv,paint,memory after visiting notes,,,,,20.006042,1.811292,,,,com.apple.keylayout.ABC,variable (CGDisplayMode reports 0),false,,,,2,0,0
confirmation/memory_visits_1k/trial_1/metrics.csv,paint,memory after visiting notes,,,,,23.177625,1.763917,,,,com.apple.keylayout.ABC,variable (CGDisplayMode reports 0),false,,,,2,0,0
confirmation/memory_visits_1k/trial_1/metrics.csv,paint,memory after visiting notes,,,,,30.672667,2.719959,,,,com.apple.keylayout.ABC,variable (CGDisplayMode reports 0),false,,,,0,2,2
confirmation/memory_visits_1k/trial_1/metrics.csv,paint,memory after visiting notes,,,,,19.642625,1.757166,,,,com.apple.keylayout.ABC,variable (CGDisplayMode reports 0),false,,,,2,0,0
confirmation/memory_visits_1k/trial_1/metrics.csv,paint,memory after visiting notes,,,,,26.461875,2.536667,,,,com.apple.keylayout.ABC,variable (CGDisplayMode reports 0),false,,,,0,2,2
confirmation/memory_visits_1k/trial_1/metrics.csv,paint,memory after visiting notes,,,,,19.814166,1.733708,,,,com.apple.keylayout.ABC,variable (CGDisplayMode reports 0),false,,,,2,0,0
confirmation/memory_visits_1k/trial_1/metrics.csv,paint,memory after visiting notes,,,,,19.266875,1.739542,,,,com.apple.keylayout.ABC,variable (CGDisplayMode reports 0),false,,,,2,0,0
confirmation/memory_visits_1k/trial_1/metrics.csv,paint,memory after visiting notes,,,,,26.520750,2.544542,,,,com.apple.keylayout.ABC,variable (CGDisplayMode reports 0),false,,,,0,2,2
confirmation/memory_visits_1k/trial_1/metrics.csv,paint,memory after visiting notes,,,,,19.811750,1.779625,,,,com.apple.keylayout.ABC,variable (CGDisplayMode reports 0),false,,,,2,0,0
confirmation/memory_visits_1k/trial_1/metrics.csv,paint,memory after visiting notes,,,,,19.730959,1.780792,,,,com.apple.keylayout.ABC,variable (CGDisplayMode reports 0),false,,,,2,0,0
confirmation/memory_visits_1k/trial_1/metrics.csv,paint,memory after visiting notes,,,,,27.550958,2.529542,,,,com.apple.keylayout.ABC,variable (CGDisplayMode reports 0),false,,,,0,2,2
confirmation/memory_visits_1k/trial_1/metrics.csv,paint,memory after visiting notes,,,,,19.980250,1.782500,,,,com.apple.keylayout.ABC,variable (CGDisplayMode reports 0),false,,,,2,0,0
confirmation/memory_visits_1k/trial_1/metrics.csv,paint,memory after visiting notes,,,,,20.168542,1.743333,,,,com.apple.keylayout.ABC,variable (CGDisplayMode reports 0),false,,,,2,0,0
confirmation/memory_visits_1k/trial_1/metrics.csv,paint,memory after visiting notes,,,,,25.556541,2.542625,,,,com.apple.keylayout.ABC,variable (CGDisplayMode reports 0),false,,,,0,2,2
confirmation/memory_visits_1k/trial_1/metrics.csv,paint,memory after visiting notes,,,,,19.679750,1.736292,,,,com.apple.keylayout.ABC,variable (CGDisplayMode reports 0),false,,,,2,0,0
confirmation/memory_visits_1k/trial_1/metrics.csv,paint,memory after visiting notes,,,,,19.512917,1.820875,,,,com.apple.keylayout.ABC,variable (CGDisplayMode reports 0),false,,,,2,0,0
confirmation/memory_visits_1k/trial_1/metrics.csv,paint,memory after visiting notes,,,,,26.367167,2.475375,,,,com.apple.keylayout.ABC,variable (CGDisplayMode reports 0),false,,,,0,2,2
confirmation/memory_visits_1k/trial_1/metrics.csv,paint,memory after visiting notes,,,,,20.467541,1.722250,,,,com.apple.keylayout.ABC,variable (CGDisplayMode reports 0),false,,,,2,0,0
confirmation/memory_visits_1k/trial_1/metrics.csv,paint,memory after visiting notes,,,,,19.578375,1.788750,,,,com.apple.keylayout.ABC,variable (CGDisplayMode reports 0),false,,,,2,0,0
confirmation/memory_visits_1k/trial_1/metrics.csv,paint,memory after visiting notes,,,,,27.343667,2.433750,,,,com.apple.keylayout.ABC,variable (CGDisplayMode reports 0),false,,,,0,2,2
confirmation/memory_visits_1k/trial_1/metrics.csv,paint,memory after visiting notes,,,,,19.868625,1.840875,,,,com.apple.keylayout.ABC,variable (CGDisplayMode reports 0),false,,,,2,0,0
confirmation/memory_visits_1k/trial_1/metrics.csv,paint,memory after visiting notes,,,,,19.286542,1.770458,,,,com.apple.keylayout.ABC,variable (CGDisplayMode reports 0),false,,,,2,0,0
confirmation/memory_visits_1k/trial_1/metrics.csv,paint,memory after visiting notes,,,,,27.269375,2.543250,,,,com.apple.keylayout.ABC,variable (CGDisplayMode reports 0),false,,,,0,2,2
confirmation/memory_visits_1k/trial_1/metrics.csv,paint,memory after visiting notes,,,,,19.897208,1.884584,,,,com.apple.keylayout.ABC,variable (CGDisplayMode reports 0),false,,,,2,0,0
confirmation/memory_visits_1k/trial_1/metrics.csv,paint,memory after visiting notes,,,,,19.771542,1.780250,,,,com.apple.keylayout.ABC,variable (CGDisplayMode reports 0),false,,,,2,0,0
confirmation/memory_visits_1k/trial_1/metrics.csv,paint,memory after visiting notes,,,,,27.631291,2.543209,,,,com.apple.keylayout.ABC,variable (CGDisplayMode reports 0),false,,,,0,2,2
confirmation/memory_visits_1k/trial_1/metrics.csv,paint,memory after visiting notes,,,,,19.518209,1.791291,,,,com.apple.keylayout.ABC,variable (CGDisplayMode reports 0),false,,,,2,0,0
confirmation/memory_visits_1k/trial_1/metrics.csv,paint,memory after visiting notes,,,,,18.992166,1.758542,,,,com.apple.keylayout.ABC,variable (CGDisplayMode reports 0),false,,,,2,0,0
confirmation/memory_visits_1k/trial_1/metrics.csv,paint,memory after visiting notes,,,,,26.666292,2.621167,,,,com.apple.keylayout.ABC,variable (CGDisplayMode reports 0),false,,,,0,2,2
confirmation/memory_visits_1k/trial_1/metrics.csv,paint,memory after visiting notes,,,,,19.455875,1.750208,,,,com.apple.keylayout.ABC,variable (CGDisplayMode reports 0),false,,,,2,0,0
confirmation/memory_visits_1k/trial_1/metrics.csv,paint,memory after visiting notes,,,,,19.509000,1.743375,,,,com.apple.keylayout.ABC,variable (CGDisplayMode reports 0),false,,,,2,0,0
confirmation/memory_visits_1k/trial_1/metrics.csv,paint,memory after visiting notes,,,,,26.717042,2.530208,,,,com.apple.keylayout.ABC,variable (CGDisplayMode reports 0),false,,,,0,2,2
confirmation/memory_visits_1k/trial_1/metrics.csv,paint,memory after visiting notes,,,,,19.636000,1.777916,,,,com.apple.keylayout.ABC,variable (CGDisplayMode reports 0),false,,,,2,0,0
confirmation/memory_visits_1k/trial_1/metrics.csv,paint,memory after visiting notes,,,,,20.015833,1.719791,,,,com.apple.keylayout.ABC,variable (CGDisplayMode reports 0),false,,,,2,0,0
confirmation/memory_visits_1k/trial_1/metrics.csv,paint,memory after visiting notes,,,,,27.837125,2.428625,,,,com.apple.keylayout.ABC,variable (CGDisplayMode reports 0),false,,,,0,2,2
confirmation/memory_visits_1k/trial_1/metrics.csv,paint,memory after visiting notes,,,,,19.692667,1.822625,,,,com.apple.keylayout.ABC,variable (CGDisplayMode reports 0),false,,,,2,0,0
confirmation/memory_visits_1k/trial_1/metrics.csv,paint,memory after visiting notes,,,,,19.786916,1.768958,,,,com.apple.keylayout.ABC,variable (CGDisplayMode reports 0),false,,,,2,0,0
confirmation/memory_visits_1k/trial_1/metrics.csv,paint,memory after visiting notes,,,,,26.910917,2.447500,,,,com.apple.keylayout.ABC,variable (CGDisplayMode reports 0),false,,,,0,2,2
confirmation/memory_visits_1k/trial_1/metrics.csv,paint,memory after visiting notes,,,,,20.557708,1.705416,,,,com.apple.keylayout.ABC,variable (CGDisplayMode reports 0),false,,,,2,0,0
confirmation/memory_visits_1k/trial_1/metrics.csv,paint,memory after visiting notes,,,,,19.522875,1.729084,,,,com.apple.keylayout.ABC,variable (CGDisplayMode reports 0),false,,,,2,0,0
confirmation/memory_visits_1k/trial_1/metrics.csv,paint,memory after visiting notes,,,,,27.058209,2.530125,,,,com.apple.keylayout.ABC,variable (CGDisplayMode reports 0),false,,,,0,2,2
confirmation/memory_visits_1k/trial_1/metrics.csv,paint,memory after visiting notes,,,,,20.121375,1.813500,,,,com.apple.keylayout.ABC,variable (CGDisplayMode reports 0),false,,,,2,0,0
confirmation/memory_visits_1k/trial_1/metrics.csv,paint,memory after visiting notes,,,,,19.535166,1.750375,,,,com.apple.keylayout.ABC,variable (CGDisplayMode reports 0),false,,,,2,0,0
confirmation/memory_visits_1k/trial_1/metrics.csv,paint,memory after visiting notes,,,,,27.128875,2.565958,,,,com.apple.keylayout.ABC,variable (CGDisplayMode reports 0),false,,,,0,2,2
confirmation/memory_visits_1k/trial_1/metrics.csv,paint,memory after visiting notes,,,,,20.519125,1.934458,,,,com.apple.keylayout.ABC,variable (CGDisplayMode reports 0),false,,,,2,0,0
confirmation/memory_visits_1k/trial_1/metrics.csv,paint,memory after visiting notes,,,,,20.453167,1.803834,,,,com.apple.keylayout.ABC,variable (CGDisplayMode reports 0),false,,,,2,0,0
confirmation/memory_visits_1k/trial_1/metrics.csv,paint,memory after visiting notes,,,,,29.078333,2.534458,,,,com.apple.keylayout.ABC,variable (CGDisplayMode reports 0),false,,,,0,2,2
confirmation/memory_visits_1k/trial_1/metrics.csv,paint,memory after visiting notes,,,,,20.395250,1.725250,,,,com.apple.keylayout.ABC,variable (CGDisplayMode reports 0),false,,,,2,0,0
confirmation/memory_visits_1k/trial_1/metrics.csv,paint,memory after visiting notes,,,,,19.614250,1.698750,,,,com.apple.keylayout.ABC,variable (CGDisplayMode reports 0),false,,,,2,0,0
confirmation/memory_visits_1k/trial_1/metrics.csv,paint,memory after visiting notes,,,,,28.231959,2.572792,,,,com.apple.keylayout.ABC,variable (CGDisplayMode reports 0),false,,,,0,2,2
confirmation/memory_visits_1k/trial_1/metrics.csv,paint,memory after visiting notes,,,,,21.637666,2.015500,,,,com.apple.keylayout.ABC,variable (CGDisplayMode reports 0),false,,,,2,0,0
confirmation/memory_visits_1k/trial_1/metrics.csv,paint,memory after visiting notes,,,,,19.684209,1.718958,,,,com.apple.keylayout.ABC,variable (CGDisplayMode reports 0),false,,,,2,0,0
confirmation/memory_visits_1k/trial_1/metrics.csv,paint,memory after visiting notes,,,,,26.518166,2.449459,,,,com.apple.keylayout.ABC,variable (CGDisplayMode reports 0),false,,,,0,2,2
confirmation/memory_visits_1k/trial_1/metrics.csv,paint,memory after visiting notes,,,,,19.663167,1.758542,,,,com.apple.keylayout.ABC,variable (CGDisplayMode reports 0),false,,,,2,0,0
confirmation/memory_visits_1k/trial_1/metrics.csv,paint,memory after visiting notes,,,,,20.283625,1.754125,,,,com.apple.keylayout.ABC,variable (CGDisplayMode reports 0),false,,,,2,0,0
confirmation/memory_visits_1k/trial_1/metrics.csv,paint,memory after visiting notes,,,,,26.372125,2.542208,,,,com.apple.keylayout.ABC,variable (CGDisplayMode reports 0),false,,,,0,2,2
confirmation/memory_visits_1k/trial_1/metrics.csv,paint,memory after visiting notes,,,,,19.838667,1.689750,,,,com.apple.keylayout.ABC,variable (CGDisplayMode reports 0),false,,,,2,0,0
confirmation/memory_visits_1k/trial_1/metrics.csv,paint,memory after visiting notes,,,,,20.290375,1.744375,,,,com.apple.keylayout.ABC,variable (CGDisplayMode reports 0),false,,,,2,0,0
confirmation/memory_visits_1k/trial_1/metrics.csv,paint,memory after visiting notes,,,,,27.614583,2.358458,,,,com.apple.keylayout.ABC,variable (CGDisplayMode reports 0),false,,,,0,2,2
confirmation/memory_visits_1k/trial_1/metrics.csv,paint,memory after visiting notes,,,,,20.797542,1.765083,,,,com.apple.keylayout.ABC,variable (CGDisplayMode reports 0),false,,,,2,0,0
confirmation/memory_visits_1k/trial_1/metrics.csv,paint,memory after visiting notes,,,,,20.114458,1.795000,,,,com.apple.keylayout.ABC,variable (CGDisplayMode reports 0),false,,,,2,0,0
confirmation/memory_visits_1k/trial_1/metrics.csv,paint,memory after visiting notes,,,,,27.475917,2.561250,,,,com.apple.keylayout.ABC,variable (CGDisplayMode reports 0),false,,,,0,2,2
confirmation/memory_visits_1k/trial_1/metrics.csv,paint,memory after visiting notes,,,,,20.706500,1.681209,,,,com.apple.keylayout.ABC,variable (CGDisplayMode reports 0),false,,,,2,0,0
confirmation/memory_visits_1k/trial_1/metrics.csv,paint,memory after visiting notes,,,,,19.621375,1.778542,,,,com.apple.keylayout.ABC,variable (CGDisplayMode reports 0),false,,,,2,0,0
confirmation/memory_visits_1k/trial_1/metrics.csv,paint,memory after visiting notes,,,,,26.446250,2.567750,,,,com.apple.keylayout.ABC,variable (CGDisplayMode reports 0),false,,,,0,2,2
confirmation/memory_visits_1k/trial_1/metrics.csv,paint,memory after visiting notes,,,,,20.257166,1.688333,,,,com.apple.keylayout.ABC,variable (CGDisplayMode reports 0),false,,,,2,0,0
confirmation/memory_visits_1k/trial_1/metrics.csv,paint,memory after visiting notes,,,,,19.661375,1.724250,,,,com.apple.keylayout.ABC,variable (CGDisplayMode reports 0),false,,,,2,0,0
confirmation/memory_visits_1k/trial_1/metrics.csv,paint,memory after visiting notes,,,,,27.158250,2.519041,,,,com.apple.keylayout.ABC,variable (CGDisplayMode reports 0),false,,,,0,2,2
confirmation/memory_visits_1k/trial_1/metrics.csv,paint,memory after visiting notes,,,,,21.402167,1.784375,,,,com.apple.keylayout.ABC,variable (CGDisplayMode reports 0),false,,,,2,0,0
confirmation/memory_visits_1k/trial_1/metrics.csv,paint,memory after visiting notes,,,,,21.532958,1.815417,,,,com.apple.keylayout.ABC,variable (CGDisplayMode reports 0),false,,,,2,0,0
confirmation/memory_visits_1k/trial_1/metrics.csv,paint,memory after visiting notes,,,,,30.808750,2.552458,,,,com.apple.keylayout.ABC,variable (CGDisplayMode reports 0),false,,,,0,2,2
confirmation/memory_visits_1k/trial_1/metrics.csv,paint,memory after visiting notes,,,,,20.584375,1.814667,,,,com.apple.keylayout.ABC,variable (CGDisplayMode reports 0),false,,,,2,0,0
confirmation/memory_visits_1k/trial_1/metrics.csv,paint,memory after visiting notes,,,,,28.722792,2.563208,,,,com.apple.keylayout.ABC,variable (CGDisplayMode reports 0),false,,,,0,2,2
confirmation/memory_visits_1k/trial_1/metrics.csv,paint,memory after visiting notes,,,,,20.331417,1.830208,,,,com.apple.keylayout.ABC,variable (CGDisplayMode reports 0),false,,,,2,0,0
confirmation/memory_visits_1k/trial_1/metrics.csv,paint,memory after visiting notes,,,,,20.269041,1.793541,,,,com.apple.keylayout.ABC,variable (CGDisplayMode reports 0),false,,,,2,0,0
confirmation/memory_visits_1k/trial_1/metrics.csv,paint,memory after visiting notes,,,,,25.833917,2.571250,,,,com.apple.keylayout.ABC,variable (CGDisplayMode reports 0),false,,,,0,2,2
confirmation/memory_visits_1k/trial_1/metrics.csv,paint,memory after visiting notes,,,,,20.642333,1.774708,,,,com.apple.keylayout.ABC,variable (CGDisplayMode reports 0),false,,,,2,0,0
confirmation/memory_visits_1k/trial_1/metrics.csv,paint,memory after visiting notes,,,,,20.598250,1.745084,,,,com.apple.keylayout.ABC,variable (CGDisplayMode reports 0),false,,,,2,0,0
confirmation/memory_visits_1k/trial_1/metrics.csv,paint,memory after visiting notes,,,,,27.739542,2.555458,,,,com.apple.keylayout.ABC,variable (CGDisplayMode reports 0),false,,,,0,2,2
confirmation/memory_visits_1k/trial_1/metrics.csv,paint,memory after visiting notes,,,,,20.532917,1.956208,,,,com.apple.keylayout.ABC,variable (CGDisplayMode reports 0),false,,,,2,0,0
confirmation/memory_visits_1k/trial_1/metrics.csv,paint,memory after visiting notes,,,,,20.131791,1.736666,,,,com.apple.keylayout.ABC,variable (CGDisplayMode reports 0),false,,,,2,0,0
confirmation/memory_visits_1k/trial_1/metrics.csv,paint,memory after visiting notes,,,,,29.497417,2.541125,,,,com.apple.keylayout.ABC,variable (CGDisplayMode reports 0),false,,,,0,2,2
confirmation/memory_visits_1k/trial_1/metrics.csv,paint,memory after visiting notes,,,,,21.579083,1.935917,,,,com.apple.keylayout.ABC,variable (CGDisplayMode reports 0),false,,,,2,0,0
confirmation/memory_visits_1k/trial_1/metrics.csv,paint,memory after visiting notes,,,,,20.324917,1.839792,,,,com.apple.keylayout.ABC,variable (CGDisplayMode reports 0),false,,,,2,0,0
confirmation/memory_visits_1k/trial_1/metrics.csv,paint,memory after visiting notes,,,,,26.900042,2.557834,,,,com.apple.keylayout.ABC,variable (CGDisplayMode reports 0),false,,,,0,2,2
confirmation/memory_visits_1k/trial_1/metrics.csv,paint,memory after visiting notes,,,,,20.455833,1.769541,,,,com.apple.keylayout.ABC,variable (CGDisplayMode reports 0),false,,,,2,0,0
confirmation/memory_visits_1k/trial_1/metrics.csv,paint,memory after visiting notes,,,,,20.033250,1.742959,,,,com.apple.keylayout.ABC,variable (CGDisplayMode reports 0),false,,,,2,0,0
confirmation/memory_visits_1k/trial_1/metrics.csv,paint,memory after visiting notes,,,,,27.418875,2.551833,,,,com.apple.keylayout.ABC,variable (CGDisplayMode reports 0),false,,,,0,2,2
confirmation/memory_visits_1k/trial_1/metrics.csv,paint,memory after visiting notes,,,,,21.151083,1.744667,,,,com.apple.keylayout.ABC,variable (CGDisplayMode reports 0),false,,,,2,0,0
confirmation/memory_visits_1k/trial_1/metrics.csv,paint,memory after visiting notes,,,,,20.344834,1.731833,,,,com.apple.keylayout.ABC,variable (CGDisplayMode reports 0),false,,,,2,0,0
confirmation/memory_visits_1k/trial_1/metrics.csv,paint,memory after visiting notes,,,,,27.334291,2.567958,,,,com.apple.keylayout.ABC,variable (CGDisplayMode reports 0),false,,,,0,2,2
confirmation/memory_visits_1k/trial_1/metrics.csv,paint,memory after visiting notes,,,,,20.153125,1.761958,,,,com.apple.keylayout.ABC,variable (CGDisplayMode reports 0),false,,,,2,0,0
confirmation/memory_visits_1k/trial_1/metrics.csv,paint,memory after visiting notes,,,,,20.323542,1.800083,,,,com.apple.keylayout.ABC,variable (CGDisplayMode reports 0),false,,,,2,0,0
confirmation/memory_visits_1k/trial_1/metrics.csv,paint,memory after visiting notes,,,,,27.428417,2.632291,,,,com.apple.keylayout.ABC,variable (CGDisplayMode reports 0),false,,,,0,2,2
confirmation/memory_visits_1k/trial_1/metrics.csv,paint,memory after visiting notes,,,,,20.110500,1.775959,,,,com.apple.keylayout.ABC,variable (CGDisplayMode reports 0),false,,,,2,0,0
confirmation/memory_visits_1k/trial_1/metrics.csv,paint,memory after visiting notes,,,,,20.461416,1.688250,,,,com.apple.keylayout.ABC,variable (CGDisplayMode reports 0),false,,,,2,0,0
confirmation/memory_visits_1k/trial_1/metrics.csv,paint,memory after visiting notes,,,,,29.799584,2.464584,,,,com.apple.keylayout.ABC,variable (CGDisplayMode reports 0),false,,,,0,2,2
confirmation/memory_visits_1k/trial_1/metrics.csv,paint,memory after visiting notes,,,,,20.510500,1.802667,,,,com.apple.keylayout.ABC,variable (CGDisplayMode reports 0),false,,,,2,0,0
confirmation/memory_visits_1k/trial_1/metrics.csv,paint,memory after visiting notes,,,,,20.531166,1.767375,,,,com.apple.keylayout.ABC,variable (CGDisplayMode reports 0),false,,,,2,0,0
confirmation/memory_visits_1k/trial_1/metrics.csv,paint,memory after visiting notes,,,,,26.612750,2.503917,,,,com.apple.keylayout.ABC,variable (CGDisplayMode reports 0),false,,,,0,2,2
confirmation/memory_visits_1k/trial_1/metrics.csv,paint,memory after visiting notes,,,,,21.336542,1.865542,,,,com.apple.keylayout.ABC,variable (CGDisplayMode reports 0),false,,,,2,0,0
confirmation/memory_visits_1k/trial_1/metrics.csv,paint,memory after visiting notes,,,,,20.913250,1.775541,,,,com.apple.keylayout.ABC,variable (CGDisplayMode reports 0),false,,,,2,0,0
confirmation/memory_visits_1k/trial_1/metrics.csv,paint,memory after visiting notes,,,,,27.069000,2.563750,,,,com.apple.keylayout.ABC,variable (CGDisplayMode reports 0),false,,,,0,2,2
confirmation/memory_visits_1k/trial_1/metrics.csv,paint,memory after visiting notes,,,,,21.260708,1.823084,,,,com.apple.keylayout.ABC,variable (CGDisplayMode reports 0),false,,,,2,0,0
confirmation/memory_visits_1k/trial_1/metrics.csv,paint,memory after visiting notes,,,,,20.491667,1.779458,,,,com.apple.keylayout.ABC,variable (CGDisplayMode reports 0),false,,,,2,0,0
confirmation/memory_visits_1k/trial_1/metrics.csv,paint,memory after visiting notes,,,,,29.879000,2.470125,,,,com.apple.keylayout.ABC,variable (CGDisplayMode reports 0),false,,,,0,2,2
confirmation/memory_visits_1k/trial_1/metrics.csv,paint,memory after visiting notes,,,,,20.855292,1.822625,,,,com.apple.keylayout.ABC,variable (CGDisplayMode reports 0),false,,,,2,0,0
confirmation/memory_visits_1k/trial_1/metrics.csv,paint,memory after visiting notes,,,,,20.267666,1.784375,,,,com.apple.keylayout.ABC,variable (CGDisplayMode reports 0),false,,,,2,0,0
confirmation/memory_visits_1k/trial_1/metrics.csv,paint,memory after visiting notes,,,,,28.621375,2.585000,,,,com.apple.keylayout.ABC,variable (CGDisplayMode reports 0),false,,,,0,2,2
confirmation/memory_visits_1k/trial_1/metrics.csv,paint,memory after visiting notes,,,,,21.413625,1.835750,,,,com.apple.keylayout.ABC,variable (CGDisplayMode reports 0),false,,,,2,0,0
confirmation/memory_visits_1k/trial_1/metrics.csv,paint,memory after visiting notes,,,,,20.650042,1.886750,,,,com.apple.keylayout.ABC,variable (CGDisplayMode reports 0),false,,,,2,0,0
confirmation/memory_visits_1k/trial_1/metrics.csv,paint,memory after visiting notes,,,,,29.502250,2.370458,,,,com.apple.keylayout.ABC,variable (CGDisplayMode reports 0),false,,,,0,2,2
confirmation/memory_visits_1k/trial_1/metrics.csv,paint,memory after visiting notes,,,,,20.509292,1.783208,,,,com.apple.keylayout.ABC,variable (CGDisplayMode reports 0),false,,,,2,0,0
confirmation/memory_visits_1k/trial_1/metrics.csv,paint,memory after visiting notes,,,,,20.804291,1.790292,,,,com.apple.keylayout.ABC,variable (CGDisplayMode reports 0),false,,,,2,0,0
confirmation/memory_visits_1k/trial_1/metrics.csv,paint,memory after visiting notes,,,,,28.922834,2.594416,,,,com.apple.keylayout.ABC,variable (CGDisplayMode reports 0),false,,,,0,2,2
confirmation/memory_visits_1k/trial_1/metrics.csv,paint,memory after visiting notes,,,,,20.884833,1.863833,,,,com.apple.keylayout.ABC,variable (CGDisplayMode reports 0),false,,,,2,0,0
confirmation/memory_visits_1k/trial_1/metrics.csv,paint,memory after visiting notes,,,,,20.665792,1.788625,,,,com.apple.keylayout.ABC,variable (CGDisplayMode reports 0),false,,,,2,0,0
confirmation/memory_visits_1k/trial_1/metrics.csv,paint,memory after visiting notes,,,,,30.608291,2.374000,,,,com.apple.keylayout.ABC,variable (CGDisplayMode reports 0),false,,,,0,2,2
confirmation/memory_visits_1k/trial_1/metrics.csv,paint,memory after visiting notes,,,,,21.085417,1.841792,,,,com.apple.keylayout.ABC,variable (CGDisplayMode reports 0),false,,,,2,0,0
confirmation/memory_visits_1k/trial_1/metrics.csv,paint,memory after visiting notes,,,,,20.527458,1.847500,,,,com.apple.keylayout.ABC,variable (CGDisplayMode reports 0),false,,,,2,0,0
confirmation/memory_visits_1k/trial_1/metrics.csv,paint,memory after visiting notes,,,,,28.571417,2.533833,,,,com.apple.keylayout.ABC,variable (CGDisplayMode reports 0),false,,,,0,2,2
confirmation/memory_visits_1k/trial_1/metrics.csv,paint,memory after visiting notes,,,,,20.614917,1.835333,,,,com.apple.keylayout.ABC,variable (CGDisplayMode reports 0),false,,,,2,0,0
confirmation/memory_visits_1k/trial_1/metrics.csv,paint,memory after visiting notes,,,,,20.237000,1.810000,,,,com.apple.keylayout.ABC,variable (CGDisplayMode reports 0),false,,,,2,0,0
confirmation/memory_visits_1k/trial_1/metrics.csv,paint,memory after visiting notes,,,,,30.354041,2.569542,,,,com.apple.keylayout.ABC,variable (CGDisplayMode reports 0),false,,,,0,2,2
confirmation/memory_visits_1k/trial_1/metrics.csv,paint,memory after visiting notes,,,,,20.430750,1.751875,,,,com.apple.keylayout.ABC,variable (CGDisplayMode reports 0),false,,,,2,0,0
confirmation/memory_visits_1k/trial_1/metrics.csv,paint,memory after visiting notes,,,,,20.258292,1.804417,,,,com.apple.keylayout.ABC,variable (CGDisplayMode reports 0),false,,,,2,0,0
confirmation/memory_visits_1k/trial_1/metrics.csv,paint,memory after visiting notes,,,,,27.211458,2.608750,,,,com.apple.keylayout.ABC,variable (CGDisplayMode reports 0),false,,,,0,2,2
confirmation/memory_visits_1k/trial_1/metrics.csv,paint,memory after visiting notes,,,,,20.425000,1.788250,,,,com.apple.keylayout.ABC,variable (CGDisplayMode reports 0),false,,,,2,0,0
confirmation/memory_visits_1k/trial_1/metrics.csv,paint,memory after visiting notes,,,,,20.994000,1.755875,,,,com.apple.keylayout.ABC,variable (CGDisplayMode reports 0),false,,,,2,0,0
confirmation/memory_visits_1k/trial_1/metrics.csv,paint,memory after visiting notes,,,,,28.098042,2.567291,,,,com.apple.keylayout.ABC,variable (CGDisplayMode reports 0),false,,,,0,2,2
confirmation/memory_visits_1k/trial_1/metrics.csv,paint,memory after visiting notes,,,,,21.365958,1.807333,,,,com.apple.keylayout.ABC,variable (CGDisplayMode reports 0),false,,,,2,0,0
confirmation/memory_visits_1k/trial_1/metrics.csv,paint,memory after visiting notes,,,,,21.249167,1.917500,,,,com.apple.keylayout.ABC,variable (CGDisplayMode reports 0),false,,,,2,0,0
confirmation/memory_visits_1k/trial_1/metrics.csv,paint,memory after visiting notes,,,,,29.104167,2.523750,,,,com.apple.keylayout.ABC,variable (CGDisplayMode reports 0),false,,,,0,2,2
confirmation/memory_visits_1k/trial_1/metrics.csv,paint,memory after visiting notes,,,,,21.367208,1.866375,,,,com.apple.keylayout.ABC,variable (CGDisplayMode reports 0),false,,,,2,0,0
confirmation/memory_visits_1k/trial_1/metrics.csv,paint,memory after visiting notes,,,,,20.669125,1.860792,,,,com.apple.keylayout.ABC,variable (CGDisplayMode reports 0),false,,,,2,0,0
confirmation/memory_visits_1k/trial_1/metrics.csv,paint,memory after visiting notes,,,,,28.033208,2.612459,,,,com.apple.keylayout.ABC,variable (CGDisplayMode reports 0),false,,,,0,2,2
confirmation/memory_visits_1k/trial_1/metrics.csv,paint,memory after visiting notes,,,,,21.485375,1.871083,,,,com.apple.keylayout.ABC,variable (CGDisplayMode reports 0),false,,,,2,0,0
confirmation/memory_visits_1k/trial_1/metrics.csv,paint,memory after visiting notes,,,,,20.829042,1.854875,,,,com.apple.keylayout.ABC,variable (CGDisplayMode reports 0),false,,,,2,0,0
confirmation/memory_visits_1k/trial_1/metrics.csv,paint,memory after visiting notes,,,,,28.679958,2.546209,,,,com.apple.keylayout.ABC,variable (CGDisplayMode reports 0),false,,,,0,2,2
confirmation/memory_visits_1k/trial_1/metrics.csv,paint,memory after visiting notes,,,,,20.474417,1.798750,,,,com.apple.keylayout.ABC,variable (CGDisplayMode reports 0),false,,,,2,0,0
confirmation/memory_visits_1k/trial_1/metrics.csv,paint,memory after visiting notes,,,,,20.466250,1.775708,,,,com.apple.keylayout.ABC,variable (CGDisplayMode reports 0),false,,,,2,0,0
confirmation/memory_visits_1k/trial_1/metrics.csv,paint,memory after visiting notes,,,,,28.622875,2.669125,,,,com.apple.keylayout.ABC,variable (CGDisplayMode reports 0),false,,,,0,2,2
confirmation/memory_visits_1k/trial_1/metrics.csv,paint,memory after visiting notes,,,,,20.714458,1.831250,,,,com.apple.keylayout.ABC,variable (CGDisplayMode reports 0),false,,,,2,0,0
confirmation/memory_visits_1k/trial_1/metrics.csv,paint,memory after visiting notes,,,,,20.902000,1.819000,,,,com.apple.keylayout.ABC,variable (CGDisplayMode reports 0),false,,,,2,0,0
confirmation/memory_visits_1k/trial_1/metrics.csv,paint,memory after visiting notes,,,,,30.019584,2.345292,,,,com.apple.keylayout.ABC,variable (CGDisplayMode reports 0),false,,,,0,2,2
confirmation/memory_visits_1k/trial_1/metrics.csv,paint,memory after visiting notes,,,,,20.818291,1.857541,,,,com.apple.keylayout.ABC,variable (CGDisplayMode reports 0),false,,,,2,0,0
confirmation/memory_visits_1k/trial_1/metrics.csv,paint,memory after visiting notes,,,,,20.925292,1.831750,,,,com.apple.keylayout.ABC,variable (CGDisplayMode reports 0),false,,,,2,0,0
confirmation/memory_visits_1k/trial_1/metrics.csv,paint,memory after visiting notes,,,,,27.996458,2.599167,,,,com.apple.keylayout.ABC,variable (CGDisplayMode reports 0),false,,,,0,2,2
confirmation/memory_visits_1k/trial_1/metrics.csv,paint,memory after visiting notes,,,,,21.806042,1.853625,,,,com.apple.keylayout.ABC,variable (CGDisplayMode reports 0),false,,,,2,0,0
confirmation/memory_visits_1k/trial_1/metrics.csv,paint,memory after visiting notes,,,,,20.757875,1.823833,,,,com.apple.keylayout.ABC,variable (CGDisplayMode reports 0),false,,,,2,0,0
confirmation/memory_visits_1k/trial_1/metrics.csv,paint,memory after visiting notes,,,,,30.695792,2.517958,,,,com.apple.keylayout.ABC,variable (CGDisplayMode reports 0),false,,,,0,2,2
confirmation/memory_visits_1k/trial_1/metrics.csv,paint,memory after visiting notes,,,,,21.502416,2.030041,,,,com.apple.keylayout.ABC,variable (CGDisplayMode reports 0),false,,,,2,0,0
confirmation/memory_visits_1k/trial_1/metrics.csv,paint,memory after visiting notes,,,,,21.293292,1.891167,,,,com.apple.keylayout.ABC,variable (CGDisplayMode reports 0),false,,,,2,0,0
confirmation/memory_visits_1k/trial_1/metrics.csv,paint,memory after visiting notes,,,,,28.064000,2.645208,,,,com.apple.keylayout.ABC,variable (CGDisplayMode reports 0),false,,,,0,2,2
confirmation/memory_visits_1k/trial_1/metrics.csv,paint,memory after visiting notes,,,,,21.161500,1.808875,,,,com.apple.keylayout.ABC,variable (CGDisplayMode reports 0),false,,,,2,0,0
confirmation/memory_visits_1k/trial_1/metrics.csv,paint,memory after visiting notes,,,,,20.547792,1.841291,,,,com.apple.keylayout.ABC,variable (CGDisplayMode reports 0),false,,,,2,0,0
confirmation/memory_visits_1k/trial_1/metrics.csv,paint,memory after visiting notes,,,,,28.624166,2.547583,,,,com.apple.keylayout.ABC,variable (CGDisplayMode reports 0),false,,,,0,2,2
confirmation/memory_visits_1k/trial_1/metrics.csv,paint,memory after visiting notes,,,,,21.775792,1.871666,,,,com.apple.keylayout.ABC,variable (CGDisplayMode reports 0),false,,,,2,0,0
confirmation/memory_visits_1k/trial_1/metrics.csv,paint,memory after visiting notes,,,,,22.455083,1.981042,,,,com.apple.keylayout.ABC,variable (CGDisplayMode reports 0),false,,,,2,0,0
confirmation/memory_visits_1k/trial_1/metrics.csv,paint,memory after visiting notes,,,,,30.301084,2.589667,,,,com.apple.keylayout.ABC,variable (CGDisplayMode reports 0),false,,,,0,2,2
confirmation/memory_visits_1k/trial_1/metrics.csv,paint,memory after visiting notes,,,,,21.397208,1.765458,,,,com.apple.keylayout.ABC,variable (CGDisplayMode reports 0),false,,,,2,0,0
confirmation/memory_visits_1k/trial_1/metrics.csv,paint,memory after visiting notes,,,,,28.621292,2.420041,,,,com.apple.keylayout.ABC,variable (CGDisplayMode reports 0),false,,,,0,2,2
confirmation/memory_visits_1k/trial_1/metrics.csv,paint,memory after visiting notes,,,,,21.220833,1.877542,,,,com.apple.keylayout.ABC,variable (CGDisplayMode reports 0),false,,,,2,0,0
confirmation/memory_visits_1k/trial_1/metrics.csv,paint,memory after visiting notes,,,,,21.170875,1.902042,,,,com.apple.keylayout.ABC,variable (CGDisplayMode reports 0),false,,,,2,0,0
confirmation/memory_visits_1k/trial_1/metrics.csv,paint,memory after visiting notes,,,,,28.395375,2.544625,,,,com.apple.keylayout.ABC,variable (CGDisplayMode reports 0),false,,,,0,2,2
confirmation/memory_visits_1k/trial_1/metrics.csv,paint,memory after visiting notes,,,,,21.949000,1.987167,,,,com.apple.keylayout.ABC,variable (CGDisplayMode reports 0),false,,,,2,0,0
confirmation/memory_visits_1k/trial_1/metrics.csv,paint,memory after visiting notes,,,,,21.230958,1.865500,,,,com.apple.keylayout.ABC,variable (CGDisplayMode reports 0),false,,,,2,0,0
confirmation/memory_visits_1k/trial_1/metrics.csv,paint,memory after visiting notes,,,,,29.239834,2.543000,,,,com.apple.keylayout.ABC,variable (CGDisplayMode reports 0),false,,,,0,2,2
confirmation/memory_visits_1k/trial_1/metrics.csv,paint,memory after visiting notes,,,,,22.697583,1.825334,,,,com.apple.keylayout.ABC,variable (CGDisplayMode reports 0),false,,,,2,0,0
confirmation/memory_visits_1k/trial_1/metrics.csv,paint,memory after visiting notes,,,,,21.064875,1.862083,,,,com.apple.keylayout.ABC,variable (CGDisplayMode reports 0),false,,,,2,0,0
confirmation/memory_visits_1k/trial_1/metrics.csv,paint,memory after visiting notes,,,,,30.291917,2.540708,,,,com.apple.keylayout.ABC,variable (CGDisplayMode reports 0),false,,,,0,2,2
confirmation/memory_visits_1k/trial_1/metrics.csv,paint,memory after visiting notes,,,,,20.876500,1.832208,,,,com.apple.keylayout.ABC,variable (CGDisplayMode reports 0),false,,,,2,0,0
confirmation/memory_visits_1k/trial_1/metrics.csv,paint,memory after visiting notes,,,,,20.788666,1.847625,,,,com.apple.keylayout.ABC,variable (CGDisplayMode reports 0),false,,,,2,0,0
confirmation/memory_visits_1k/trial_1/metrics.csv,paint,memory after visiting notes,,,,,27.935542,2.589417,,,,com.apple.keylayout.ABC,variable (CGDisplayMode reports 0),false,,,,0,2,2
confirmation/memory_visits_1k/trial_1/metrics.csv,paint,memory after visiting notes,,,,,21.719875,1.827083,,,,com.apple.keylayout.ABC,variable (CGDisplayMode reports 0),false,,,,2,0,0
confirmation/memory_visits_1k/trial_1/metrics.csv,paint,memory after visiting notes,,,,,21.373292,1.806042,,,,com.apple.keylayout.ABC,variable (CGDisplayMode reports 0),false,,,,2,0,0
confirmation/memory_visits_1k/trial_1/metrics.csv,paint,memory after visiting notes,,,,,29.799666,2.490792,,,,com.apple.keylayout.ABC,variable (CGDisplayMode reports 0),false,,,,0,2,2
confirmation/memory_visits_1k/trial_1/metrics.csv,paint,memory after visiting notes,,,,,21.689292,2.004292,,,,com.apple.keylayout.ABC,variable (CGDisplayMode reports 0),false,,,,2,0,0
confirmation/memory_visits_1k/trial_1/metrics.csv,paint,memory after visiting notes,,,,,21.571333,1.891459,,,,com.apple.keylayout.ABC,variable (CGDisplayMode reports 0),false,,,,2,0,0
confirmation/memory_visits_1k/trial_1/metrics.csv,paint,memory after visiting notes,,,,,31.475709,2.438833,,,,com.apple.keylayout.ABC,variable (CGDisplayMode reports 0),false,,,,0,2,2
confirmation/memory_visits_1k/trial_1/metrics.csv,paint,memory after visiting notes,,,,,22.216916,1.921500,,,,com.apple.keylayout.ABC,variable (CGDisplayMode reports 0),false,,,,2,0,0
confirmation/memory_visits_1k/trial_1/metrics.csv,paint,memory after visiting notes,,,,,27.121084,2.567042,,,,com.apple.keylayout.ABC,variable (CGDisplayMode reports 0),false,,,,0,2,2
confirmation/memory_visits_1k/trial_1/metrics.csv,paint,memory after visiting notes,,,,,21.635541,1.853792,,,,com.apple.keylayout.ABC,variable (CGDisplayMode reports 0),false,,,,2,0,0
confirmation/memory_visits_1k/trial_1/metrics.csv,paint,memory after visiting notes,,,,,21.188375,1.860125,,,,com.apple.keylayout.ABC,variable (CGDisplayMode reports 0),false,,,,2,0,0
confirmation/memory_visits_1k/trial_1/metrics.csv,paint,memory after visiting notes,,,,,28.216584,2.645375,,,,com.apple.keylayout.ABC,variable (CGDisplayMode reports 0),false,,,,0,2,2
confirmation/memory_visits_1k/trial_1/metrics.csv,paint,memory after visiting notes,,,,,21.716125,1.977292,,,,com.apple.keylayout.ABC,variable (CGDisplayMode reports 0),false,,,,2,0,0
confirmation/memory_visits_1k/trial_1/metrics.csv,paint,memory after visiting notes,,,,,21.469041,1.914083,,,,com.apple.keylayout.ABC,variable (CGDisplayMode reports 0),false,,,,2,0,0
confirmation/memory_visits_1k/trial_1/metrics.csv,paint,memory after visiting notes,,,,,28.851417,2.596500,,,,com.apple.keylayout.ABC,variable (CGDisplayMode reports 0),false,,,,0,2,2
confirmation/memory_visits_1k/trial_1/metrics.csv,paint,memory after visiting notes,,,,,21.141500,1.883250,,,,com.apple.keylayout.ABC,variable (CGDisplayMode reports 0),false,,,,2,0,0
confirmation/memory_visits_1k/trial_1/metrics.csv,paint,memory after visiting notes,,,,,21.052042,1.823667,,,,com.apple.keylayout.ABC,variable (CGDisplayMode reports 0),false,,,,2,0,0
confirmation/memory_visits_1k/trial_1/metrics.csv,paint,memory after visiting notes,,,,,30.671416,2.544209,,,,com.apple.keylayout.ABC,variable (CGDisplayMode reports 0),false,,,,0,2,2
confirmation/memory_visits_1k/trial_1/metrics.csv,paint,memory after visiting notes,,,,,25.436167,1.896708,,,,com.apple.keylayout.ABC,variable (CGDisplayMode reports 0),false,,,,2,0,0
confirmation/memory_visits_1k/trial_1/metrics.csv,paint,memory after visiting notes,,,,,37.036250,2.934625,,,,com.apple.keylayout.ABC,variable (CGDisplayMode reports 0),false,,,,0,2,2
confirmation/memory_visits_1k/trial_1/metrics.csv,paint,memory after visiting notes,,,,,26.501000,2.202375,,,,com.apple.keylayout.ABC,variable (CGDisplayMode reports 0),false,,,,2,0,0
confirmation/memory_visits_1k/trial_1/metrics.csv,paint,memory after visiting notes,,,,,31.136792,2.684500,,,,com.apple.keylayout.ABC,variable (CGDisplayMode reports 0),false,,,,0,2,2
confirmation/memory_visits_1k/trial_1/metrics.csv,paint,memory after visiting notes,,,,,24.689666,1.905875,,,,com.apple.keylayout.ABC,variable (CGDisplayMode reports 0),false,,,,2,0,0
confirmation/memory_visits_1k/trial_1/metrics.csv,paint,memory after visiting notes,,,,,31.017375,2.702541,,,,com.apple.keylayout.ABC,variable (CGDisplayMode reports 0),false,,,,0,2,2
confirmation/memory_visits_1k/trial_1/metrics.csv,paint,memory after visiting notes,,,,,25.010209,1.903166,,,,com.apple.keylayout.ABC,variable (CGDisplayMode reports 0),false,,,,2,0,0
confirmation/memory_visits_1k/trial_1/metrics.csv,memory_after_1000_notes,memory after visiting notes,,,,,,,,,188628992,com.apple.keylayout.ABC,variable (CGDisplayMode reports 0),false,,,,,,
confirmation/normal_ascii/metrics.csv,memory_load,normal ASCII input,,,,,,,,,69877760,com.apple.keylayout.ABC,variable (CGDisplayMode reports 0),false,,,,,,
confirmation/normal_ascii/metrics.csv,ready,normal ASCII input,,,,,,,255.105042,81.358583,80691200,com.apple.keylayout.ABC,variable (CGDisplayMode reports 0),false,,,,,,
confirmation/normal_ascii/metrics.csv,paint,normal ASCII input,,,,,75.257667,0.209083,,,,com.apple.keylayout.ABC,variable (CGDisplayMode reports 0),false,,,,0,1,1
confirmation/normal_ascii/metrics.csv,paint,normal ASCII input,,,,,8.120958,0.205750,,,,com.apple.keylayout.ABC,variable (CGDisplayMode reports 0),false,,,,0,1,1
confirmation/normal_ascii/metrics.csv,block_index,normal ASCII input,,,,,,,,,,com.apple.keylayout.ABC,variable (CGDisplayMode reports 0),false,2.215458,1048582,0,,,
confirmation/normal_ascii/metrics.csv,paint,normal ASCII input,,,,,449.386542,0.335167,,,,com.apple.keylayout.ABC,variable (CGDisplayMode reports 0),false,,,,0,1,1
confirmation/normal_ascii/metrics.csv,input,normal ASCII input,6,command,0.008459,3.315125,,,,,,com.apple.keylayout.ABC,variable (CGDisplayMode reports 0),false,,,,,,
confirmation/normal_ascii/metrics.csv,paint,normal ASCII input,,,,,5.637666,0.155000,,,,com.apple.keylayout.ABC,variable (CGDisplayMode reports 0),false,,,,0,1,1
confirmation/normal_ascii/metrics.csv,block_index,normal ASCII input,,,,,,,,,,com.apple.keylayout.ABC,variable (CGDisplayMode reports 0),false,2.337416,1048583,0,,,
confirmation/normal_ascii/metrics.csv,paint,normal ASCII input,,,,,17.572084,0.311583,,,,com.apple.keylayout.ABC,variable (CGDisplayMode reports 0),false,,,,0,1,1
confirmation/normal_ascii/metrics.csv,input,normal ASCII input,7,command,0.007459,3.277292,,,,,,com.apple.keylayout.ABC,variable (CGDisplayMode reports 0),false,,,,,,
confirmation/normal_ascii/metrics.csv,paint,normal ASCII input,,,,,6.836375,0.136125,,,,com.apple.keylayout.ABC,variable (CGDisplayMode reports 0),false,,,,0,1,1
confirmation/normal_ascii/metrics.csv,block_index,normal ASCII input,,,,,,,,,,com.apple.keylayout.ABC,variable (CGDisplayMode reports 0),false,3.130125,1048584,0,,,
confirmation/normal_ascii/metrics.csv,paint,normal ASCII input,,,,,18.913208,0.415458,,,,com.apple.keylayout.ABC,variable (CGDisplayMode reports 0),false,,,,0,1,1
confirmation/normal_ascii/metrics.csv,input,normal ASCII input,8,command,0.008333,4.437708,,,,,,com.apple.keylayout.ABC,variable (CGDisplayMode reports 0),false,,,,,,
confirmation/normal_ascii/metrics.csv,paint,normal ASCII input,,,,,5.785583,0.161792,,,,com.apple.keylayout.ABC,variable (CGDisplayMode reports 0),false,,,,0,1,1
confirmation/normal_ascii/metrics.csv,block_index,normal ASCII input,,,,,,,,,,com.apple.keylayout.ABC,variable (CGDisplayMode reports 0),false,2.923334,1048585,0,,,
confirmation/normal_ascii/metrics.csv,paint,normal ASCII input,,,,,18.785209,0.393375,,,,com.apple.keylayout.ABC,variable (CGDisplayMode reports 0),false,,,,0,1,1
confirmation/normal_ascii/metrics.csv,input,normal ASCII input,9,command,0.009042,4.162333,,,,,,com.apple.keylayout.ABC,variable (CGDisplayMode reports 0),false,,,,,,
confirmation/normal_ascii/metrics.csv,paint,normal ASCII input,,,,,6.188958,0.176000,,,,com.apple.keylayout.ABC,variable (CGDisplayMode reports 0),false,,,,0,1,1
confirmation/normal_ascii/metrics.csv,block_index,normal ASCII input,,,,,,,,,,com.apple.keylayout.ABC,variable (CGDisplayMode reports 0),false,3.266584,1048586,0,,,
confirmation/normal_ascii/metrics.csv,paint,normal ASCII input,,,,,19.481667,0.422500,,,,com.apple.keylayout.ABC,variable (CGDisplayMode reports 0),false,,,,0,1,1
confirmation/normal_ascii/metrics.csv,input,normal ASCII input,10,command,0.008709,4.533209,,,,,,com.apple.keylayout.ABC,variable (CGDisplayMode reports 0),false,,,,,,
confirmation/normal_ascii/metrics.csv,paint,normal ASCII input,,,,,5.535708,0.180666,,,,com.apple.keylayout.ABC,variable (CGDisplayMode reports 0),false,,,,0,1,1
confirmation/normal_ascii/metrics.csv,block_index,normal ASCII input,,,,,,,,,,com.apple.keylayout.ABC,variable (CGDisplayMode reports 0),false,3.707958,1048587,0,,,
confirmation/normal_ascii/metrics.csv,paint,normal ASCII input,,,,,20.176875,0.423459,,,,com.apple.keylayout.ABC,variable (CGDisplayMode reports 0),false,,,,0,1,1
confirmation/normal_ascii/metrics.csv,input,normal ASCII input,11,command,0.006750,5.050292,,,,,,com.apple.keylayout.ABC,variable (CGDisplayMode reports 0),false,,,,,,
confirmation/normal_ascii/metrics.csv,paint,normal ASCII input,,,,,4.766208,0.165333,,,,com.apple.keylayout.ABC,variable (CGDisplayMode reports 0),false,,,,0,1,1
confirmation/normal_ascii/metrics.csv,block_index,normal ASCII input,,,,,,,,,,com.apple.keylayout.ABC,variable (CGDisplayMode reports 0),false,4.026250,1048588,0,,,
confirmation/normal_ascii/metrics.csv,paint,normal ASCII input,,,,,20.878334,0.479083,,,,com.apple.keylayout.ABC,variable (CGDisplayMode reports 0),false,,,,0,1,1
confirmation/normal_ascii/metrics.csv,input,normal ASCII input,12,command,0.009917,5.436500,,,,,,com.apple.keylayout.ABC,variable (CGDisplayMode reports 0),false,,,,,,
confirmation/normal_ascii/metrics.csv,paint,normal ASCII input,,,,,4.334250,0.149292,,,,com.apple.keylayout.ABC,variable (CGDisplayMode reports 0),false,,,,0,1,1
confirmation/normal_ascii/metrics.csv,block_index,normal ASCII input,,,,,,,,,,com.apple.keylayout.ABC,variable (CGDisplayMode reports 0),false,4.033250,1048589,0,,,
confirmation/normal_ascii/metrics.csv,paint,normal ASCII input,,,,,22.078583,0.568042,,,,com.apple.keylayout.ABC,variable (CGDisplayMode reports 0),false,,,,0,1,1
confirmation/normal_ascii/metrics.csv,input,normal ASCII input,13,command,0.015166,5.694541,,,,,,com.apple.keylayout.ABC,variable (CGDisplayMode reports 0),false,,,,,,
confirmation/normal_ascii/metrics.csv,paint,normal ASCII input,,,,,11.220375,0.232250,,,,com.apple.keylayout.ABC,variable (CGDisplayMode reports 0),false,,,,0,1,1
confirmation/normal_ascii/metrics.csv,block_index,normal ASCII input,,,,,,,,,,com.apple.keylayout.ABC,variable (CGDisplayMode reports 0),false,3.920500,1048590,0,,,
confirmation/normal_ascii/metrics.csv,paint,normal ASCII input,,,,,13.468792,0.520041,,,,com.apple.keylayout.ABC,variable (CGDisplayMode reports 0),false,,,,0,1,1
confirmation/normal_ascii/metrics.csv,input,normal ASCII input,14,command,0.012042,5.446833,,,,,,com.apple.keylayout.ABC,variable (CGDisplayMode reports 0),false,,,,,,
confirmation/normal_ascii/metrics.csv,paint,normal ASCII input,,,,,10.724750,0.304833,,,,com.apple.keylayout.ABC,variable (CGDisplayMode reports 0),false,,,,0,1,1
confirmation/normal_ascii/metrics.csv,block_index,normal ASCII input,,,,,,,,,,com.apple.keylayout.ABC,variable (CGDisplayMode reports 0),false,3.630292,1048591,0,,,
confirmation/normal_ascii/metrics.csv,paint,normal ASCII input,,,,,14.606666,0.531041,,,,com.apple.keylayout.ABC,variable (CGDisplayMode reports 0),false,,,,0,1,1
confirmation/normal_ascii/metrics.csv,input,normal ASCII input,15,command,0.014459,5.156209,,,,,,com.apple.keylayout.ABC,variable (CGDisplayMode reports 0),false,,,,,,
confirmation/normal_ascii/metrics.csv,paint,normal ASCII input,,,,,10.398792,0.203167,,,,com.apple.keylayout.ABC,variable (CGDisplayMode reports 0),false,,,,0,1,1
confirmation/normal_ascii/metrics.csv,block_index,normal ASCII input,,,,,,,,,,com.apple.keylayout.ABC,variable (CGDisplayMode reports 0),false,3.711167,1048592,0,,,
confirmation/normal_ascii/metrics.csv,paint,normal ASCII input,,,,,17.675708,0.505333,,,,com.apple.keylayout.ABC,variable (CGDisplayMode reports 0),false,,,,0,1,1
confirmation/normal_ascii/metrics.csv,input,normal ASCII input,16,command,0.010875,5.075958,,,,,,com.apple.keylayout.ABC,variable (CGDisplayMode reports 0),false,,,,,,
confirmation/normal_ascii/metrics.csv,paint,normal ASCII input,,,,,7.357375,0.282667,,,,com.apple.keylayout.ABC,variable (CGDisplayMode reports 0),false,,,,0,1,1
confirmation/normal_ascii/metrics.csv,block_index,normal ASCII input,,,,,,,,,,com.apple.keylayout.ABC,variable (CGDisplayMode reports 0),false,3.720917,1048593,0,,,
confirmation/normal_ascii/metrics.csv,paint,normal ASCII input,,,,,17.872292,0.568625,,,,com.apple.keylayout.ABC,variable (CGDisplayMode reports 0),false,,,,0,1,1
confirmation/normal_ascii/metrics.csv,input,normal ASCII input,17,command,0.019208,5.251916,,,,,,com.apple.keylayout.ABC,variable (CGDisplayMode reports 0),false,,,,,,
confirmation/normal_ascii/metrics.csv,paint,normal ASCII input,,,,,6.978875,0.215792,,,,com.apple.keylayout.ABC,variable (CGDisplayMode reports 0),false,,,,0,1,1
confirmation/normal_ascii/metrics.csv,block_index,normal ASCII input,,,,,,,,,,com.apple.keylayout.ABC,variable (CGDisplayMode reports 0),false,3.421209,1048594,0,,,
confirmation/normal_ascii/metrics.csv,paint,normal ASCII input,,,,,15.072000,0.517834,,,,com.apple.keylayout.ABC,variable (CGDisplayMode reports 0),false,,,,0,1,1
confirmation/normal_ascii/metrics.csv,input,normal ASCII input,18,command,0.013583,4.893041,,,,,,com.apple.keylayout.ABC,variable (CGDisplayMode reports 0),false,,,,,,
confirmation/normal_ascii/metrics.csv,paint,normal ASCII input,,,,,9.896167,0.211584,,,,com.apple.keylayout.ABC,variable (CGDisplayMode reports 0),false,,,,0,1,1
confirmation/normal_ascii/metrics.csv,block_index,normal ASCII input,,,,,,,,,,com.apple.keylayout.ABC,variable (CGDisplayMode reports 0),false,3.551666,1048595,0,,,
confirmation/normal_ascii/metrics.csv,paint,normal ASCII input,,,,,15.194541,0.475541,,,,com.apple.keylayout.ABC,variable (CGDisplayMode reports 0),false,,,,0,1,1
confirmation/normal_ascii/metrics.csv,input,normal ASCII input,19,command,0.015875,4.950542,,,,,,com.apple.keylayout.ABC,variable (CGDisplayMode reports 0),false,,,,,,
confirmation/normal_ascii/metrics.csv,paint,normal ASCII input,,,,,9.788584,0.204500,,,,com.apple.keylayout.ABC,variable (CGDisplayMode reports 0),false,,,,0,1,1
confirmation/normal_ascii/metrics.csv,block_index,normal ASCII input,,,,,,,,,,com.apple.keylayout.ABC,variable (CGDisplayMode reports 0),false,3.385000,1048596,0,,,
confirmation/normal_ascii/metrics.csv,paint,normal ASCII input,,,,,14.982458,0.467083,,,,com.apple.keylayout.ABC,variable (CGDisplayMode reports 0),false,,,,0,1,1
confirmation/normal_ascii/metrics.csv,input,normal ASCII input,20,command,0.011334,4.729584,,,,,,com.apple.keylayout.ABC,variable (CGDisplayMode reports 0),false,,,,,,
confirmation/normal_ascii/metrics.csv,paint,normal ASCII input,,,,,11.166542,0.196500,,,,com.apple.keylayout.ABC,variable (CGDisplayMode reports 0),false,,,,0,1,1
confirmation/normal_ascii/metrics.csv,block_index,normal ASCII input,,,,,,,,,,com.apple.keylayout.ABC,variable (CGDisplayMode reports 0),false,3.556375,1048597,0,,,
confirmation/normal_ascii/metrics.csv,paint,normal ASCII input,,,,,16.413458,0.432583,,,,com.apple.keylayout.ABC,variable (CGDisplayMode reports 0),false,,,,0,1,1
confirmation/normal_ascii/metrics.csv,input,normal ASCII input,21,command,0.013375,4.803417,,,,,,com.apple.keylayout.ABC,variable (CGDisplayMode reports 0),false,,,,,,
confirmation/normal_ascii/metrics.csv,paint,normal ASCII input,,,,,8.430917,0.247666,,,,com.apple.keylayout.ABC,variable (CGDisplayMode reports 0),false,,,,0,1,1
confirmation/normal_ascii/metrics.csv,block_index,normal ASCII input,,,,,,,,,,com.apple.keylayout.ABC,variable (CGDisplayMode reports 0),false,3.387208,1048598,0,,,
confirmation/normal_ascii/metrics.csv,paint,normal ASCII input,,,,,13.740416,0.489625,,,,com.apple.keylayout.ABC,variable (CGDisplayMode reports 0),false,,,,0,1,1
confirmation/normal_ascii/metrics.csv,input,normal ASCII input,22,command,0.016208,4.767875,,,,,,com.apple.keylayout.ABC,variable (CGDisplayMode reports 0),false,,,,,,
confirmation/normal_ascii/metrics.csv,paint,normal ASCII input,,,,,10.264375,0.204042,,,,com.apple.keylayout.ABC,variable (CGDisplayMode reports 0),false,,,,0,1,1
confirmation/normal_ascii/metrics.csv,block_index,normal ASCII input,,,,,,,,,,com.apple.keylayout.ABC,variable (CGDisplayMode reports 0),false,3.335250,1048599,0,,,
confirmation/normal_ascii/metrics.csv,paint,normal ASCII input,,,,,14.621709,0.479166,,,,com.apple.keylayout.ABC,variable (CGDisplayMode reports 0),false,,,,0,1,1
confirmation/normal_ascii/metrics.csv,input,normal ASCII input,23,command,0.011958,4.698291,,,,,,com.apple.keylayout.ABC,variable (CGDisplayMode reports 0),false,,,,,,
confirmation/normal_ascii/metrics.csv,paint,normal ASCII input,,,,,10.482958,0.212708,,,,com.apple.keylayout.ABC,variable (CGDisplayMode reports 0),false,,,,0,1,1
confirmation/normal_ascii/metrics.csv,block_index,normal ASCII input,,,,,,,,,,com.apple.keylayout.ABC,variable (CGDisplayMode reports 0),false,3.364167,1048600,0,,,
confirmation/normal_ascii/metrics.csv,paint,normal ASCII input,,,,,14.776208,0.484125,,,,com.apple.keylayout.ABC,variable (CGDisplayMode reports 0),false,,,,0,1,1
confirmation/normal_ascii/metrics.csv,input,normal ASCII input,24,command,0.013500,4.701375,,,,,,com.apple.keylayout.ABC,variable (CGDisplayMode reports 0),false,,,,,,
confirmation/normal_ascii/metrics.csv,paint,normal ASCII input,,,,,11.088625,0.240083,,,,com.apple.keylayout.ABC,variable (CGDisplayMode reports 0),false,,,,0,1,1
confirmation/normal_ascii/metrics.csv,block_index,normal ASCII input,,,,,,,,,,com.apple.keylayout.ABC,variable (CGDisplayMode reports 0),false,3.379042,1048601,0,,,
confirmation/normal_ascii/metrics.csv,paint,normal ASCII input,,,,,13.929417,0.479500,,,,com.apple.keylayout.ABC,variable (CGDisplayMode reports 0),false,,,,0,1,1
confirmation/normal_ascii/metrics.csv,input,normal ASCII input,25,command,0.012583,4.772500,,,,,,com.apple.keylayout.ABC,variable (CGDisplayMode reports 0),false,,,,,,
confirmation/normal_ascii/metrics.csv,paint,normal ASCII input,,,,,11.024333,0.223334,,,,com.apple.keylayout.ABC,variable (CGDisplayMode reports 0),false,,,,0,1,1
confirmation/normal_ascii/metrics.csv,block_index,normal ASCII input,,,,,,,,,,com.apple.keylayout.ABC,variable (CGDisplayMode reports 0),false,3.341250,1048602,0,,,
confirmation/normal_ascii/metrics.csv,paint,normal ASCII input,,,,,14.170709,0.488500,,,,com.apple.keylayout.ABC,variable (CGDisplayMode reports 0),false,,,,0,1,1
confirmation/normal_ascii/metrics.csv,input,normal ASCII input,26,command,0.011375,4.697000,,,,,,com.apple.keylayout.ABC,variable (CGDisplayMode reports 0),false,,,,,,
confirmation/normal_ascii/metrics.csv,paint,normal ASCII input,,,,,10.789916,0.215167,,,,com.apple.keylayout.ABC,variable (CGDisplayMode reports 0),false,,,,0,1,1
confirmation/normal_ascii/metrics.csv,block_index,normal ASCII input,,,,,,,,,,com.apple.keylayout.ABC,variable (CGDisplayMode reports 0),false,3.451625,1048603,0,,,
confirmation/normal_ascii/metrics.csv,paint,normal ASCII input,,,,,14.175417,0.470708,,,,com.apple.keylayout.ABC,variable (CGDisplayMode reports 0),false,,,,0,1,1
confirmation/normal_ascii/metrics.csv,input,normal ASCII input,27,command,0.013667,4.762542,,,,,,com.apple.keylayout.ABC,variable (CGDisplayMode reports 0),false,,,,,,
confirmation/normal_ascii/metrics.csv,paint,normal ASCII input,,,,,9.973750,0.206416,,,,com.apple.keylayout.ABC,variable (CGDisplayMode reports 0),false,,,,0,1,1
confirmation/normal_ascii/metrics.csv,block_index,normal ASCII input,,,,,,,,,,com.apple.keylayout.ABC,variable (CGDisplayMode reports 0),false,3.317417,1048604,0,,,
confirmation/normal_ascii/metrics.csv,paint,normal ASCII input,,,,,15.026833,0.494958,,,,com.apple.keylayout.ABC,variable (CGDisplayMode reports 0),false,,,,0,1,1
confirmation/normal_ascii/metrics.csv,input,normal ASCII input,28,command,0.011875,4.711208,,,,,,com.apple.keylayout.ABC,variable (CGDisplayMode reports 0),false,,,,,,
confirmation/normal_ascii/metrics.csv,paint,normal ASCII input,,,,,9.943167,0.206958,,,,com.apple.keylayout.ABC,variable (CGDisplayMode reports 0),false,,,,0,1,1
confirmation/normal_ascii/metrics.csv,block_index,normal ASCII input,,,,,,,,,,com.apple.keylayout.ABC,variable (CGDisplayMode reports 0),false,3.373000,1048605,0,,,
confirmation/normal_ascii/metrics.csv,paint,normal ASCII input,,,,,15.016292,0.477666,,,,com.apple.keylayout.ABC,variable (CGDisplayMode reports 0),false,,,,0,1,1
confirmation/normal_ascii/metrics.csv,input,normal ASCII input,29,command,0.017208,4.754875,,,,,,com.apple.keylayout.ABC,variable (CGDisplayMode reports 0),false,,,,,,
confirmation/normal_ascii/metrics.csv,paint,normal ASCII input,,,,,10.877000,0.220833,,,,com.apple.keylayout.ABC,variable (CGDisplayMode reports 0),false,,,,0,1,1
confirmation/normal_ascii/metrics.csv,block_index,normal ASCII input,,,,,,,,,,com.apple.keylayout.ABC,variable (CGDisplayMode reports 0),false,3.344750,1048606,0,,,
confirmation/normal_ascii/metrics.csv,paint,normal ASCII input,,,,,14.260166,0.520917,,,,com.apple.keylayout.ABC,variable (CGDisplayMode reports 0),false,,,,0,1,1
confirmation/normal_ascii/metrics.csv,input,normal ASCII input,30,command,0.011875,4.767750,,,,,,com.apple.keylayout.ABC,variable (CGDisplayMode reports 0),false,,,,,,
confirmation/normal_ascii/metrics.csv,paint,normal ASCII input,,,,,9.813084,0.194459,,,,com.apple.keylayout.ABC,variable (CGDisplayMode reports 0),false,,,,0,1,1
confirmation/normal_ascii/metrics.csv,block_index,normal ASCII input,,,,,,,,,,com.apple.keylayout.ABC,variable (CGDisplayMode reports 0),false,3.346667,1048607,0,,,
confirmation/normal_ascii/metrics.csv,paint,normal ASCII input,,,,,15.081041,0.473291,,,,com.apple.keylayout.ABC,variable (CGDisplayMode reports 0),false,,,,0,1,1
confirmation/normal_ascii/metrics.csv,input,normal ASCII input,31,command,0.011167,4.713292,,,,,,com.apple.keylayout.ABC,variable (CGDisplayMode reports 0),false,,,,,,
confirmation/normal_ascii/metrics.csv,paint,normal ASCII input,,,,,10.705375,0.167459,,,,com.apple.keylayout.ABC,variable (CGDisplayMode reports 0),false,,,,0,1,1
confirmation/normal_ascii/metrics.csv,block_index,normal ASCII input,,,,,,,,,,com.apple.keylayout.ABC,variable (CGDisplayMode reports 0),false,3.317333,1048608,0,,,
confirmation/normal_ascii/metrics.csv,paint,normal ASCII input,,,,,16.616167,0.473750,,,,com.apple.keylayout.ABC,variable (CGDisplayMode reports 0),false,,,,0,1,1
confirmation/normal_ascii/metrics.csv,input,normal ASCII input,32,command,0.012167,4.606417,,,,,,com.apple.keylayout.ABC,variable (CGDisplayMode reports 0),false,,,,,,
confirmation/normal_ascii/metrics.csv,paint,normal ASCII input,,,,,8.495542,0.191542,,,,com.apple.keylayout.ABC,variable (CGDisplayMode reports 0),false,,,,0,1,1
confirmation/normal_ascii/metrics.csv,block_index,normal ASCII input,,,,,,,,,,com.apple.keylayout.ABC,variable (CGDisplayMode reports 0),false,3.380250,1048609,0,,,
confirmation/normal_ascii/metrics.csv,paint,normal ASCII input,,,,,14.544291,0.515375,,,,com.apple.keylayout.ABC,variable (CGDisplayMode reports 0),false,,,,0,1,1
confirmation/normal_ascii/metrics.csv,input,normal ASCII input,33,command,0.020917,4.893833,,,,,,com.apple.keylayout.ABC,variable (CGDisplayMode reports 0),false,,,,,,
confirmation/normal_ascii/metrics.csv,paint,normal ASCII input,,,,,9.593750,0.197333,,,,com.apple.keylayout.ABC,variable (CGDisplayMode reports 0),false,,,,0,1,1
confirmation/normal_ascii/metrics.csv,block_index,normal ASCII input,,,,,,,,,,com.apple.keylayout.ABC,variable (CGDisplayMode reports 0),false,3.415166,1048610,0,,,
confirmation/normal_ascii/metrics.csv,paint,normal ASCII input,,,,,15.347417,0.514125,,,,com.apple.keylayout.ABC,variable (CGDisplayMode reports 0),false,,,,0,1,1
confirmation/normal_ascii/metrics.csv,input,normal ASCII input,34,command,0.015375,4.865500,,,,,,com.apple.keylayout.ABC,variable (CGDisplayMode reports 0),false,,,,,,
confirmation/normal_ascii/metrics.csv,paint,normal ASCII input,,,,,9.650292,0.216291,,,,com.apple.keylayout.ABC,variable (CGDisplayMode reports 0),false,,,,0,1,1
confirmation/normal_ascii/metrics.csv,block_index,normal ASCII input,,,,,,,,,,com.apple.keylayout.ABC,variable (CGDisplayMode reports 0),false,3.253583,1048611,0,,,
confirmation/normal_ascii/metrics.csv,paint,normal ASCII input,,,,,17.644083,0.575291,,,,com.apple.keylayout.ABC,variable (CGDisplayMode reports 0),false,,,,0,1,1
confirmation/normal_ascii/metrics.csv,input,normal ASCII input,35,command,0.016541,4.832375,,,,,,com.apple.keylayout.ABC,variable (CGDisplayMode reports 0),false,,,,,,
confirmation/normal_ascii/metrics.csv,paint,normal ASCII input,,,,,8.264250,0.226542,,,,com.apple.keylayout.ABC,variable (CGDisplayMode reports 0),false,,,,0,1,1
confirmation/normal_ascii/metrics.csv,paint,normal ASCII input,,,,,75.467208,0.277291,,,,com.apple.keylayout.ABC,variable (CGDisplayMode reports 0),false,,,,0,1,1
confirmation/normal_ascii/metrics.csv,paint,normal ASCII input,,,,,7.743417,0.188166,,,,com.apple.keylayout.ABC,variable (CGDisplayMode reports 0),false,,,,0,1,1
confirmation/paragraphs_end/metrics.csv,memory_load,100k paragraphs input at end,,,,,,,,,74989568,com.apple.keylayout.ABC,variable (CGDisplayMode reports 0),false,,,,,,
confirmation/paragraphs_end/metrics.csv,ready,100k paragraphs input at end,,,,,,,202.729042,85.709083,86704128,com.apple.keylayout.ABC,variable (CGDisplayMode reports 0),false,,,,,,
confirmation/paragraphs_end/metrics.csv,block_index,100k paragraphs input at end,,,,,,,,,,com.apple.keylayout.ABC,variable (CGDisplayMode reports 0),false,29.415417,3100003,0,,,
confirmation/paragraphs_end/metrics.csv,paint,100k paragraphs input at end,,,,,34.508916,0.334000,,,,com.apple.keylayout.ABC,variable (CGDisplayMode reports 0),false,,,,0,1,1
confirmation/paragraphs_end/metrics.csv,input,100k paragraphs input at end,3,command,0.008334,33.736292,,,,,,com.apple.keylayout.ABC,variable (CGDisplayMode reports 0),false,,,,,,
confirmation/paragraphs_end/metrics.csv,block_index,100k paragraphs input at end,,,,,,,,,,com.apple.keylayout.ABC,variable (CGDisplayMode reports 0),false,29.525167,3100004,0,,,
confirmation/paragraphs_end/metrics.csv,paint,100k paragraphs input at end,,,,,33.175125,0.315458,,,,com.apple.keylayout.ABC,variable (CGDisplayMode reports 0),false,,,,0,1,1
confirmation/paragraphs_end/metrics.csv,input,100k paragraphs input at end,4,command,0.005792,32.542958,,,,,,com.apple.keylayout.ABC,variable (CGDisplayMode reports 0),false,,,,,,
confirmation/paragraphs_end/metrics.csv,block_index,100k paragraphs input at end,,,,,,,,,,com.apple.keylayout.ABC,variable (CGDisplayMode reports 0),false,27.125667,3100005,0,,,
confirmation/paragraphs_end/metrics.csv,paint,100k paragraphs input at end,,,,,29.837459,0.265167,,,,com.apple.keylayout.ABC,variable (CGDisplayMode reports 0),false,,,,0,1,1
confirmation/paragraphs_end/metrics.csv,input,100k paragraphs input at end,5,command,0.005250,29.212291,,,,,,com.apple.keylayout.ABC,variable (CGDisplayMode reports 0),false,,,,,,
confirmation/paragraphs_end/metrics.csv,paint,100k paragraphs input at end,,,,,7.712833,0.134541,,,,com.apple.keylayout.ABC,variable (CGDisplayMode reports 0),false,,,,1,0,0
confirmation/paragraphs_end/metrics.csv,paint,100k paragraphs input at end,,,,,40.163375,0.330166,,,,com.apple.keylayout.ABC,variable (CGDisplayMode reports 0),false,,,,0,1,1
confirmation/paragraphs_end/metrics.csv,paint,100k paragraphs input at end,,,,,41.994750,0.214208,,,,com.apple.keylayout.ABC,variable (CGDisplayMode reports 0),false,,,,0,1,1
confirmation/paragraphs_end/metrics.csv,paint,100k paragraphs input at end,,,,,41.418875,0.200166,,,,com.apple.keylayout.ABC,variable (CGDisplayMode reports 0),false,,,,0,1,1
confirmation/paragraphs_end/metrics.csv,block_index,100k paragraphs input at end,,,,,,,,,,com.apple.keylayout.ABC,variable (CGDisplayMode reports 0),false,35.439875,3100006,0,,,
confirmation/paragraphs_end/metrics.csv,paint,100k paragraphs input at end,,,,,327.652167,0.349417,,,,com.apple.keylayout.ABC,variable (CGDisplayMode reports 0),false,,,,0,1,1
confirmation/paragraphs_end/metrics.csv,input,100k paragraphs input at end,6,command,0.008750,38.225041,,,,,,com.apple.keylayout.ABC,variable (CGDisplayMode reports 0),false,,,,,,
confirmation/paragraphs_end/metrics.csv,block_index,100k paragraphs input at end,,,,,,,,,,com.apple.keylayout.ABC,variable (CGDisplayMode reports 0),false,27.608750,3100007,0,,,
confirmation/paragraphs_end/metrics.csv,paint,100k paragraphs input at end,,,,,30.684500,0.285708,,,,com.apple.keylayout.ABC,variable (CGDisplayMode reports 0),false,,,,0,1,1
confirmation/paragraphs_end/metrics.csv,input,100k paragraphs input at end,7,command,0.006708,29.812708,,,,,,com.apple.keylayout.ABC,variable (CGDisplayMode reports 0),false,,,,,,
confirmation/paragraphs_end/metrics.csv,block_index,100k paragraphs input at end,,,,,,,,,,com.apple.keylayout.ABC,variable (CGDisplayMode reports 0),false,26.703250,3100008,0,,,
confirmation/paragraphs_end/metrics.csv,paint,100k paragraphs input at end,,,,,29.499208,0.270833,,,,com.apple.keylayout.ABC,variable (CGDisplayMode reports 0),false,,,,0,1,1
confirmation/paragraphs_end/metrics.csv,input,100k paragraphs input at end,8,command,0.004084,28.972542,,,,,,com.apple.keylayout.ABC,variable (CGDisplayMode reports 0),false,,,,,,
confirmation/paragraphs_end/metrics.csv,block_index,100k paragraphs input at end,,,,,,,,,,com.apple.keylayout.ABC,variable (CGDisplayMode reports 0),false,25.770541,3100009,0,,,
confirmation/paragraphs_end/metrics.csv,paint,100k paragraphs input at end,,,,,28.430625,0.235500,,,,com.apple.keylayout.ABC,variable (CGDisplayMode reports 0),false,,,,0,1,1
confirmation/paragraphs_end/metrics.csv,input,100k paragraphs input at end,9,command,0.004334,27.917792,,,,,,com.apple.keylayout.ABC,variable (CGDisplayMode reports 0),false,,,,,,
confirmation/paragraphs_end/metrics.csv,block_index,100k paragraphs input at end,,,,,,,,,,com.apple.keylayout.ABC,variable (CGDisplayMode reports 0),false,25.588042,3100010,0,,,
confirmation/paragraphs_end/metrics.csv,paint,100k paragraphs input at end,,,,,28.165167,0.239500,,,,com.apple.keylayout.ABC,variable (CGDisplayMode reports 0),false,,,,0,1,1
confirmation/paragraphs_end/metrics.csv,input,100k paragraphs input at end,10,command,0.002959,27.796417,,,,,,com.apple.keylayout.ABC,variable (CGDisplayMode reports 0),false,,,,,,
confirmation/paragraphs_end/metrics.csv,block_index,100k paragraphs input at end,,,,,,,,,,com.apple.keylayout.ABC,variable (CGDisplayMode reports 0),false,33.493500,3100011,0,,,
confirmation/paragraphs_end/metrics.csv,paint,100k paragraphs input at end,,,,,36.411250,0.265291,,,,com.apple.keylayout.ABC,variable (CGDisplayMode reports 0),false,,,,0,1,1
confirmation/paragraphs_end/metrics.csv,input,100k paragraphs input at end,11,command,0.008958,35.843958,,,,,,com.apple.keylayout.ABC,variable (CGDisplayMode reports 0),false,,,,,,
confirmation/paragraphs_end/metrics.csv,block_index,100k paragraphs input at end,,,,,,,,,,com.apple.keylayout.ABC,variable (CGDisplayMode reports 0),false,27.317583,3100012,0,,,
confirmation/paragraphs_end/metrics.csv,paint,100k paragraphs input at end,,,,,29.875000,0.232917,,,,com.apple.keylayout.ABC,variable (CGDisplayMode reports 0),false,,,,0,1,1
confirmation/paragraphs_end/metrics.csv,input,100k paragraphs input at end,12,command,0.003791,29.480833,,,,,,com.apple.keylayout.ABC,variable (CGDisplayMode reports 0),false,,,,,,
confirmation/paragraphs_end/metrics.csv,paint,100k paragraphs input at end,,,,,4.894291,0.125334,,,,com.apple.keylayout.ABC,variable (CGDisplayMode reports 0),false,,,,1,0,0
confirmation/paragraphs_end/metrics.csv,block_index,100k paragraphs input at end,,,,,,,,,,com.apple.keylayout.ABC,variable (CGDisplayMode reports 0),false,27.878125,3100013,0,,,
confirmation/paragraphs_end/metrics.csv,paint,100k paragraphs input at end,,,,,30.323209,0.318042,,,,com.apple.keylayout.ABC,variable (CGDisplayMode reports 0),false,,,,0,1,1
confirmation/paragraphs_end/metrics.csv,input,100k paragraphs input at end,13,command,0.004500,30.098292,,,,,,com.apple.keylayout.ABC,variable (CGDisplayMode reports 0),false,,,,,,
confirmation/paragraphs_end/metrics.csv,block_index,100k paragraphs input at end,,,,,,,,,,com.apple.keylayout.ABC,variable (CGDisplayMode reports 0),false,27.350625,3100014,0,,,
confirmation/paragraphs_end/metrics.csv,paint,100k paragraphs input at end,,,,,29.825416,0.242584,,,,com.apple.keylayout.ABC,variable (CGDisplayMode reports 0),false,,,,0,1,1
confirmation/paragraphs_end/metrics.csv,input,100k paragraphs input at end,14,command,0.003042,29.500875,,,,,,com.apple.keylayout.ABC,variable (CGDisplayMode reports 0),false,,,,,,
confirmation/paragraphs_end/metrics.csv,block_index,100k paragraphs input at end,,,,,,,,,,com.apple.keylayout.ABC,variable (CGDisplayMode reports 0),false,27.949541,3100015,0,,,
confirmation/paragraphs_end/metrics.csv,paint,100k paragraphs input at end,,,,,30.462084,0.232875,,,,com.apple.keylayout.ABC,variable (CGDisplayMode reports 0),false,,,,0,1,1
confirmation/paragraphs_end/metrics.csv,input,100k paragraphs input at end,15,command,0.003000,30.104000,,,,,,com.apple.keylayout.ABC,variable (CGDisplayMode reports 0),false,,,,,,
confirmation/paragraphs_end/metrics.csv,block_index,100k paragraphs input at end,,,,,,,,,,com.apple.keylayout.ABC,variable (CGDisplayMode reports 0),false,28.024208,3100016,0,,,
confirmation/paragraphs_end/metrics.csv,paint,100k paragraphs input at end,,,,,30.556583,0.226959,,,,com.apple.keylayout.ABC,variable (CGDisplayMode reports 0),false,,,,0,1,1
confirmation/paragraphs_end/metrics.csv,input,100k paragraphs input at end,16,command,0.002750,30.079083,,,,,,com.apple.keylayout.ABC,variable (CGDisplayMode reports 0),false,,,,,,
confirmation/paragraphs_end/metrics.csv,block_index,100k paragraphs input at end,,,,,,,,,,com.apple.keylayout.ABC,variable (CGDisplayMode reports 0),false,27.331167,3100017,0,,,
confirmation/paragraphs_end/metrics.csv,paint,100k paragraphs input at end,,,,,29.834458,0.252209,,,,com.apple.keylayout.ABC,variable (CGDisplayMode reports 0),false,,,,0,1,1
confirmation/paragraphs_end/metrics.csv,input,100k paragraphs input at end,17,command,0.003375,29.440333,,,,,,com.apple.keylayout.ABC,variable (CGDisplayMode reports 0),false,,,,,,
confirmation/paragraphs_end/metrics.csv,block_index,100k paragraphs input at end,,,,,,,,,,com.apple.keylayout.ABC,variable (CGDisplayMode reports 0),false,27.333917,3100018,0,,,
confirmation/paragraphs_end/metrics.csv,paint,100k paragraphs input at end,,,,,30.067584,0.311750,,,,com.apple.keylayout.ABC,variable (CGDisplayMode reports 0),false,,,,0,1,1
confirmation/paragraphs_end/metrics.csv,input,100k paragraphs input at end,18,command,0.002792,29.738792,,,,,,com.apple.keylayout.ABC,variable (CGDisplayMode reports 0),false,,,,,,
confirmation/paragraphs_end/metrics.csv,block_index,100k paragraphs input at end,,,,,,,,,,com.apple.keylayout.ABC,variable (CGDisplayMode reports 0),false,26.872042,3100019,0,,,
confirmation/paragraphs_end/metrics.csv,paint,100k paragraphs input at end,,,,,29.653250,0.266917,,,,com.apple.keylayout.ABC,variable (CGDisplayMode reports 0),false,,,,0,1,1
confirmation/paragraphs_end/metrics.csv,input,100k paragraphs input at end,19,command,0.004042,29.078792,,,,,,com.apple.keylayout.ABC,variable (CGDisplayMode reports 0),false,,,,,,
confirmation/paragraphs_end/metrics.csv,block_index,100k paragraphs input at end,,,,,,,,,,com.apple.keylayout.ABC,variable (CGDisplayMode reports 0),false,26.779042,3100020,0,,,
confirmation/paragraphs_end/metrics.csv,paint,100k paragraphs input at end,,,,,31.735250,0.241750,,,,com.apple.keylayout.ABC,variable (CGDisplayMode reports 0),false,,,,0,1,1
confirmation/paragraphs_end/metrics.csv,input,100k paragraphs input at end,20,command,0.003958,31.359042,,,,,,com.apple.keylayout.ABC,variable (CGDisplayMode reports 0),false,,,,,,
confirmation/paragraphs_end/metrics.csv,block_index,100k paragraphs input at end,,,,,,,,,,com.apple.keylayout.ABC,variable (CGDisplayMode reports 0),false,26.636791,3100021,0,,,
confirmation/paragraphs_end/metrics.csv,paint,100k paragraphs input at end,,,,,29.100666,0.240083,,,,com.apple.keylayout.ABC,variable (CGDisplayMode reports 0),false,,,,0,1,1
confirmation/paragraphs_end/metrics.csv,input,100k paragraphs input at end,21,command,0.003209,28.724500,,,,,,com.apple.keylayout.ABC,variable (CGDisplayMode reports 0),false,,,,,,
confirmation/paragraphs_end/metrics.csv,block_index,100k paragraphs input at end,,,,,,,,,,com.apple.keylayout.ABC,variable (CGDisplayMode reports 0),false,27.080542,3100022,0,,,
confirmation/paragraphs_end/metrics.csv,paint,100k paragraphs input at end,,,,,29.528084,0.238584,,,,com.apple.keylayout.ABC,variable (CGDisplayMode reports 0),false,,,,0,1,1
confirmation/paragraphs_end/metrics.csv,input,100k paragraphs input at end,22,command,0.003041,29.147750,,,,,,com.apple.keylayout.ABC,variable (CGDisplayMode reports 0),false,,,,,,
confirmation/paragraphs_end/metrics.csv,block_index,100k paragraphs input at end,,,,,,,,,,com.apple.keylayout.ABC,variable (CGDisplayMode reports 0),false,27.210375,3100023,0,,,
confirmation/paragraphs_end/metrics.csv,paint,100k paragraphs input at end,,,,,29.709458,0.235125,,,,com.apple.keylayout.ABC,variable (CGDisplayMode reports 0),false,,,,0,1,1
confirmation/paragraphs_end/metrics.csv,input,100k paragraphs input at end,23,command,0.002959,29.305125,,,,,,com.apple.keylayout.ABC,variable (CGDisplayMode reports 0),false,,,,,,
confirmation/paragraphs_end/metrics.csv,block_index,100k paragraphs input at end,,,,,,,,,,com.apple.keylayout.ABC,variable (CGDisplayMode reports 0),false,27.465333,3100024,0,,,
confirmation/paragraphs_end/metrics.csv,paint,100k paragraphs input at end,,,,,29.901792,0.232042,,,,com.apple.keylayout.ABC,variable (CGDisplayMode reports 0),false,,,,0,1,1
confirmation/paragraphs_end/metrics.csv,input,100k paragraphs input at end,24,command,0.002959,29.569000,,,,,,com.apple.keylayout.ABC,variable (CGDisplayMode reports 0),false,,,,,,
confirmation/paragraphs_end/metrics.csv,block_index,100k paragraphs input at end,,,,,,,,,,com.apple.keylayout.ABC,variable (CGDisplayMode reports 0),false,27.480209,3100025,0,,,
confirmation/paragraphs_end/metrics.csv,paint,100k paragraphs input at end,,,,,29.886041,0.230667,,,,com.apple.keylayout.ABC,variable (CGDisplayMode reports 0),false,,,,0,1,1
confirmation/paragraphs_end/metrics.csv,input,100k paragraphs input at end,25,command,0.003125,29.553084,,,,,,com.apple.keylayout.ABC,variable (CGDisplayMode reports 0),false,,,,,,
confirmation/paragraphs_end/metrics.csv,block_index,100k paragraphs input at end,,,,,,,,,,com.apple.keylayout.ABC,variable (CGDisplayMode reports 0),false,27.916667,3100026,0,,,
confirmation/paragraphs_end/metrics.csv,paint,100k paragraphs input at end,,,,,30.267625,0.229958,,,,com.apple.keylayout.ABC,variable (CGDisplayMode reports 0),false,,,,0,1,1
confirmation/paragraphs_end/metrics.csv,input,100k paragraphs input at end,26,command,0.002750,29.941708,,,,,,com.apple.keylayout.ABC,variable (CGDisplayMode reports 0),false,,,,,,
confirmation/paragraphs_end/metrics.csv,block_index,100k paragraphs input at end,,,,,,,,,,com.apple.keylayout.ABC,variable (CGDisplayMode reports 0),false,27.991834,3100027,0,,,
confirmation/paragraphs_end/metrics.csv,paint,100k paragraphs input at end,,,,,30.325084,0.227417,,,,com.apple.keylayout.ABC,variable (CGDisplayMode reports 0),false,,,,0,1,1
confirmation/paragraphs_end/metrics.csv,input,100k paragraphs input at end,27,command,0.002666,29.994250,,,,,,com.apple.keylayout.ABC,variable (CGDisplayMode reports 0),false,,,,,,
confirmation/paragraphs_end/metrics.csv,block_index,100k paragraphs input at end,,,,,,,,,,com.apple.keylayout.ABC,variable (CGDisplayMode reports 0),false,27.687208,3100028,0,,,
confirmation/paragraphs_end/metrics.csv,paint,100k paragraphs input at end,,,,,30.095041,0.228041,,,,com.apple.keylayout.ABC,variable (CGDisplayMode reports 0),false,,,,0,1,1
confirmation/paragraphs_end/metrics.csv,input,100k paragraphs input at end,28,command,0.002917,29.696750,,,,,,com.apple.keylayout.ABC,variable (CGDisplayMode reports 0),false,,,,,,
confirmation/paragraphs_end/metrics.csv,block_index,100k paragraphs input at end,,,,,,,,,,com.apple.keylayout.ABC,variable (CGDisplayMode reports 0),false,27.867750,3100029,0,,,
confirmation/paragraphs_end/metrics.csv,paint,100k paragraphs input at end,,,,,30.289250,0.225375,,,,com.apple.keylayout.ABC,variable (CGDisplayMode reports 0),false,,,,0,1,1
confirmation/paragraphs_end/metrics.csv,input,100k paragraphs input at end,29,command,0.002542,29.901042,,,,,,com.apple.keylayout.ABC,variable (CGDisplayMode reports 0),false,,,,,,
confirmation/paragraphs_end/metrics.csv,block_index,100k paragraphs input at end,,,,,,,,,,com.apple.keylayout.ABC,variable (CGDisplayMode reports 0),false,29.563125,3100030,0,,,
confirmation/paragraphs_end/metrics.csv,paint,100k paragraphs input at end,,,,,31.978500,0.226375,,,,com.apple.keylayout.ABC,variable (CGDisplayMode reports 0),false,,,,0,1,1
confirmation/paragraphs_end/metrics.csv,input,100k paragraphs input at end,30,command,0.002541,31.655208,,,,,,com.apple.keylayout.ABC,variable (CGDisplayMode reports 0),false,,,,,,
confirmation/paragraphs_end/metrics.csv,block_index,100k paragraphs input at end,,,,,,,,,,com.apple.keylayout.ABC,variable (CGDisplayMode reports 0),false,27.201834,3100031,0,,,
confirmation/paragraphs_end/metrics.csv,paint,100k paragraphs input at end,,,,,29.614875,0.227875,,,,com.apple.keylayout.ABC,variable (CGDisplayMode reports 0),false,,,,0,1,1
confirmation/paragraphs_end/metrics.csv,input,100k paragraphs input at end,31,command,0.002417,29.288042,,,,,,com.apple.keylayout.ABC,variable (CGDisplayMode reports 0),false,,,,,,
confirmation/paragraphs_end/metrics.csv,block_index,100k paragraphs input at end,,,,,,,,,,com.apple.keylayout.ABC,variable (CGDisplayMode reports 0),false,26.940709,3100032,0,,,
confirmation/paragraphs_end/metrics.csv,paint,100k paragraphs input at end,,,,,29.475167,0.224541,,,,com.apple.keylayout.ABC,variable (CGDisplayMode reports 0),false,,,,0,1,1
confirmation/paragraphs_end/metrics.csv,input,100k paragraphs input at end,32,command,0.002583,29.151000,,,,,,com.apple.keylayout.ABC,variable (CGDisplayMode reports 0),false,,,,,,
confirmation/paragraphs_end/metrics.csv,block_index,100k paragraphs input at end,,,,,,,,,,com.apple.keylayout.ABC,variable (CGDisplayMode reports 0),false,27.478666,3100033,0,,,
confirmation/paragraphs_end/metrics.csv,paint,100k paragraphs input at end,,,,,30.036250,0.226667,,,,com.apple.keylayout.ABC,variable (CGDisplayMode reports 0),false,,,,0,1,1
confirmation/paragraphs_end/metrics.csv,input,100k paragraphs input at end,33,command,0.005208,29.714250,,,,,,com.apple.keylayout.ABC,variable (CGDisplayMode reports 0),false,,,,,,
confirmation/paragraphs_end/metrics.csv,block_index,100k paragraphs input at end,,,,,,,,,,com.apple.keylayout.ABC,variable (CGDisplayMode reports 0),false,30.209250,3100034,0,,,
confirmation/paragraphs_end/metrics.csv,paint,100k paragraphs input at end,,,,,33.163000,0.226792,,,,com.apple.keylayout.ABC,variable (CGDisplayMode reports 0),false,,,,0,1,1
confirmation/paragraphs_end/metrics.csv,input,100k paragraphs input at end,34,command,0.002500,32.762958,,,,,,com.apple.keylayout.ABC,variable (CGDisplayMode reports 0),false,,,,,,
confirmation/paragraphs_end/metrics.csv,block_index,100k paragraphs input at end,,,,,,,,,,com.apple.keylayout.ABC,variable (CGDisplayMode reports 0),false,29.667500,3100035,0,,,
confirmation/paragraphs_end/metrics.csv,paint,100k paragraphs input at end,,,,,32.600083,0.225917,,,,com.apple.keylayout.ABC,variable (CGDisplayMode reports 0),false,,,,0,1,1
confirmation/paragraphs_end/metrics.csv,input,100k paragraphs input at end,35,command,0.002708,32.271041,,,,,,com.apple.keylayout.ABC,variable (CGDisplayMode reports 0),false,,,,,,
confirmation/paragraphs_end/metrics.csv,paint,100k paragraphs input at end,,,,,44.224084,0.143958,,,,com.apple.keylayout.ABC,variable (CGDisplayMode reports 0),false,,,,1,0,0
confirmation/paragraphs_end/metrics.csv,paint,100k paragraphs input at end,,,,,43.483125,0.548500,,,,com.apple.keylayout.ABC,variable (CGDisplayMode reports 0),false,,,,0,1,1
confirmation/paragraphs_end/metrics.csv,paint,100k paragraphs input at end,,,,,6.536625,0.188208,,,,com.apple.keylayout.ABC,variable (CGDisplayMode reports 0),false,,,,0,1,1
confirmation/paragraphs_middle/metrics.csv,memory_load,100k paragraphs input at middle,,,,,,,,,75071488,com.apple.keylayout.ABC,variable (CGDisplayMode reports 0),false,,,,,,
confirmation/paragraphs_middle/metrics.csv,ready,100k paragraphs input at middle,,,,,,,200.698167,83.747667,86818816,com.apple.keylayout.ABC,variable (CGDisplayMode reports 0),false,,,,,,
confirmation/paragraphs_middle/metrics.csv,block_index,100k paragraphs input at middle,,,,,,,,,,com.apple.keylayout.ABC,variable (CGDisplayMode reports 0),false,29.939375,3100004,0,,,
confirmation/paragraphs_middle/metrics.csv,paint,100k paragraphs input at middle,,,,,32.784375,0.386041,,,,com.apple.keylayout.ABC,variable (CGDisplayMode reports 0),false,,,,0,1,1
confirmation/paragraphs_middle/metrics.csv,input,100k paragraphs input at middle,4,command,0.005042,32.243000,,,,,,com.apple.keylayout.ABC,variable (CGDisplayMode reports 0),false,,,,,,
confirmation/paragraphs_middle/metrics.csv,block_index,100k paragraphs input at middle,,,,,,,,,,com.apple.keylayout.ABC,variable (CGDisplayMode reports 0),false,28.953792,3100005,0,,,
confirmation/paragraphs_middle/metrics.csv,paint,100k paragraphs input at middle,,,,,31.794500,0.344625,,,,com.apple.keylayout.ABC,variable (CGDisplayMode reports 0),false,,,,0,1,1
confirmation/paragraphs_middle/metrics.csv,input,100k paragraphs input at middle,5,command,0.004542,31.189459,,,,,,com.apple.keylayout.ABC,variable (CGDisplayMode reports 0),false,,,,,,
confirmation/paragraphs_middle/metrics.csv,paint,100k paragraphs input at middle,,,,,48.036041,0.169541,,,,com.apple.keylayout.ABC,variable (CGDisplayMode reports 0),false,,,,1,0,0
confirmation/paragraphs_middle/metrics.csv,paint,100k paragraphs input at middle,,,,,41.977709,0.460583,,,,com.apple.keylayout.ABC,variable (CGDisplayMode reports 0),false,,,,0,1,1
confirmation/paragraphs_middle/metrics.csv,paint,100k paragraphs input at middle,,,,,33.267500,0.230583,,,,com.apple.keylayout.ABC,variable (CGDisplayMode reports 0),false,,,,0,1,1
confirmation/paragraphs_middle/metrics.csv,paint,100k paragraphs input at middle,,,,,41.454833,0.227667,,,,com.apple.keylayout.ABC,variable (CGDisplayMode reports 0),false,,,,0,1,1
confirmation/paragraphs_middle/metrics.csv,block_index,100k paragraphs input at middle,,,,,,,,,,com.apple.keylayout.ABC,variable (CGDisplayMode reports 0),false,35.864459,3100006,0,,,
confirmation/paragraphs_middle/metrics.csv,paint,100k paragraphs input at middle,,,,,325.606875,0.498250,,,,com.apple.keylayout.ABC,variable (CGDisplayMode reports 0),false,,,,0,1,1
confirmation/paragraphs_middle/metrics.csv,input,100k paragraphs input at middle,6,command,0.008542,38.805584,,,,,,com.apple.keylayout.ABC,variable (CGDisplayMode reports 0),false,,,,,,
confirmation/paragraphs_middle/metrics.csv,block_index,100k paragraphs input at middle,,,,,,,,,,com.apple.keylayout.ABC,variable (CGDisplayMode reports 0),false,35.117167,3100007,0,,,
confirmation/paragraphs_middle/metrics.csv,paint,100k paragraphs input at middle,,,,,40.796083,0.508167,,,,com.apple.keylayout.ABC,variable (CGDisplayMode reports 0),false,,,,0,1,1
confirmation/paragraphs_middle/metrics.csv,input,100k paragraphs input at middle,7,command,0.008417,38.085042,,,,,,com.apple.keylayout.ABC,variable (CGDisplayMode reports 0),false,,,,,,
confirmation/paragraphs_middle/metrics.csv,block_index,100k paragraphs input at middle,,,,,,,,,,com.apple.keylayout.ABC,variable (CGDisplayMode reports 0),false,27.581875,3100008,0,,,
confirmation/paragraphs_middle/metrics.csv,paint,100k paragraphs input at middle,,,,,30.918792,0.380541,,,,com.apple.keylayout.ABC,variable (CGDisplayMode reports 0),false,,,,0,1,1
confirmation/paragraphs_middle/metrics.csv,input,100k paragraphs input at middle,8,command,0.007333,29.946125,,,,,,com.apple.keylayout.ABC,variable (CGDisplayMode reports 0),false,,,,,,
confirmation/paragraphs_middle/metrics.csv,block_index,100k paragraphs input at middle,,,,,,,,,,com.apple.keylayout.ABC,variable (CGDisplayMode reports 0),false,25.905625,3100009,0,,,
confirmation/paragraphs_middle/metrics.csv,paint,100k paragraphs input at middle,,,,,28.652125,0.341875,,,,com.apple.keylayout.ABC,variable (CGDisplayMode reports 0),false,,,,0,1,1
confirmation/paragraphs_middle/metrics.csv,input,100k paragraphs input at middle,9,command,0.006125,28.179625,,,,,,com.apple.keylayout.ABC,variable (CGDisplayMode reports 0),false,,,,,,
confirmation/paragraphs_middle/metrics.csv,paint,100k paragraphs input at middle,,,,,4.859625,0.137833,,,,com.apple.keylayout.ABC,variable (CGDisplayMode reports 0),false,,,,1,0,0
confirmation/paragraphs_middle/metrics.csv,block_index,100k paragraphs input at middle,,,,,,,,,,com.apple.keylayout.ABC,variable (CGDisplayMode reports 0),false,26.523333,3100010,0,,,
confirmation/paragraphs_middle/metrics.csv,paint,100k paragraphs input at middle,,,,,29.347333,0.498333,,,,com.apple.keylayout.ABC,variable (CGDisplayMode reports 0),false,,,,0,1,1
confirmation/paragraphs_middle/metrics.csv,input,100k paragraphs input at middle,10,command,0.004583,29.072291,,,,,,com.apple.keylayout.ABC,variable (CGDisplayMode reports 0),false,,,,,,
confirmation/paragraphs_middle/metrics.csv,block_index,100k paragraphs input at middle,,,,,,,,,,com.apple.keylayout.ABC,variable (CGDisplayMode reports 0),false,25.877625,3100011,0,,,
confirmation/paragraphs_middle/metrics.csv,paint,100k paragraphs input at middle,,,,,28.602500,0.374542,,,,com.apple.keylayout.ABC,variable (CGDisplayMode reports 0),false,,,,0,1,1
confirmation/paragraphs_middle/metrics.csv,input,100k paragraphs input at middle,11,command,0.004375,28.159958,,,,,,com.apple.keylayout.ABC,variable (CGDisplayMode reports 0),false,,,,,,
confirmation/paragraphs_middle/metrics.csv,block_index,100k paragraphs input at middle,,,,,,,,,,com.apple.keylayout.ABC,variable (CGDisplayMode reports 0),false,26.195375,3100012,0,,,
confirmation/paragraphs_middle/metrics.csv,paint,100k paragraphs input at middle,,,,,28.822292,0.355334,,,,com.apple.keylayout.ABC,variable (CGDisplayMode reports 0),false,,,,0,1,1
confirmation/paragraphs_middle/metrics.csv,input,100k paragraphs input at middle,12,command,0.003667,28.428084,,,,,,com.apple.keylayout.ABC,variable (CGDisplayMode reports 0),false,,,,,,
confirmation/paragraphs_middle/metrics.csv,block_index,100k paragraphs input at middle,,,,,,,,,,com.apple.keylayout.ABC,variable (CGDisplayMode reports 0),false,33.042791,3100013,0,,,
confirmation/paragraphs_middle/metrics.csv,paint,100k paragraphs input at middle,,,,,37.647375,0.389292,,,,com.apple.keylayout.ABC,variable (CGDisplayMode reports 0),false,,,,0,1,1
confirmation/paragraphs_middle/metrics.csv,input,100k paragraphs input at middle,13,command,0.004792,35.316542,,,,,,com.apple.keylayout.ABC,variable (CGDisplayMode reports 0),false,,,,,,
confirmation/paragraphs_middle/metrics.csv,block_index,100k paragraphs input at middle,,,,,,,,,,com.apple.keylayout.ABC,variable (CGDisplayMode reports 0),false,26.430000,3100014,0,,,
confirmation/paragraphs_middle/metrics.csv,paint,100k paragraphs input at middle,,,,,28.992458,0.328666,,,,com.apple.keylayout.ABC,variable (CGDisplayMode reports 0),false,,,,0,1,1
confirmation/paragraphs_middle/metrics.csv,input,100k paragraphs input at middle,14,command,0.004666,28.558666,,,,,,com.apple.keylayout.ABC,variable (CGDisplayMode reports 0),false,,,,,,
confirmation/paragraphs_middle/metrics.csv,block_index,100k paragraphs input at middle,,,,,,,,,,com.apple.keylayout.ABC,variable (CGDisplayMode reports 0),false,26.390917,3100015,0,,,
confirmation/paragraphs_middle/metrics.csv,paint,100k paragraphs input at middle,,,,,29.370709,0.348916,,,,com.apple.keylayout.ABC,variable (CGDisplayMode reports 0),false,,,,0,1,1
confirmation/paragraphs_middle/metrics.csv,input,100k paragraphs input at middle,15,command,0.002917,28.995625,,,,,,com.apple.keylayout.ABC,variable (CGDisplayMode reports 0),false,,,,,,
confirmation/paragraphs_middle/metrics.csv,block_index,100k paragraphs input at middle,,,,,,,,,,com.apple.keylayout.ABC,variable (CGDisplayMode reports 0),false,26.534250,3100016,0,,,
confirmation/paragraphs_middle/metrics.csv,paint,100k paragraphs input at middle,,,,,29.283333,0.332292,,,,com.apple.keylayout.ABC,variable (CGDisplayMode reports 0),false,,,,0,1,1
confirmation/paragraphs_middle/metrics.csv,input,100k paragraphs input at middle,16,command,0.003209,28.764209,,,,,,com.apple.keylayout.ABC,variable (CGDisplayMode reports 0),false,,,,,,
confirmation/paragraphs_middle/metrics.csv,block_index,100k paragraphs input at middle,,,,,,,,,,com.apple.keylayout.ABC,variable (CGDisplayMode reports 0),false,25.872000,3100017,0,,,
confirmation/paragraphs_middle/metrics.csv,paint,100k paragraphs input at middle,,,,,28.356375,0.316792,,,,com.apple.keylayout.ABC,variable (CGDisplayMode reports 0),false,,,,0,1,1
confirmation/paragraphs_middle/metrics.csv,input,100k paragraphs input at middle,17,command,0.003791,27.997708,,,,,,com.apple.keylayout.ABC,variable (CGDisplayMode reports 0),false,,,,,,
confirmation/paragraphs_middle/metrics.csv,block_index,100k paragraphs input at middle,,,,,,,,,,com.apple.keylayout.ABC,variable (CGDisplayMode reports 0),false,25.650042,3100018,0,,,
confirmation/paragraphs_middle/metrics.csv,paint,100k paragraphs input at middle,,,,,28.073792,0.318167,,,,com.apple.keylayout.ABC,variable (CGDisplayMode reports 0),false,,,,0,1,1
confirmation/paragraphs_middle/metrics.csv,input,100k paragraphs input at middle,18,command,0.003083,27.723458,,,,,,com.apple.keylayout.ABC,variable (CGDisplayMode reports 0),false,,,,,,
confirmation/paragraphs_middle/metrics.csv,block_index,100k paragraphs input at middle,,,,,,,,,,com.apple.keylayout.ABC,variable (CGDisplayMode reports 0),false,25.628916,3100019,0,,,
confirmation/paragraphs_middle/metrics.csv,paint,100k paragraphs input at middle,,,,,28.062583,0.311334,,,,com.apple.keylayout.ABC,variable (CGDisplayMode reports 0),false,,,,0,1,1
confirmation/paragraphs_middle/metrics.csv,input,100k paragraphs input at middle,19,command,0.002709,27.709000,,,,,,com.apple.keylayout.ABC,variable (CGDisplayMode reports 0),false,,,,,,
confirmation/paragraphs_middle/metrics.csv,paint,100k paragraphs input at middle,,,,,5.678333,0.140334,,,,com.apple.keylayout.ABC,variable (CGDisplayMode reports 0),false,,,,1,0,0
confirmation/paragraphs_middle/metrics.csv,block_index,100k paragraphs input at middle,,,,,,,,,,com.apple.keylayout.ABC,variable (CGDisplayMode reports 0),false,26.051292,3100020,0,,,
confirmation/paragraphs_middle/metrics.csv,paint,100k paragraphs input at middle,,,,,28.484875,0.387875,,,,com.apple.keylayout.ABC,variable (CGDisplayMode reports 0),false,,,,0,1,1
confirmation/paragraphs_middle/metrics.csv,input,100k paragraphs input at middle,20,command,0.004292,28.231708,,,,,,com.apple.keylayout.ABC,variable (CGDisplayMode reports 0),false,,,,,,
confirmation/paragraphs_middle/metrics.csv,block_index,100k paragraphs input at middle,,,,,,,,,,com.apple.keylayout.ABC,variable (CGDisplayMode reports 0),false,26.001500,3100021,0,,,
confirmation/paragraphs_middle/metrics.csv,paint,100k paragraphs input at middle,,,,,29.785875,0.314250,,,,com.apple.keylayout.ABC,variable (CGDisplayMode reports 0),false,,,,0,1,1
confirmation/paragraphs_middle/metrics.csv,input,100k paragraphs input at middle,21,command,0.003250,29.426333,,,,,,com.apple.keylayout.ABC,variable (CGDisplayMode reports 0),false,,,,,,
confirmation/paragraphs_middle/metrics.csv,block_index,100k paragraphs input at middle,,,,,,,,,,com.apple.keylayout.ABC,variable (CGDisplayMode reports 0),false,27.469625,3100022,0,,,
confirmation/paragraphs_middle/metrics.csv,paint,100k paragraphs input at middle,,,,,31.005042,0.301041,,,,com.apple.keylayout.ABC,variable (CGDisplayMode reports 0),false,,,,0,1,1
confirmation/paragraphs_middle/metrics.csv,input,100k paragraphs input at middle,22,command,0.002583,30.601000,,,,,,com.apple.keylayout.ABC,variable (CGDisplayMode reports 0),false,,,,,,
confirmation/paragraphs_middle/metrics.csv,block_index,100k paragraphs input at middle,,,,,,,,,,com.apple.keylayout.ABC,variable (CGDisplayMode reports 0),false,32.752209,3100023,0,,,
confirmation/paragraphs_middle/metrics.csv,paint,100k paragraphs input at middle,,,,,35.573542,0.321791,,,,com.apple.keylayout.ABC,variable (CGDisplayMode reports 0),false,,,,0,1,1
confirmation/paragraphs_middle/metrics.csv,input,100k paragraphs input at middle,23,command,0.002958,35.200583,,,,,,com.apple.keylayout.ABC,variable (CGDisplayMode reports 0),false,,,,,,
confirmation/paragraphs_middle/metrics.csv,block_index,100k paragraphs input at middle,,,,,,,,,,com.apple.keylayout.ABC,variable (CGDisplayMode reports 0),false,25.596000,3100024,0,,,
confirmation/paragraphs_middle/metrics.csv,paint,100k paragraphs input at middle,,,,,29.125416,0.333209,,,,com.apple.keylayout.ABC,variable (CGDisplayMode reports 0),false,,,,0,1,1
confirmation/paragraphs_middle/metrics.csv,input,100k paragraphs input at middle,24,command,0.003000,28.790041,,,,,,com.apple.keylayout.ABC,variable (CGDisplayMode reports 0),false,,,,,,
confirmation/paragraphs_middle/metrics.csv,block_index,100k paragraphs input at middle,,,,,,,,,,com.apple.keylayout.ABC,variable (CGDisplayMode reports 0),false,25.912250,3100025,0,,,
confirmation/paragraphs_middle/metrics.csv,paint,100k paragraphs input at middle,,,,,29.718542,0.318250,,,,com.apple.keylayout.ABC,variable (CGDisplayMode reports 0),false,,,,0,1,1
confirmation/paragraphs_middle/metrics.csv,input,100k paragraphs input at middle,25,command,0.003000,29.252917,,,,,,com.apple.keylayout.ABC,variable (CGDisplayMode reports 0),false,,,,,,
confirmation/paragraphs_middle/metrics.csv,block_index,100k paragraphs input at middle,,,,,,,,,,com.apple.keylayout.ABC,variable (CGDisplayMode reports 0),false,25.321959,3100026,0,,,
confirmation/paragraphs_middle/metrics.csv,paint,100k paragraphs input at middle,,,,,28.679250,0.313166,,,,com.apple.keylayout.ABC,variable (CGDisplayMode reports 0),false,,,,0,1,1
confirmation/paragraphs_middle/metrics.csv,input,100k paragraphs input at middle,26,command,0.002667,28.330167,,,,,,com.apple.keylayout.ABC,variable (CGDisplayMode reports 0),false,,,,,,
confirmation/paragraphs_middle/metrics.csv,block_index,100k paragraphs input at middle,,,,,,,,,,com.apple.keylayout.ABC,variable (CGDisplayMode reports 0),false,25.224584,3100027,0,,,
confirmation/paragraphs_middle/metrics.csv,paint,100k paragraphs input at middle,,,,,28.530625,0.336125,,,,com.apple.keylayout.ABC,variable (CGDisplayMode reports 0),false,,,,0,1,1
confirmation/paragraphs_middle/metrics.csv,input,100k paragraphs input at middle,27,command,0.002500,28.193042,,,,,,com.apple.keylayout.ABC,variable (CGDisplayMode reports 0),false,,,,,,
confirmation/paragraphs_middle/metrics.csv,block_index,100k paragraphs input at middle,,,,,,,,,,com.apple.keylayout.ABC,variable (CGDisplayMode reports 0),false,25.646958,3100028,0,,,
confirmation/paragraphs_middle/metrics.csv,paint,100k paragraphs input at middle,,,,,29.556833,0.386833,,,,com.apple.keylayout.ABC,variable (CGDisplayMode reports 0),false,,,,0,1,1
confirmation/paragraphs_middle/metrics.csv,input,100k paragraphs input at middle,28,command,0.003125,29.160375,,,,,,com.apple.keylayout.ABC,variable (CGDisplayMode reports 0),false,,,,,,
confirmation/paragraphs_middle/metrics.csv,block_index,100k paragraphs input at middle,,,,,,,,,,com.apple.keylayout.ABC,variable (CGDisplayMode reports 0),false,26.135250,3100029,0,,,
confirmation/paragraphs_middle/metrics.csv,paint,100k paragraphs input at middle,,,,,29.821959,0.390417,,,,com.apple.keylayout.ABC,variable (CGDisplayMode reports 0),false,,,,0,1,1
confirmation/paragraphs_middle/metrics.csv,input,100k paragraphs input at middle,29,command,0.004250,29.370625,,,,,,com.apple.keylayout.ABC,variable (CGDisplayMode reports 0),false,,,,,,
confirmation/paragraphs_middle/metrics.csv,block_index,100k paragraphs input at middle,,,,,,,,,,com.apple.keylayout.ABC,variable (CGDisplayMode reports 0),false,32.868625,3100030,0,,,
confirmation/paragraphs_middle/metrics.csv,paint,100k paragraphs input at middle,,,,,36.169083,0.351333,,,,com.apple.keylayout.ABC,variable (CGDisplayMode reports 0),false,,,,0,1,1
confirmation/paragraphs_middle/metrics.csv,input,100k paragraphs input at middle,30,command,0.004334,35.735709,,,,,,com.apple.keylayout.ABC,variable (CGDisplayMode reports 0),false,,,,,,
confirmation/paragraphs_middle/metrics.csv,block_index,100k paragraphs input at middle,,,,,,,,,,com.apple.keylayout.ABC,variable (CGDisplayMode reports 0),false,31.646208,3100031,0,,,
confirmation/paragraphs_middle/metrics.csv,paint,100k paragraphs input at middle,,,,,36.946375,0.318333,,,,com.apple.keylayout.ABC,variable (CGDisplayMode reports 0),false,,,,0,1,1
confirmation/paragraphs_middle/metrics.csv,input,100k paragraphs input at middle,31,command,0.003792,36.474750,,,,,,com.apple.keylayout.ABC,variable (CGDisplayMode reports 0),false,,,,,,
confirmation/paragraphs_middle/metrics.csv,block_index,100k paragraphs input at middle,,,,,,,,,,com.apple.keylayout.ABC,variable (CGDisplayMode reports 0),false,27.359458,3100032,0,,,
confirmation/paragraphs_middle/metrics.csv,paint,100k paragraphs input at middle,,,,,30.387625,0.342417,,,,com.apple.keylayout.ABC,variable (CGDisplayMode reports 0),false,,,,0,1,1
confirmation/paragraphs_middle/metrics.csv,input,100k paragraphs input at middle,32,command,0.003667,30.029084,,,,,,com.apple.keylayout.ABC,variable (CGDisplayMode reports 0),false,,,,,,
confirmation/paragraphs_middle/metrics.csv,block_index,100k paragraphs input at middle,,,,,,,,,,com.apple.keylayout.ABC,variable (CGDisplayMode reports 0),false,31.997458,3100033,0,,,
confirmation/paragraphs_middle/metrics.csv,paint,100k paragraphs input at middle,,,,,36.109625,0.343041,,,,com.apple.keylayout.ABC,variable (CGDisplayMode reports 0),false,,,,0,1,1
confirmation/paragraphs_middle/metrics.csv,input,100k paragraphs input at middle,33,command,0.004000,35.754042,,,,,,com.apple.keylayout.ABC,variable (CGDisplayMode reports 0),false,,,,,,
confirmation/paragraphs_middle/metrics.csv,block_index,100k paragraphs input at middle,,,,,,,,,,com.apple.keylayout.ABC,variable (CGDisplayMode reports 0),false,32.122167,3100034,0,,,
confirmation/paragraphs_middle/metrics.csv,paint,100k paragraphs input at middle,,,,,34.636042,0.321167,,,,com.apple.keylayout.ABC,variable (CGDisplayMode reports 0),false,,,,0,1,1
confirmation/paragraphs_middle/metrics.csv,input,100k paragraphs input at middle,34,command,0.003625,34.259125,,,,,,com.apple.keylayout.ABC,variable (CGDisplayMode reports 0),false,,,,,,
confirmation/paragraphs_middle/metrics.csv,block_index,100k paragraphs input at middle,,,,,,,,,,com.apple.keylayout.ABC,variable (CGDisplayMode reports 0),false,32.234417,3100035,0,,,
confirmation/paragraphs_middle/metrics.csv,paint,100k paragraphs input at middle,,,,,34.782000,0.338833,,,,com.apple.keylayout.ABC,variable (CGDisplayMode reports 0),false,,,,0,1,1
confirmation/paragraphs_middle/metrics.csv,input,100k paragraphs input at middle,35,command,0.003041,34.426250,,,,,,com.apple.keylayout.ABC,variable (CGDisplayMode reports 0),false,,,,,,
confirmation/paragraphs_middle/metrics.csv,paint,100k paragraphs input at middle,,,,,49.285041,0.172750,,,,com.apple.keylayout.ABC,variable (CGDisplayMode reports 0),false,,,,1,0,0
confirmation/paragraphs_middle/metrics.csv,paint,100k paragraphs input at middle,,,,,50.361584,0.524792,,,,com.apple.keylayout.ABC,variable (CGDisplayMode reports 0),false,,,,0,1,1
confirmation/paragraphs_middle/metrics.csv,paint,100k paragraphs input at middle,,,,,28.202833,0.229875,,,,com.apple.keylayout.ABC,variable (CGDisplayMode reports 0),false,,,,0,1,1
confirmation/paragraphs_middle/metrics.csv,paint,100k paragraphs input at middle,,,,,38.134458,0.280708,,,,com.apple.keylayout.ABC,variable (CGDisplayMode reports 0),false,,,,0,1,1
confirmation/paragraphs_scroll/metrics.csv,memory_load,100k paragraphs scroll only,,,,,,,,,75055104,com.apple.keylayout.ABC,variable (CGDisplayMode reports 0),false,,,,,,
confirmation/paragraphs_scroll/metrics.csv,ready,100k paragraphs scroll only,,,,,,,204.090292,81.866625,86704128,com.apple.keylayout.ABC,variable (CGDisplayMode reports 0),false,,,,,,
confirmation/paragraphs_scroll/metrics.csv,paint,100k paragraphs scroll only,,,,,8.256584,0.174375,,,,com.apple.keylayout.ABC,variable (CGDisplayMode reports 0),false,,,,1,0,0
confirmation/paragraphs_scroll/metrics.csv,paint,100k paragraphs scroll only,,,,,8.254333,0.155625,,,,com.apple.keylayout.ABC,variable (CGDisplayMode reports 0),false,,,,1,0,0
confirmation/paragraphs_scroll/metrics.csv,paint,100k paragraphs scroll only,,,,,8.265833,0.137250,,,,com.apple.keylayout.ABC,variable (CGDisplayMode reports 0),false,,,,1,0,0
confirmation/paragraphs_scroll/metrics.csv,paint,100k paragraphs scroll only,,,,,8.306167,0.130750,,,,com.apple.keylayout.ABC,variable (CGDisplayMode reports 0),false,,,,1,0,0
confirmation/paragraphs_scroll/metrics.csv,paint,100k paragraphs scroll only,,,,,8.389458,0.152792,,,,com.apple.keylayout.ABC,variable (CGDisplayMode reports 0),false,,,,1,0,0
confirmation/paragraphs_scroll/metrics.csv,paint,100k paragraphs scroll only,,,,,8.396542,0.160458,,,,com.apple.keylayout.ABC,variable (CGDisplayMode reports 0),false,,,,1,0,0
confirmation/paragraphs_scroll/metrics.csv,paint,100k paragraphs scroll only,,,,,8.331333,0.169750,,,,com.apple.keylayout.ABC,variable (CGDisplayMode reports 0),false,,,,1,0,0
confirmation/paragraphs_scroll/metrics.csv,paint,100k paragraphs scroll only,,,,,8.272000,0.151500,,,,com.apple.keylayout.ABC,variable (CGDisplayMode reports 0),false,,,,1,0,0
confirmation/paragraphs_scroll/metrics.csv,paint,100k paragraphs scroll only,,,,,8.361875,0.158708,,,,com.apple.keylayout.ABC,variable (CGDisplayMode reports 0),false,,,,1,0,0
confirmation/paragraphs_scroll/metrics.csv,paint,100k paragraphs scroll only,,,,,8.337209,0.151833,,,,com.apple.keylayout.ABC,variable (CGDisplayMode reports 0),false,,,,1,0,0
confirmation/paragraphs_scroll/metrics.csv,paint,100k paragraphs scroll only,,,,,8.220166,0.117875,,,,com.apple.keylayout.ABC,variable (CGDisplayMode reports 0),false,,,,1,0,0
confirmation/paragraphs_scroll/metrics.csv,paint,100k paragraphs scroll only,,,,,8.314209,0.112791,,,,com.apple.keylayout.ABC,variable (CGDisplayMode reports 0),false,,,,1,0,0
confirmation/paragraphs_scroll/metrics.csv,paint,100k paragraphs scroll only,,,,,8.367791,0.127750,,,,com.apple.keylayout.ABC,variable (CGDisplayMode reports 0),false,,,,1,0,0
confirmation/paragraphs_scroll/metrics.csv,paint,100k paragraphs scroll only,,,,,8.342584,0.124709,,,,com.apple.keylayout.ABC,variable (CGDisplayMode reports 0),false,,,,1,0,0
confirmation/paragraphs_scroll/metrics.csv,paint,100k paragraphs scroll only,,,,,8.329041,0.125375,,,,com.apple.keylayout.ABC,variable (CGDisplayMode reports 0),false,,,,1,0,0
confirmation/paragraphs_scroll/metrics.csv,paint,100k paragraphs scroll only,,,,,8.297042,0.114459,,,,com.apple.keylayout.ABC,variable (CGDisplayMode reports 0),false,,,,1,0,0
confirmation/paragraphs_scroll/metrics.csv,paint,100k paragraphs scroll only,,,,,7.525083,0.148041,,,,com.apple.keylayout.ABC,variable (CGDisplayMode reports 0),false,,,,1,0,0
confirmation/paragraphs_scroll/metrics.csv,paint,100k paragraphs scroll only,,,,,9.266834,0.133500,,,,com.apple.keylayout.ABC,variable (CGDisplayMode reports 0),false,,,,1,0,0
confirmation/paragraphs_scroll/metrics.csv,paint,100k paragraphs scroll only,,,,,8.191000,0.113500,,,,com.apple.keylayout.ABC,variable (CGDisplayMode reports 0),false,,,,1,0,0
confirmation/paragraphs_scroll/metrics.csv,paint,100k paragraphs scroll only,,,,,8.357208,0.115125,,,,com.apple.keylayout.ABC,variable (CGDisplayMode reports 0),false,,,,1,0,0
confirmation/paragraphs_scroll/metrics.csv,paint,100k paragraphs scroll only,,,,,8.318917,0.110917,,,,com.apple.keylayout.ABC,variable (CGDisplayMode reports 0),false,,,,1,0,0
confirmation/paragraphs_scroll/metrics.csv,paint,100k paragraphs scroll only,,,,,8.339583,0.115625,,,,com.apple.keylayout.ABC,variable (CGDisplayMode reports 0),false,,,,1,0,0
confirmation/paragraphs_scroll/metrics.csv,paint,100k paragraphs scroll only,,,,,8.310292,0.106875,,,,com.apple.keylayout.ABC,variable (CGDisplayMode reports 0),false,,,,1,0,0
confirmation/paragraphs_scroll/metrics.csv,paint,100k paragraphs scroll only,,,,,8.331250,0.105500,,,,com.apple.keylayout.ABC,variable (CGDisplayMode reports 0),false,,,,1,0,0
confirmation/paragraphs_scroll/metrics.csv,paint,100k paragraphs scroll only,,,,,8.350375,0.109625,,,,com.apple.keylayout.ABC,variable (CGDisplayMode reports 0),false,,,,1,0,0
confirmation/paragraphs_scroll/metrics.csv,paint,100k paragraphs scroll only,,,,,8.351000,0.113459,,,,com.apple.keylayout.ABC,variable (CGDisplayMode reports 0),false,,,,1,0,0
confirmation/paragraphs_scroll/metrics.csv,paint,100k paragraphs scroll only,,,,,8.321625,0.112625,,,,com.apple.keylayout.ABC,variable (CGDisplayMode reports 0),false,,,,1,0,0
confirmation/paragraphs_scroll/metrics.csv,paint,100k paragraphs scroll only,,,,,8.307416,0.102541,,,,com.apple.keylayout.ABC,variable (CGDisplayMode reports 0),false,,,,1,0,0
confirmation/paragraphs_scroll/metrics.csv,paint,100k paragraphs scroll only,,,,,8.324250,0.100958,,,,com.apple.keylayout.ABC,variable (CGDisplayMode reports 0),false,,,,1,0,0
confirmation/paragraphs_scroll/metrics.csv,paint,100k paragraphs scroll only,,,,,8.364209,0.110833,,,,com.apple.keylayout.ABC,variable (CGDisplayMode reports 0),false,,,,1,0,0
confirmation/paragraphs_scroll/metrics.csv,paint,100k paragraphs scroll only,,,,,8.321166,0.112083,,,,com.apple.keylayout.ABC,variable (CGDisplayMode reports 0),false,,,,1,0,0
confirmation/paragraphs_scroll/metrics.csv,paint,100k paragraphs scroll only,,,,,8.305709,0.100250,,,,com.apple.keylayout.ABC,variable (CGDisplayMode reports 0),false,,,,1,0,0
confirmation/paragraphs_scroll/metrics.csv,paint,100k paragraphs scroll only,,,,,8.333250,0.100792,,,,com.apple.keylayout.ABC,variable (CGDisplayMode reports 0),false,,,,1,0,0
confirmation/paragraphs_scroll/metrics.csv,paint,100k paragraphs scroll only,,,,,8.333875,0.101500,,,,com.apple.keylayout.ABC,variable (CGDisplayMode reports 0),false,,,,1,0,0
confirmation/paragraphs_scroll/metrics.csv,paint,100k paragraphs scroll only,,,,,8.395041,0.136417,,,,com.apple.keylayout.ABC,variable (CGDisplayMode reports 0),false,,,,1,0,0
confirmation/paragraphs_scroll/metrics.csv,paint,100k paragraphs scroll only,,,,,8.308625,0.123209,,,,com.apple.keylayout.ABC,variable (CGDisplayMode reports 0),false,,,,1,0,0
confirmation/paragraphs_scroll/metrics.csv,paint,100k paragraphs scroll only,,,,,8.326042,0.120917,,,,com.apple.keylayout.ABC,variable (CGDisplayMode reports 0),false,,,,1,0,0
confirmation/paragraphs_scroll/metrics.csv,paint,100k paragraphs scroll only,,,,,8.358833,0.124375,,,,com.apple.keylayout.ABC,variable (CGDisplayMode reports 0),false,,,,1,0,0
confirmation/paragraphs_scroll/metrics.csv,paint,100k paragraphs scroll only,,,,,8.349667,0.123333,,,,com.apple.keylayout.ABC,variable (CGDisplayMode reports 0),false,,,,1,0,0
confirmation/paragraphs_scroll/metrics.csv,paint,100k paragraphs scroll only,,,,,8.337833,0.125000,,,,com.apple.keylayout.ABC,variable (CGDisplayMode reports 0),false,,,,1,0,0
confirmation/paragraphs_scroll/metrics.csv,paint,100k paragraphs scroll only,,,,,8.359375,0.132875,,,,com.apple.keylayout.ABC,variable (CGDisplayMode reports 0),false,,,,1,0,0
confirmation/paragraphs_scroll/metrics.csv,paint,100k paragraphs scroll only,,,,,8.319417,0.125958,,,,com.apple.keylayout.ABC,variable (CGDisplayMode reports 0),false,,,,1,0,0
confirmation/paragraphs_scroll/metrics.csv,paint,100k paragraphs scroll only,,,,,8.369500,0.137750,,,,com.apple.keylayout.ABC,variable (CGDisplayMode reports 0),false,,,,1,0,0
confirmation/paragraphs_scroll/metrics.csv,paint,100k paragraphs scroll only,,,,,8.315042,0.114292,,,,com.apple.keylayout.ABC,variable (CGDisplayMode reports 0),false,,,,1,0,0
confirmation/paragraphs_scroll/metrics.csv,paint,100k paragraphs scroll only,,,,,8.405375,0.141583,,,,com.apple.keylayout.ABC,variable (CGDisplayMode reports 0),false,,,,1,0,0
confirmation/paragraphs_scroll/metrics.csv,paint,100k paragraphs scroll only,,,,,8.334625,0.133917,,,,com.apple.keylayout.ABC,variable (CGDisplayMode reports 0),false,,,,1,0,0
confirmation/paragraphs_scroll/metrics.csv,paint,100k paragraphs scroll only,,,,,8.381791,0.153833,,,,com.apple.keylayout.ABC,variable (CGDisplayMode reports 0),false,,,,1,0,0
confirmation/paragraphs_scroll/metrics.csv,paint,100k paragraphs scroll only,,,,,8.351584,0.146000,,,,com.apple.keylayout.ABC,variable (CGDisplayMode reports 0),false,,,,1,0,0
confirmation/paragraphs_scroll/metrics.csv,paint,100k paragraphs scroll only,,,,,8.382916,0.168666,,,,com.apple.keylayout.ABC,variable (CGDisplayMode reports 0),false,,,,1,0,0
confirmation/paragraphs_scroll/metrics.csv,paint,100k paragraphs scroll only,,,,,8.323417,0.166208,,,,com.apple.keylayout.ABC,variable (CGDisplayMode reports 0),false,,,,1,0,0
confirmation/paragraphs_scroll/metrics.csv,paint,100k paragraphs scroll only,,,,,8.421792,0.183459,,,,com.apple.keylayout.ABC,variable (CGDisplayMode reports 0),false,,,,1,0,0
confirmation/paragraphs_scroll/metrics.csv,paint,100k paragraphs scroll only,,,,,8.331791,0.186000,,,,com.apple.keylayout.ABC,variable (CGDisplayMode reports 0),false,,,,1,0,0
confirmation/paragraphs_scroll/metrics.csv,paint,100k paragraphs scroll only,,,,,8.409250,0.190958,,,,com.apple.keylayout.ABC,variable (CGDisplayMode reports 0),false,,,,1,0,0
confirmation/paragraphs_scroll/metrics.csv,paint,100k paragraphs scroll only,,,,,8.362750,0.207500,,,,com.apple.keylayout.ABC,variable (CGDisplayMode reports 0),false,,,,1,0,0
confirmation/paragraphs_scroll/metrics.csv,paint,100k paragraphs scroll only,,,,,8.342750,0.204708,,,,com.apple.keylayout.ABC,variable (CGDisplayMode reports 0),false,,,,1,0,0
confirmation/paragraphs_scroll/metrics.csv,paint,100k paragraphs scroll only,,,,,8.471959,0.229125,,,,com.apple.keylayout.ABC,variable (CGDisplayMode reports 0),false,,,,1,0,0
confirmation/paragraphs_scroll/metrics.csv,paint,100k paragraphs scroll only,,,,,8.338458,0.238416,,,,com.apple.keylayout.ABC,variable (CGDisplayMode reports 0),false,,,,1,0,0
confirmation/paragraphs_scroll/metrics.csv,paint,100k paragraphs scroll only,,,,,9.064500,0.233541,,,,com.apple.keylayout.ABC,variable (CGDisplayMode reports 0),false,,,,1,0,0
confirmation/paragraphs_scroll/metrics.csv,paint,100k paragraphs scroll only,,,,,7.721250,0.237167,,,,com.apple.keylayout.ABC,variable (CGDisplayMode reports 0),false,,,,1,0,0
confirmation/paragraphs_scroll/metrics.csv,paint,100k paragraphs scroll only,,,,,9.033625,0.414542,,,,com.apple.keylayout.ABC,variable (CGDisplayMode reports 0),false,,,,1,0,0
confirmation/paragraphs_scroll/metrics.csv,paint,100k paragraphs scroll only,,,,,8.291208,0.409958,,,,com.apple.keylayout.ABC,variable (CGDisplayMode reports 0),false,,,,1,0,0
confirmation/paragraphs_scroll/metrics.csv,paint,100k paragraphs scroll only,,,,,8.281084,0.400375,,,,com.apple.keylayout.ABC,variable (CGDisplayMode reports 0),false,,,,1,0,0
confirmation/paragraphs_scroll/metrics.csv,paint,100k paragraphs scroll only,,,,,8.265833,0.422041,,,,com.apple.keylayout.ABC,variable (CGDisplayMode reports 0),false,,,,1,0,0
confirmation/paragraphs_scroll/metrics.csv,paint,100k paragraphs scroll only,,,,,8.432917,0.440542,,,,com.apple.keylayout.ABC,variable (CGDisplayMode reports 0),false,,,,1,0,0
confirmation/paragraphs_scroll/metrics.csv,paint,100k paragraphs scroll only,,,,,8.024583,0.354792,,,,com.apple.keylayout.ABC,variable (CGDisplayMode reports 0),false,,,,1,0,0
confirmation/paragraphs_scroll/metrics.csv,paint,100k paragraphs scroll only,,,,,8.429250,0.379792,,,,com.apple.keylayout.ABC,variable (CGDisplayMode reports 0),false,,,,1,0,0
confirmation/paragraphs_scroll/metrics.csv,paint,100k paragraphs scroll only,,,,,8.347833,0.381750,,,,com.apple.keylayout.ABC,variable (CGDisplayMode reports 0),false,,,,1,0,0
confirmation/paragraphs_scroll/metrics.csv,paint,100k paragraphs scroll only,,,,,8.805792,0.445750,,,,com.apple.keylayout.ABC,variable (CGDisplayMode reports 0),false,,,,1,0,0
confirmation/paragraphs_scroll/metrics.csv,paint,100k paragraphs scroll only,,,,,8.019792,0.462125,,,,com.apple.keylayout.ABC,variable (CGDisplayMode reports 0),false,,,,1,0,0
confirmation/paragraphs_scroll/metrics.csv,paint,100k paragraphs scroll only,,,,,8.657416,0.504750,,,,com.apple.keylayout.ABC,variable (CGDisplayMode reports 0),false,,,,1,0,0
confirmation/paragraphs_scroll/metrics.csv,paint,100k paragraphs scroll only,,,,,8.717750,0.546500,,,,com.apple.keylayout.ABC,variable (CGDisplayMode reports 0),false,,,,1,0,0
confirmation/paragraphs_scroll/metrics.csv,paint,100k paragraphs scroll only,,,,,7.573209,0.406959,,,,com.apple.keylayout.ABC,variable (CGDisplayMode reports 0),false,,,,1,0,0
confirmation/paragraphs_scroll/metrics.csv,paint,100k paragraphs scroll only,,,,,8.701583,0.471125,,,,com.apple.keylayout.ABC,variable (CGDisplayMode reports 0),false,,,,1,0,0
confirmation/paragraphs_scroll/metrics.csv,paint,100k paragraphs scroll only,,,,,7.900125,0.389750,,,,com.apple.keylayout.ABC,variable (CGDisplayMode reports 0),false,,,,1,0,0
confirmation/paragraphs_scroll/metrics.csv,paint,100k paragraphs scroll only,,,,,7.551708,0.363834,,,,com.apple.keylayout.ABC,variable (CGDisplayMode reports 0),false,,,,1,0,0
confirmation/paragraphs_scroll/metrics.csv,paint,100k paragraphs scroll only,,,,,9.144542,0.391500,,,,com.apple.keylayout.ABC,variable (CGDisplayMode reports 0),false,,,,1,0,0
confirmation/paragraphs_scroll/metrics.csv,paint,100k paragraphs scroll only,,,,,8.654667,0.493834,,,,com.apple.keylayout.ABC,variable (CGDisplayMode reports 0),false,,,,1,0,0
confirmation/paragraphs_scroll/metrics.csv,paint,100k paragraphs scroll only,,,,,8.673000,0.563625,,,,com.apple.keylayout.ABC,variable (CGDisplayMode reports 0),false,,,,1,0,0
confirmation/paragraphs_scroll/metrics.csv,paint,100k paragraphs scroll only,,,,,8.147458,0.499083,,,,com.apple.keylayout.ABC,variable (CGDisplayMode reports 0),false,,,,1,0,0
confirmation/paragraphs_scroll/metrics.csv,paint,100k paragraphs scroll only,,,,,8.364542,0.505916,,,,com.apple.keylayout.ABC,variable (CGDisplayMode reports 0),false,,,,1,0,0
confirmation/paragraphs_scroll/metrics.csv,paint,100k paragraphs scroll only,,,,,8.570625,0.539917,,,,com.apple.keylayout.ABC,variable (CGDisplayMode reports 0),false,,,,1,0,0
confirmation/paragraphs_scroll/metrics.csv,paint,100k paragraphs scroll only,,,,,8.145166,0.531541,,,,com.apple.keylayout.ABC,variable (CGDisplayMode reports 0),false,,,,1,0,0
confirmation/paragraphs_scroll/metrics.csv,paint,100k paragraphs scroll only,,,,,8.267459,0.512709,,,,com.apple.keylayout.ABC,variable (CGDisplayMode reports 0),false,,,,1,0,0
confirmation/paragraphs_scroll/metrics.csv,paint,100k paragraphs scroll only,,,,,8.273208,0.474458,,,,com.apple.keylayout.ABC,variable (CGDisplayMode reports 0),false,,,,1,0,0
confirmation/paragraphs_scroll/metrics.csv,paint,100k paragraphs scroll only,,,,,9.053125,0.598958,,,,com.apple.keylayout.ABC,variable (CGDisplayMode reports 0),false,,,,1,0,0
confirmation/paragraphs_scroll/metrics.csv,paint,100k paragraphs scroll only,,,,,7.584208,0.504292,,,,com.apple.keylayout.ABC,variable (CGDisplayMode reports 0),false,,,,1,0,0
confirmation/paragraphs_scroll/metrics.csv,paint,100k paragraphs scroll only,,,,,8.350209,0.509333,,,,com.apple.keylayout.ABC,variable (CGDisplayMode reports 0),false,,,,1,0,0
confirmation/paragraphs_scroll/metrics.csv,paint,100k paragraphs scroll only,,,,,7.931916,0.516791,,,,com.apple.keylayout.ABC,variable (CGDisplayMode reports 0),false,,,,1,0,0
confirmation/paragraphs_scroll/metrics.csv,paint,100k paragraphs scroll only,,,,,8.707875,0.462459,,,,com.apple.keylayout.ABC,variable (CGDisplayMode reports 0),false,,,,1,0,0
confirmation/paragraphs_scroll/metrics.csv,paint,100k paragraphs scroll only,,,,,8.368500,0.499375,,,,com.apple.keylayout.ABC,variable (CGDisplayMode reports 0),false,,,,1,0,0
confirmation/paragraphs_scroll/metrics.csv,paint,100k paragraphs scroll only,,,,,8.240459,0.474250,,,,com.apple.keylayout.ABC,variable (CGDisplayMode reports 0),false,,,,1,0,0
confirmation/paragraphs_scroll/metrics.csv,paint,100k paragraphs scroll only,,,,,8.392041,0.477417,,,,com.apple.keylayout.ABC,variable (CGDisplayMode reports 0),false,,,,1,0,0
confirmation/paragraphs_scroll/metrics.csv,paint,100k paragraphs scroll only,,,,,8.011000,0.518291,,,,com.apple.keylayout.ABC,variable (CGDisplayMode reports 0),false,,,,1,0,0
confirmation/paragraphs_scroll/metrics.csv,paint,100k paragraphs scroll only,,,,,8.787250,0.507666,,,,com.apple.keylayout.ABC,variable (CGDisplayMode reports 0),false,,,,1,0,0
confirmation/paragraphs_scroll/metrics.csv,paint,100k paragraphs scroll only,,,,,8.579792,0.615459,,,,com.apple.keylayout.ABC,variable (CGDisplayMode reports 0),false,,,,1,0,0
confirmation/paragraphs_scroll/metrics.csv,paint,100k paragraphs scroll only,,,,,7.930167,0.478167,,,,com.apple.keylayout.ABC,variable (CGDisplayMode reports 0),false,,,,1,0,0
confirmation/paragraphs_scroll/metrics.csv,paint,100k paragraphs scroll only,,,,,8.001375,0.483708,,,,com.apple.keylayout.ABC,variable (CGDisplayMode reports 0),false,,,,1,0,0
confirmation/paragraphs_scroll/metrics.csv,paint,100k paragraphs scroll only,,,,,8.741625,0.505666,,,,com.apple.keylayout.ABC,variable (CGDisplayMode reports 0),false,,,,1,0,0
confirmation/paragraphs_scroll/metrics.csv,paint,100k paragraphs scroll only,,,,,8.424750,0.468417,,,,com.apple.keylayout.ABC,variable (CGDisplayMode reports 0),false,,,,1,0,0
confirmation/paragraphs_scroll/metrics.csv,paint,100k paragraphs scroll only,,,,,8.177666,0.471708,,,,com.apple.keylayout.ABC,variable (CGDisplayMode reports 0),false,,,,1,0,0
confirmation/paragraphs_scroll/metrics.csv,paint,100k paragraphs scroll only,,,,,7.400250,0.493209,,,,com.apple.keylayout.ABC,variable (CGDisplayMode reports 0),false,,,,1,0,0
confirmation/paragraphs_scroll/metrics.csv,paint,100k paragraphs scroll only,,,,,8.435167,0.463208,,,,com.apple.keylayout.ABC,variable (CGDisplayMode reports 0),false,,,,1,0,0
confirmation/paragraphs_scroll/metrics.csv,paint,100k paragraphs scroll only,,,,,9.510917,0.565958,,,,com.apple.keylayout.ABC,variable (CGDisplayMode reports 0),false,,,,1,0,0
confirmation/paragraphs_scroll/metrics.csv,paint,100k paragraphs scroll only,,,,,7.792541,0.506375,,,,com.apple.keylayout.ABC,variable (CGDisplayMode reports 0),false,,,,1,0,0
confirmation/paragraphs_scroll/metrics.csv,paint,100k paragraphs scroll only,,,,,7.737584,0.494333,,,,com.apple.keylayout.ABC,variable (CGDisplayMode reports 0),false,,,,1,0,0
confirmation/paragraphs_scroll/metrics.csv,paint,100k paragraphs scroll only,,,,,9.185708,0.463375,,,,com.apple.keylayout.ABC,variable (CGDisplayMode reports 0),false,,,,1,0,0
confirmation/paragraphs_scroll/metrics.csv,paint,100k paragraphs scroll only,,,,,8.275750,0.488125,,,,com.apple.keylayout.ABC,variable (CGDisplayMode reports 0),false,,,,1,0,0
confirmation/paragraphs_scroll/metrics.csv,paint,100k paragraphs scroll only,,,,,8.304458,0.303917,,,,com.apple.keylayout.ABC,variable (CGDisplayMode reports 0),false,,,,1,0,0
confirmation/paragraphs_scroll/metrics.csv,paint,100k paragraphs scroll only,,,,,8.265584,0.451667,,,,com.apple.keylayout.ABC,variable (CGDisplayMode reports 0),false,,,,1,0,0
confirmation/paragraphs_scroll/metrics.csv,paint,100k paragraphs scroll only,,,,,8.308083,0.436583,,,,com.apple.keylayout.ABC,variable (CGDisplayMode reports 0),false,,,,1,0,0
confirmation/paragraphs_scroll/metrics.csv,paint,100k paragraphs scroll only,,,,,8.434500,0.461750,,,,com.apple.keylayout.ABC,variable (CGDisplayMode reports 0),false,,,,1,0,0
confirmation/paragraphs_scroll/metrics.csv,paint,100k paragraphs scroll only,,,,,8.425417,0.277250,,,,com.apple.keylayout.ABC,variable (CGDisplayMode reports 0),false,,,,1,0,0
confirmation/paragraphs_scroll/metrics.csv,paint,100k paragraphs scroll only,,,,,7.369041,0.292750,,,,com.apple.keylayout.ABC,variable (CGDisplayMode reports 0),false,,,,1,0,0
confirmation/paragraphs_scroll/metrics.csv,paint,100k paragraphs scroll only,,,,,9.233000,0.449083,,,,com.apple.keylayout.ABC,variable (CGDisplayMode reports 0),false,,,,1,0,0
confirmation/paragraphs_scroll/metrics.csv,paint,100k paragraphs scroll only,,,,,8.163542,0.443708,,,,com.apple.keylayout.ABC,variable (CGDisplayMode reports 0),false,,,,1,0,0
confirmation/paragraphs_scroll/metrics.csv,paint,100k paragraphs scroll only,,,,,8.363250,0.453584,,,,com.apple.keylayout.ABC,variable (CGDisplayMode reports 0),false,,,,1,0,0
confirmation/paragraphs_scroll/metrics.csv,paint,100k paragraphs scroll only,,,,,8.754500,0.677916,,,,com.apple.keylayout.ABC,variable (CGDisplayMode reports 0),false,,,,1,0,0
confirmation/paragraphs_scroll/metrics.csv,paint,100k paragraphs scroll only,,,,,8.382042,0.542042,,,,com.apple.keylayout.ABC,variable (CGDisplayMode reports 0),false,,,,1,0,0
confirmation/paragraphs_scroll/metrics.csv,paint,100k paragraphs scroll only,,,,,7.587458,0.536583,,,,com.apple.keylayout.ABC,variable (CGDisplayMode reports 0),false,,,,1,0,0
confirmation/paragraphs_scroll/metrics.csv,paint,100k paragraphs scroll only,,,,,9.274292,0.587417,,,,com.apple.keylayout.ABC,variable (CGDisplayMode reports 0),false,,,,1,0,0
confirmation/paragraphs_scroll/metrics.csv,paint,100k paragraphs scroll only,,,,,8.042208,0.478333,,,,com.apple.keylayout.ABC,variable (CGDisplayMode reports 0),false,,,,1,0,0
confirmation/paragraphs_scroll/metrics.csv,paint,100k paragraphs scroll only,,,,,8.077958,0.477167,,,,com.apple.keylayout.ABC,variable (CGDisplayMode reports 0),false,,,,1,0,0
confirmation/paragraphs_scroll/metrics.csv,paint,100k paragraphs scroll only,,,,,8.041375,0.395167,,,,com.apple.keylayout.ABC,variable (CGDisplayMode reports 0),false,,,,1,0,0
confirmation/paragraphs_scroll/metrics.csv,paint,100k paragraphs scroll only,,,,,8.098167,0.479625,,,,com.apple.keylayout.ABC,variable (CGDisplayMode reports 0),false,,,,1,0,0
confirmation/paragraphs_scroll/metrics.csv,paint,100k paragraphs scroll only,,,,,8.927042,0.472042,,,,com.apple.keylayout.ABC,variable (CGDisplayMode reports 0),false,,,,1,0,0
confirmation/paragraphs_scroll/metrics.csv,paint,100k paragraphs scroll only,,,,,8.353083,0.557834,,,,com.apple.keylayout.ABC,variable (CGDisplayMode reports 0),false,,,,1,0,0
confirmation/paragraphs_scroll/metrics.csv,paint,100k paragraphs scroll only,,,,,7.813083,0.432375,,,,com.apple.keylayout.ABC,variable (CGDisplayMode reports 0),false,,,,1,0,0
confirmation/paragraphs_scroll/metrics.csv,paint,100k paragraphs scroll only,,,,,7.931875,0.314959,,,,com.apple.keylayout.ABC,variable (CGDisplayMode reports 0),false,,,,1,0,0
confirmation/paragraphs_scroll/metrics.csv,paint,100k paragraphs scroll only,,,,,8.149375,0.278584,,,,com.apple.keylayout.ABC,variable (CGDisplayMode reports 0),false,,,,1,0,0
confirmation/paragraphs_scroll/metrics.csv,paint,100k paragraphs scroll only,,,,,8.156125,0.207166,,,,com.apple.keylayout.ABC,variable (CGDisplayMode reports 0),false,,,,1,0,0
confirmation/paragraphs_scroll/metrics.csv,paint,100k paragraphs scroll only,,,,,8.373334,0.216083,,,,com.apple.keylayout.ABC,variable (CGDisplayMode reports 0),false,,,,1,0,0
confirmation/paragraphs_scroll/metrics.csv,paint,100k paragraphs scroll only,,,,,8.304958,0.198792,,,,com.apple.keylayout.ABC,variable (CGDisplayMode reports 0),false,,,,1,0,0
confirmation/paragraphs_scroll/metrics.csv,paint,100k paragraphs scroll only,,,,,8.432000,0.220250,,,,com.apple.keylayout.ABC,variable (CGDisplayMode reports 0),false,,,,1,0,0
confirmation/paragraphs_scroll/metrics.csv,paint,100k paragraphs scroll only,,,,,8.328375,0.217167,,,,com.apple.keylayout.ABC,variable (CGDisplayMode reports 0),false,,,,1,0,0
confirmation/paragraphs_scroll/metrics.csv,paint,100k paragraphs scroll only,,,,,8.299542,0.206333,,,,com.apple.keylayout.ABC,variable (CGDisplayMode reports 0),false,,,,1,0,0
confirmation/paragraphs_scroll/metrics.csv,paint,100k paragraphs scroll only,,,,,8.514375,0.244375,,,,com.apple.keylayout.ABC,variable (CGDisplayMode reports 0),false,,,,1,0,0
confirmation/paragraphs_scroll/metrics.csv,paint,100k paragraphs scroll only,,,,,8.287750,0.244167,,,,com.apple.keylayout.ABC,variable (CGDisplayMode reports 0),false,,,,1,0,0
confirmation/paragraphs_scroll/metrics.csv,paint,100k paragraphs scroll only,,,,,8.349041,0.244500,,,,com.apple.keylayout.ABC,variable (CGDisplayMode reports 0),false,,,,1,0,0
confirmation/paragraphs_scroll/metrics.csv,paint,100k paragraphs scroll only,,,,,8.982209,0.399625,,,,com.apple.keylayout.ABC,variable (CGDisplayMode reports 0),false,,,,1,0,0
confirmation/paragraphs_scroll/metrics.csv,paint,100k paragraphs scroll only,,,,,8.463958,0.410875,,,,com.apple.keylayout.ABC,variable (CGDisplayMode reports 0),false,,,,1,0,0
confirmation/paragraphs_scroll/metrics.csv,paint,100k paragraphs scroll only,,,,,8.249708,0.402709,,,,com.apple.keylayout.ABC,variable (CGDisplayMode reports 0),false,,,,1,0,0
confirmation/paragraphs_scroll/metrics.csv,paint,100k paragraphs scroll only,,,,,8.101250,0.371542,,,,com.apple.keylayout.ABC,variable (CGDisplayMode reports 0),false,,,,1,0,0
confirmation/paragraphs_scroll/metrics.csv,paint,100k paragraphs scroll only,,,,,8.246084,0.350083,,,,com.apple.keylayout.ABC,variable (CGDisplayMode reports 0),false,,,,1,0,0
confirmation/paragraphs_scroll/metrics.csv,paint,100k paragraphs scroll only,,,,,8.416291,0.362041,,,,com.apple.keylayout.ABC,variable (CGDisplayMode reports 0),false,,,,1,0,0
confirmation/paragraphs_scroll/metrics.csv,paint,100k paragraphs scroll only,,,,,8.503250,0.394667,,,,com.apple.keylayout.ABC,variable (CGDisplayMode reports 0),false,,,,1,0,0
confirmation/paragraphs_scroll/metrics.csv,paint,100k paragraphs scroll only,,,,,8.238875,0.383542,,,,com.apple.keylayout.ABC,variable (CGDisplayMode reports 0),false,,,,1,0,0
confirmation/paragraphs_scroll/metrics.csv,paint,100k paragraphs scroll only,,,,,8.129167,0.414541,,,,com.apple.keylayout.ABC,variable (CGDisplayMode reports 0),false,,,,1,0,0
confirmation/paragraphs_scroll/metrics.csv,paint,100k paragraphs scroll only,,,,,8.506583,0.361167,,,,com.apple.keylayout.ABC,variable (CGDisplayMode reports 0),false,,,,1,0,0
confirmation/paragraphs_scroll/metrics.csv,paint,100k paragraphs scroll only,,,,,8.575250,0.432833,,,,com.apple.keylayout.ABC,variable (CGDisplayMode reports 0),false,,,,1,0,0
confirmation/paragraphs_scroll/metrics.csv,paint,100k paragraphs scroll only,,,,,8.870750,0.564792,,,,com.apple.keylayout.ABC,variable (CGDisplayMode reports 0),false,,,,1,0,0
confirmation/paragraphs_scroll/metrics.csv,paint,100k paragraphs scroll only,,,,,8.215084,0.534792,,,,com.apple.keylayout.ABC,variable (CGDisplayMode reports 0),false,,,,1,0,0
confirmation/paragraphs_scroll/metrics.csv,paint,100k paragraphs scroll only,,,,,8.093500,0.463250,,,,com.apple.keylayout.ABC,variable (CGDisplayMode reports 0),false,,,,1,0,0
confirmation/paragraphs_scroll/metrics.csv,paint,100k paragraphs scroll only,,,,,8.092166,0.304209,,,,com.apple.keylayout.ABC,variable (CGDisplayMode reports 0),false,,,,1,0,0
confirmation/paragraphs_scroll/metrics.csv,paint,100k paragraphs scroll only,,,,,8.548334,0.437166,,,,com.apple.keylayout.ABC,variable (CGDisplayMode reports 0),false,,,,1,0,0
confirmation/paragraphs_scroll/metrics.csv,paint,100k paragraphs scroll only,,,,,8.364625,0.459625,,,,com.apple.keylayout.ABC,variable (CGDisplayMode reports 0),false,,,,1,0,0
confirmation/paragraphs_scroll/metrics.csv,paint,100k paragraphs scroll only,,,,,8.234000,0.423292,,,,com.apple.keylayout.ABC,variable (CGDisplayMode reports 0),false,,,,1,0,0
confirmation/paragraphs_scroll/metrics.csv,paint,100k paragraphs scroll only,,,,,8.159833,0.463333,,,,com.apple.keylayout.ABC,variable (CGDisplayMode reports 0),false,,,,1,0,0
confirmation/paragraphs_scroll/metrics.csv,paint,100k paragraphs scroll only,,,,,9.202000,0.591458,,,,com.apple.keylayout.ABC,variable (CGDisplayMode reports 0),false,,,,1,0,0
confirmation/paragraphs_scroll/metrics.csv,paint,100k paragraphs scroll only,,,,,7.651208,0.441583,,,,com.apple.keylayout.ABC,variable (CGDisplayMode reports 0),false,,,,1,0,0
confirmation/paragraphs_scroll/metrics.csv,paint,100k paragraphs scroll only,,,,,8.305417,0.432042,,,,com.apple.keylayout.ABC,variable (CGDisplayMode reports 0),false,,,,1,0,0
confirmation/paragraphs_scroll/metrics.csv,paint,100k paragraphs scroll only,,,,,8.330583,0.428542,,,,com.apple.keylayout.ABC,variable (CGDisplayMode reports 0),false,,,,1,0,0
confirmation/paragraphs_scroll/metrics.csv,paint,100k paragraphs scroll only,,,,,8.719709,0.494041,,,,com.apple.keylayout.ABC,variable (CGDisplayMode reports 0),false,,,,1,0,0
confirmation/paragraphs_scroll/metrics.csv,paint,100k paragraphs scroll only,,,,,9.762916,0.892084,,,,com.apple.keylayout.ABC,variable (CGDisplayMode reports 0),false,,,,1,0,0
confirmation/paragraphs_scroll/metrics.csv,paint,100k paragraphs scroll only,,,,,6.833459,0.518667,,,,com.apple.keylayout.ABC,variable (CGDisplayMode reports 0),false,,,,1,0,0
confirmation/paragraphs_scroll/metrics.csv,paint,100k paragraphs scroll only,,,,,8.354916,0.488917,,,,com.apple.keylayout.ABC,variable (CGDisplayMode reports 0),false,,,,1,0,0
confirmation/paragraphs_scroll/metrics.csv,paint,100k paragraphs scroll only,,,,,8.089792,0.439167,,,,com.apple.keylayout.ABC,variable (CGDisplayMode reports 0),false,,,,1,0,0
confirmation/paragraphs_scroll/metrics.csv,paint,100k paragraphs scroll only,,,,,8.076917,0.432584,,,,com.apple.keylayout.ABC,variable (CGDisplayMode reports 0),false,,,,1,0,0
confirmation/paragraphs_scroll/metrics.csv,paint,100k paragraphs scroll only,,,,,8.961708,0.560000,,,,com.apple.keylayout.ABC,variable (CGDisplayMode reports 0),false,,,,1,0,0
confirmation/paragraphs_scroll/metrics.csv,paint,100k paragraphs scroll only,,,,,8.306333,0.564875,,,,com.apple.keylayout.ABC,variable (CGDisplayMode reports 0),false,,,,1,0,0
confirmation/paragraphs_scroll/metrics.csv,paint,100k paragraphs scroll only,,,,,7.903500,0.438083,,,,com.apple.keylayout.ABC,variable (CGDisplayMode reports 0),false,,,,1,0,0
confirmation/paragraphs_scroll/metrics.csv,paint,100k paragraphs scroll only,,,,,8.346000,0.465916,,,,com.apple.keylayout.ABC,variable (CGDisplayMode reports 0),false,,,,1,0,0
confirmation/paragraphs_scroll/metrics.csv,paint,100k paragraphs scroll only,,,,,8.951417,0.576584,,,,com.apple.keylayout.ABC,variable (CGDisplayMode reports 0),false,,,,1,0,0
confirmation/paragraphs_scroll/metrics.csv,paint,100k paragraphs scroll only,,,,,7.606333,0.553083,,,,com.apple.keylayout.ABC,variable (CGDisplayMode reports 0),false,,,,1,0,0
confirmation/paragraphs_scroll/metrics.csv,paint,100k paragraphs scroll only,,,,,8.934209,0.560375,,,,com.apple.keylayout.ABC,variable (CGDisplayMode reports 0),false,,,,1,0,0
confirmation/paragraphs_scroll/metrics.csv,paint,100k paragraphs scroll only,,,,,8.342500,0.564042,,,,com.apple.keylayout.ABC,variable (CGDisplayMode reports 0),false,,,,1,0,0
confirmation/paragraphs_scroll/metrics.csv,paint,100k paragraphs scroll only,,,,,8.320791,0.570750,,,,com.apple.keylayout.ABC,variable (CGDisplayMode reports 0),false,,,,1,0,0
confirmation/paragraphs_scroll/metrics.csv,paint,100k paragraphs scroll only,,,,,8.186584,0.539584,,,,com.apple.keylayout.ABC,variable (CGDisplayMode reports 0),false,,,,1,0,0
confirmation/paragraphs_scroll/metrics.csv,paint,100k paragraphs scroll only,,,,,8.562625,0.578750,,,,com.apple.keylayout.ABC,variable (CGDisplayMode reports 0),false,,,,1,0,0
confirmation/paragraphs_scroll/metrics.csv,paint,100k paragraphs scroll only,,,,,8.333791,0.583084,,,,com.apple.keylayout.ABC,variable (CGDisplayMode reports 0),false,,,,1,0,0
confirmation/paragraphs_scroll/metrics.csv,paint,100k paragraphs scroll only,,,,,8.416459,0.584125,,,,com.apple.keylayout.ABC,variable (CGDisplayMode reports 0),false,,,,1,0,0
confirmation/paragraphs_scroll/metrics.csv,paint,100k paragraphs scroll only,,,,,8.112875,0.577792,,,,com.apple.keylayout.ABC,variable (CGDisplayMode reports 0),false,,,,1,0,0
confirmation/paragraphs_scroll/metrics.csv,paint,100k paragraphs scroll only,,,,,8.663416,0.592083,,,,com.apple.keylayout.ABC,variable (CGDisplayMode reports 0),false,,,,1,0,0
confirmation/paragraphs_scroll/metrics.csv,paint,100k paragraphs scroll only,,,,,7.050959,0.575792,,,,com.apple.keylayout.ABC,variable (CGDisplayMode reports 0),false,,,,1,0,0
confirmation/paragraphs_scroll/metrics.csv,paint,100k paragraphs scroll only,,,,,8.851333,0.436375,,,,com.apple.keylayout.ABC,variable (CGDisplayMode reports 0),false,,,,1,0,0
confirmation/paragraphs_scroll/metrics.csv,paint,100k paragraphs scroll only,,,,,8.809458,0.570833,,,,com.apple.keylayout.ABC,variable (CGDisplayMode reports 0),false,,,,1,0,0
confirmation/paragraphs_scroll/metrics.csv,paint,100k paragraphs scroll only,,,,,7.039500,0.488375,,,,com.apple.keylayout.ABC,variable (CGDisplayMode reports 0),false,,,,1,0,0
confirmation/paragraphs_scroll/metrics.csv,paint,100k paragraphs scroll only,,,,,8.077292,0.509542,,,,com.apple.keylayout.ABC,variable (CGDisplayMode reports 0),false,,,,1,0,0
confirmation/paragraphs_scroll/metrics.csv,paint,100k paragraphs scroll only,,,,,9.643708,0.492875,,,,com.apple.keylayout.ABC,variable (CGDisplayMode reports 0),false,,,,1,0,0
confirmation/paragraphs_scroll/metrics.csv,paint,100k paragraphs scroll only,,,,,8.276000,0.480958,,,,com.apple.keylayout.ABC,variable (CGDisplayMode reports 0),false,,,,1,0,0
confirmation/paragraphs_scroll_input/metrics.csv,memory_load,100k paragraphs input while scrolling,,,,,,,,,75137024,com.apple.keylayout.ABC,variable (CGDisplayMode reports 0),false,,,,,,
confirmation/paragraphs_scroll_input/metrics.csv,ready,100k paragraphs input while scrolling,,,,,,,197.216834,83.231458,86622208,com.apple.keylayout.ABC,variable (CGDisplayMode reports 0),false,,,,,,
confirmation/paragraphs_scroll_input/metrics.csv,block_index,100k paragraphs input while scrolling,,,,,,,,,,com.apple.keylayout.ABC,variable (CGDisplayMode reports 0),false,27.886958,3100004,0,,,
confirmation/paragraphs_scroll_input/metrics.csv,paint,100k paragraphs input while scrolling,,,,,31.136625,0.429000,,,,com.apple.keylayout.ABC,variable (CGDisplayMode reports 0),false,,,,0,1,1
confirmation/paragraphs_scroll_input/metrics.csv,input,100k paragraphs input while scrolling,4,command,0.003792,30.730667,,,,,,com.apple.keylayout.ABC,variable (CGDisplayMode reports 0),false,,,,,,
confirmation/paragraphs_scroll_input/metrics.csv,block_index,100k paragraphs input while scrolling,,,,,,,,,,com.apple.keylayout.ABC,variable (CGDisplayMode reports 0),false,27.383625,3100005,0,,,
confirmation/paragraphs_scroll_input/metrics.csv,paint,100k paragraphs input while scrolling,,,,,30.187458,0.346833,,,,com.apple.keylayout.ABC,variable (CGDisplayMode reports 0),false,,,,0,1,1
confirmation/paragraphs_scroll_input/metrics.csv,input,100k paragraphs input while scrolling,5,command,0.004292,29.558083,,,,,,com.apple.keylayout.ABC,variable (CGDisplayMode reports 0),false,,,,,,
confirmation/paragraphs_scroll_input/metrics.csv,paint,100k paragraphs input while scrolling,,,,,0.800792,0.095041,,,,com.apple.keylayout.ABC,variable (CGDisplayMode reports 0),false,,,,1,0,0
confirmation/paragraphs_scroll_input/metrics.csv,paint,100k paragraphs input while scrolling,,,,,5.463750,0.126291,,,,com.apple.keylayout.ABC,variable (CGDisplayMode reports 0),false,,,,1,0,0
confirmation/paragraphs_scroll_input/metrics.csv,paint,100k paragraphs input while scrolling,,,,,8.408083,0.157833,,,,com.apple.keylayout.ABC,variable (CGDisplayMode reports 0),false,,,,1,0,0
confirmation/paragraphs_scroll_input/metrics.csv,paint,100k paragraphs input while scrolling,,,,,7.486667,0.168041,,,,com.apple.keylayout.ABC,variable (CGDisplayMode reports 0),false,,,,1,0,0
confirmation/paragraphs_scroll_input/metrics.csv,paint,100k paragraphs input while scrolling,,,,,9.300958,0.169708,,,,com.apple.keylayout.ABC,variable (CGDisplayMode reports 0),false,,,,1,0,0
confirmation/paragraphs_scroll_input/metrics.csv,paint,100k paragraphs input while scrolling,,,,,8.257083,0.169333,,,,com.apple.keylayout.ABC,variable (CGDisplayMode reports 0),false,,,,1,0,0
confirmation/paragraphs_scroll_input/metrics.csv,paint,100k paragraphs input while scrolling,,,,,8.246750,0.146375,,,,com.apple.keylayout.ABC,variable (CGDisplayMode reports 0),false,,,,1,0,0
confirmation/paragraphs_scroll_input/metrics.csv,paint,100k paragraphs input while scrolling,,,,,8.348459,0.144417,,,,com.apple.keylayout.ABC,variable (CGDisplayMode reports 0),false,,,,1,0,0
confirmation/paragraphs_scroll_input/metrics.csv,paint,100k paragraphs input while scrolling,,,,,8.326208,0.149375,,,,com.apple.keylayout.ABC,variable (CGDisplayMode reports 0),false,,,,1,0,0
confirmation/paragraphs_scroll_input/metrics.csv,paint,100k paragraphs input while scrolling,,,,,8.367250,0.147334,,,,com.apple.keylayout.ABC,variable (CGDisplayMode reports 0),false,,,,1,0,0
confirmation/paragraphs_scroll_input/metrics.csv,paint,100k paragraphs input while scrolling,,,,,8.384750,0.152708,,,,com.apple.keylayout.ABC,variable (CGDisplayMode reports 0),false,,,,1,0,0
confirmation/paragraphs_scroll_input/metrics.csv,paint,100k paragraphs input while scrolling,,,,,10.443250,0.389833,,,,com.apple.keylayout.ABC,variable (CGDisplayMode reports 0),false,,,,0,1,1
confirmation/paragraphs_scroll_input/metrics.csv,paint,100k paragraphs input while scrolling,,,,,5.346083,0.121292,,,,com.apple.keylayout.ABC,variable (CGDisplayMode reports 0),false,,,,1,0,0
confirmation/paragraphs_scroll_input/metrics.csv,paint,100k paragraphs input while scrolling,,,,,9.148084,0.150125,,,,com.apple.keylayout.ABC,variable (CGDisplayMode reports 0),false,,,,1,0,0
confirmation/paragraphs_scroll_input/metrics.csv,paint,100k paragraphs input while scrolling,,,,,8.352541,0.148458,,,,com.apple.keylayout.ABC,variable (CGDisplayMode reports 0),false,,,,1,0,0
confirmation/paragraphs_scroll_input/metrics.csv,paint,100k paragraphs input while scrolling,,,,,8.270000,0.143417,,,,com.apple.keylayout.ABC,variable (CGDisplayMode reports 0),false,,,,1,0,0
confirmation/paragraphs_scroll_input/metrics.csv,paint,100k paragraphs input while scrolling,,,,,8.680250,0.398833,,,,com.apple.keylayout.ABC,variable (CGDisplayMode reports 0),false,,,,0,1,1
confirmation/paragraphs_scroll_input/metrics.csv,paint,100k paragraphs input while scrolling,,,,,8.088000,0.164417,,,,com.apple.keylayout.ABC,variable (CGDisplayMode reports 0),false,,,,1,0,0
confirmation/paragraphs_scroll_input/metrics.csv,paint,100k paragraphs input while scrolling,,,,,8.286084,0.160375,,,,com.apple.keylayout.ABC,variable (CGDisplayMode reports 0),false,,,,1,0,0
confirmation/paragraphs_scroll_input/metrics.csv,paint,100k paragraphs input while scrolling,,,,,8.394125,0.163375,,,,com.apple.keylayout.ABC,variable (CGDisplayMode reports 0),false,,,,1,0,0
confirmation/paragraphs_scroll_input/metrics.csv,paint,100k paragraphs input while scrolling,,,,,7.573416,0.187042,,,,com.apple.keylayout.ABC,variable (CGDisplayMode reports 0),false,,,,1,0,0
confirmation/paragraphs_scroll_input/metrics.csv,paint,100k paragraphs input while scrolling,,,,,9.210584,0.380250,,,,com.apple.keylayout.ABC,variable (CGDisplayMode reports 0),false,,,,0,1,1
confirmation/paragraphs_scroll_input/metrics.csv,paint,100k paragraphs input while scrolling,,,,,8.063583,0.123125,,,,com.apple.keylayout.ABC,variable (CGDisplayMode reports 0),false,,,,1,0,0
confirmation/paragraphs_scroll_input/metrics.csv,paint,100k paragraphs input while scrolling,,,,,8.323083,0.120500,,,,com.apple.keylayout.ABC,variable (CGDisplayMode reports 0),false,,,,1,0,0
confirmation/paragraphs_scroll_input/metrics.csv,paint,100k paragraphs input while scrolling,,,,,8.309417,0.112459,,,,com.apple.keylayout.ABC,variable (CGDisplayMode reports 0),false,,,,1,0,0
confirmation/paragraphs_scroll_input/metrics.csv,paint,100k paragraphs input while scrolling,,,,,8.340792,0.116042,,,,com.apple.keylayout.ABC,variable (CGDisplayMode reports 0),false,,,,1,0,0
confirmation/paragraphs_scroll_input/metrics.csv,paint,100k paragraphs input while scrolling,,,,,8.336458,0.117584,,,,com.apple.keylayout.ABC,variable (CGDisplayMode reports 0),false,,,,1,0,0
confirmation/paragraphs_scroll_input/metrics.csv,paint,100k paragraphs input while scrolling,,,,,8.359958,0.123250,,,,com.apple.keylayout.ABC,variable (CGDisplayMode reports 0),false,,,,1,0,0
confirmation/paragraphs_scroll_input/metrics.csv,paint,100k paragraphs input while scrolling,,,,,7.421834,0.121291,,,,com.apple.keylayout.ABC,variable (CGDisplayMode reports 0),false,,,,1,0,0
confirmation/paragraphs_scroll_input/metrics.csv,paint,100k paragraphs input while scrolling,,,,,9.289666,0.114916,,,,com.apple.keylayout.ABC,variable (CGDisplayMode reports 0),false,,,,1,0,0
confirmation/paragraphs_scroll_input/metrics.csv,paint,100k paragraphs input while scrolling,,,,,7.327542,0.117833,,,,com.apple.keylayout.ABC,variable (CGDisplayMode reports 0),false,,,,1,0,0
confirmation/paragraphs_scroll_input/metrics.csv,paint,100k paragraphs input while scrolling,,,,,8.491625,0.161167,,,,com.apple.keylayout.ABC,variable (CGDisplayMode reports 0),false,,,,1,0,0
confirmation/paragraphs_scroll_input/metrics.csv,paint,100k paragraphs input while scrolling,,,,,8.187417,0.114000,,,,com.apple.keylayout.ABC,variable (CGDisplayMode reports 0),false,,,,1,0,0
confirmation/paragraphs_scroll_input/metrics.csv,paint,100k paragraphs input while scrolling,,,,,9.348833,0.123666,,,,com.apple.keylayout.ABC,variable (CGDisplayMode reports 0),false,,,,1,0,0
confirmation/paragraphs_scroll_input/metrics.csv,paint,100k paragraphs input while scrolling,,,,,8.307417,0.138625,,,,com.apple.keylayout.ABC,variable (CGDisplayMode reports 0),false,,,,1,0,0
confirmation/paragraphs_scroll_input/metrics.csv,paint,100k paragraphs input while scrolling,,,,,7.441000,0.144292,,,,com.apple.keylayout.ABC,variable (CGDisplayMode reports 0),false,,,,1,0,0
confirmation/paragraphs_scroll_input/metrics.csv,paint,100k paragraphs input while scrolling,,,,,9.314041,0.137916,,,,com.apple.keylayout.ABC,variable (CGDisplayMode reports 0),false,,,,1,0,0
confirmation/paragraphs_scroll_input/metrics.csv,paint,100k paragraphs input while scrolling,,,,,8.117292,0.102416,,,,com.apple.keylayout.ABC,variable (CGDisplayMode reports 0),false,,,,1,0,0
confirmation/paragraphs_scroll_input/metrics.csv,paint,100k paragraphs input while scrolling,,,,,8.209958,0.116791,,,,com.apple.keylayout.ABC,variable (CGDisplayMode reports 0),false,,,,1,0,0
confirmation/paragraphs_scroll_input/metrics.csv,paint,100k paragraphs input while scrolling,,,,,8.610625,0.137167,,,,com.apple.keylayout.ABC,variable (CGDisplayMode reports 0),false,,,,1,0,0
confirmation/paragraphs_scroll_input/metrics.csv,paint,100k paragraphs input while scrolling,,,,,8.395709,0.145583,,,,com.apple.keylayout.ABC,variable (CGDisplayMode reports 0),false,,,,1,0,0
confirmation/paragraphs_scroll_input/metrics.csv,paint,100k paragraphs input while scrolling,,,,,7.318833,0.141125,,,,com.apple.keylayout.ABC,variable (CGDisplayMode reports 0),false,,,,1,0,0
confirmation/paragraphs_scroll_input/metrics.csv,paint,100k paragraphs input while scrolling,,,,,8.331875,0.133583,,,,com.apple.keylayout.ABC,variable (CGDisplayMode reports 0),false,,,,1,0,0
confirmation/paragraphs_scroll_input/metrics.csv,paint,100k paragraphs input while scrolling,,,,,9.285792,0.124833,,,,com.apple.keylayout.ABC,variable (CGDisplayMode reports 0),false,,,,1,0,0
confirmation/paragraphs_scroll_input/metrics.csv,paint,100k paragraphs input while scrolling,,,,,7.275625,0.104709,,,,com.apple.keylayout.ABC,variable (CGDisplayMode reports 0),false,,,,1,0,0
confirmation/paragraphs_scroll_input/metrics.csv,paint,100k paragraphs input while scrolling,,,,,9.350791,0.114291,,,,com.apple.keylayout.ABC,variable (CGDisplayMode reports 0),false,,,,1,0,0
confirmation/paragraphs_scroll_input/metrics.csv,paint,100k paragraphs input while scrolling,,,,,7.435417,0.134500,,,,com.apple.keylayout.ABC,variable (CGDisplayMode reports 0),false,,,,1,0,0
confirmation/paragraphs_scroll_input/metrics.csv,paint,100k paragraphs input while scrolling,,,,,8.361875,0.143416,,,,com.apple.keylayout.ABC,variable (CGDisplayMode reports 0),false,,,,1,0,0
confirmation/paragraphs_scroll_input/metrics.csv,paint,100k paragraphs input while scrolling,,,,,9.247500,0.118584,,,,com.apple.keylayout.ABC,variable (CGDisplayMode reports 0),false,,,,1,0,0
confirmation/paragraphs_scroll_input/metrics.csv,paint,100k paragraphs input while scrolling,,,,,8.232833,0.102958,,,,com.apple.keylayout.ABC,variable (CGDisplayMode reports 0),false,,,,1,0,0
confirmation/paragraphs_scroll_input/metrics.csv,paint,100k paragraphs input while scrolling,,,,,8.376334,0.112541,,,,com.apple.keylayout.ABC,variable (CGDisplayMode reports 0),false,,,,1,0,0
confirmation/paragraphs_scroll_input/metrics.csv,paint,100k paragraphs input while scrolling,,,,,7.468708,0.127458,,,,com.apple.keylayout.ABC,variable (CGDisplayMode reports 0),false,,,,1,0,0
confirmation/paragraphs_scroll_input/metrics.csv,paint,100k paragraphs input while scrolling,,,,,9.243250,0.110917,,,,com.apple.keylayout.ABC,variable (CGDisplayMode reports 0),false,,,,1,0,0
confirmation/paragraphs_scroll_input/metrics.csv,paint,100k paragraphs input while scrolling,,,,,8.465875,0.106792,,,,com.apple.keylayout.ABC,variable (CGDisplayMode reports 0),false,,,,1,0,0
confirmation/paragraphs_scroll_input/metrics.csv,paint,100k paragraphs input while scrolling,,,,,8.305417,0.154375,,,,com.apple.keylayout.ABC,variable (CGDisplayMode reports 0),false,,,,1,0,0
confirmation/paragraphs_scroll_input/metrics.csv,paint,100k paragraphs input while scrolling,,,,,8.391291,0.172375,,,,com.apple.keylayout.ABC,variable (CGDisplayMode reports 0),false,,,,1,0,0
confirmation/paragraphs_scroll_input/metrics.csv,paint,100k paragraphs input while scrolling,,,,,8.149250,0.123333,,,,com.apple.keylayout.ABC,variable (CGDisplayMode reports 0),false,,,,1,0,0
confirmation/paragraphs_scroll_input/metrics.csv,block_index,100k paragraphs input while scrolling,,,,,,,,,,com.apple.keylayout.ABC,variable (CGDisplayMode reports 0),false,35.793666,3100006,0,,,
confirmation/paragraphs_scroll_input/metrics.csv,paint,100k paragraphs input while scrolling,,,,,42.684375,0.542625,,,,com.apple.keylayout.ABC,variable (CGDisplayMode reports 0),false,,,,0,1,1
confirmation/paragraphs_scroll_input/metrics.csv,input,100k paragraphs input while scrolling,6,command,0.006542,38.565417,,,,,,com.apple.keylayout.ABC,variable (CGDisplayMode reports 0),false,,,,,,
confirmation/paragraphs_scroll_input/metrics.csv,paint,100k paragraphs input while scrolling,,,,,0.997834,0.111792,,,,com.apple.keylayout.ABC,variable (CGDisplayMode reports 0),false,,,,1,0,0
confirmation/paragraphs_scroll_input/metrics.csv,block_index,100k paragraphs input while scrolling,,,,,,,,,,com.apple.keylayout.ABC,variable (CGDisplayMode reports 0),false,35.998208,3100007,0,,,
confirmation/paragraphs_scroll_input/metrics.csv,paint,100k paragraphs input while scrolling,,,,,40.327750,0.665666,,,,com.apple.keylayout.ABC,variable (CGDisplayMode reports 0),false,,,,0,1,1
confirmation/paragraphs_scroll_input/metrics.csv,input,100k paragraphs input while scrolling,7,command,0.008542,38.888792,,,,,,com.apple.keylayout.ABC,variable (CGDisplayMode reports 0),false,,,,,,
confirmation/paragraphs_scroll_input/metrics.csv,paint,100k paragraphs input while scrolling,,,,,0.981500,0.115958,,,,com.apple.keylayout.ABC,variable (CGDisplayMode reports 0),false,,,,1,0,0
confirmation/paragraphs_scroll_input/metrics.csv,block_index,100k paragraphs input while scrolling,,,,,,,,,,com.apple.keylayout.ABC,variable (CGDisplayMode reports 0),false,27.406458,3100008,0,,,
confirmation/paragraphs_scroll_input/metrics.csv,paint,100k paragraphs input while scrolling,,,,,31.818333,0.514666,,,,com.apple.keylayout.ABC,variable (CGDisplayMode reports 0),false,,,,0,1,1
confirmation/paragraphs_scroll_input/metrics.csv,input,100k paragraphs input while scrolling,8,command,0.010709,29.883792,,,,,,com.apple.keylayout.ABC,variable (CGDisplayMode reports 0),false,,,,,,
confirmation/paragraphs_scroll_input/metrics.csv,block_index,100k paragraphs input while scrolling,,,,,,,,,,com.apple.keylayout.ABC,variable (CGDisplayMode reports 0),false,25.944541,3100009,0,,,
confirmation/paragraphs_scroll_input/metrics.csv,paint,100k paragraphs input while scrolling,,,,,28.769625,0.428625,,,,com.apple.keylayout.ABC,variable (CGDisplayMode reports 0),false,,,,0,1,1
confirmation/paragraphs_scroll_input/metrics.csv,input,100k paragraphs input while scrolling,9,command,0.004959,28.241667,,,,,,com.apple.keylayout.ABC,variable (CGDisplayMode reports 0),false,,,,,,
confirmation/paragraphs_scroll_input/metrics.csv,block_index,100k paragraphs input while scrolling,,,,,,,,,,com.apple.keylayout.ABC,variable (CGDisplayMode reports 0),false,25.507750,3100010,0,,,
confirmation/paragraphs_scroll_input/metrics.csv,paint,100k paragraphs input while scrolling,,,,,28.295417,0.362209,,,,com.apple.keylayout.ABC,variable (CGDisplayMode reports 0),false,,,,0,1,1
confirmation/paragraphs_scroll_input/metrics.csv,input,100k paragraphs input while scrolling,10,command,0.004291,27.757708,,,,,,com.apple.keylayout.ABC,variable (CGDisplayMode reports 0),false,,,,,,
confirmation/paragraphs_scroll_input/metrics.csv,block_index,100k paragraphs input while scrolling,,,,,,,,,,com.apple.keylayout.ABC,variable (CGDisplayMode reports 0),false,25.743000,3100011,0,,,
confirmation/paragraphs_scroll_input/metrics.csv,paint,100k paragraphs input while scrolling,,,,,28.315958,0.309209,,,,com.apple.keylayout.ABC,variable (CGDisplayMode reports 0),false,,,,0,1,1
confirmation/paragraphs_scroll_input/metrics.csv,input,100k paragraphs input while scrolling,11,command,0.003584,27.908250,,,,,,com.apple.keylayout.ABC,variable (CGDisplayMode reports 0),false,,,,,,
confirmation/paragraphs_scroll_input/metrics.csv,paint,100k paragraphs input while scrolling,,,,,4.613292,0.132459,,,,com.apple.keylayout.ABC,variable (CGDisplayMode reports 0),false,,,,1,0,0
confirmation/paragraphs_scroll_input/metrics.csv,block_index,100k paragraphs input while scrolling,,,,,,,,,,com.apple.keylayout.ABC,variable (CGDisplayMode reports 0),false,26.620750,3100012,0,,,
confirmation/paragraphs_scroll_input/metrics.csv,paint,100k paragraphs input while scrolling,,,,,29.425458,0.365916,,,,com.apple.keylayout.ABC,variable (CGDisplayMode reports 0),false,,,,0,1,1
confirmation/paragraphs_scroll_input/metrics.csv,input,100k paragraphs input while scrolling,12,command,0.004875,28.879292,,,,,,com.apple.keylayout.ABC,variable (CGDisplayMode reports 0),false,,,,,,
confirmation/paragraphs_scroll_input/metrics.csv,block_index,100k paragraphs input while scrolling,,,,,,,,,,com.apple.keylayout.ABC,variable (CGDisplayMode reports 0),false,26.365333,3100013,0,,,
confirmation/paragraphs_scroll_input/metrics.csv,paint,100k paragraphs input while scrolling,,,,,28.850875,0.301958,,,,com.apple.keylayout.ABC,variable (CGDisplayMode reports 0),false,,,,0,1,1
confirmation/paragraphs_scroll_input/metrics.csv,input,100k paragraphs input while scrolling,13,command,0.003250,28.472625,,,,,,com.apple.keylayout.ABC,variable (CGDisplayMode reports 0),false,,,,,,
confirmation/paragraphs_scroll_input/metrics.csv,block_index,100k paragraphs input while scrolling,,,,,,,,,,com.apple.keylayout.ABC,variable (CGDisplayMode reports 0),false,26.597916,3100014,0,,,
confirmation/paragraphs_scroll_input/metrics.csv,paint,100k paragraphs input while scrolling,,,,,29.135500,0.296584,,,,com.apple.keylayout.ABC,variable (CGDisplayMode reports 0),false,,,,0,1,1
confirmation/paragraphs_scroll_input/metrics.csv,input,100k paragraphs input while scrolling,14,command,0.002875,28.715292,,,,,,com.apple.keylayout.ABC,variable (CGDisplayMode reports 0),false,,,,,,
confirmation/paragraphs_scroll_input/metrics.csv,paint,100k paragraphs input while scrolling,,,,,0.712292,0.094792,,,,com.apple.keylayout.ABC,variable (CGDisplayMode reports 0),false,,,,1,0,0
confirmation/paragraphs_scroll_input/metrics.csv,block_index,100k paragraphs input while scrolling,,,,,,,,,,com.apple.keylayout.ABC,variable (CGDisplayMode reports 0),false,34.456167,3100015,0,,,
confirmation/paragraphs_scroll_input/metrics.csv,paint,100k paragraphs input while scrolling,,,,,37.190291,0.403042,,,,com.apple.keylayout.ABC,variable (CGDisplayMode reports 0),false,,,,0,1,1
confirmation/paragraphs_scroll_input/metrics.csv,input,100k paragraphs input while scrolling,15,command,0.003375,36.785333,,,,,,com.apple.keylayout.ABC,variable (CGDisplayMode reports 0),false,,,,,,
confirmation/paragraphs_scroll_input/metrics.csv,block_index,100k paragraphs input while scrolling,,,,,,,,,,com.apple.keylayout.ABC,variable (CGDisplayMode reports 0),false,29.767000,3100016,0,,,
confirmation/paragraphs_scroll_input/metrics.csv,paint,100k paragraphs input while scrolling,,,,,32.400167,0.310959,,,,com.apple.keylayout.ABC,variable (CGDisplayMode reports 0),false,,,,0,1,1
confirmation/paragraphs_scroll_input/metrics.csv,input,100k paragraphs input while scrolling,16,command,0.004792,31.918417,,,,,,com.apple.keylayout.ABC,variable (CGDisplayMode reports 0),false,,,,,,
confirmation/paragraphs_scroll_input/metrics.csv,block_index,100k paragraphs input while scrolling,,,,,,,,,,com.apple.keylayout.ABC,variable (CGDisplayMode reports 0),false,32.769916,3100017,0,,,
confirmation/paragraphs_scroll_input/metrics.csv,paint,100k paragraphs input while scrolling,,,,,35.246708,0.291417,,,,com.apple.keylayout.ABC,variable (CGDisplayMode reports 0),false,,,,0,1,1
confirmation/paragraphs_scroll_input/metrics.csv,input,100k paragraphs input while scrolling,17,command,0.004125,34.848375,,,,,,com.apple.keylayout.ABC,variable (CGDisplayMode reports 0),false,,,,,,
confirmation/paragraphs_scroll_input/metrics.csv,block_index,100k paragraphs input while scrolling,,,,,,,,,,com.apple.keylayout.ABC,variable (CGDisplayMode reports 0),false,32.013917,3100018,0,,,
confirmation/paragraphs_scroll_input/metrics.csv,paint,100k paragraphs input while scrolling,,,,,34.549667,0.300250,,,,com.apple.keylayout.ABC,variable (CGDisplayMode reports 0),false,,,,0,1,1
confirmation/paragraphs_scroll_input/metrics.csv,input,100k paragraphs input while scrolling,18,command,0.002500,34.119250,,,,,,com.apple.keylayout.ABC,variable (CGDisplayMode reports 0),false,,,,,,
confirmation/paragraphs_scroll_input/metrics.csv,block_index,100k paragraphs input while scrolling,,,,,,,,,,com.apple.keylayout.ABC,variable (CGDisplayMode reports 0),false,32.020291,3100019,0,,,
confirmation/paragraphs_scroll_input/metrics.csv,paint,100k paragraphs input while scrolling,,,,,34.513083,0.308917,,,,com.apple.keylayout.ABC,variable (CGDisplayMode reports 0),false,,,,0,1,1
confirmation/paragraphs_scroll_input/metrics.csv,input,100k paragraphs input while scrolling,19,command,0.002917,34.130500,,,,,,com.apple.keylayout.ABC,variable (CGDisplayMode reports 0),false,,,,,,
confirmation/paragraphs_scroll_input/metrics.csv,block_index,100k paragraphs input while scrolling,,,,,,,,,,com.apple.keylayout.ABC,variable (CGDisplayMode reports 0),false,32.055375,3100020,0,,,
confirmation/paragraphs_scroll_input/metrics.csv,paint,100k paragraphs input while scrolling,,,,,34.595375,0.295333,,,,com.apple.keylayout.ABC,variable (CGDisplayMode reports 0),false,,,,0,1,1
confirmation/paragraphs_scroll_input/metrics.csv,input,100k paragraphs input while scrolling,20,command,0.002833,34.252125,,,,,,com.apple.keylayout.ABC,variable (CGDisplayMode reports 0),false,,,,,,
confirmation/paragraphs_scroll_input/metrics.csv,block_index,100k paragraphs input while scrolling,,,,,,,,,,com.apple.keylayout.ABC,variable (CGDisplayMode reports 0),false,32.191084,3100021,0,,,
confirmation/paragraphs_scroll_input/metrics.csv,paint,100k paragraphs input while scrolling,,,,,34.715250,0.290875,,,,com.apple.keylayout.ABC,variable (CGDisplayMode reports 0),false,,,,0,1,1
confirmation/paragraphs_scroll_input/metrics.csv,input,100k paragraphs input while scrolling,21,command,0.002666,34.374708,,,,,,com.apple.keylayout.ABC,variable (CGDisplayMode reports 0),false,,,,,,
confirmation/paragraphs_scroll_input/metrics.csv,block_index,100k paragraphs input while scrolling,,,,,,,,,,com.apple.keylayout.ABC,variable (CGDisplayMode reports 0),false,31.569042,3100022,0,,,
confirmation/paragraphs_scroll_input/metrics.csv,paint,100k paragraphs input while scrolling,,,,,34.178375,0.313125,,,,com.apple.keylayout.ABC,variable (CGDisplayMode reports 0),false,,,,0,1,1
confirmation/paragraphs_scroll_input/metrics.csv,input,100k paragraphs input while scrolling,22,command,0.002625,33.777000,,,,,,com.apple.keylayout.ABC,variable (CGDisplayMode reports 0),false,,,,,,
confirmation/paragraphs_scroll_input/metrics.csv,block_index,100k paragraphs input while scrolling,,,,,,,,,,com.apple.keylayout.ABC,variable (CGDisplayMode reports 0),false,31.619375,3100023,0,,,
confirmation/paragraphs_scroll_input/metrics.csv,paint,100k paragraphs input while scrolling,,,,,34.314584,0.320917,,,,com.apple.keylayout.ABC,variable (CGDisplayMode reports 0),false,,,,0,1,1
confirmation/paragraphs_scroll_input/metrics.csv,input,100k paragraphs input while scrolling,23,command,0.002667,33.850209,,,,,,com.apple.keylayout.ABC,variable (CGDisplayMode reports 0),false,,,,,,
confirmation/paragraphs_scroll_input/metrics.csv,block_index,100k paragraphs input while scrolling,,,,,,,,,,com.apple.keylayout.ABC,variable (CGDisplayMode reports 0),false,31.926541,3100024,0,,,
confirmation/paragraphs_scroll_input/metrics.csv,paint,100k paragraphs input while scrolling,,,,,34.424583,0.296750,,,,com.apple.keylayout.ABC,variable (CGDisplayMode reports 0),false,,,,0,1,1
confirmation/paragraphs_scroll_input/metrics.csv,input,100k paragraphs input while scrolling,24,command,0.002542,34.033542,,,,,,com.apple.keylayout.ABC,variable (CGDisplayMode reports 0),false,,,,,,
confirmation/paragraphs_scroll_input/metrics.csv,block_index,100k paragraphs input while scrolling,,,,,,,,,,com.apple.keylayout.ABC,variable (CGDisplayMode reports 0),false,32.311750,3100025,0,,,
confirmation/paragraphs_scroll_input/metrics.csv,paint,100k paragraphs input while scrolling,,,,,34.756542,0.300541,,,,com.apple.keylayout.ABC,variable (CGDisplayMode reports 0),false,,,,0,1,1
confirmation/paragraphs_scroll_input/metrics.csv,input,100k paragraphs input while scrolling,25,command,0.002834,34.409875,,,,,,com.apple.keylayout.ABC,variable (CGDisplayMode reports 0),false,,,,,,
confirmation/paragraphs_scroll_input/metrics.csv,block_index,100k paragraphs input while scrolling,,,,,,,,,,com.apple.keylayout.ABC,variable (CGDisplayMode reports 0),false,31.344375,3100026,0,,,
confirmation/paragraphs_scroll_input/metrics.csv,paint,100k paragraphs input while scrolling,,,,,33.838083,0.306583,,,,com.apple.keylayout.ABC,variable (CGDisplayMode reports 0),false,,,,0,1,1
confirmation/paragraphs_scroll_input/metrics.csv,input,100k paragraphs input while scrolling,26,command,0.002625,33.493709,,,,,,com.apple.keylayout.ABC,variable (CGDisplayMode reports 0),false,,,,,,
confirmation/paragraphs_scroll_input/metrics.csv,block_index,100k paragraphs input while scrolling,,,,,,,,,,com.apple.keylayout.ABC,variable (CGDisplayMode reports 0),false,30.838167,3100027,0,,,
confirmation/paragraphs_scroll_input/metrics.csv,paint,100k paragraphs input while scrolling,,,,,33.426208,0.309625,,,,com.apple.keylayout.ABC,variable (CGDisplayMode reports 0),false,,,,0,1,1
confirmation/paragraphs_scroll_input/metrics.csv,input,100k paragraphs input while scrolling,27,command,0.002708,33.070333,,,,,,com.apple.keylayout.ABC,variable (CGDisplayMode reports 0),false,,,,,,
confirmation/paragraphs_scroll_input/metrics.csv,block_index,100k paragraphs input while scrolling,,,,,,,,,,com.apple.keylayout.ABC,variable (CGDisplayMode reports 0),false,32.527791,3100028,0,,,
confirmation/paragraphs_scroll_input/metrics.csv,paint,100k paragraphs input while scrolling,,,,,35.097709,0.315125,,,,com.apple.keylayout.ABC,variable (CGDisplayMode reports 0),false,,,,0,1,1
confirmation/paragraphs_scroll_input/metrics.csv,input,100k paragraphs input while scrolling,28,command,0.002875,34.706875,,,,,,com.apple.keylayout.ABC,variable (CGDisplayMode reports 0),false,,,,,,
confirmation/paragraphs_scroll_input/metrics.csv,block_index,100k paragraphs input while scrolling,,,,,,,,,,com.apple.keylayout.ABC,variable (CGDisplayMode reports 0),false,30.944875,3100029,0,,,
confirmation/paragraphs_scroll_input/metrics.csv,paint,100k paragraphs input while scrolling,,,,,33.574416,0.292500,,,,com.apple.keylayout.ABC,variable (CGDisplayMode reports 0),false,,,,0,1,1
confirmation/paragraphs_scroll_input/metrics.csv,input,100k paragraphs input while scrolling,29,command,0.002875,33.135750,,,,,,com.apple.keylayout.ABC,variable (CGDisplayMode reports 0),false,,,,,,
confirmation/paragraphs_scroll_input/metrics.csv,block_index,100k paragraphs input while scrolling,,,,,,,,,,com.apple.keylayout.ABC,variable (CGDisplayMode reports 0),false,30.995417,3100030,0,,,
confirmation/paragraphs_scroll_input/metrics.csv,paint,100k paragraphs input while scrolling,,,,,34.250375,0.295458,,,,com.apple.keylayout.ABC,variable (CGDisplayMode reports 0),false,,,,0,1,1
confirmation/paragraphs_scroll_input/metrics.csv,input,100k paragraphs input while scrolling,30,command,0.002375,33.916125,,,,,,com.apple.keylayout.ABC,variable (CGDisplayMode reports 0),false,,,,,,
confirmation/paragraphs_scroll_input/metrics.csv,block_index,100k paragraphs input while scrolling,,,,,,,,,,com.apple.keylayout.ABC,variable (CGDisplayMode reports 0),false,31.299792,3100031,0,,,
confirmation/paragraphs_scroll_input/metrics.csv,paint,100k paragraphs input while scrolling,,,,,33.801584,0.289250,,,,com.apple.keylayout.ABC,variable (CGDisplayMode reports 0),false,,,,0,1,1
confirmation/paragraphs_scroll_input/metrics.csv,input,100k paragraphs input while scrolling,31,command,0.002375,33.469500,,,,,,com.apple.keylayout.ABC,variable (CGDisplayMode reports 0),false,,,,,,
confirmation/paragraphs_scroll_input/metrics.csv,block_index,100k paragraphs input while scrolling,,,,,,,,,,com.apple.keylayout.ABC,variable (CGDisplayMode reports 0),false,30.771375,3100032,0,,,
confirmation/paragraphs_scroll_input/metrics.csv,paint,100k paragraphs input while scrolling,,,,,33.233750,0.300667,,,,com.apple.keylayout.ABC,variable (CGDisplayMode reports 0),false,,,,0,1,1
confirmation/paragraphs_scroll_input/metrics.csv,input,100k paragraphs input while scrolling,32,command,0.002667,32.901333,,,,,,com.apple.keylayout.ABC,variable (CGDisplayMode reports 0),false,,,,,,
confirmation/paragraphs_scroll_input/metrics.csv,block_index,100k paragraphs input while scrolling,,,,,,,,,,com.apple.keylayout.ABC,variable (CGDisplayMode reports 0),false,30.840000,3100033,0,,,
confirmation/paragraphs_scroll_input/metrics.csv,paint,100k paragraphs input while scrolling,,,,,33.442666,0.306708,,,,com.apple.keylayout.ABC,variable (CGDisplayMode reports 0),false,,,,0,1,1
confirmation/paragraphs_scroll_input/metrics.csv,input,100k paragraphs input while scrolling,33,command,0.003375,33.098959,,,,,,com.apple.keylayout.ABC,variable (CGDisplayMode reports 0),false,,,,,,
confirmation/paragraphs_scroll_input/metrics.csv,block_index,100k paragraphs input while scrolling,,,,,,,,,,com.apple.keylayout.ABC,variable (CGDisplayMode reports 0),false,30.678458,3100034,0,,,
confirmation/paragraphs_scroll_input/metrics.csv,paint,100k paragraphs input while scrolling,,,,,33.287875,0.317083,,,,com.apple.keylayout.ABC,variable (CGDisplayMode reports 0),false,,,,0,1,1
confirmation/paragraphs_scroll_input/metrics.csv,input,100k paragraphs input while scrolling,34,command,0.002333,32.943458,,,,,,com.apple.keylayout.ABC,variable (CGDisplayMode reports 0),false,,,,,,
confirmation/paragraphs_scroll_input/metrics.csv,block_index,100k paragraphs input while scrolling,,,,,,,,,,com.apple.keylayout.ABC,variable (CGDisplayMode reports 0),false,30.708041,3100035,0,,,
confirmation/paragraphs_scroll_input/metrics.csv,paint,100k paragraphs input while scrolling,,,,,33.277417,0.294833,,,,com.apple.keylayout.ABC,variable (CGDisplayMode reports 0),false,,,,0,1,1
confirmation/paragraphs_scroll_input/metrics.csv,input,100k paragraphs input while scrolling,35,command,0.002875,32.940958,,,,,,com.apple.keylayout.ABC,variable (CGDisplayMode reports 0),false,,,,,,
confirmation/paragraphs_scroll_input/metrics.csv,paint,100k paragraphs input while scrolling,,,,,0.714125,0.083834,,,,com.apple.keylayout.ABC,variable (CGDisplayMode reports 0),false,,,,1,0,0
confirmation/paragraphs_scroll_input/metrics.csv,paint,100k paragraphs input while scrolling,,,,,4.689625,0.126417,,,,com.apple.keylayout.ABC,variable (CGDisplayMode reports 0),false,,,,1,0,0
confirmation/paragraphs_scroll_input/metrics.csv,paint,100k paragraphs input while scrolling,,,,,6.543083,0.131500,,,,com.apple.keylayout.ABC,variable (CGDisplayMode reports 0),false,,,,1,0,0
confirmation/paragraphs_scroll_input/metrics.csv,paint,100k paragraphs input while scrolling,,,,,8.356417,0.142291,,,,com.apple.keylayout.ABC,variable (CGDisplayMode reports 0),false,,,,1,0,0
confirmation/paragraphs_scroll_input/metrics.csv,paint,100k paragraphs input while scrolling,,,,,8.352083,0.146458,,,,com.apple.keylayout.ABC,variable (CGDisplayMode reports 0),false,,,,1,0,0
confirmation/paragraphs_scroll_input/metrics.csv,paint,100k paragraphs input while scrolling,,,,,13.108250,0.182791,,,,com.apple.keylayout.ABC,variable (CGDisplayMode reports 0),false,,,,1,0,0
confirmation/paragraphs_scroll_input/metrics.csv,paint,100k paragraphs input while scrolling,,,,,13.276750,0.443958,,,,com.apple.keylayout.ABC,variable (CGDisplayMode reports 0),false,,,,0,1,1
confirmation/paragraphs_scroll_input/metrics.csv,paint,100k paragraphs input while scrolling,,,,,6.916584,0.148750,,,,com.apple.keylayout.ABC,variable (CGDisplayMode reports 0),false,,,,1,0,0
confirmation/paragraphs_scroll_input/metrics.csv,paint,100k paragraphs input while scrolling,,,,,8.284125,0.124666,,,,com.apple.keylayout.ABC,variable (CGDisplayMode reports 0),false,,,,1,0,0
confirmation/paragraphs_scroll_input/metrics.csv,paint,100k paragraphs input while scrolling,,,,,8.350375,0.126125,,,,com.apple.keylayout.ABC,variable (CGDisplayMode reports 0),false,,,,1,0,0
confirmation/paragraphs_scroll_input/metrics.csv,paint,100k paragraphs input while scrolling,,,,,11.080583,0.396875,,,,com.apple.keylayout.ABC,variable (CGDisplayMode reports 0),false,,,,0,1,1
confirmation/paragraphs_scroll_input/metrics.csv,paint,100k paragraphs input while scrolling,,,,,5.526167,0.105542,,,,com.apple.keylayout.ABC,variable (CGDisplayMode reports 0),false,,,,1,0,0
confirmation/paragraphs_scroll_input/metrics.csv,paint,100k paragraphs input while scrolling,,,,,8.364208,0.119959,,,,com.apple.keylayout.ABC,variable (CGDisplayMode reports 0),false,,,,1,0,0
confirmation/paragraphs_scroll_input/metrics.csv,paint,100k paragraphs input while scrolling,,,,,8.420792,0.145500,,,,com.apple.keylayout.ABC,variable (CGDisplayMode reports 0),false,,,,1,0,0
confirmation/paragraphs_scroll_input/metrics.csv,paint,100k paragraphs input while scrolling,,,,,8.338250,0.150833,,,,com.apple.keylayout.ABC,variable (CGDisplayMode reports 0),false,,,,1,0,0
confirmation/paragraphs_scroll_input/metrics.csv,paint,100k paragraphs input while scrolling,,,,,8.494583,0.367708,,,,com.apple.keylayout.ABC,variable (CGDisplayMode reports 0),false,,,,0,1,1
confirmation/paragraphs_scroll_input/metrics.csv,paint,100k paragraphs input while scrolling,,,,,8.068625,0.123917,,,,com.apple.keylayout.ABC,variable (CGDisplayMode reports 0),false,,,,1,0,0
confirmation/paragraphs_scroll_input/metrics.csv,paint,100k paragraphs input while scrolling,,,,,8.321250,0.113042,,,,com.apple.keylayout.ABC,variable (CGDisplayMode reports 0),false,,,,1,0,0
confirmation/paragraphs_scroll_input/metrics.csv,paint,100k paragraphs input while scrolling,,,,,8.330375,0.118833,,,,com.apple.keylayout.ABC,variable (CGDisplayMode reports 0),false,,,,1,0,0
confirmation/paragraphs_scroll_input/metrics.csv,paint,100k paragraphs input while scrolling,,,,,8.349625,0.117042,,,,com.apple.keylayout.ABC,variable (CGDisplayMode reports 0),false,,,,1,0,0
confirmation/paragraphs_scroll_input/metrics.csv,paint,100k paragraphs input while scrolling,,,,,8.346625,0.119625,,,,com.apple.keylayout.ABC,variable (CGDisplayMode reports 0),false,,,,1,0,0
confirmation/paragraphs_scroll_input/metrics.csv,paint,100k paragraphs input while scrolling,,,,,8.346958,0.118500,,,,com.apple.keylayout.ABC,variable (CGDisplayMode reports 0),false,,,,1,0,0
confirmation/paragraphs_scroll_input/metrics.csv,paint,100k paragraphs input while scrolling,,,,,8.350709,0.124250,,,,com.apple.keylayout.ABC,variable (CGDisplayMode reports 0),false,,,,1,0,0
confirmation/paragraphs_scroll_input/metrics.csv,paint,100k paragraphs input while scrolling,,,,,8.354083,0.131292,,,,com.apple.keylayout.ABC,variable (CGDisplayMode reports 0),false,,,,1,0,0
confirmation/paragraphs_scroll_input/metrics.csv,paint,100k paragraphs input while scrolling,,,,,8.329750,0.124833,,,,com.apple.keylayout.ABC,variable (CGDisplayMode reports 0),false,,,,1,0,0
confirmation/paragraphs_scroll_input/metrics.csv,paint,100k paragraphs input while scrolling,,,,,8.418708,0.135750,,,,com.apple.keylayout.ABC,variable (CGDisplayMode reports 0),false,,,,1,0,0
confirmation/paragraphs_scroll_input/metrics.csv,paint,100k paragraphs input while scrolling,,,,,8.333250,0.147041,,,,com.apple.keylayout.ABC,variable (CGDisplayMode reports 0),false,,,,1,0,0
confirmation/paragraphs_scroll_input/metrics.csv,paint,100k paragraphs input while scrolling,,,,,8.317000,0.150291,,,,com.apple.keylayout.ABC,variable (CGDisplayMode reports 0),false,,,,1,0,0
confirmation/paragraphs_scroll_input/metrics.csv,paint,100k paragraphs input while scrolling,,,,,8.379000,0.145209,,,,com.apple.keylayout.ABC,variable (CGDisplayMode reports 0),false,,,,1,0,0
confirmation/paragraphs_start/metrics.csv,memory_load,100k paragraphs input at start,,,,,,,,,75104256,com.apple.keylayout.ABC,variable (CGDisplayMode reports 0),false,,,,,,
confirmation/paragraphs_start/metrics.csv,ready,100k paragraphs input at start,,,,,,,199.393333,82.087709,86622208,com.apple.keylayout.ABC,variable (CGDisplayMode reports 0),false,,,,,,
confirmation/paragraphs_start/metrics.csv,block_index,100k paragraphs input at start,,,,,,,,,,com.apple.keylayout.ABC,variable (CGDisplayMode reports 0),false,30.693667,3100004,0,,,
confirmation/paragraphs_start/metrics.csv,paint,100k paragraphs input at start,,,,,33.552709,0.389458,,,,com.apple.keylayout.ABC,variable (CGDisplayMode reports 0),false,,,,0,1,1
confirmation/paragraphs_start/metrics.csv,input,100k paragraphs input at start,4,command,0.005125,33.055291,,,,,,com.apple.keylayout.ABC,variable (CGDisplayMode reports 0),false,,,,,,
confirmation/paragraphs_start/metrics.csv,block_index,100k paragraphs input at start,,,,,,,,,,com.apple.keylayout.ABC,variable (CGDisplayMode reports 0),false,29.125292,3100005,0,,,
confirmation/paragraphs_start/metrics.csv,paint,100k paragraphs input at start,,,,,32.057041,0.340083,,,,com.apple.keylayout.ABC,variable (CGDisplayMode reports 0),false,,,,0,1,1
confirmation/paragraphs_start/metrics.csv,input,100k paragraphs input at start,5,command,0.004584,31.375667,,,,,,com.apple.keylayout.ABC,variable (CGDisplayMode reports 0),false,,,,,,
confirmation/paragraphs_start/metrics.csv,paint,100k paragraphs input at start,,,,,51.614125,0.159667,,,,com.apple.keylayout.ABC,variable (CGDisplayMode reports 0),false,,,,1,0,0
confirmation/paragraphs_start/metrics.csv,paint,100k paragraphs input at start,,,,,41.936834,0.424792,,,,com.apple.keylayout.ABC,variable (CGDisplayMode reports 0),false,,,,0,1,1
confirmation/paragraphs_start/metrics.csv,paint,100k paragraphs input at start,,,,,26.511833,0.201333,,,,com.apple.keylayout.ABC,variable (CGDisplayMode reports 0),false,,,,0,1,1
confirmation/paragraphs_start/metrics.csv,paint,100k paragraphs input at start,,,,,39.834375,0.182625,,,,com.apple.keylayout.ABC,variable (CGDisplayMode reports 0),false,,,,0,1,1
confirmation/paragraphs_start/metrics.csv,block_index,100k paragraphs input at start,,,,,,,,,,com.apple.keylayout.ABC,variable (CGDisplayMode reports 0),false,38.081709,3100006,0,,,
confirmation/paragraphs_start/metrics.csv,paint,100k paragraphs input at start,,,,,321.963125,0.453000,,,,com.apple.keylayout.ABC,variable (CGDisplayMode reports 0),false,,,,0,1,1
confirmation/paragraphs_start/metrics.csv,input,100k paragraphs input at start,6,command,0.008541,41.066000,,,,,,com.apple.keylayout.ABC,variable (CGDisplayMode reports 0),false,,,,,,
confirmation/paragraphs_start/metrics.csv,block_index,100k paragraphs input at start,,,,,,,,,,com.apple.keylayout.ABC,variable (CGDisplayMode reports 0),false,28.770625,3100007,0,,,
confirmation/paragraphs_start/metrics.csv,paint,100k paragraphs input at start,,,,,31.817958,0.390208,,,,com.apple.keylayout.ABC,variable (CGDisplayMode reports 0),false,,,,0,1,1
confirmation/paragraphs_start/metrics.csv,input,100k paragraphs input at start,7,command,0.007000,31.159083,,,,,,com.apple.keylayout.ABC,variable (CGDisplayMode reports 0),false,,,,,,
confirmation/paragraphs_start/metrics.csv,block_index,100k paragraphs input at start,,,,,,,,,,com.apple.keylayout.ABC,variable (CGDisplayMode reports 0),false,26.923125,3100008,0,,,
confirmation/paragraphs_start/metrics.csv,paint,100k paragraphs input at start,,,,,30.107334,0.451166,,,,com.apple.keylayout.ABC,variable (CGDisplayMode reports 0),false,,,,0,1,1
confirmation/paragraphs_start/metrics.csv,input,100k paragraphs input at start,8,command,0.004417,29.492250,,,,,,com.apple.keylayout.ABC,variable (CGDisplayMode reports 0),false,,,,,,
confirmation/paragraphs_start/metrics.csv,block_index,100k paragraphs input at start,,,,,,,,,,com.apple.keylayout.ABC,variable (CGDisplayMode reports 0),false,26.212125,3100009,0,,,
confirmation/paragraphs_start/metrics.csv,paint,100k paragraphs input at start,,,,,29.258291,0.361667,,,,com.apple.keylayout.ABC,variable (CGDisplayMode reports 0),false,,,,0,1,1
confirmation/paragraphs_start/metrics.csv,input,100k paragraphs input at start,9,command,0.005417,28.664250,,,,,,com.apple.keylayout.ABC,variable (CGDisplayMode reports 0),false,,,,,,
confirmation/paragraphs_start/metrics.csv,block_index,100k paragraphs input at start,,,,,,,,,,com.apple.keylayout.ABC,variable (CGDisplayMode reports 0),false,26.113209,3100010,0,,,
confirmation/paragraphs_start/metrics.csv,paint,100k paragraphs input at start,,,,,28.710000,0.320792,,,,com.apple.keylayout.ABC,variable (CGDisplayMode reports 0),false,,,,0,1,1
confirmation/paragraphs_start/metrics.csv,input,100k paragraphs input at start,10,command,0.003500,28.280542,,,,,,com.apple.keylayout.ABC,variable (CGDisplayMode reports 0),false,,,,,,
confirmation/paragraphs_start/metrics.csv,block_index,100k paragraphs input at start,,,,,,,,,,com.apple.keylayout.ABC,variable (CGDisplayMode reports 0),false,25.884500,3100011,0,,,
confirmation/paragraphs_start/metrics.csv,paint,100k paragraphs input at start,,,,,28.449959,0.302000,,,,com.apple.keylayout.ABC,variable (CGDisplayMode reports 0),false,,,,0,1,1
confirmation/paragraphs_start/metrics.csv,input,100k paragraphs input at start,11,command,0.003167,27.987917,,,,,,com.apple.keylayout.ABC,variable (CGDisplayMode reports 0),false,,,,,,
confirmation/paragraphs_start/metrics.csv,block_index,100k paragraphs input at start,,,,,,,,,,com.apple.keylayout.ABC,variable (CGDisplayMode reports 0),false,26.167958,3100012,0,,,
confirmation/paragraphs_start/metrics.csv,paint,100k paragraphs input at start,,,,,28.668583,0.315583,,,,com.apple.keylayout.ABC,variable (CGDisplayMode reports 0),false,,,,0,1,1
confirmation/paragraphs_start/metrics.csv,input,100k paragraphs input at start,12,command,0.002791,28.310833,,,,,,com.apple.keylayout.ABC,variable (CGDisplayMode reports 0),false,,,,,,
confirmation/paragraphs_start/metrics.csv,block_index,100k paragraphs input at start,,,,,,,,,,com.apple.keylayout.ABC,variable (CGDisplayMode reports 0),false,25.828083,3100013,0,,,
confirmation/paragraphs_start/metrics.csv,paint,100k paragraphs input at start,,,,,28.355583,0.298666,,,,com.apple.keylayout.ABC,variable (CGDisplayMode reports 0),false,,,,0,1,1
confirmation/paragraphs_start/metrics.csv,input,100k paragraphs input at start,13,command,0.002667,27.930167,,,,,,com.apple.keylayout.ABC,variable (CGDisplayMode reports 0),false,,,,,,
confirmation/paragraphs_start/metrics.csv,block_index,100k paragraphs input at start,,,,,,,,,,com.apple.keylayout.ABC,variable (CGDisplayMode reports 0),false,25.904000,3100014,0,,,
confirmation/paragraphs_start/metrics.csv,paint,100k paragraphs input at start,,,,,28.482334,0.292125,,,,com.apple.keylayout.ABC,variable (CGDisplayMode reports 0),false,,,,0,1,1
confirmation/paragraphs_start/metrics.csv,input,100k paragraphs input at start,14,command,0.002416,28.105083,,,,,,com.apple.keylayout.ABC,variable (CGDisplayMode reports 0),false,,,,,,
confirmation/paragraphs_start/metrics.csv,block_index,100k paragraphs input at start,,,,,,,,,,com.apple.keylayout.ABC,variable (CGDisplayMode reports 0),false,26.422458,3100015,0,,,
confirmation/paragraphs_start/metrics.csv,paint,100k paragraphs input at start,,,,,28.914375,0.286791,,,,com.apple.keylayout.ABC,variable (CGDisplayMode reports 0),false,,,,0,1,1
confirmation/paragraphs_start/metrics.csv,input,100k paragraphs input at start,15,command,0.002709,28.470834,,,,,,com.apple.keylayout.ABC,variable (CGDisplayMode reports 0),false,,,,,,
confirmation/paragraphs_start/metrics.csv,block_index,100k paragraphs input at start,,,,,,,,,,com.apple.keylayout.ABC,variable (CGDisplayMode reports 0),false,25.637250,3100016,0,,,
confirmation/paragraphs_start/metrics.csv,paint,100k paragraphs input at start,,,,,28.137166,0.313917,,,,com.apple.keylayout.ABC,variable (CGDisplayMode reports 0),false,,,,0,1,1
confirmation/paragraphs_start/metrics.csv,input,100k paragraphs input at start,16,command,0.002625,27.736250,,,,,,com.apple.keylayout.ABC,variable (CGDisplayMode reports 0),false,,,,,,
confirmation/paragraphs_start/metrics.csv,block_index,100k paragraphs input at start,,,,,,,,,,com.apple.keylayout.ABC,variable (CGDisplayMode reports 0),false,25.855333,3100017,0,,,
confirmation/paragraphs_start/metrics.csv,paint,100k paragraphs input at start,,,,,28.272750,0.283500,,,,com.apple.keylayout.ABC,variable (CGDisplayMode reports 0),false,,,,0,1,1
confirmation/paragraphs_start/metrics.csv,input,100k paragraphs input at start,17,command,0.002792,27.920000,,,,,,com.apple.keylayout.ABC,variable (CGDisplayMode reports 0),false,,,,,,
confirmation/paragraphs_start/metrics.csv,block_index,100k paragraphs input at start,,,,,,,,,,com.apple.keylayout.ABC,variable (CGDisplayMode reports 0),false,31.017333,3100018,0,,,
confirmation/paragraphs_start/metrics.csv,paint,100k paragraphs input at start,,,,,33.566459,0.317333,,,,com.apple.keylayout.ABC,variable (CGDisplayMode reports 0),false,,,,0,1,1
confirmation/paragraphs_start/metrics.csv,input,100k paragraphs input at start,18,command,0.002334,33.165959,,,,,,com.apple.keylayout.ABC,variable (CGDisplayMode reports 0),false,,,,,,
confirmation/paragraphs_start/metrics.csv,block_index,100k paragraphs input at start,,,,,,,,,,com.apple.keylayout.ABC,variable (CGDisplayMode reports 0),false,28.959625,3100019,0,,,
confirmation/paragraphs_start/metrics.csv,paint,100k paragraphs input at start,,,,,31.375666,0.288500,,,,com.apple.keylayout.ABC,variable (CGDisplayMode reports 0),false,,,,0,1,1
confirmation/paragraphs_start/metrics.csv,input,100k paragraphs input at start,19,command,0.003541,31.004041,,,,,,com.apple.keylayout.ABC,variable (CGDisplayMode reports 0),false,,,,,,
confirmation/paragraphs_start/metrics.csv,block_index,100k paragraphs input at start,,,,,,,,,,com.apple.keylayout.ABC,variable (CGDisplayMode reports 0),false,26.610833,3100020,0,,,
confirmation/paragraphs_start/metrics.csv,paint,100k paragraphs input at start,,,,,28.935417,0.280125,,,,com.apple.keylayout.ABC,variable (CGDisplayMode reports 0),false,,,,0,1,1
confirmation/paragraphs_start/metrics.csv,input,100k paragraphs input at start,20,command,0.002458,28.583292,,,,,,com.apple.keylayout.ABC,variable (CGDisplayMode reports 0),false,,,,,,
confirmation/paragraphs_start/metrics.csv,block_index,100k paragraphs input at start,,,,,,,,,,com.apple.keylayout.ABC,variable (CGDisplayMode reports 0),false,32.726959,3100021,0,,,
confirmation/paragraphs_start/metrics.csv,paint,100k paragraphs input at start,,,,,36.697125,0.307125,,,,com.apple.keylayout.ABC,variable (CGDisplayMode reports 0),false,,,,0,1,1
confirmation/paragraphs_start/metrics.csv,input,100k paragraphs input at start,21,command,0.003667,35.006500,,,,,,com.apple.keylayout.ABC,variable (CGDisplayMode reports 0),false,,,,,,
confirmation/paragraphs_start/metrics.csv,block_index,100k paragraphs input at start,,,,,,,,,,com.apple.keylayout.ABC,variable (CGDisplayMode reports 0),false,26.876250,3100022,0,,,
confirmation/paragraphs_start/metrics.csv,paint,100k paragraphs input at start,,,,,29.326667,0.303125,,,,com.apple.keylayout.ABC,variable (CGDisplayMode reports 0),false,,,,0,1,1
confirmation/paragraphs_start/metrics.csv,input,100k paragraphs input at start,22,command,0.003125,28.905667,,,,,,com.apple.keylayout.ABC,variable (CGDisplayMode reports 0),false,,,,,,
confirmation/paragraphs_start/metrics.csv,block_index,100k paragraphs input at start,,,,,,,,,,com.apple.keylayout.ABC,variable (CGDisplayMode reports 0),false,27.286458,3100023,0,,,
confirmation/paragraphs_start/metrics.csv,paint,100k paragraphs input at start,,,,,29.763166,0.291833,,,,com.apple.keylayout.ABC,variable (CGDisplayMode reports 0),false,,,,0,1,1
confirmation/paragraphs_start/metrics.csv,input,100k paragraphs input at start,23,command,0.002375,29.383625,,,,,,com.apple.keylayout.ABC,variable (CGDisplayMode reports 0),false,,,,,,
confirmation/paragraphs_start/metrics.csv,block_index,100k paragraphs input at start,,,,,,,,,,com.apple.keylayout.ABC,variable (CGDisplayMode reports 0),false,26.288875,3100024,0,,,
confirmation/paragraphs_start/metrics.csv,paint,100k paragraphs input at start,,,,,28.701209,0.280416,,,,com.apple.keylayout.ABC,variable (CGDisplayMode reports 0),false,,,,0,1,1
confirmation/paragraphs_start/metrics.csv,input,100k paragraphs input at start,24,command,0.002792,28.360584,,,,,,com.apple.keylayout.ABC,variable (CGDisplayMode reports 0),false,,,,,,
confirmation/paragraphs_start/metrics.csv,paint,100k paragraphs input at start,,,,,8.580208,0.119125,,,,com.apple.keylayout.ABC,variable (CGDisplayMode reports 0),false,,,,1,0,0
confirmation/paragraphs_start/metrics.csv,block_index,100k paragraphs input at start,,,,,,,,,,com.apple.keylayout.ABC,variable (CGDisplayMode reports 0),false,27.227416,3100025,0,,,
confirmation/paragraphs_start/metrics.csv,paint,100k paragraphs input at start,,,,,30.502167,0.362667,,,,com.apple.keylayout.ABC,variable (CGDisplayMode reports 0),false,,,,0,1,1
confirmation/paragraphs_start/metrics.csv,input,100k paragraphs input at start,25,command,0.004458,30.265375,,,,,,com.apple.keylayout.ABC,variable (CGDisplayMode reports 0),false,,,,,,
confirmation/paragraphs_start/metrics.csv,block_index,100k paragraphs input at start,,,,,,,,,,com.apple.keylayout.ABC,variable (CGDisplayMode reports 0),false,30.049417,3100026,0,,,
confirmation/paragraphs_start/metrics.csv,paint,100k paragraphs input at start,,,,,33.505375,0.302333,,,,com.apple.keylayout.ABC,variable (CGDisplayMode reports 0),false,,,,0,1,1
confirmation/paragraphs_start/metrics.csv,input,100k paragraphs input at start,26,command,0.002459,33.156584,,,,,,com.apple.keylayout.ABC,variable (CGDisplayMode reports 0),false,,,,,,
confirmation/paragraphs_start/metrics.csv,block_index,100k paragraphs input at start,,,,,,,,,,com.apple.keylayout.ABC,variable (CGDisplayMode reports 0),false,30.188834,3100027,0,,,
confirmation/paragraphs_start/metrics.csv,paint,100k paragraphs input at start,,,,,32.996833,0.298083,,,,com.apple.keylayout.ABC,variable (CGDisplayMode reports 0),false,,,,0,1,1
confirmation/paragraphs_start/metrics.csv,input,100k paragraphs input at start,27,command,0.002458,32.630208,,,,,,com.apple.keylayout.ABC,variable (CGDisplayMode reports 0),false,,,,,,
confirmation/paragraphs_start/metrics.csv,block_index,100k paragraphs input at start,,,,,,,,,,com.apple.keylayout.ABC,variable (CGDisplayMode reports 0),false,31.122375,3100028,0,,,
confirmation/paragraphs_start/metrics.csv,paint,100k paragraphs input at start,,,,,34.156792,0.297875,,,,com.apple.keylayout.ABC,variable (CGDisplayMode reports 0),false,,,,0,1,1
confirmation/paragraphs_start/metrics.csv,input,100k paragraphs input at start,28,command,0.002375,33.817208,,,,,,com.apple.keylayout.ABC,variable (CGDisplayMode reports 0),false,,,,,,
confirmation/paragraphs_start/metrics.csv,block_index,100k paragraphs input at start,,,,,,,,,,com.apple.keylayout.ABC,variable (CGDisplayMode reports 0),false,26.505000,3100029,0,,,
confirmation/paragraphs_start/metrics.csv,paint,100k paragraphs input at start,,,,,29.580291,0.295625,,,,com.apple.keylayout.ABC,variable (CGDisplayMode reports 0),false,,,,0,1,1
confirmation/paragraphs_start/metrics.csv,input,100k paragraphs input at start,29,command,0.002208,29.200000,,,,,,com.apple.keylayout.ABC,variable (CGDisplayMode reports 0),false,,,,,,
confirmation/paragraphs_start/metrics.csv,block_index,100k paragraphs input at start,,,,,,,,,,com.apple.keylayout.ABC,variable (CGDisplayMode reports 0),false,32.036167,3100030,0,,,
confirmation/paragraphs_start/metrics.csv,paint,100k paragraphs input at start,,,,,34.960125,0.304958,,,,com.apple.keylayout.ABC,variable (CGDisplayMode reports 0),false,,,,0,1,1
confirmation/paragraphs_start/metrics.csv,input,100k paragraphs input at start,30,command,0.002584,34.524500,,,,,,com.apple.keylayout.ABC,variable (CGDisplayMode reports 0),false,,,,,,
confirmation/paragraphs_start/metrics.csv,block_index,100k paragraphs input at start,,,,,,,,,,com.apple.keylayout.ABC,variable (CGDisplayMode reports 0),false,27.234625,3100031,0,,,
confirmation/paragraphs_start/metrics.csv,paint,100k paragraphs input at start,,,,,30.968125,0.283291,,,,com.apple.keylayout.ABC,variable (CGDisplayMode reports 0),false,,,,0,1,1
confirmation/paragraphs_start/metrics.csv,input,100k paragraphs input at start,31,command,0.002541,30.635791,,,,,,com.apple.keylayout.ABC,variable (CGDisplayMode reports 0),false,,,,,,
confirmation/paragraphs_start/metrics.csv,block_index,100k paragraphs input at start,,,,,,,,,,com.apple.keylayout.ABC,variable (CGDisplayMode reports 0),false,25.932417,3100032,0,,,
confirmation/paragraphs_start/metrics.csv,paint,100k paragraphs input at start,,,,,29.024209,0.278166,,,,com.apple.keylayout.ABC,variable (CGDisplayMode reports 0),false,,,,0,1,1
confirmation/paragraphs_start/metrics.csv,input,100k paragraphs input at start,32,command,0.002458,28.696708,,,,,,com.apple.keylayout.ABC,variable (CGDisplayMode reports 0),false,,,,,,
confirmation/paragraphs_start/metrics.csv,block_index,100k paragraphs input at start,,,,,,,,,,com.apple.keylayout.ABC,variable (CGDisplayMode reports 0),false,25.556250,3100033,0,,,
confirmation/paragraphs_start/metrics.csv,paint,100k paragraphs input at start,,,,,28.714958,0.291666,,,,com.apple.keylayout.ABC,variable (CGDisplayMode reports 0),false,,,,0,1,1
confirmation/paragraphs_start/metrics.csv,input,100k paragraphs input at start,33,command,0.003375,28.382250,,,,,,com.apple.keylayout.ABC,variable (CGDisplayMode reports 0),false,,,,,,
confirmation/paragraphs_start/metrics.csv,block_index,100k paragraphs input at start,,,,,,,,,,com.apple.keylayout.ABC,variable (CGDisplayMode reports 0),false,25.547166,3100034,0,,,
confirmation/paragraphs_start/metrics.csv,paint,100k paragraphs input at start,,,,,28.683542,0.282625,,,,com.apple.keylayout.ABC,variable (CGDisplayMode reports 0),false,,,,0,1,1
confirmation/paragraphs_start/metrics.csv,input,100k paragraphs input at start,34,command,0.002125,28.347875,,,,,,com.apple.keylayout.ABC,variable (CGDisplayMode reports 0),false,,,,,,
confirmation/paragraphs_start/metrics.csv,block_index,100k paragraphs input at start,,,,,,,,,,com.apple.keylayout.ABC,variable (CGDisplayMode reports 0),false,25.144417,3100035,0,,,
confirmation/paragraphs_start/metrics.csv,paint,100k paragraphs input at start,,,,,28.258083,0.285334,,,,com.apple.keylayout.ABC,variable (CGDisplayMode reports 0),false,,,,0,1,1
confirmation/paragraphs_start/metrics.csv,input,100k paragraphs input at start,35,command,0.002250,27.933708,,,,,,com.apple.keylayout.ABC,variable (CGDisplayMode reports 0),false,,,,,,
confirmation/paragraphs_start/metrics.csv,paint,100k paragraphs input at start,,,,,48.915458,0.157375,,,,com.apple.keylayout.ABC,variable (CGDisplayMode reports 0),false,,,,1,0,0
confirmation/paragraphs_start/metrics.csv,paint,100k paragraphs input at start,,,,,41.864667,0.382833,,,,com.apple.keylayout.ABC,variable (CGDisplayMode reports 0),false,,,,0,1,1
confirmation/paragraphs_start/metrics.csv,paint,100k paragraphs input at start,,,,,38.532792,0.205000,,,,com.apple.keylayout.ABC,variable (CGDisplayMode reports 0),false,,,,0,1,1
confirmation/paragraphs_start/metrics.csv,paint,100k paragraphs input at start,,,,,44.658375,0.203708,,,,com.apple.keylayout.ABC,variable (CGDisplayMode reports 0),false,,,,0,1,1
confirmation/scroll/metrics.csv,memory_load,100 MB scroll only,,,,,,,,,349716480,com.apple.keylayout.ABC,variable (CGDisplayMode reports 0),false,,,,,,
confirmation/scroll/metrics.csv,ready,100 MB scroll only,,,,,,,365.144459,233.241792,383598592,com.apple.keylayout.ABC,variable (CGDisplayMode reports 0),false,,,,,,
confirmation/scroll/metrics.csv,paint,100 MB scroll only,,,,,8.448375,0.206500,,,,com.apple.keylayout.ABC,variable (CGDisplayMode reports 0),false,,,,18,0,0
confirmation/scroll/metrics.csv,paint,100 MB scroll only,,,,,8.263166,0.183084,,,,com.apple.keylayout.ABC,variable (CGDisplayMode reports 0),false,,,,18,0,0
confirmation/scroll/metrics.csv,paint,100 MB scroll only,,,,,8.306167,0.173625,,,,com.apple.keylayout.ABC,variable (CGDisplayMode reports 0),false,,,,18,0,0
confirmation/scroll/metrics.csv,paint,100 MB scroll only,,,,,8.343583,0.177833,,,,com.apple.keylayout.ABC,variable (CGDisplayMode reports 0),false,,,,18,0,0
confirmation/scroll/metrics.csv,paint,100 MB scroll only,,,,,8.329625,0.180166,,,,com.apple.keylayout.ABC,variable (CGDisplayMode reports 0),false,,,,18,0,0
confirmation/scroll/metrics.csv,paint,100 MB scroll only,,,,,8.327167,0.169375,,,,com.apple.keylayout.ABC,variable (CGDisplayMode reports 0),false,,,,18,0,0
confirmation/scroll/metrics.csv,paint,100 MB scroll only,,,,,8.327458,0.168833,,,,com.apple.keylayout.ABC,variable (CGDisplayMode reports 0),false,,,,18,0,0
confirmation/scroll/metrics.csv,paint,100 MB scroll only,,,,,8.466959,0.218541,,,,com.apple.keylayout.ABC,variable (CGDisplayMode reports 0),false,,,,18,0,0
confirmation/scroll/metrics.csv,paint,100 MB scroll only,,,,,8.226750,0.179208,,,,com.apple.keylayout.ABC,variable (CGDisplayMode reports 0),false,,,,18,0,0
confirmation/scroll/metrics.csv,paint,100 MB scroll only,,,,,8.273833,0.153708,,,,com.apple.keylayout.ABC,variable (CGDisplayMode reports 0),false,,,,18,0,0
confirmation/scroll/metrics.csv,paint,100 MB scroll only,,,,,8.411833,0.185292,,,,com.apple.keylayout.ABC,variable (CGDisplayMode reports 0),false,,,,18,0,0
confirmation/scroll/metrics.csv,paint,100 MB scroll only,,,,,8.337375,0.187459,,,,com.apple.keylayout.ABC,variable (CGDisplayMode reports 0),false,,,,18,0,0
confirmation/scroll/metrics.csv,paint,100 MB scroll only,,,,,7.947500,0.205417,,,,com.apple.keylayout.ABC,variable (CGDisplayMode reports 0),false,,,,18,0,0
confirmation/scroll/metrics.csv,paint,100 MB scroll only,,,,,8.739750,0.176250,,,,com.apple.keylayout.ABC,variable (CGDisplayMode reports 0),false,,,,18,0,0
confirmation/scroll/metrics.csv,paint,100 MB scroll only,,,,,7.647750,0.193583,,,,com.apple.keylayout.ABC,variable (CGDisplayMode reports 0),false,,,,18,0,0
confirmation/scroll/metrics.csv,paint,100 MB scroll only,,,,,9.033792,0.173041,,,,com.apple.keylayout.ABC,variable (CGDisplayMode reports 0),false,,,,18,0,0
confirmation/scroll/metrics.csv,paint,100 MB scroll only,,,,,8.262792,0.177584,,,,com.apple.keylayout.ABC,variable (CGDisplayMode reports 0),false,,,,18,0,0
confirmation/scroll/metrics.csv,paint,100 MB scroll only,,,,,8.316750,0.171125,,,,com.apple.keylayout.ABC,variable (CGDisplayMode reports 0),false,,,,18,0,0
confirmation/scroll/metrics.csv,paint,100 MB scroll only,,,,,8.341375,0.170917,,,,com.apple.keylayout.ABC,variable (CGDisplayMode reports 0),false,,,,18,0,0
confirmation/scroll/metrics.csv,paint,100 MB scroll only,,,,,8.324416,0.171292,,,,com.apple.keylayout.ABC,variable (CGDisplayMode reports 0),false,,,,18,0,0
confirmation/scroll/metrics.csv,paint,100 MB scroll only,,,,,7.622667,0.212917,,,,com.apple.keylayout.ABC,variable (CGDisplayMode reports 0),false,,,,18,0,0
confirmation/scroll/metrics.csv,paint,100 MB scroll only,,,,,9.224208,0.201417,,,,com.apple.keylayout.ABC,variable (CGDisplayMode reports 0),false,,,,18,0,0
confirmation/scroll/metrics.csv,paint,100 MB scroll only,,,,,8.275834,0.202541,,,,com.apple.keylayout.ABC,variable (CGDisplayMode reports 0),false,,,,18,0,0
confirmation/scroll/metrics.csv,paint,100 MB scroll only,,,,,8.225125,0.172375,,,,com.apple.keylayout.ABC,variable (CGDisplayMode reports 0),false,,,,18,0,0
confirmation/scroll/metrics.csv,paint,100 MB scroll only,,,,,8.297500,0.159583,,,,com.apple.keylayout.ABC,variable (CGDisplayMode reports 0),false,,,,18,0,0
confirmation/scroll/metrics.csv,paint,100 MB scroll only,,,,,8.490833,0.212125,,,,com.apple.keylayout.ABC,variable (CGDisplayMode reports 0),false,,,,18,0,0
confirmation/scroll/metrics.csv,paint,100 MB scroll only,,,,,8.303500,0.205875,,,,com.apple.keylayout.ABC,variable (CGDisplayMode reports 0),false,,,,18,0,0
confirmation/scroll/metrics.csv,paint,100 MB scroll only,,,,,8.468750,0.242334,,,,com.apple.keylayout.ABC,variable (CGDisplayMode reports 0),false,,,,18,0,0
confirmation/scroll/metrics.csv,paint,100 MB scroll only,,,,,8.299375,0.236250,,,,com.apple.keylayout.ABC,variable (CGDisplayMode reports 0),false,,,,18,0,0
confirmation/scroll/metrics.csv,paint,100 MB scroll only,,,,,7.404750,0.235417,,,,com.apple.keylayout.ABC,variable (CGDisplayMode reports 0),false,,,,18,0,0
confirmation/scroll/metrics.csv,paint,100 MB scroll only,,,,,9.271125,0.225958,,,,com.apple.keylayout.ABC,variable (CGDisplayMode reports 0),false,,,,18,0,0
confirmation/scroll/metrics.csv,paint,100 MB scroll only,,,,,8.209542,0.197375,,,,com.apple.keylayout.ABC,variable (CGDisplayMode reports 0),false,,,,18,0,0
confirmation/scroll/metrics.csv,paint,100 MB scroll only,,,,,8.383458,0.214542,,,,com.apple.keylayout.ABC,variable (CGDisplayMode reports 0),false,,,,18,0,0
confirmation/scroll/metrics.csv,paint,100 MB scroll only,,,,,8.204083,0.172959,,,,com.apple.keylayout.ABC,variable (CGDisplayMode reports 0),false,,,,18,0,0
confirmation/scroll/metrics.csv,paint,100 MB scroll only,,,,,8.318917,0.164209,,,,com.apple.keylayout.ABC,variable (CGDisplayMode reports 0),false,,,,18,0,0
confirmation/scroll/metrics.csv,paint,100 MB scroll only,,,,,8.292958,0.151458,,,,com.apple.keylayout.ABC,variable (CGDisplayMode reports 0),false,,,,18,0,0
confirmation/scroll/metrics.csv,paint,100 MB scroll only,,,,,8.332417,0.150917,,,,com.apple.keylayout.ABC,variable (CGDisplayMode reports 0),false,,,,18,0,0
confirmation/scroll/metrics.csv,paint,100 MB scroll only,,,,,8.278500,0.131417,,,,com.apple.keylayout.ABC,variable (CGDisplayMode reports 0),false,,,,18,0,0
confirmation/scroll/metrics.csv,paint,100 MB scroll only,,,,,8.314250,0.123375,,,,com.apple.keylayout.ABC,variable (CGDisplayMode reports 0),false,,,,18,0,0
confirmation/scroll/metrics.csv,paint,100 MB scroll only,,,,,8.334792,0.123833,,,,com.apple.keylayout.ABC,variable (CGDisplayMode reports 0),false,,,,18,0,0
confirmation/scroll/metrics.csv,paint,100 MB scroll only,,,,,8.007333,0.122792,,,,com.apple.keylayout.ABC,variable (CGDisplayMode reports 0),false,,,,18,0,0
confirmation/scroll/metrics.csv,paint,100 MB scroll only,,,,,8.692083,0.123750,,,,com.apple.keylayout.ABC,variable (CGDisplayMode reports 0),false,,,,18,0,0
confirmation/scroll/metrics.csv,paint,100 MB scroll only,,,,,8.281209,0.118208,,,,com.apple.keylayout.ABC,variable (CGDisplayMode reports 0),false,,,,18,0,0
confirmation/scroll/metrics.csv,paint,100 MB scroll only,,,,,8.339166,0.119625,,,,com.apple.keylayout.ABC,variable (CGDisplayMode reports 0),false,,,,18,0,0
confirmation/scroll/metrics.csv,paint,100 MB scroll only,,,,,8.329792,0.116333,,,,com.apple.keylayout.ABC,variable (CGDisplayMode reports 0),false,,,,18,0,0
confirmation/scroll/metrics.csv,paint,100 MB scroll only,,,,,8.330792,0.115208,,,,com.apple.keylayout.ABC,variable (CGDisplayMode reports 0),false,,,,18,0,0
confirmation/scroll/metrics.csv,paint,100 MB scroll only,,,,,8.335458,0.117083,,,,com.apple.keylayout.ABC,variable (CGDisplayMode reports 0),false,,,,18,0,0
confirmation/scroll/metrics.csv,paint,100 MB scroll only,,,,,8.439208,0.161042,,,,com.apple.keylayout.ABC,variable (CGDisplayMode reports 0),false,,,,18,0,0
confirmation/scroll/metrics.csv,paint,100 MB scroll only,,,,,8.355000,0.168750,,,,com.apple.keylayout.ABC,variable (CGDisplayMode reports 0),false,,,,18,0,0
confirmation/scroll/metrics.csv,paint,100 MB scroll only,,,,,8.337959,0.172791,,,,com.apple.keylayout.ABC,variable (CGDisplayMode reports 0),false,,,,18,0,0
confirmation/scroll/metrics.csv,paint,100 MB scroll only,,,,,8.246125,0.136916,,,,com.apple.keylayout.ABC,variable (CGDisplayMode reports 0),false,,,,18,0,0
confirmation/scroll/metrics.csv,paint,100 MB scroll only,,,,,8.330625,0.132625,,,,com.apple.keylayout.ABC,variable (CGDisplayMode reports 0),false,,,,18,0,0
confirmation/scroll/metrics.csv,paint,100 MB scroll only,,,,,8.321458,0.125625,,,,com.apple.keylayout.ABC,variable (CGDisplayMode reports 0),false,,,,18,0,0
confirmation/scroll/metrics.csv,paint,100 MB scroll only,,,,,8.354167,0.137666,,,,com.apple.keylayout.ABC,variable (CGDisplayMode reports 0),false,,,,18,0,0
confirmation/scroll/metrics.csv,paint,100 MB scroll only,,,,,8.402000,0.167500,,,,com.apple.keylayout.ABC,variable (CGDisplayMode reports 0),false,,,,18,0,0
confirmation/scroll/metrics.csv,paint,100 MB scroll only,,,,,8.362500,0.171416,,,,com.apple.keylayout.ABC,variable (CGDisplayMode reports 0),false,,,,18,0,0
confirmation/scroll/metrics.csv,paint,100 MB scroll only,,,,,7.642333,0.185417,,,,com.apple.keylayout.ABC,variable (CGDisplayMode reports 0),false,,,,18,0,0
confirmation/scroll/metrics.csv,paint,100 MB scroll only,,,,,9.162958,0.198083,,,,com.apple.keylayout.ABC,variable (CGDisplayMode reports 0),false,,,,18,0,0
confirmation/scroll/metrics.csv,paint,100 MB scroll only,,,,,8.182917,0.177542,,,,com.apple.keylayout.ABC,variable (CGDisplayMode reports 0),false,,,,18,0,0
confirmation/scroll/metrics.csv,paint,100 MB scroll only,,,,,8.315083,0.164250,,,,com.apple.keylayout.ABC,variable (CGDisplayMode reports 0),false,,,,18,0,0
confirmation/scroll/metrics.csv,paint,100 MB scroll only,,,,,8.323250,0.162917,,,,com.apple.keylayout.ABC,variable (CGDisplayMode reports 0),false,,,,18,0,0
confirmation/scroll/metrics.csv,paint,100 MB scroll only,,,,,8.313500,0.155959,,,,com.apple.keylayout.ABC,variable (CGDisplayMode reports 0),false,,,,18,0,0
confirmation/scroll/metrics.csv,paint,100 MB scroll only,,,,,8.336750,0.155666,,,,com.apple.keylayout.ABC,variable (CGDisplayMode reports 0),false,,,,18,0,0
confirmation/scroll/metrics.csv,paint,100 MB scroll only,,,,,8.333000,0.156000,,,,com.apple.keylayout.ABC,variable (CGDisplayMode reports 0),false,,,,18,0,0
confirmation/scroll/metrics.csv,paint,100 MB scroll only,,,,,7.445834,0.158917,,,,com.apple.keylayout.ABC,variable (CGDisplayMode reports 0),false,,,,18,0,0
confirmation/scroll/metrics.csv,paint,100 MB scroll only,,,,,9.323333,0.167416,,,,com.apple.keylayout.ABC,variable (CGDisplayMode reports 0),false,,,,18,0,0
confirmation/scroll/metrics.csv,paint,100 MB scroll only,,,,,8.217250,0.150958,,,,com.apple.keylayout.ABC,variable (CGDisplayMode reports 0),false,,,,18,0,0
confirmation/scroll/metrics.csv,paint,100 MB scroll only,,,,,8.360792,0.158000,,,,com.apple.keylayout.ABC,variable (CGDisplayMode reports 0),false,,,,18,0,0
confirmation/scroll/metrics.csv,paint,100 MB scroll only,,,,,8.316333,0.158375,,,,com.apple.keylayout.ABC,variable (CGDisplayMode reports 0),false,,,,18,0,0
confirmation/scroll/metrics.csv,paint,100 MB scroll only,,,,,8.298292,0.143417,,,,com.apple.keylayout.ABC,variable (CGDisplayMode reports 0),false,,,,18,0,0
confirmation/scroll/metrics.csv,paint,100 MB scroll only,,,,,8.400125,0.177250,,,,com.apple.keylayout.ABC,variable (CGDisplayMode reports 0),false,,,,18,0,0
confirmation/scroll/metrics.csv,paint,100 MB scroll only,,,,,8.297333,0.155625,,,,com.apple.keylayout.ABC,variable (CGDisplayMode reports 0),false,,,,18,0,0
confirmation/scroll/metrics.csv,paint,100 MB scroll only,,,,,8.305292,0.139708,,,,com.apple.keylayout.ABC,variable (CGDisplayMode reports 0),false,,,,18,0,0
confirmation/scroll/metrics.csv,paint,100 MB scroll only,,,,,8.347458,0.149291,,,,com.apple.keylayout.ABC,variable (CGDisplayMode reports 0),false,,,,18,0,0
confirmation/scroll/metrics.csv,paint,100 MB scroll only,,,,,8.349958,0.153459,,,,com.apple.keylayout.ABC,variable (CGDisplayMode reports 0),false,,,,18,0,0
confirmation/scroll/metrics.csv,paint,100 MB scroll only,,,,,8.304375,0.141916,,,,com.apple.keylayout.ABC,variable (CGDisplayMode reports 0),false,,,,18,0,0
confirmation/scroll/metrics.csv,paint,100 MB scroll only,,,,,8.343250,0.148541,,,,com.apple.keylayout.ABC,variable (CGDisplayMode reports 0),false,,,,18,0,0
confirmation/scroll/metrics.csv,paint,100 MB scroll only,,,,,8.330375,0.144834,,,,com.apple.keylayout.ABC,variable (CGDisplayMode reports 0),false,,,,18,0,0
confirmation/scroll/metrics.csv,paint,100 MB scroll only,,,,,8.332042,0.144125,,,,com.apple.keylayout.ABC,variable (CGDisplayMode reports 0),false,,,,18,0,0
confirmation/scroll/metrics.csv,paint,100 MB scroll only,,,,,8.326000,0.142792,,,,com.apple.keylayout.ABC,variable (CGDisplayMode reports 0),false,,,,18,0,0
confirmation/scroll/metrics.csv,paint,100 MB scroll only,,,,,8.315167,0.135458,,,,com.apple.keylayout.ABC,variable (CGDisplayMode reports 0),false,,,,18,0,0
confirmation/scroll/metrics.csv,paint,100 MB scroll only,,,,,8.351625,0.143125,,,,com.apple.keylayout.ABC,variable (CGDisplayMode reports 0),false,,,,18,0,0
confirmation/scroll/metrics.csv,paint,100 MB scroll only,,,,,8.333416,0.143709,,,,com.apple.keylayout.ABC,variable (CGDisplayMode reports 0),false,,,,18,0,0
confirmation/scroll/metrics.csv,paint,100 MB scroll only,,,,,8.361292,0.153417,,,,com.apple.keylayout.ABC,variable (CGDisplayMode reports 0),false,,,,18,0,0
confirmation/scroll/metrics.csv,paint,100 MB scroll only,,,,,8.313083,0.147375,,,,com.apple.keylayout.ABC,variable (CGDisplayMode reports 0),false,,,,18,0,0
confirmation/scroll/metrics.csv,paint,100 MB scroll only,,,,,8.316667,0.140250,,,,com.apple.keylayout.ABC,variable (CGDisplayMode reports 0),false,,,,18,0,0
confirmation/scroll/metrics.csv,paint,100 MB scroll only,,,,,8.325167,0.138417,,,,com.apple.keylayout.ABC,variable (CGDisplayMode reports 0),false,,,,18,0,0
confirmation/scroll/metrics.csv,paint,100 MB scroll only,,,,,8.332750,0.135708,,,,com.apple.keylayout.ABC,variable (CGDisplayMode reports 0),false,,,,18,0,0
confirmation/scroll/metrics.csv,paint,100 MB scroll only,,,,,8.325833,0.133000,,,,com.apple.keylayout.ABC,variable (CGDisplayMode reports 0),false,,,,18,0,0
confirmation/scroll/metrics.csv,paint,100 MB scroll only,,,,,8.333792,0.138375,,,,com.apple.keylayout.ABC,variable (CGDisplayMode reports 0),false,,,,18,0,0
confirmation/scroll/metrics.csv,paint,100 MB scroll only,,,,,8.334541,0.136083,,,,com.apple.keylayout.ABC,variable (CGDisplayMode reports 0),false,,,,18,0,0
confirmation/scroll/metrics.csv,paint,100 MB scroll only,,,,,8.341584,0.135958,,,,com.apple.keylayout.ABC,variable (CGDisplayMode reports 0),false,,,,18,0,0
confirmation/scroll/metrics.csv,paint,100 MB scroll only,,,,,8.321750,0.134875,,,,com.apple.keylayout.ABC,variable (CGDisplayMode reports 0),false,,,,18,0,0
confirmation/scroll/metrics.csv,paint,100 MB scroll only,,,,,8.334958,0.134125,,,,com.apple.keylayout.ABC,variable (CGDisplayMode reports 0),false,,,,18,0,0
confirmation/scroll/metrics.csv,paint,100 MB scroll only,,,,,8.329833,0.131166,,,,com.apple.keylayout.ABC,variable (CGDisplayMode reports 0),false,,,,18,0,0
confirmation/scroll/metrics.csv,paint,100 MB scroll only,,,,,8.335167,0.132083,,,,com.apple.keylayout.ABC,variable (CGDisplayMode reports 0),false,,,,18,0,0
confirmation/scroll/metrics.csv,paint,100 MB scroll only,,,,,8.337167,0.135417,,,,com.apple.keylayout.ABC,variable (CGDisplayMode reports 0),false,,,,18,0,0
confirmation/scroll/metrics.csv,paint,100 MB scroll only,,,,,8.323791,0.129083,,,,com.apple.keylayout.ABC,variable (CGDisplayMode reports 0),false,,,,18,0,0
confirmation/scroll/metrics.csv,paint,100 MB scroll only,,,,,8.339334,0.135917,,,,com.apple.keylayout.ABC,variable (CGDisplayMode reports 0),false,,,,18,0,0
confirmation/scroll/metrics.csv,paint,100 MB scroll only,,,,,8.332708,0.130708,,,,com.apple.keylayout.ABC,variable (CGDisplayMode reports 0),false,,,,18,0,0
confirmation/scroll/metrics.csv,paint,100 MB scroll only,,,,,8.339000,0.134458,,,,com.apple.keylayout.ABC,variable (CGDisplayMode reports 0),false,,,,18,0,0
confirmation/scroll/metrics.csv,paint,100 MB scroll only,,,,,8.323750,0.132000,,,,com.apple.keylayout.ABC,variable (CGDisplayMode reports 0),false,,,,18,0,0
confirmation/scroll/metrics.csv,paint,100 MB scroll only,,,,,8.334083,0.133334,,,,com.apple.keylayout.ABC,variable (CGDisplayMode reports 0),false,,,,18,0,0
confirmation/scroll/metrics.csv,paint,100 MB scroll only,,,,,8.334459,0.131167,,,,com.apple.keylayout.ABC,variable (CGDisplayMode reports 0),false,,,,18,0,0
confirmation/scroll/metrics.csv,paint,100 MB scroll only,,,,,8.339000,0.138167,,,,com.apple.keylayout.ABC,variable (CGDisplayMode reports 0),false,,,,18,0,0
confirmation/scroll/metrics.csv,paint,100 MB scroll only,,,,,8.332916,0.130916,,,,com.apple.keylayout.ABC,variable (CGDisplayMode reports 0),false,,,,18,0,0
confirmation/scroll/metrics.csv,paint,100 MB scroll only,,,,,8.325292,0.131000,,,,com.apple.keylayout.ABC,variable (CGDisplayMode reports 0),false,,,,18,0,0
confirmation/scroll/metrics.csv,paint,100 MB scroll only,,,,,8.331625,0.131458,,,,com.apple.keylayout.ABC,variable (CGDisplayMode reports 0),false,,,,18,0,0
confirmation/scroll/metrics.csv,paint,100 MB scroll only,,,,,8.410500,0.160000,,,,com.apple.keylayout.ABC,variable (CGDisplayMode reports 0),false,,,,18,0,0
confirmation/scroll/metrics.csv,paint,100 MB scroll only,,,,,8.348000,0.165334,,,,com.apple.keylayout.ABC,variable (CGDisplayMode reports 0),false,,,,18,0,0
confirmation/scroll/metrics.csv,paint,100 MB scroll only,,,,,8.327792,0.166250,,,,com.apple.keylayout.ABC,variable (CGDisplayMode reports 0),false,,,,18,0,0
confirmation/scroll/metrics.csv,paint,100 MB scroll only,,,,,8.317708,0.155417,,,,com.apple.keylayout.ABC,variable (CGDisplayMode reports 0),false,,,,18,0,0
confirmation/scroll/metrics.csv,paint,100 MB scroll only,,,,,8.350542,0.165041,,,,com.apple.keylayout.ABC,variable (CGDisplayMode reports 0),false,,,,18,0,0
confirmation/scroll/metrics.csv,paint,100 MB scroll only,,,,,8.333083,0.169500,,,,com.apple.keylayout.ABC,variable (CGDisplayMode reports 0),false,,,,18,0,0
confirmation/scroll/metrics.csv,paint,100 MB scroll only,,,,,7.604542,0.191750,,,,com.apple.keylayout.ABC,variable (CGDisplayMode reports 0),false,,,,18,0,0
confirmation/scroll/metrics.csv,paint,100 MB scroll only,,,,,17.899208,0.176542,,,,com.apple.keylayout.ABC,variable (CGDisplayMode reports 0),false,,,,18,0,0
confirmation/scroll/metrics.csv,paint,100 MB scroll only,,,,,7.844958,0.161916,,,,com.apple.keylayout.ABC,variable (CGDisplayMode reports 0),false,,,,18,0,0
confirmation/scroll/metrics.csv,paint,100 MB scroll only,,,,,8.277375,0.141917,,,,com.apple.keylayout.ABC,variable (CGDisplayMode reports 0),false,,,,18,0,0
confirmation/scroll/metrics.csv,paint,100 MB scroll only,,,,,8.293792,0.127958,,,,com.apple.keylayout.ABC,variable (CGDisplayMode reports 0),false,,,,18,0,0
confirmation/scroll/metrics.csv,paint,100 MB scroll only,,,,,8.365875,0.144042,,,,com.apple.keylayout.ABC,variable (CGDisplayMode reports 0),false,,,,18,0,0
confirmation/scroll/metrics.csv,paint,100 MB scroll only,,,,,8.335500,0.146000,,,,com.apple.keylayout.ABC,variable (CGDisplayMode reports 0),false,,,,18,0,0
confirmation/scroll/metrics.csv,paint,100 MB scroll only,,,,,8.284500,0.121750,,,,com.apple.keylayout.ABC,variable (CGDisplayMode reports 0),false,,,,18,0,0
confirmation/scroll/metrics.csv,paint,100 MB scroll only,,,,,8.331750,0.121750,,,,com.apple.keylayout.ABC,variable (CGDisplayMode reports 0),false,,,,18,0,0
confirmation/scroll/metrics.csv,paint,100 MB scroll only,,,,,8.316875,0.115458,,,,com.apple.keylayout.ABC,variable (CGDisplayMode reports 0),false,,,,18,0,0
confirmation/scroll/metrics.csv,paint,100 MB scroll only,,,,,8.347375,0.121125,,,,com.apple.keylayout.ABC,variable (CGDisplayMode reports 0),false,,,,18,0,0
confirmation/scroll/metrics.csv,paint,100 MB scroll only,,,,,8.338667,0.124958,,,,com.apple.keylayout.ABC,variable (CGDisplayMode reports 0),false,,,,18,0,0
confirmation/scroll/metrics.csv,paint,100 MB scroll only,,,,,8.433583,0.159875,,,,com.apple.keylayout.ABC,variable (CGDisplayMode reports 0),false,,,,18,0,0
confirmation/scroll/metrics.csv,paint,100 MB scroll only,,,,,8.325375,0.156083,,,,com.apple.keylayout.ABC,variable (CGDisplayMode reports 0),false,,,,18,0,0
confirmation/scroll/metrics.csv,paint,100 MB scroll only,,,,,8.252833,0.127625,,,,com.apple.keylayout.ABC,variable (CGDisplayMode reports 0),false,,,,18,0,0
confirmation/scroll/metrics.csv,paint,100 MB scroll only,,,,,8.327084,0.123958,,,,com.apple.keylayout.ABC,variable (CGDisplayMode reports 0),false,,,,18,0,0
confirmation/scroll/metrics.csv,paint,100 MB scroll only,,,,,8.339916,0.126959,,,,com.apple.keylayout.ABC,variable (CGDisplayMode reports 0),false,,,,18,0,0
confirmation/scroll/metrics.csv,paint,100 MB scroll only,,,,,8.308125,0.118208,,,,com.apple.keylayout.ABC,variable (CGDisplayMode reports 0),false,,,,18,0,0
confirmation/scroll/metrics.csv,paint,100 MB scroll only,,,,,8.345042,0.116500,,,,com.apple.keylayout.ABC,variable (CGDisplayMode reports 0),false,,,,18,0,0
confirmation/scroll/metrics.csv,paint,100 MB scroll only,,,,,8.330417,0.121333,,,,com.apple.keylayout.ABC,variable (CGDisplayMode reports 0),false,,,,18,0,0
confirmation/scroll/metrics.csv,paint,100 MB scroll only,,,,,8.335250,0.123708,,,,com.apple.keylayout.ABC,variable (CGDisplayMode reports 0),false,,,,18,0,0
confirmation/scroll/metrics.csv,paint,100 MB scroll only,,,,,8.340500,0.125000,,,,com.apple.keylayout.ABC,variable (CGDisplayMode reports 0),false,,,,18,0,0
confirmation/scroll/metrics.csv,paint,100 MB scroll only,,,,,7.587625,0.127334,,,,com.apple.keylayout.ABC,variable (CGDisplayMode reports 0),false,,,,18,0,0
confirmation/scroll/metrics.csv,paint,100 MB scroll only,,,,,9.138625,0.122625,,,,com.apple.keylayout.ABC,variable (CGDisplayMode reports 0),false,,,,18,0,0
confirmation/scroll/metrics.csv,paint,100 MB scroll only,,,,,8.236958,0.114917,,,,com.apple.keylayout.ABC,variable (CGDisplayMode reports 0),false,,,,18,0,0
confirmation/scroll/metrics.csv,paint,100 MB scroll only,,,,,8.360792,0.119416,,,,com.apple.keylayout.ABC,variable (CGDisplayMode reports 0),false,,,,18,0,0
confirmation/scroll/metrics.csv,paint,100 MB scroll only,,,,,8.334000,0.121083,,,,com.apple.keylayout.ABC,variable (CGDisplayMode reports 0),false,,,,18,0,0
confirmation/scroll/metrics.csv,paint,100 MB scroll only,,,,,8.317083,0.113500,,,,com.apple.keylayout.ABC,variable (CGDisplayMode reports 0),false,,,,18,0,0
confirmation/scroll/metrics.csv,paint,100 MB scroll only,,,,,8.325250,0.112667,,,,com.apple.keylayout.ABC,variable (CGDisplayMode reports 0),false,,,,18,0,0
confirmation/scroll/metrics.csv,paint,100 MB scroll only,,,,,8.339167,0.112833,,,,com.apple.keylayout.ABC,variable (CGDisplayMode reports 0),false,,,,18,0,0
confirmation/scroll/metrics.csv,paint,100 MB scroll only,,,,,8.340291,0.118625,,,,com.apple.keylayout.ABC,variable (CGDisplayMode reports 0),false,,,,18,0,0
confirmation/scroll/metrics.csv,paint,100 MB scroll only,,,,,8.327709,0.115083,,,,com.apple.keylayout.ABC,variable (CGDisplayMode reports 0),false,,,,18,0,0
confirmation/scroll/metrics.csv,paint,100 MB scroll only,,,,,8.329958,0.111167,,,,com.apple.keylayout.ABC,variable (CGDisplayMode reports 0),false,,,,18,0,0
confirmation/scroll/metrics.csv,paint,100 MB scroll only,,,,,8.330000,0.110208,,,,com.apple.keylayout.ABC,variable (CGDisplayMode reports 0),false,,,,18,0,0
confirmation/scroll/metrics.csv,paint,100 MB scroll only,,,,,8.342458,0.117166,,,,com.apple.keylayout.ABC,variable (CGDisplayMode reports 0),false,,,,18,0,0
confirmation/scroll/metrics.csv,paint,100 MB scroll only,,,,,8.350459,0.124125,,,,com.apple.keylayout.ABC,variable (CGDisplayMode reports 0),false,,,,18,0,0
confirmation/scroll/metrics.csv,paint,100 MB scroll only,,,,,8.310291,0.112875,,,,com.apple.keylayout.ABC,variable (CGDisplayMode reports 0),false,,,,18,0,0
confirmation/scroll/metrics.csv,paint,100 MB scroll only,,,,,8.333000,0.111458,,,,com.apple.keylayout.ABC,variable (CGDisplayMode reports 0),false,,,,18,0,0
confirmation/scroll/metrics.csv,paint,100 MB scroll only,,,,,8.334625,0.112958,,,,com.apple.keylayout.ABC,variable (CGDisplayMode reports 0),false,,,,18,0,0
confirmation/scroll/metrics.csv,paint,100 MB scroll only,,,,,8.337292,0.115875,,,,com.apple.keylayout.ABC,variable (CGDisplayMode reports 0),false,,,,18,0,0
confirmation/scroll/metrics.csv,paint,100 MB scroll only,,,,,8.328125,0.110167,,,,com.apple.keylayout.ABC,variable (CGDisplayMode reports 0),false,,,,18,0,0
confirmation/scroll/metrics.csv,paint,100 MB scroll only,,,,,8.327083,0.108291,,,,com.apple.keylayout.ABC,variable (CGDisplayMode reports 0),false,,,,18,0,0
confirmation/scroll/metrics.csv,paint,100 MB scroll only,,,,,8.342500,0.114666,,,,com.apple.keylayout.ABC,variable (CGDisplayMode reports 0),false,,,,18,0,0
confirmation/scroll/metrics.csv,paint,100 MB scroll only,,,,,8.340125,0.119500,,,,com.apple.keylayout.ABC,variable (CGDisplayMode reports 0),false,,,,18,0,0
confirmation/scroll/metrics.csv,paint,100 MB scroll only,,,,,8.329834,0.114167,,,,com.apple.keylayout.ABC,variable (CGDisplayMode reports 0),false,,,,18,0,0
confirmation/scroll/metrics.csv,paint,100 MB scroll only,,,,,8.328708,0.112208,,,,com.apple.keylayout.ABC,variable (CGDisplayMode reports 0),false,,,,18,0,0
confirmation/scroll/metrics.csv,paint,100 MB scroll only,,,,,8.335750,0.115666,,,,com.apple.keylayout.ABC,variable (CGDisplayMode reports 0),false,,,,18,0,0
confirmation/scroll/metrics.csv,paint,100 MB scroll only,,,,,8.323667,0.109708,,,,com.apple.keylayout.ABC,variable (CGDisplayMode reports 0),false,,,,18,0,0
confirmation/scroll/metrics.csv,paint,100 MB scroll only,,,,,8.335875,0.108542,,,,com.apple.keylayout.ABC,variable (CGDisplayMode reports 0),false,,,,18,0,0
confirmation/scroll/metrics.csv,paint,100 MB scroll only,,,,,8.331541,0.108917,,,,com.apple.keylayout.ABC,variable (CGDisplayMode reports 0),false,,,,18,0,0
confirmation/scroll/metrics.csv,paint,100 MB scroll only,,,,,8.333625,0.109042,,,,com.apple.keylayout.ABC,variable (CGDisplayMode reports 0),false,,,,18,0,0
confirmation/scroll/metrics.csv,paint,100 MB scroll only,,,,,21.818292,0.890875,,,,com.apple.keylayout.ABC,variable (CGDisplayMode reports 0),false,,,,0,20,20
confirmation/scroll/metrics.csv,paint,100 MB scroll only,,,,,3.256625,0.144916,,,,com.apple.keylayout.ABC,variable (CGDisplayMode reports 0),false,,,,18,0,0
confirmation/scroll/metrics.csv,paint,100 MB scroll only,,,,,8.299458,0.128791,,,,com.apple.keylayout.ABC,variable (CGDisplayMode reports 0),false,,,,18,0,0
confirmation/scroll/metrics.csv,paint,100 MB scroll only,,,,,8.342792,0.135792,,,,com.apple.keylayout.ABC,variable (CGDisplayMode reports 0),false,,,,18,0,0
confirmation/scroll/metrics.csv,paint,100 MB scroll only,,,,,8.343000,0.141458,,,,com.apple.keylayout.ABC,variable (CGDisplayMode reports 0),false,,,,18,0,0
confirmation/scroll/metrics.csv,paint,100 MB scroll only,,,,,8.359458,0.155750,,,,com.apple.keylayout.ABC,variable (CGDisplayMode reports 0),false,,,,18,0,0
confirmation/scroll/metrics.csv,paint,100 MB scroll only,,,,,8.374500,0.163125,,,,com.apple.keylayout.ABC,variable (CGDisplayMode reports 0),false,,,,18,0,0
confirmation/scroll/metrics.csv,paint,100 MB scroll only,,,,,8.356334,0.169292,,,,com.apple.keylayout.ABC,variable (CGDisplayMode reports 0),false,,,,18,0,0
confirmation/scroll/metrics.csv,paint,100 MB scroll only,,,,,8.323791,0.157458,,,,com.apple.keylayout.ABC,variable (CGDisplayMode reports 0),false,,,,18,0,0
confirmation/scroll/metrics.csv,paint,100 MB scroll only,,,,,8.362584,0.180000,,,,com.apple.keylayout.ABC,variable (CGDisplayMode reports 0),false,,,,18,0,0
confirmation/scroll/metrics.csv,paint,100 MB scroll only,,,,,8.381041,0.183750,,,,com.apple.keylayout.ABC,variable (CGDisplayMode reports 0),false,,,,18,0,0
confirmation/scroll/metrics.csv,paint,100 MB scroll only,,,,,8.195417,0.197834,,,,com.apple.keylayout.ABC,variable (CGDisplayMode reports 0),false,,,,18,0,0
confirmation/scroll/metrics.csv,paint,100 MB scroll only,,,,,8.525917,0.198625,,,,com.apple.keylayout.ABC,variable (CGDisplayMode reports 0),false,,,,18,0,0
confirmation/scroll/metrics.csv,paint,100 MB scroll only,,,,,8.328916,0.204958,,,,com.apple.keylayout.ABC,variable (CGDisplayMode reports 0),false,,,,18,0,0
confirmation/scroll/metrics.csv,paint,100 MB scroll only,,,,,8.322167,0.198375,,,,com.apple.keylayout.ABC,variable (CGDisplayMode reports 0),false,,,,18,0,0
confirmation/scroll/metrics.csv,paint,100 MB scroll only,,,,,8.367750,0.210250,,,,com.apple.keylayout.ABC,variable (CGDisplayMode reports 0),false,,,,18,0,0
confirmation/scroll/metrics.csv,paint,100 MB scroll only,,,,,8.350708,0.214792,,,,com.apple.keylayout.ABC,variable (CGDisplayMode reports 0),false,,,,18,0,0
confirmation/scroll/metrics.csv,paint,100 MB scroll only,,,,,8.421959,0.253750,,,,com.apple.keylayout.ABC,variable (CGDisplayMode reports 0),false,,,,18,0,0
confirmation/scroll/metrics.csv,paint,100 MB scroll only,,,,,8.302208,0.232209,,,,com.apple.keylayout.ABC,variable (CGDisplayMode reports 0),false,,,,18,0,0
confirmation/scroll/metrics.csv,paint,100 MB scroll only,,,,,8.359833,0.242333,,,,com.apple.keylayout.ABC,variable (CGDisplayMode reports 0),false,,,,18,0,0
confirmation/scroll/metrics.csv,paint,100 MB scroll only,,,,,8.424000,0.271500,,,,com.apple.keylayout.ABC,variable (CGDisplayMode reports 0),false,,,,18,0,0
confirmation/scroll/metrics.csv,paint,100 MB scroll only,,,,,8.331792,0.272291,,,,com.apple.keylayout.ABC,variable (CGDisplayMode reports 0),false,,,,18,0,0
confirmation/scroll_input/metrics.csv,memory_load,100 MB input while scrolling,,,,,,,,,349601792,com.apple.keylayout.ABC,variable (CGDisplayMode reports 0),false,,,,,,
confirmation/scroll_input/metrics.csv,ready,100 MB input while scrolling,,,,,,,365.529500,234.287709,383631360,com.apple.keylayout.ABC,variable (CGDisplayMode reports 0),false,,,,,,
confirmation/scroll_input/metrics.csv,paint,100 MB input while scrolling,,,,,8.358875,0.222292,,,,com.apple.keylayout.ABC,variable (CGDisplayMode reports 0),false,,,,18,0,0
confirmation/scroll_input/metrics.csv,paint,100 MB input while scrolling,,,,,8.264000,0.194708,,,,com.apple.keylayout.ABC,variable (CGDisplayMode reports 0),false,,,,18,0,0
confirmation/scroll_input/metrics.csv,paint,100 MB input while scrolling,,,,,8.472000,0.228291,,,,com.apple.keylayout.ABC,variable (CGDisplayMode reports 0),false,,,,18,0,0
confirmation/scroll_input/metrics.csv,paint,100 MB input while scrolling,,,,,8.291791,0.218583,,,,com.apple.keylayout.ABC,variable (CGDisplayMode reports 0),false,,,,18,0,0
confirmation/scroll_input/metrics.csv,paint,100 MB input while scrolling,,,,,8.286042,0.207084,,,,com.apple.keylayout.ABC,variable (CGDisplayMode reports 0),false,,,,18,0,0
confirmation/scroll_input/metrics.csv,paint,100 MB input while scrolling,,,,,8.375000,0.222125,,,,com.apple.keylayout.ABC,variable (CGDisplayMode reports 0),false,,,,18,0,0
confirmation/scroll_input/metrics.csv,paint,100 MB input while scrolling,,,,,8.231167,0.182375,,,,com.apple.keylayout.ABC,variable (CGDisplayMode reports 0),false,,,,18,0,0
confirmation/scroll_input/metrics.csv,paint,100 MB input while scrolling,,,,,7.713291,0.202792,,,,com.apple.keylayout.ABC,variable (CGDisplayMode reports 0),false,,,,18,0,0
confirmation/scroll_input/metrics.csv,paint,100 MB input while scrolling,,,,,9.001959,0.184458,,,,com.apple.keylayout.ABC,variable (CGDisplayMode reports 0),false,,,,18,0,0
confirmation/scroll_input/metrics.csv,paint,100 MB input while scrolling,,,,,8.249000,0.172792,,,,com.apple.keylayout.ABC,variable (CGDisplayMode reports 0),false,,,,18,0,0
confirmation/scroll_input/metrics.csv,paint,100 MB input while scrolling,,,,,8.329166,0.173125,,,,com.apple.keylayout.ABC,variable (CGDisplayMode reports 0),false,,,,18,0,0
confirmation/scroll_input/metrics.csv,paint,100 MB input while scrolling,,,,,8.311500,0.163875,,,,com.apple.keylayout.ABC,variable (CGDisplayMode reports 0),false,,,,18,0,0
confirmation/scroll_input/metrics.csv,paint,100 MB input while scrolling,,,,,8.365125,0.172125,,,,com.apple.keylayout.ABC,variable (CGDisplayMode reports 0),false,,,,18,0,0
confirmation/scroll_input/metrics.csv,paint,100 MB input while scrolling,,,,,8.329042,0.168166,,,,com.apple.keylayout.ABC,variable (CGDisplayMode reports 0),false,,,,18,0,0
confirmation/scroll_input/metrics.csv,paint,100 MB input while scrolling,,,,,8.334292,0.175042,,,,com.apple.keylayout.ABC,variable (CGDisplayMode reports 0),false,,,,18,0,0
confirmation/scroll_input/metrics.csv,paint,100 MB input while scrolling,,,,,8.325291,0.162458,,,,com.apple.keylayout.ABC,variable (CGDisplayMode reports 0),false,,,,18,0,0
confirmation/scroll_input/metrics.csv,paint,100 MB input while scrolling,,,,,8.332334,0.166791,,,,com.apple.keylayout.ABC,variable (CGDisplayMode reports 0),false,,,,18,0,0
confirmation/scroll_input/metrics.csv,paint,100 MB input while scrolling,,,,,8.390166,0.190750,,,,com.apple.keylayout.ABC,variable (CGDisplayMode reports 0),false,,,,18,0,0
confirmation/scroll_input/metrics.csv,paint,100 MB input while scrolling,,,,,8.358959,0.197458,,,,com.apple.keylayout.ABC,variable (CGDisplayMode reports 0),false,,,,18,0,0
confirmation/scroll_input/metrics.csv,paint,100 MB input while scrolling,,,,,8.273041,0.178208,,,,com.apple.keylayout.ABC,variable (CGDisplayMode reports 0),false,,,,18,0,0
confirmation/scroll_input/metrics.csv,paint,100 MB input while scrolling,,,,,8.324542,0.175917,,,,com.apple.keylayout.ABC,variable (CGDisplayMode reports 0),false,,,,18,0,0
confirmation/scroll_input/metrics.csv,paint,100 MB input while scrolling,,,,,8.379958,0.188667,,,,com.apple.keylayout.ABC,variable (CGDisplayMode reports 0),false,,,,18,0,0
confirmation/scroll_input/metrics.csv,paint,100 MB input while scrolling,,,,,8.323917,0.193708,,,,com.apple.keylayout.ABC,variable (CGDisplayMode reports 0),false,,,,18,0,0
confirmation/scroll_input/metrics.csv,paint,100 MB input while scrolling,,,,,8.400583,0.214000,,,,com.apple.keylayout.ABC,variable (CGDisplayMode reports 0),false,,,,18,0,0
confirmation/scroll_input/metrics.csv,paint,100 MB input while scrolling,,,,,8.303209,0.202584,,,,com.apple.keylayout.ABC,variable (CGDisplayMode reports 0),false,,,,18,0,0
confirmation/scroll_input/metrics.csv,paint,100 MB input while scrolling,,,,,8.336416,0.200750,,,,com.apple.keylayout.ABC,variable (CGDisplayMode reports 0),false,,,,18,0,0
confirmation/scroll_input/metrics.csv,paint,100 MB input while scrolling,,,,,7.765000,0.240209,,,,com.apple.keylayout.ABC,variable (CGDisplayMode reports 0),false,,,,18,0,0
confirmation/scroll_input/metrics.csv,paint,100 MB input while scrolling,,,,,9.004625,0.207750,,,,com.apple.keylayout.ABC,variable (CGDisplayMode reports 0),false,,,,18,0,0
confirmation/scroll_input/metrics.csv,paint,100 MB input while scrolling,,,,,8.255917,0.220084,,,,com.apple.keylayout.ABC,variable (CGDisplayMode reports 0),false,,,,18,0,0
confirmation/scroll_input/metrics.csv,paint,100 MB input while scrolling,,,,,8.303208,0.200292,,,,com.apple.keylayout.ABC,variable (CGDisplayMode reports 0),false,,,,18,0,0
confirmation/scroll_input/metrics.csv,paint,100 MB input while scrolling,,,,,8.296167,0.193375,,,,com.apple.keylayout.ABC,variable (CGDisplayMode reports 0),false,,,,18,0,0
confirmation/scroll_input/metrics.csv,paint,100 MB input while scrolling,,,,,8.371292,0.201500,,,,com.apple.keylayout.ABC,variable (CGDisplayMode reports 0),false,,,,18,0,0
confirmation/scroll_input/metrics.csv,paint,100 MB input while scrolling,,,,,7.905458,0.233500,,,,com.apple.keylayout.ABC,variable (CGDisplayMode reports 0),false,,,,18,0,0
confirmation/scroll_input/metrics.csv,paint,100 MB input while scrolling,,,,,8.829875,0.193708,,,,com.apple.keylayout.ABC,variable (CGDisplayMode reports 0),false,,,,18,0,0
confirmation/scroll_input/metrics.csv,paint,100 MB input while scrolling,,,,,8.222083,0.201833,,,,com.apple.keylayout.ABC,variable (CGDisplayMode reports 0),false,,,,18,0,0
confirmation/scroll_input/metrics.csv,paint,100 MB input while scrolling,,,,,8.373375,0.203917,,,,com.apple.keylayout.ABC,variable (CGDisplayMode reports 0),false,,,,18,0,0
confirmation/scroll_input/metrics.csv,paint,100 MB input while scrolling,,,,,8.355667,0.217458,,,,com.apple.keylayout.ABC,variable (CGDisplayMode reports 0),false,,,,18,0,0
confirmation/scroll_input/metrics.csv,paint,100 MB input while scrolling,,,,,8.300833,0.211958,,,,com.apple.keylayout.ABC,variable (CGDisplayMode reports 0),false,,,,18,0,0
confirmation/scroll_input/metrics.csv,paint,100 MB input while scrolling,,,,,8.287459,0.193833,,,,com.apple.keylayout.ABC,variable (CGDisplayMode reports 0),false,,,,18,0,0
confirmation/scroll_input/metrics.csv,paint,100 MB input while scrolling,,,,,8.305041,0.175959,,,,com.apple.keylayout.ABC,variable (CGDisplayMode reports 0),false,,,,18,0,0
confirmation/scroll_input/metrics.csv,paint,100 MB input while scrolling,,,,,8.384959,0.192250,,,,com.apple.keylayout.ABC,variable (CGDisplayMode reports 0),false,,,,18,0,0
confirmation/scroll_input/metrics.csv,paint,100 MB input while scrolling,,,,,8.380333,0.213542,,,,com.apple.keylayout.ABC,variable (CGDisplayMode reports 0),false,,,,18,0,0
confirmation/scroll_input/metrics.csv,paint,100 MB input while scrolling,,,,,8.332083,0.207958,,,,com.apple.keylayout.ABC,variable (CGDisplayMode reports 0),false,,,,18,0,0
confirmation/scroll_input/metrics.csv,paint,100 MB input while scrolling,,,,,8.277917,0.187167,,,,com.apple.keylayout.ABC,variable (CGDisplayMode reports 0),false,,,,18,0,0
confirmation/scroll_input/metrics.csv,paint,100 MB input while scrolling,,,,,8.286917,0.169917,,,,com.apple.keylayout.ABC,variable (CGDisplayMode reports 0),false,,,,18,0,0
confirmation/scroll_input/metrics.csv,paint,100 MB input while scrolling,,,,,8.345208,0.179750,,,,com.apple.keylayout.ABC,variable (CGDisplayMode reports 0),false,,,,18,0,0
confirmation/scroll_input/metrics.csv,paint,100 MB input while scrolling,,,,,8.425750,0.211333,,,,com.apple.keylayout.ABC,variable (CGDisplayMode reports 0),false,,,,18,0,0
confirmation/scroll_input/metrics.csv,paint,100 MB input while scrolling,,,,,8.315583,0.208125,,,,com.apple.keylayout.ABC,variable (CGDisplayMode reports 0),false,,,,18,0,0
confirmation/scroll_input/metrics.csv,paint,100 MB input while scrolling,,,,,8.324834,0.205916,,,,com.apple.keylayout.ABC,variable (CGDisplayMode reports 0),false,,,,18,0,0
confirmation/scroll_input/metrics.csv,paint,100 MB input while scrolling,,,,,8.219916,0.159417,,,,com.apple.keylayout.ABC,variable (CGDisplayMode reports 0),false,,,,18,0,0
confirmation/scroll_input/metrics.csv,paint,100 MB input while scrolling,,,,,8.311417,0.155084,,,,com.apple.keylayout.ABC,variable (CGDisplayMode reports 0),false,,,,18,0,0
confirmation/scroll_input/metrics.csv,paint,100 MB input while scrolling,,,,,8.410333,0.184459,,,,com.apple.keylayout.ABC,variable (CGDisplayMode reports 0),false,,,,18,0,0
confirmation/scroll_input/metrics.csv,paint,100 MB input while scrolling,,,,,8.250375,0.152458,,,,com.apple.keylayout.ABC,variable (CGDisplayMode reports 0),false,,,,18,0,0
confirmation/scroll_input/metrics.csv,paint,100 MB input while scrolling,,,,,8.422167,0.180917,,,,com.apple.keylayout.ABC,variable (CGDisplayMode reports 0),false,,,,18,0,0
confirmation/scroll_input/metrics.csv,paint,100 MB input while scrolling,,,,,8.267333,0.158333,,,,com.apple.keylayout.ABC,variable (CGDisplayMode reports 0),false,,,,18,0,0
confirmation/scroll_input/metrics.csv,paint,100 MB input while scrolling,,,,,8.313459,0.146334,,,,com.apple.keylayout.ABC,variable (CGDisplayMode reports 0),false,,,,18,0,0
confirmation/scroll_input/metrics.csv,paint,100 MB input while scrolling,,,,,8.469833,0.202583,,,,com.apple.keylayout.ABC,variable (CGDisplayMode reports 0),false,,,,18,0,0
confirmation/scroll_input/metrics.csv,paint,100 MB input while scrolling,,,,,8.217000,0.159833,,,,com.apple.keylayout.ABC,variable (CGDisplayMode reports 0),false,,,,18,0,0
confirmation/scroll_input/metrics.csv,paint,100 MB input while scrolling,,,,,8.369625,0.172542,,,,com.apple.keylayout.ABC,variable (CGDisplayMode reports 0),false,,,,18,0,0
confirmation/scroll_input/metrics.csv,paint,100 MB input while scrolling,,,,,8.366792,0.180209,,,,com.apple.keylayout.ABC,variable (CGDisplayMode reports 0),false,,,,18,0,0
confirmation/scroll_input/metrics.csv,paint,100 MB input while scrolling,,,,,8.294083,0.169625,,,,com.apple.keylayout.ABC,variable (CGDisplayMode reports 0),false,,,,18,0,0
confirmation/scroll_input/metrics.csv,paint,100 MB input while scrolling,,,,,7.590708,0.185792,,,,com.apple.keylayout.ABC,variable (CGDisplayMode reports 0),false,,,,18,0,0
confirmation/scroll_input/metrics.csv,paint,100 MB input while scrolling,,,,,9.677792,0.904459,,,,com.apple.keylayout.ABC,variable (CGDisplayMode reports 0),false,,,,0,18,18
confirmation/scroll_input/metrics.csv,input,100 MB input while scrolling,6,command,0.006375,4.403666,,,,,,com.apple.keylayout.ABC,variable (CGDisplayMode reports 0),false,,,,,,
confirmation/scroll_input/metrics.csv,paint,100 MB input while scrolling,,,,,0.906542,0.128625,,,,com.apple.keylayout.ABC,variable (CGDisplayMode reports 0),false,,,,18,0,0
confirmation/scroll_input/metrics.csv,paint,100 MB input while scrolling,,,,,6.884541,0.163000,,,,com.apple.keylayout.ABC,variable (CGDisplayMode reports 0),false,,,,18,0,0
confirmation/scroll_input/metrics.csv,paint,100 MB input while scrolling,,,,,8.912584,0.721042,,,,com.apple.keylayout.ABC,variable (CGDisplayMode reports 0),false,,,,0,18,18
confirmation/scroll_input/metrics.csv,input,100 MB input while scrolling,7,command,0.006250,2.593458,,,,,,com.apple.keylayout.ABC,variable (CGDisplayMode reports 0),false,,,,,,
confirmation/scroll_input/metrics.csv,paint,100 MB input while scrolling,,,,,7.619250,0.144125,,,,com.apple.keylayout.ABC,variable (CGDisplayMode reports 0),false,,,,18,0,0
confirmation/scroll_input/metrics.csv,paint,100 MB input while scrolling,,,,,8.352041,0.151000,,,,com.apple.keylayout.ABC,variable (CGDisplayMode reports 0),false,,,,18,0,0
confirmation/scroll_input/metrics.csv,paint,100 MB input while scrolling,,,,,8.322167,0.137500,,,,com.apple.keylayout.ABC,variable (CGDisplayMode reports 0),false,,,,18,0,0
confirmation/scroll_input/metrics.csv,paint,100 MB input while scrolling,,,,,6.703708,0.797125,,,,com.apple.keylayout.ABC,variable (CGDisplayMode reports 0),false,,,,0,18,18
confirmation/scroll_input/metrics.csv,input,100 MB input while scrolling,8,command,0.005542,2.703500,,,,,,com.apple.keylayout.ABC,variable (CGDisplayMode reports 0),false,,,,,,
confirmation/scroll_input/metrics.csv,paint,100 MB input while scrolling,,,,,1.609875,0.142542,,,,com.apple.keylayout.ABC,variable (CGDisplayMode reports 0),false,,,,18,0,0
confirmation/scroll_input/metrics.csv,paint,100 MB input while scrolling,,,,,8.351417,0.144500,,,,com.apple.keylayout.ABC,variable (CGDisplayMode reports 0),false,,,,18,0,0
confirmation/scroll_input/metrics.csv,paint,100 MB input while scrolling,,,,,8.356875,0.152458,,,,com.apple.keylayout.ABC,variable (CGDisplayMode reports 0),false,,,,18,0,0
confirmation/scroll_input/metrics.csv,paint,100 MB input while scrolling,,,,,7.365625,0.784291,,,,com.apple.keylayout.ABC,variable (CGDisplayMode reports 0),false,,,,0,18,18
confirmation/scroll_input/metrics.csv,input,100 MB input while scrolling,9,command,0.004916,3.047000,,,,,,com.apple.keylayout.ABC,variable (CGDisplayMode reports 0),false,,,,,,
confirmation/scroll_input/metrics.csv,paint,100 MB input while scrolling,,,,,0.937042,0.142792,,,,com.apple.keylayout.ABC,variable (CGDisplayMode reports 0),false,,,,18,0,0
confirmation/scroll_input/metrics.csv,paint,100 MB input while scrolling,,,,,8.371208,0.154917,,,,com.apple.keylayout.ABC,variable (CGDisplayMode reports 0),false,,,,18,0,0
confirmation/scroll_input/metrics.csv,paint,100 MB input while scrolling,,,,,8.313208,0.140583,,,,com.apple.keylayout.ABC,variable (CGDisplayMode reports 0),false,,,,18,0,0
confirmation/scroll_input/metrics.csv,paint,100 MB input while scrolling,,,,,7.662375,0.689459,,,,com.apple.keylayout.ABC,variable (CGDisplayMode reports 0),false,,,,0,18,18
confirmation/scroll_input/metrics.csv,input,100 MB input while scrolling,10,command,0.004667,3.357625,,,,,,com.apple.keylayout.ABC,variable (CGDisplayMode reports 0),false,,,,,,
confirmation/scroll_input/metrics.csv,paint,100 MB input while scrolling,,,,,0.668125,0.129917,,,,com.apple.keylayout.ABC,variable (CGDisplayMode reports 0),false,,,,18,0,0
confirmation/scroll_input/metrics.csv,paint,100 MB input while scrolling,,,,,7.397709,0.151708,,,,com.apple.keylayout.ABC,variable (CGDisplayMode reports 0),false,,,,18,0,0
confirmation/scroll_input/metrics.csv,paint,100 MB input while scrolling,,,,,9.343333,0.150375,,,,com.apple.keylayout.ABC,variable (CGDisplayMode reports 0),false,,,,18,0,0
confirmation/scroll_input/metrics.csv,paint,100 MB input while scrolling,,,,,7.895250,0.796250,,,,com.apple.keylayout.ABC,variable (CGDisplayMode reports 0),false,,,,0,18,18
confirmation/scroll_input/metrics.csv,input,100 MB input while scrolling,11,command,0.004042,3.985584,,,,,,com.apple.keylayout.ABC,variable (CGDisplayMode reports 0),false,,,,,,
confirmation/scroll_input/metrics.csv,paint,100 MB input while scrolling,,,,,0.716917,0.132000,,,,com.apple.keylayout.ABC,variable (CGDisplayMode reports 0),false,,,,18,0,0
confirmation/scroll_input/metrics.csv,paint,100 MB input while scrolling,,,,,8.006208,0.161875,,,,com.apple.keylayout.ABC,variable (CGDisplayMode reports 0),false,,,,18,0,0
confirmation/scroll_input/metrics.csv,paint,100 MB input while scrolling,,,,,9.016375,0.726250,,,,com.apple.keylayout.ABC,variable (CGDisplayMode reports 0),false,,,,0,18,18
confirmation/scroll_input/metrics.csv,input,100 MB input while scrolling,12,command,0.006125,1.609625,,,,,,com.apple.keylayout.ABC,variable (CGDisplayMode reports 0),false,,,,,,
confirmation/scroll_input/metrics.csv,paint,100 MB input while scrolling,,,,,7.654167,0.159833,,,,com.apple.keylayout.ABC,variable (CGDisplayMode reports 0),false,,,,18,0,0
confirmation/scroll_input/metrics.csv,paint,100 MB input while scrolling,,,,,8.417291,0.190875,,,,com.apple.keylayout.ABC,variable (CGDisplayMode reports 0),false,,,,18,0,0
confirmation/scroll_input/metrics.csv,paint,100 MB input while scrolling,,,,,9.077667,0.828959,,,,com.apple.keylayout.ABC,variable (CGDisplayMode reports 0),false,,,,0,18,18
confirmation/scroll_input/metrics.csv,input,100 MB input while scrolling,13,command,0.006458,1.751917,,,,,,com.apple.keylayout.ABC,variable (CGDisplayMode reports 0),false,,,,,,
confirmation/scroll_input/metrics.csv,paint,100 MB input while scrolling,,,,,7.530917,0.171042,,,,com.apple.keylayout.ABC,variable (CGDisplayMode reports 0),false,,,,18,0,0
confirmation/scroll_input/metrics.csv,paint,100 MB input while scrolling,,,,,8.272166,0.145917,,,,com.apple.keylayout.ABC,variable (CGDisplayMode reports 0),false,,,,18,0,0
confirmation/scroll_input/metrics.csv,paint,100 MB input while scrolling,,,,,8.404792,0.172750,,,,com.apple.keylayout.ABC,variable (CGDisplayMode reports 0),false,,,,18,0,0
confirmation/scroll_input/metrics.csv,paint,100 MB input while scrolling,,,,,6.783375,0.789292,,,,com.apple.keylayout.ABC,variable (CGDisplayMode reports 0),false,,,,0,18,18
confirmation/scroll_input/metrics.csv,input,100 MB input while scrolling,14,command,0.005250,2.806834,,,,,,com.apple.keylayout.ABC,variable (CGDisplayMode reports 0),false,,,,,,
confirmation/scroll_input/metrics.csv,paint,100 MB input while scrolling,,,,,1.462583,0.135750,,,,com.apple.keylayout.ABC,variable (CGDisplayMode reports 0),false,,,,18,0,0
confirmation/scroll_input/metrics.csv,paint,100 MB input while scrolling,,,,,8.459209,0.182250,,,,com.apple.keylayout.ABC,variable (CGDisplayMode reports 0),false,,,,18,0,0
confirmation/scroll_input/metrics.csv,paint,100 MB input while scrolling,,,,,8.314333,0.184125,,,,com.apple.keylayout.ABC,variable (CGDisplayMode reports 0),false,,,,18,0,0
confirmation/scroll_input/metrics.csv,paint,100 MB input while scrolling,,,,,7.302750,0.871083,,,,com.apple.keylayout.ABC,variable (CGDisplayMode reports 0),false,,,,0,18,18
confirmation/scroll_input/metrics.csv,input,100 MB input while scrolling,15,command,0.008750,3.124375,,,,,,com.apple.keylayout.ABC,variable (CGDisplayMode reports 0),false,,,,,,
confirmation/scroll_input/metrics.csv,paint,100 MB input while scrolling,,,,,0.921583,0.131166,,,,com.apple.keylayout.ABC,variable (CGDisplayMode reports 0),false,,,,18,0,0
confirmation/scroll_input/metrics.csv,paint,100 MB input while scrolling,,,,,8.414125,0.167333,,,,com.apple.keylayout.ABC,variable (CGDisplayMode reports 0),false,,,,18,0,0
confirmation/scroll_input/metrics.csv,paint,100 MB input while scrolling,,,,,8.360167,0.170583,,,,com.apple.keylayout.ABC,variable (CGDisplayMode reports 0),false,,,,18,0,0
confirmation/scroll_input/metrics.csv,paint,100 MB input while scrolling,,,,,7.506167,0.851625,,,,com.apple.keylayout.ABC,variable (CGDisplayMode reports 0),false,,,,0,18,18
confirmation/scroll_input/metrics.csv,input,100 MB input while scrolling,16,command,0.006500,3.488584,,,,,,com.apple.keylayout.ABC,variable (CGDisplayMode reports 0),false,,,,,,
confirmation/scroll_input/metrics.csv,paint,100 MB input while scrolling,,,,,0.829958,0.131209,,,,com.apple.keylayout.ABC,variable (CGDisplayMode reports 0),false,,,,18,0,0
confirmation/scroll_input/metrics.csv,paint,100 MB input while scrolling,,,,,8.265083,0.152000,,,,com.apple.keylayout.ABC,variable (CGDisplayMode reports 0),false,,,,18,0,0
confirmation/scroll_input/metrics.csv,paint,100 MB input while scrolling,,,,,7.720084,0.161125,,,,com.apple.keylayout.ABC,variable (CGDisplayMode reports 0),false,,,,18,0,0
confirmation/scroll_input/metrics.csv,paint,100 MB input while scrolling,,,,,7.825375,0.854792,,,,com.apple.keylayout.ABC,variable (CGDisplayMode reports 0),false,,,,0,18,18
confirmation/scroll_input/metrics.csv,input,100 MB input while scrolling,17,command,0.008250,2.993959,,,,,,com.apple.keylayout.ABC,variable (CGDisplayMode reports 0),false,,,,,,
confirmation/scroll_input/metrics.csv,paint,100 MB input while scrolling,,,,,21.409875,0.163833,,,,com.apple.keylayout.ABC,variable (CGDisplayMode reports 0),false,,,,18,0,0
confirmation/scroll_input/metrics.csv,paint,100 MB input while scrolling,,,,,1.850708,0.833250,,,,com.apple.keylayout.ABC,variable (CGDisplayMode reports 0),false,,,,0,18,18
confirmation/scroll_input/metrics.csv,input,100 MB input while scrolling,18,command,0.005584,1.342667,,,,,,com.apple.keylayout.ABC,variable (CGDisplayMode reports 0),false,,,,,,
confirmation/scroll_input/metrics.csv,paint,100 MB input while scrolling,,,,,2.806583,0.130250,,,,com.apple.keylayout.ABC,variable (CGDisplayMode reports 0),false,,,,18,0,0
confirmation/scroll_input/metrics.csv,paint,100 MB input while scrolling,,,,,8.359000,0.140791,,,,com.apple.keylayout.ABC,variable (CGDisplayMode reports 0),false,,,,18,0,0
confirmation/scroll_input/metrics.csv,paint,100 MB input while scrolling,,,,,8.433084,0.178416,,,,com.apple.keylayout.ABC,variable (CGDisplayMode reports 0),false,,,,18,0,0
confirmation/scroll_input/metrics.csv,paint,100 MB input while scrolling,,,,,1.796708,0.771833,,,,com.apple.keylayout.ABC,variable (CGDisplayMode reports 0),false,,,,0,18,18
confirmation/scroll_input/metrics.csv,input,100 MB input while scrolling,19,command,0.004666,1.278250,,,,,,com.apple.keylayout.ABC,variable (CGDisplayMode reports 0),false,,,,,,
confirmation/scroll_input/metrics.csv,paint,100 MB input while scrolling,,,,,6.416250,0.135500,,,,com.apple.keylayout.ABC,variable (CGDisplayMode reports 0),false,,,,18,0,0
confirmation/scroll_input/metrics.csv,paint,100 MB input while scrolling,,,,,8.312542,0.124792,,,,com.apple.keylayout.ABC,variable (CGDisplayMode reports 0),false,,,,18,0,0
confirmation/scroll_input/metrics.csv,paint,100 MB input while scrolling,,,,,8.343708,0.117917,,,,com.apple.keylayout.ABC,variable (CGDisplayMode reports 0),false,,,,18,0,0
confirmation/scroll_input/metrics.csv,paint,100 MB input while scrolling,,,,,4.352833,0.612875,,,,com.apple.keylayout.ABC,variable (CGDisplayMode reports 0),false,,,,0,18,18
confirmation/scroll_input/metrics.csv,input,100 MB input while scrolling,20,command,0.003708,3.681083,,,,,,com.apple.keylayout.ABC,variable (CGDisplayMode reports 0),false,,,,,,
confirmation/scroll_input/metrics.csv,paint,100 MB input while scrolling,,,,,4.070667,0.125416,,,,com.apple.keylayout.ABC,variable (CGDisplayMode reports 0),false,,,,18,0,0
confirmation/scroll_input/metrics.csv,paint,100 MB input while scrolling,,,,,8.222667,0.120125,,,,com.apple.keylayout.ABC,variable (CGDisplayMode reports 0),false,,,,18,0,0
confirmation/scroll_input/metrics.csv,paint,100 MB input while scrolling,,,,,8.365791,0.126875,,,,com.apple.keylayout.ABC,variable (CGDisplayMode reports 0),false,,,,18,0,0
confirmation/scroll_input/metrics.csv,paint,100 MB input while scrolling,,,,,4.346709,0.619333,,,,com.apple.keylayout.ABC,variable (CGDisplayMode reports 0),false,,,,0,18,18
confirmation/scroll_input/metrics.csv,input,100 MB input while scrolling,21,command,0.004333,3.626416,,,,,,com.apple.keylayout.ABC,variable (CGDisplayMode reports 0),false,,,,,,
confirmation/scroll_input/metrics.csv,paint,100 MB input while scrolling,,,,,3.966708,0.125667,,,,com.apple.keylayout.ABC,variable (CGDisplayMode reports 0),false,,,,18,0,0
confirmation/scroll_input/metrics.csv,paint,100 MB input while scrolling,,,,,8.328250,0.119708,,,,com.apple.keylayout.ABC,variable (CGDisplayMode reports 0),false,,,,18,0,0
confirmation/scroll_input/metrics.csv,paint,100 MB input while scrolling,,,,,8.343667,0.126375,,,,com.apple.keylayout.ABC,variable (CGDisplayMode reports 0),false,,,,18,0,0
confirmation/scroll_input/metrics.csv,paint,100 MB input while scrolling,,,,,4.410458,0.647917,,,,com.apple.keylayout.ABC,variable (CGDisplayMode reports 0),false,,,,0,18,18
confirmation/scroll_input/metrics.csv,input,100 MB input while scrolling,22,command,0.004500,3.994667,,,,,,com.apple.keylayout.ABC,variable (CGDisplayMode reports 0),false,,,,,,
confirmation/scroll_input/metrics.csv,paint,100 MB input while scrolling,,,,,3.947917,0.139417,,,,com.apple.keylayout.ABC,variable (CGDisplayMode reports 0),false,,,,18,0,0
confirmation/scroll_input/metrics.csv,paint,100 MB input while scrolling,,,,,8.298875,0.122417,,,,com.apple.keylayout.ABC,variable (CGDisplayMode reports 0),false,,,,18,0,0
confirmation/scroll_input/metrics.csv,paint,100 MB input while scrolling,,,,,8.433083,0.157041,,,,com.apple.keylayout.ABC,variable (CGDisplayMode reports 0),false,,,,18,0,0
confirmation/scroll_input/metrics.csv,paint,100 MB input while scrolling,,,,,4.424583,0.740584,,,,com.apple.keylayout.ABC,variable (CGDisplayMode reports 0),false,,,,0,18,18
confirmation/scroll_input/metrics.csv,input,100 MB input while scrolling,23,command,0.005250,3.886583,,,,,,com.apple.keylayout.ABC,variable (CGDisplayMode reports 0),false,,,,,,
confirmation/scroll_input/metrics.csv,paint,100 MB input while scrolling,,,,,3.829250,0.138333,,,,com.apple.keylayout.ABC,variable (CGDisplayMode reports 0),false,,,,18,0,0
confirmation/scroll_input/metrics.csv,paint,100 MB input while scrolling,,,,,8.320084,0.126250,,,,com.apple.keylayout.ABC,variable (CGDisplayMode reports 0),false,,,,18,0,0
confirmation/scroll_input/metrics.csv,paint,100 MB input while scrolling,,,,,8.316291,0.118209,,,,com.apple.keylayout.ABC,variable (CGDisplayMode reports 0),false,,,,18,0,0
confirmation/scroll_input/metrics.csv,paint,100 MB input while scrolling,,,,,4.469667,0.661708,,,,com.apple.keylayout.ABC,variable (CGDisplayMode reports 0),false,,,,0,18,18
confirmation/scroll_input/metrics.csv,input,100 MB input while scrolling,24,command,0.004292,3.577375,,,,,,com.apple.keylayout.ABC,variable (CGDisplayMode reports 0),false,,,,,,
confirmation/scroll_input/metrics.csv,paint,100 MB input while scrolling,,,,,3.560208,0.139791,,,,com.apple.keylayout.ABC,variable (CGDisplayMode reports 0),false,,,,18,0,0
confirmation/scroll_input/metrics.csv,paint,100 MB input while scrolling,,,,,8.717750,0.136542,,,,com.apple.keylayout.ABC,variable (CGDisplayMode reports 0),false,,,,18,0,0
confirmation/scroll_input/metrics.csv,paint,100 MB input while scrolling,,,,,8.276292,0.129792,,,,com.apple.keylayout.ABC,variable (CGDisplayMode reports 0),false,,,,18,0,0
confirmation/scroll_input/metrics.csv,paint,100 MB input while scrolling,,,,,4.432417,0.701458,,,,com.apple.keylayout.ABC,variable (CGDisplayMode reports 0),false,,,,0,18,18
confirmation/scroll_input/metrics.csv,input,100 MB input while scrolling,25,command,0.004333,4.020833,,,,,,com.apple.keylayout.ABC,variable (CGDisplayMode reports 0),false,,,,,,
confirmation/scroll_input/metrics.csv,paint,100 MB input while scrolling,,,,,3.899000,0.128375,,,,com.apple.keylayout.ABC,variable (CGDisplayMode reports 0),false,,,,18,0,0
confirmation/scroll_input/metrics.csv,paint,100 MB input while scrolling,,,,,8.335583,0.126625,,,,com.apple.keylayout.ABC,variable (CGDisplayMode reports 0),false,,,,18,0,0
confirmation/scroll_input/metrics.csv,paint,100 MB input while scrolling,,,,,8.358625,0.125875,,,,com.apple.keylayout.ABC,variable (CGDisplayMode reports 0),false,,,,18,0,0
confirmation/scroll_input/metrics.csv,paint,100 MB input while scrolling,,,,,4.549917,0.753791,,,,com.apple.keylayout.ABC,variable (CGDisplayMode reports 0),false,,,,0,18,18
confirmation/scroll_input/metrics.csv,input,100 MB input while scrolling,26,command,0.004125,4.062833,,,,,,com.apple.keylayout.ABC,variable (CGDisplayMode reports 0),false,,,,,,
confirmation/scroll_input/metrics.csv,paint,100 MB input while scrolling,,,,,3.760791,0.136750,,,,com.apple.keylayout.ABC,variable (CGDisplayMode reports 0),false,,,,18,0,0
confirmation/scroll_input/metrics.csv,paint,100 MB input while scrolling,,,,,8.338709,0.133041,,,,com.apple.keylayout.ABC,variable (CGDisplayMode reports 0),false,,,,18,0,0
confirmation/scroll_input/metrics.csv,paint,100 MB input while scrolling,,,,,8.330458,0.119292,,,,com.apple.keylayout.ABC,variable (CGDisplayMode reports 0),false,,,,18,0,0
confirmation/scroll_input/metrics.csv,paint,100 MB input while scrolling,,,,,4.355375,0.609875,,,,com.apple.keylayout.ABC,variable (CGDisplayMode reports 0),false,,,,0,18,18
confirmation/scroll_input/metrics.csv,input,100 MB input while scrolling,27,command,0.004792,3.701334,,,,,,com.apple.keylayout.ABC,variable (CGDisplayMode reports 0),false,,,,,,
confirmation/scroll_input/metrics.csv,paint,100 MB input while scrolling,,,,,3.964333,0.125000,,,,com.apple.keylayout.ABC,variable (CGDisplayMode reports 0),false,,,,18,0,0
confirmation/scroll_input/metrics.csv,paint,100 MB input while scrolling,,,,,8.339917,0.132459,,,,com.apple.keylayout.ABC,variable (CGDisplayMode reports 0),false,,,,18,0,0
confirmation/scroll_input/metrics.csv,paint,100 MB input while scrolling,,,,,8.321125,0.115167,,,,com.apple.keylayout.ABC,variable (CGDisplayMode reports 0),false,,,,18,0,0
confirmation/scroll_input/metrics.csv,paint,100 MB input while scrolling,,,,,1.430375,0.614917,,,,com.apple.keylayout.ABC,variable (CGDisplayMode reports 0),false,,,,0,18,18
confirmation/scroll_input/metrics.csv,input,100 MB input while scrolling,28,command,0.003583,1.028333,,,,,,com.apple.keylayout.ABC,variable (CGDisplayMode reports 0),false,,,,,,
confirmation/scroll_input/metrics.csv,paint,100 MB input while scrolling,,,,,6.902292,0.122541,,,,com.apple.keylayout.ABC,variable (CGDisplayMode reports 0),false,,,,18,0,0
confirmation/scroll_input/metrics.csv,paint,100 MB input while scrolling,,,,,8.344583,0.124125,,,,com.apple.keylayout.ABC,variable (CGDisplayMode reports 0),false,,,,18,0,0
confirmation/scroll_input/metrics.csv,paint,100 MB input while scrolling,,,,,8.376292,0.142917,,,,com.apple.keylayout.ABC,variable (CGDisplayMode reports 0),false,,,,18,0,0
confirmation/scroll_input/metrics.csv,paint,100 MB input while scrolling,,,,,4.289583,0.585375,,,,com.apple.keylayout.ABC,variable (CGDisplayMode reports 0),false,,,,0,18,18
confirmation/scroll_input/metrics.csv,input,100 MB input while scrolling,29,command,0.003792,3.793750,,,,,,com.apple.keylayout.ABC,variable (CGDisplayMode reports 0),false,,,,,,
confirmation/scroll_input/metrics.csv,paint,100 MB input while scrolling,,,,,4.012250,0.129250,,,,com.apple.keylayout.ABC,variable (CGDisplayMode reports 0),false,,,,18,0,0
confirmation/scroll_input/metrics.csv,paint,100 MB input while scrolling,,,,,8.305958,0.121667,,,,com.apple.keylayout.ABC,variable (CGDisplayMode reports 0),false,,,,18,0,0
confirmation/scroll_input/metrics.csv,paint,100 MB input while scrolling,,,,,9.054084,0.663875,,,,com.apple.keylayout.ABC,variable (CGDisplayMode reports 0),false,,,,0,18,18
confirmation/scroll_input/metrics.csv,input,100 MB input while scrolling,30,command,0.004875,1.117916,,,,,,com.apple.keylayout.ABC,variable (CGDisplayMode reports 0),false,,,,,,
confirmation/scroll_input/metrics.csv,paint,100 MB input while scrolling,,,,,6.711625,0.124583,,,,com.apple.keylayout.ABC,variable (CGDisplayMode reports 0),false,,,,18,0,0
confirmation/scroll_input/metrics.csv,paint,100 MB input while scrolling,,,,,8.363750,0.143875,,,,com.apple.keylayout.ABC,variable (CGDisplayMode reports 0),false,,,,18,0,0
confirmation/scroll_input/metrics.csv,paint,100 MB input while scrolling,,,,,8.325750,0.128500,,,,com.apple.keylayout.ABC,variable (CGDisplayMode reports 0),false,,,,18,0,0
confirmation/scroll_input/metrics.csv,paint,100 MB input while scrolling,,,,,5.230791,0.610125,,,,com.apple.keylayout.ABC,variable (CGDisplayMode reports 0),false,,,,0,18,18
confirmation/scroll_input/metrics.csv,input,100 MB input while scrolling,31,command,0.003750,4.681250,,,,,,com.apple.keylayout.ABC,variable (CGDisplayMode reports 0),false,,,,,,
confirmation/scroll_input/metrics.csv,paint,100 MB input while scrolling,,,,,4.131542,0.120708,,,,com.apple.keylayout.ABC,variable (CGDisplayMode reports 0),false,,,,18,0,0
confirmation/scroll_input/metrics.csv,paint,100 MB input while scrolling,,,,,7.281792,0.115875,,,,com.apple.keylayout.ABC,variable (CGDisplayMode reports 0),false,,,,18,0,0
confirmation/scroll_input/metrics.csv,paint,100 MB input while scrolling,,,,,10.109208,0.735167,,,,com.apple.keylayout.ABC,variable (CGDisplayMode reports 0),false,,,,0,18,18
confirmation/scroll_input/metrics.csv,input,100 MB input while scrolling,32,command,0.004083,1.632917,,,,,,com.apple.keylayout.ABC,variable (CGDisplayMode reports 0),false,,,,,,
confirmation/scroll_input/metrics.csv,paint,100 MB input while scrolling,,,,,7.559125,0.160917,,,,com.apple.keylayout.ABC,variable (CGDisplayMode reports 0),false,,,,18,0,0
confirmation/scroll_input/metrics.csv,paint,100 MB input while scrolling,,,,,8.262292,0.128750,,,,com.apple.keylayout.ABC,variable (CGDisplayMode reports 0),false,,,,18,0,0
confirmation/scroll_input/metrics.csv,paint,100 MB input while scrolling,,,,,8.984625,0.654125,,,,com.apple.keylayout.ABC,variable (CGDisplayMode reports 0),false,,,,0,18,18
confirmation/scroll_input/metrics.csv,input,100 MB input while scrolling,33,command,0.007333,1.926041,,,,,,com.apple.keylayout.ABC,variable (CGDisplayMode reports 0),false,,,,,,
confirmation/scroll_input/metrics.csv,paint,100 MB input while scrolling,,,,,7.724208,0.151417,,,,com.apple.keylayout.ABC,variable (CGDisplayMode reports 0),false,,,,18,0,0
confirmation/scroll_input/metrics.csv,paint,100 MB input while scrolling,,,,,8.413042,0.181875,,,,com.apple.keylayout.ABC,variable (CGDisplayMode reports 0),false,,,,18,0,0
confirmation/scroll_input/metrics.csv,paint,100 MB input while scrolling,,,,,7.393208,0.182542,,,,com.apple.keylayout.ABC,variable (CGDisplayMode reports 0),false,,,,18,0,0
confirmation/scroll_input/metrics.csv,paint,100 MB input while scrolling,,,,,5.304042,0.713959,,,,com.apple.keylayout.ABC,variable (CGDisplayMode reports 0),false,,,,0,18,18
confirmation/scroll_input/metrics.csv,input,100 MB input while scrolling,34,command,0.003916,4.877500,,,,,,com.apple.keylayout.ABC,variable (CGDisplayMode reports 0),false,,,,,,
confirmation/scroll_input/metrics.csv,paint,100 MB input while scrolling,,,,,4.089458,0.147000,,,,com.apple.keylayout.ABC,variable (CGDisplayMode reports 0),false,,,,18,0,0
confirmation/scroll_input/metrics.csv,paint,100 MB input while scrolling,,,,,7.245042,0.147292,,,,com.apple.keylayout.ABC,variable (CGDisplayMode reports 0),false,,,,18,0,0
confirmation/scroll_input/metrics.csv,paint,100 MB input while scrolling,,,,,406.730750,0.678916,,,,com.apple.keylayout.ABC,variable (CGDisplayMode reports 0),false,,,,0,20,20
confirmation/scroll_input/metrics.csv,block_index,100 MB input while scrolling,,,,,,,,,,com.apple.keylayout.ABC,variable (CGDisplayMode reports 0),false,0.007125,114,0,,,
confirmation/scroll_input/metrics.csv,paint,100 MB input while scrolling,,,,,0.974208,0.164041,,,,com.apple.keylayout.ABC,variable (CGDisplayMode reports 0),false,,,,17,1,1
confirmation/scroll_input/metrics.csv,input,100 MB input while scrolling,35,command,0.007166,0.661375,,,,,,com.apple.keylayout.ABC,variable (CGDisplayMode reports 0),false,,,,,,
confirmation/scroll_input/metrics.csv,paint,100 MB input while scrolling,,,,,0.641042,0.109084,,,,com.apple.keylayout.ABC,variable (CGDisplayMode reports 0),false,,,,18,0,0
confirmation/scroll_input/metrics.csv,paint,100 MB input while scrolling,,,,,0.876625,0.148125,,,,com.apple.keylayout.ABC,variable (CGDisplayMode reports 0),false,,,,18,0,0
confirmation/scroll_input/metrics.csv,paint,100 MB input while scrolling,,,,,8.315250,0.131583,,,,com.apple.keylayout.ABC,variable (CGDisplayMode reports 0),false,,,,18,0,0
confirmation/scroll_input/metrics.csv,paint,100 MB input while scrolling,,,,,8.274250,0.126958,,,,com.apple.keylayout.ABC,variable (CGDisplayMode reports 0),false,,,,18,0,0
confirmation/scroll_input/metrics.csv,paint,100 MB input while scrolling,,,,,8.400833,0.151209,,,,com.apple.keylayout.ABC,variable (CGDisplayMode reports 0),false,,,,18,0,0
confirmation/scroll_input/metrics.csv,paint,100 MB input while scrolling,,,,,8.361875,0.159334,,,,com.apple.keylayout.ABC,variable (CGDisplayMode reports 0),false,,,,18,0,0
confirmation/scroll_input/metrics.csv,paint,100 MB input while scrolling,,,,,8.333583,0.139459,,,,com.apple.keylayout.ABC,variable (CGDisplayMode reports 0),false,,,,18,0,0
confirmation/scroll_input/metrics.csv,paint,100 MB input while scrolling,,,,,8.336667,0.152833,,,,com.apple.keylayout.ABC,variable (CGDisplayMode reports 0),false,,,,18,0,0
confirmation/scroll_input/metrics.csv,paint,100 MB input while scrolling,,,,,8.386500,0.170625,,,,com.apple.keylayout.ABC,variable (CGDisplayMode reports 0),false,,,,18,0,0
confirmation/scroll_input/metrics.csv,paint,100 MB input while scrolling,,,,,7.565542,0.152083,,,,com.apple.keylayout.ABC,variable (CGDisplayMode reports 0),false,,,,18,0,0
confirmation/scroll_input/metrics.csv,paint,100 MB input while scrolling,,,,,9.313458,0.209667,,,,com.apple.keylayout.ABC,variable (CGDisplayMode reports 0),false,,,,18,0,0
confirmation/scroll_input/metrics.csv,paint,100 MB input while scrolling,,,,,8.154833,0.187250,,,,com.apple.keylayout.ABC,variable (CGDisplayMode reports 0),false,,,,18,0,0
confirmation/scroll_input/metrics.csv,paint,100 MB input while scrolling,,,,,8.410125,0.213292,,,,com.apple.keylayout.ABC,variable (CGDisplayMode reports 0),false,,,,18,0,0
confirmation/scroll_input/metrics.csv,paint,100 MB input while scrolling,,,,,8.267917,0.183708,,,,com.apple.keylayout.ABC,variable (CGDisplayMode reports 0),false,,,,18,0,0
confirmation/scroll_input/metrics.csv,paint,100 MB input while scrolling,,,,,8.292708,0.179833,,,,com.apple.keylayout.ABC,variable (CGDisplayMode reports 0),false,,,,18,0,0
confirmation/scroll_input/metrics.csv,paint,100 MB input while scrolling,,,,,8.302250,0.166292,,,,com.apple.keylayout.ABC,variable (CGDisplayMode reports 0),false,,,,18,0,0
confirmation/scroll_input/metrics.csv,paint,100 MB input while scrolling,,,,,8.314584,0.160250,,,,com.apple.keylayout.ABC,variable (CGDisplayMode reports 0),false,,,,18,0,0
confirmation/scroll_input/metrics.csv,paint,100 MB input while scrolling,,,,,8.295625,0.150583,,,,com.apple.keylayout.ABC,variable (CGDisplayMode reports 0),false,,,,18,0,0
confirmation/startup_100mb/1.csv,memory_load,100 MiB document warm startup,,,,,,,,,348798976,com.apple.keylayout.ABC,variable (CGDisplayMode reports 0),false,,,,,,
confirmation/startup_100mb/1.csv,ready,100 MiB document warm startup,,,,,,,374.544875,238.453667,383811584,com.apple.keylayout.ABC,variable (CGDisplayMode reports 0),false,,,,,,
confirmation/startup_100mb/1.csv,paint,100 MiB document warm startup,,,,,,18.731750,,,,com.apple.keylayout.ABC,variable (CGDisplayMode reports 0),false,,,,0,18,18
confirmation/startup_100mb/1.csv,paint,100 MiB document warm startup,,,,,15.662166,0.198833,,,,com.apple.keylayout.ABC,variable (CGDisplayMode reports 0),false,,,,17,0,0
confirmation/startup_100mb/10.csv,memory_load,100 MiB document warm startup,,,,,,,,,349372416,com.apple.keylayout.ABC,variable (CGDisplayMode reports 0),false,,,,,,
confirmation/startup_100mb/10.csv,ready,100 MiB document warm startup,,,,,,,398.775458,242.742666,383827968,com.apple.keylayout.ABC,variable (CGDisplayMode reports 0),false,,,,,,
confirmation/startup_100mb/10.csv,paint,100 MiB document warm startup,,,,,,18.328125,,,,com.apple.keylayout.ABC,variable (CGDisplayMode reports 0),false,,,,0,18,18
confirmation/startup_100mb/10.csv,paint,100 MiB document warm startup,,,,,17.154375,0.220084,,,,com.apple.keylayout.ABC,variable (CGDisplayMode reports 0),false,,,,17,0,0
confirmation/startup_100mb/11.csv,memory_load,100 MiB document warm startup,,,,,,,,,349765632,com.apple.keylayout.ABC,variable (CGDisplayMode reports 0),false,,,,,,
confirmation/startup_100mb/11.csv,ready,100 MiB document warm startup,,,,,,,410.835417,236.998167,384090112,com.apple.keylayout.ABC,variable (CGDisplayMode reports 0),false,,,,,,
confirmation/startup_100mb/11.csv,paint,100 MiB document warm startup,,,,,,17.820083,,,,com.apple.keylayout.ABC,variable (CGDisplayMode reports 0),false,,,,0,18,18
confirmation/startup_100mb/11.csv,paint,100 MiB document warm startup,,,,,15.997750,0.192458,,,,com.apple.keylayout.ABC,variable (CGDisplayMode reports 0),false,,,,17,0,0
confirmation/startup_100mb/12.csv,memory_load,100 MiB document warm startup,,,,,,,,,349831168,com.apple.keylayout.ABC,variable (CGDisplayMode reports 0),false,,,,,,
confirmation/startup_100mb/12.csv,ready,100 MiB document warm startup,,,,,,,389.440542,244.686375,384188416,com.apple.keylayout.ABC,variable (CGDisplayMode reports 0),false,,,,,,
confirmation/startup_100mb/12.csv,paint,100 MiB document warm startup,,,,,,18.088541,,,,com.apple.keylayout.ABC,variable (CGDisplayMode reports 0),false,,,,0,18,18
confirmation/startup_100mb/12.csv,paint,100 MiB document warm startup,,,,,16.601125,0.208291,,,,com.apple.keylayout.ABC,variable (CGDisplayMode reports 0),false,,,,17,0,0
confirmation/startup_100mb/13.csv,memory_load,100 MiB document warm startup,,,,,,,,,349618176,com.apple.keylayout.ABC,variable (CGDisplayMode reports 0),false,,,,,,
confirmation/startup_100mb/13.csv,ready,100 MiB document warm startup,,,,,,,378.838500,240.272166,383991808,com.apple.keylayout.ABC,variable (CGDisplayMode reports 0),false,,,,,,
confirmation/startup_100mb/13.csv,paint,100 MiB document warm startup,,,,,,17.533958,,,,com.apple.keylayout.ABC,variable (CGDisplayMode reports 0),false,,,,0,18,18
confirmation/startup_100mb/13.csv,paint,100 MiB document warm startup,,,,,16.121959,0.180417,,,,com.apple.keylayout.ABC,variable (CGDisplayMode reports 0),false,,,,17,0,0
confirmation/startup_100mb/14.csv,memory_load,100 MiB document warm startup,,,,,,,,,349618176,com.apple.keylayout.ABC,variable (CGDisplayMode reports 0),false,,,,,,
confirmation/startup_100mb/14.csv,ready,100 MiB document warm startup,,,,,,,375.700458,235.976917,383844352,com.apple.keylayout.ABC,variable (CGDisplayMode reports 0),false,,,,,,
confirmation/startup_100mb/14.csv,paint,100 MiB document warm startup,,,,,,18.432000,,,,com.apple.keylayout.ABC,variable (CGDisplayMode reports 0),false,,,,0,18,18
confirmation/startup_100mb/14.csv,paint,100 MiB document warm startup,,,,,16.389167,0.202833,,,,com.apple.keylayout.ABC,variable (CGDisplayMode reports 0),false,,,,17,0,0
confirmation/startup_100mb/15.csv,memory_load,100 MiB document warm startup,,,,,,,,,349585408,com.apple.keylayout.ABC,variable (CGDisplayMode reports 0),false,,,,,,
confirmation/startup_100mb/15.csv,ready,100 MiB document warm startup,,,,,,,382.918708,243.374000,383975424,com.apple.keylayout.ABC,variable (CGDisplayMode reports 0),false,,,,,,
confirmation/startup_100mb/15.csv,paint,100 MiB document warm startup,,,,,,17.141250,,,,com.apple.keylayout.ABC,variable (CGDisplayMode reports 0),false,,,,0,18,18
confirmation/startup_100mb/15.csv,paint,100 MiB document warm startup,,,,,17.110750,0.186042,,,,com.apple.keylayout.ABC,variable (CGDisplayMode reports 0),false,,,,17,0,0
confirmation/startup_100mb/16.csv,memory_load,100 MiB document warm startup,,,,,,,,,349650944,com.apple.keylayout.ABC,variable (CGDisplayMode reports 0),false,,,,,,
confirmation/startup_100mb/16.csv,ready,100 MiB document warm startup,,,,,,,381.867750,233.499375,383991808,com.apple.keylayout.ABC,variable (CGDisplayMode reports 0),false,,,,,,
confirmation/startup_100mb/16.csv,paint,100 MiB document warm startup,,,,,,18.598000,,,,com.apple.keylayout.ABC,variable (CGDisplayMode reports 0),false,,,,0,18,18
confirmation/startup_100mb/16.csv,paint,100 MiB document warm startup,,,,,20.494750,0.205542,,,,com.apple.keylayout.ABC,variable (CGDisplayMode reports 0),false,,,,17,0,0
confirmation/startup_100mb/17.csv,memory_load,100 MiB document warm startup,,,,,,,,,349585408,com.apple.keylayout.ABC,variable (CGDisplayMode reports 0),false,,,,,,
confirmation/startup_100mb/17.csv,ready,100 MiB document warm startup,,,,,,,383.068458,239.080417,383942656,com.apple.keylayout.ABC,variable (CGDisplayMode reports 0),false,,,,,,
confirmation/startup_100mb/17.csv,paint,100 MiB document warm startup,,,,,,17.549625,,,,com.apple.keylayout.ABC,variable (CGDisplayMode reports 0),false,,,,0,18,18
confirmation/startup_100mb/18.csv,memory_load,100 MiB document warm startup,,,,,,,,,349437952,com.apple.keylayout.ABC,variable (CGDisplayMode reports 0),false,,,,,,
confirmation/startup_100mb/18.csv,ready,100 MiB document warm startup,,,,,,,385.817708,242.452292,383844352,com.apple.keylayout.ABC,variable (CGDisplayMode reports 0),false,,,,,,
confirmation/startup_100mb/18.csv,paint,100 MiB document warm startup,,,,,,17.853333,,,,com.apple.keylayout.ABC,variable (CGDisplayMode reports 0),false,,,,0,18,18
confirmation/startup_100mb/18.csv,paint,100 MiB document warm startup,,,,,18.814084,0.216375,,,,com.apple.keylayout.ABC,variable (CGDisplayMode reports 0),false,,,,17,0,0
confirmation/startup_100mb/19.csv,memory_load,100 MiB document warm startup,,,,,,,,,349634560,com.apple.keylayout.ABC,variable (CGDisplayMode reports 0),false,,,,,,
confirmation/startup_100mb/19.csv,ready,100 MiB document warm startup,,,,,,,418.997875,238.257750,383975424,com.apple.keylayout.ABC,variable (CGDisplayMode reports 0),false,,,,,,
confirmation/startup_100mb/19.csv,paint,100 MiB document warm startup,,,,,,18.384917,,,,com.apple.keylayout.ABC,variable (CGDisplayMode reports 0),false,,,,0,18,18
confirmation/startup_100mb/19.csv,paint,100 MiB document warm startup,,,,,16.424208,0.197375,,,,com.apple.keylayout.ABC,variable (CGDisplayMode reports 0),false,,,,17,0,0
confirmation/startup_100mb/19.csv,paint,100 MiB document warm startup,,,,,59.207417,0.200458,,,,com.apple.keylayout.ABC,variable (CGDisplayMode reports 0),false,,,,17,0,0
confirmation/startup_100mb/19.csv,paint,100 MiB document warm startup,,,,,3.436500,0.214375,,,,com.apple.keylayout.ABC,variable (CGDisplayMode reports 0),false,,,,17,0,0
confirmation/startup_100mb/2.csv,memory_load,100 MiB document warm startup,,,,,,,,,349732864,com.apple.keylayout.ABC,variable (CGDisplayMode reports 0),false,,,,,,
confirmation/startup_100mb/2.csv,ready,100 MiB document warm startup,,,,,,,395.998000,248.960667,383926272,com.apple.keylayout.ABC,variable (CGDisplayMode reports 0),false,,,,,,
confirmation/startup_100mb/2.csv,paint,100 MiB document warm startup,,,,,,19.344958,,,,com.apple.keylayout.ABC,variable (CGDisplayMode reports 0),false,,,,0,18,18
confirmation/startup_100mb/20.csv,memory_load,100 MiB document warm startup,,,,,,,,,348897280,com.apple.keylayout.ABC,variable (CGDisplayMode reports 0),false,,,,,,
confirmation/startup_100mb/20.csv,ready,100 MiB document warm startup,,,,,,,442.806958,286.291708,383811584,com.apple.keylayout.ABC,variable (CGDisplayMode reports 0),false,,,,,,
confirmation/startup_100mb/20.csv,paint,100 MiB document warm startup,,,,,,22.456334,,,,com.apple.keylayout.ABC,variable (CGDisplayMode reports 0),false,,,,0,18,18
confirmation/startup_100mb/20.csv,paint,100 MiB document warm startup,,,,,15.852583,0.183792,,,,com.apple.keylayout.ABC,variable (CGDisplayMode reports 0),false,,,,17,0,0
confirmation/startup_100mb/21.csv,memory_load,100 MiB document warm startup,,,,,,,,,349503488,com.apple.keylayout.ABC,variable (CGDisplayMode reports 0),false,,,,,,
confirmation/startup_100mb/21.csv,ready,100 MiB document warm startup,,,,,,,393.075875,238.123750,383860736,com.apple.keylayout.ABC,variable (CGDisplayMode reports 0),false,,,,,,
confirmation/startup_100mb/21.csv,paint,100 MiB document warm startup,,,,,,18.151917,,,,com.apple.keylayout.ABC,variable (CGDisplayMode reports 0),false,,,,0,18,18
confirmation/startup_100mb/22.csv,memory_load,100 MiB document warm startup,,,,,,,,,349569024,com.apple.keylayout.ABC,variable (CGDisplayMode reports 0),false,,,,,,
confirmation/startup_100mb/22.csv,ready,100 MiB document warm startup,,,,,,,399.978750,252.134083,383926272,com.apple.keylayout.ABC,variable (CGDisplayMode reports 0),false,,,,,,
confirmation/startup_100mb/22.csv,paint,100 MiB document warm startup,,,,,,16.236042,,,,com.apple.keylayout.ABC,variable (CGDisplayMode reports 0),false,,,,0,18,18
confirmation/startup_100mb/22.csv,paint,100 MiB document warm startup,,,,,19.503250,0.203541,,,,com.apple.keylayout.ABC,variable (CGDisplayMode reports 0),false,,,,17,0,0
confirmation/startup_100mb/23.csv,memory_load,100 MiB document warm startup,,,,,,,,,349716480,com.apple.keylayout.ABC,variable (CGDisplayMode reports 0),false,,,,,,
confirmation/startup_100mb/23.csv,ready,100 MiB document warm startup,,,,,,,376.592708,241.688875,384155648,com.apple.keylayout.ABC,variable (CGDisplayMode reports 0),false,,,,,,
confirmation/startup_100mb/23.csv,paint,100 MiB document warm startup,,,,,,17.537375,,,,com.apple.keylayout.ABC,variable (CGDisplayMode reports 0),false,,,,0,18,18
confirmation/startup_100mb/23.csv,paint,100 MiB document warm startup,,,,,19.654375,0.204209,,,,com.apple.keylayout.ABC,variable (CGDisplayMode reports 0),false,,,,17,0,0
confirmation/startup_100mb/24.csv,memory_load,100 MiB document warm startup,,,,,,,,,349732864,com.apple.keylayout.ABC,variable (CGDisplayMode reports 0),false,,,,,,
confirmation/startup_100mb/24.csv,ready,100 MiB document warm startup,,,,,,,396.339541,245.510833,383860736,com.apple.keylayout.ABC,variable (CGDisplayMode reports 0),false,,,,,,
confirmation/startup_100mb/24.csv,paint,100 MiB document warm startup,,,,,,19.759417,,,,com.apple.keylayout.ABC,variable (CGDisplayMode reports 0),false,,,,0,18,18
confirmation/startup_100mb/24.csv,paint,100 MiB document warm startup,,,,,16.047292,0.202125,,,,com.apple.keylayout.ABC,variable (CGDisplayMode reports 0),false,,,,17,0,0
confirmation/startup_100mb/25.csv,memory_load,100 MiB document warm startup,,,,,,,,,351698944,com.apple.keylayout.ABC,variable (CGDisplayMode reports 0),false,,,,,,
confirmation/startup_100mb/25.csv,ready,100 MiB document warm startup,,,,,,,386.467958,243.462500,386023424,com.apple.keylayout.ABC,variable (CGDisplayMode reports 0),false,,,,,,
confirmation/startup_100mb/25.csv,paint,100 MiB document warm startup,,,,,,17.257625,,,,com.apple.keylayout.ABC,variable (CGDisplayMode reports 0),false,,,,0,18,18
confirmation/startup_100mb/26.csv,memory_load,100 MiB document warm startup,,,,,,,,,349700096,com.apple.keylayout.ABC,variable (CGDisplayMode reports 0),false,,,,,,
confirmation/startup_100mb/26.csv,ready,100 MiB document warm startup,,,,,,,391.935209,239.404125,384008192,com.apple.keylayout.ABC,variable (CGDisplayMode reports 0),false,,,,,,
confirmation/startup_100mb/26.csv,paint,100 MiB document warm startup,,,,,,17.423500,,,,com.apple.keylayout.ABC,variable (CGDisplayMode reports 0),false,,,,0,18,18
confirmation/startup_100mb/26.csv,paint,100 MiB document warm startup,,,,,16.061791,0.211833,,,,com.apple.keylayout.ABC,variable (CGDisplayMode reports 0),false,,,,17,0,0
confirmation/startup_100mb/27.csv,memory_load,100 MiB document warm startup,,,,,,,,,349634560,com.apple.keylayout.ABC,variable (CGDisplayMode reports 0),false,,,,,,
confirmation/startup_100mb/27.csv,ready,100 MiB document warm startup,,,,,,,386.178875,234.297125,384024576,com.apple.keylayout.ABC,variable (CGDisplayMode reports 0),false,,,,,,
confirmation/startup_100mb/27.csv,paint,100 MiB document warm startup,,,,,,17.876500,,,,com.apple.keylayout.ABC,variable (CGDisplayMode reports 0),false,,,,0,18,18
confirmation/startup_100mb/27.csv,paint,100 MiB document warm startup,,,,,16.902333,0.194208,,,,com.apple.keylayout.ABC,variable (CGDisplayMode reports 0),false,,,,17,0,0
confirmation/startup_100mb/28.csv,memory_load,100 MiB document warm startup,,,,,,,,,349634560,com.apple.keylayout.ABC,variable (CGDisplayMode reports 0),false,,,,,,
confirmation/startup_100mb/28.csv,ready,100 MiB document warm startup,,,,,,,379.329125,235.839750,384024576,com.apple.keylayout.ABC,variable (CGDisplayMode reports 0),false,,,,,,
confirmation/startup_100mb/28.csv,paint,100 MiB document warm startup,,,,,,18.035750,,,,com.apple.keylayout.ABC,variable (CGDisplayMode reports 0),false,,,,0,18,18
confirmation/startup_100mb/28.csv,paint,100 MiB document warm startup,,,,,17.849042,0.194959,,,,com.apple.keylayout.ABC,variable (CGDisplayMode reports 0),false,,,,17,0,0
confirmation/startup_100mb/29.csv,memory_load,100 MiB document warm startup,,,,,,,,,349601792,com.apple.keylayout.ABC,variable (CGDisplayMode reports 0),false,,,,,,
confirmation/startup_100mb/29.csv,ready,100 MiB document warm startup,,,,,,,380.442041,239.226541,384040960,com.apple.keylayout.ABC,variable (CGDisplayMode reports 0),false,,,,,,
confirmation/startup_100mb/29.csv,paint,100 MiB document warm startup,,,,,,18.182875,,,,com.apple.keylayout.ABC,variable (CGDisplayMode reports 0),false,,,,0,18,18
confirmation/startup_100mb/29.csv,paint,100 MiB document warm startup,,,,,16.554792,0.207042,,,,com.apple.keylayout.ABC,variable (CGDisplayMode reports 0),false,,,,17,0,0
confirmation/startup_100mb/3.csv,memory_load,100 MiB document warm startup,,,,,,,,,349454336,com.apple.keylayout.ABC,variable (CGDisplayMode reports 0),false,,,,,,
confirmation/startup_100mb/3.csv,ready,100 MiB document warm startup,,,,,,,382.527417,239.779042,383975424,com.apple.keylayout.ABC,variable (CGDisplayMode reports 0),false,,,,,,
confirmation/startup_100mb/3.csv,paint,100 MiB document warm startup,,,,,,18.532209,,,,com.apple.keylayout.ABC,variable (CGDisplayMode reports 0),false,,,,0,18,18
confirmation/startup_100mb/3.csv,paint,100 MiB document warm startup,,,,,20.028750,0.198000,,,,com.apple.keylayout.ABC,variable (CGDisplayMode reports 0),false,,,,17,0,0
confirmation/startup_100mb/30.csv,memory_load,100 MiB document warm startup,,,,,,,,,349732864,com.apple.keylayout.ABC,variable (CGDisplayMode reports 0),false,,,,,,
confirmation/startup_100mb/30.csv,ready,100 MiB document warm startup,,,,,,,381.567166,238.094000,384008192,com.apple.keylayout.ABC,variable (CGDisplayMode reports 0),false,,,,,,
confirmation/startup_100mb/30.csv,paint,100 MiB document warm startup,,,,,,19.998583,,,,com.apple.keylayout.ABC,variable (CGDisplayMode reports 0),false,,,,0,18,18
confirmation/startup_100mb/4.csv,memory_load,100 MiB document warm startup,,,,,,,,,351485952,com.apple.keylayout.ABC,variable (CGDisplayMode reports 0),false,,,,,,
confirmation/startup_100mb/4.csv,ready,100 MiB document warm startup,,,,,,,385.271709,245.300708,385613824,com.apple.keylayout.ABC,variable (CGDisplayMode reports 0),false,,,,,,
confirmation/startup_100mb/4.csv,paint,100 MiB document warm startup,,,,,,17.404625,,,,com.apple.keylayout.ABC,variable (CGDisplayMode reports 0),false,,,,0,18,18
confirmation/startup_100mb/4.csv,paint,100 MiB document warm startup,,,,,16.582708,0.189459,,,,com.apple.keylayout.ABC,variable (CGDisplayMode reports 0),false,,,,17,0,0
confirmation/startup_100mb/5.csv,memory_load,100 MiB document warm startup,,,,,,,,,349700096,com.apple.keylayout.ABC,variable (CGDisplayMode reports 0),false,,,,,,
confirmation/startup_100mb/5.csv,ready,100 MiB document warm startup,,,,,,,385.340458,242.841459,383877120,com.apple.keylayout.ABC,variable (CGDisplayMode reports 0),false,,,,,,
confirmation/startup_100mb/5.csv,paint,100 MiB document warm startup,,,,,,17.910750,,,,com.apple.keylayout.ABC,variable (CGDisplayMode reports 0),false,,,,0,18,18
confirmation/startup_100mb/5.csv,paint,100 MiB document warm startup,,,,,16.994417,0.201791,,,,com.apple.keylayout.ABC,variable (CGDisplayMode reports 0),false,,,,17,0,0
confirmation/startup_100mb/6.csv,memory_load,100 MiB document warm startup,,,,,,,,,349782016,com.apple.keylayout.ABC,variable (CGDisplayMode reports 0),false,,,,,,
confirmation/startup_100mb/6.csv,ready,100 MiB document warm startup,,,,,,,404.106333,235.745250,383893504,com.apple.keylayout.ABC,variable (CGDisplayMode reports 0),false,,,,,,
confirmation/startup_100mb/6.csv,paint,100 MiB document warm startup,,,,,,17.560875,,,,com.apple.keylayout.ABC,variable (CGDisplayMode reports 0),false,,,,0,18,18
confirmation/startup_100mb/6.csv,paint,100 MiB document warm startup,,,,,18.261500,0.203417,,,,com.apple.keylayout.ABC,variable (CGDisplayMode reports 0),false,,,,17,0,0
confirmation/startup_100mb/7.csv,memory_load,100 MiB document warm startup,,,,,,,,,349618176,com.apple.keylayout.ABC,variable (CGDisplayMode reports 0),false,,,,,,
confirmation/startup_100mb/7.csv,ready,100 MiB document warm startup,,,,,,,379.490084,237.113459,384057344,com.apple.keylayout.ABC,variable (CGDisplayMode reports 0),false,,,,,,
confirmation/startup_100mb/7.csv,paint,100 MiB document warm startup,,,,,,17.881875,,,,com.apple.keylayout.ABC,variable (CGDisplayMode reports 0),false,,,,0,18,18
confirmation/startup_100mb/7.csv,paint,100 MiB document warm startup,,,,,16.410250,0.204167,,,,com.apple.keylayout.ABC,variable (CGDisplayMode reports 0),false,,,,17,0,0
confirmation/startup_100mb/8.csv,memory_load,100 MiB document warm startup,,,,,,,,,349667328,com.apple.keylayout.ABC,variable (CGDisplayMode reports 0),false,,,,,,
confirmation/startup_100mb/8.csv,ready,100 MiB document warm startup,,,,,,,388.033875,240.386667,384008192,com.apple.keylayout.ABC,variable (CGDisplayMode reports 0),false,,,,,,
confirmation/startup_100mb/8.csv,paint,100 MiB document warm startup,,,,,,17.924667,,,,com.apple.keylayout.ABC,variable (CGDisplayMode reports 0),false,,,,0,18,18
confirmation/startup_100mb/8.csv,paint,100 MiB document warm startup,,,,,18.188834,0.206583,,,,com.apple.keylayout.ABC,variable (CGDisplayMode reports 0),false,,,,17,0,0
confirmation/startup_100mb/9.csv,memory_load,100 MiB document warm startup,,,,,,,,,349601792,com.apple.keylayout.ABC,variable (CGDisplayMode reports 0),false,,,,,,
confirmation/startup_100mb/9.csv,ready,100 MiB document warm startup,,,,,,,381.511042,237.699917,383975424,com.apple.keylayout.ABC,variable (CGDisplayMode reports 0),false,,,,,,
confirmation/startup_100mb/9.csv,paint,100 MiB document warm startup,,,,,,17.935208,,,,com.apple.keylayout.ABC,variable (CGDisplayMode reports 0),false,,,,0,18,18
confirmation/startup_100mb/9.csv,paint,100 MiB document warm startup,,,,,16.128833,0.195917,,,,com.apple.keylayout.ABC,variable (CGDisplayMode reports 0),false,,,,17,0,0
confirmation/startup_cold_unpurged/1.csv,memory_load,empty cold startup (OS cache not purged),,,,,,,,,,com.apple.keylayout.ABC,variable (CGDisplayMode reports 0),false,,,,,,
confirmation/startup_cold_unpurged/1.csv,ready,empty cold startup (OS cache not purged),,,,,,,178.687542,0.000000,70729728,com.apple.keylayout.ABC,variable (CGDisplayMode reports 0),false,,,,,,
confirmation/startup_cold_unpurged/1.csv,paint,empty cold startup (OS cache not purged),,,,,,0.127708,,,,com.apple.keylayout.ABC,variable (CGDisplayMode reports 0),false,,,,0,1,1
confirmation/startup_cold_unpurged/1.csv,paint,empty cold startup (OS cache not purged),,,,,14.328625,0.064333,,,,com.apple.keylayout.ABC,variable (CGDisplayMode reports 0),false,,,,0,1,1
confirmation/startup_cold_unpurged/10.csv,memory_load,empty cold startup (OS cache not purged),,,,,,,,,,com.apple.keylayout.ABC,variable (CGDisplayMode reports 0),false,,,,,,
confirmation/startup_cold_unpurged/10.csv,ready,empty cold startup (OS cache not purged),,,,,,,182.800750,0.000000,70860800,com.apple.keylayout.ABC,variable (CGDisplayMode reports 0),false,,,,,,
confirmation/startup_cold_unpurged/10.csv,paint,empty cold startup (OS cache not purged),,,,,,0.129042,,,,com.apple.keylayout.ABC,variable (CGDisplayMode reports 0),false,,,,0,1,1
confirmation/startup_cold_unpurged/10.csv,paint,empty cold startup (OS cache not purged),,,,,12.338750,0.060250,,,,com.apple.keylayout.ABC,variable (CGDisplayMode reports 0),false,,,,0,1,1
confirmation/startup_cold_unpurged/11.csv,memory_load,empty cold startup (OS cache not purged),,,,,,,,,,com.apple.keylayout.ABC,variable (CGDisplayMode reports 0),false,,,,,,
confirmation/startup_cold_unpurged/11.csv,ready,empty cold startup (OS cache not purged),,,,,,,189.872250,0.000000,70795264,com.apple.keylayout.ABC,variable (CGDisplayMode reports 0),false,,,,,,
confirmation/startup_cold_unpurged/11.csv,paint,empty cold startup (OS cache not purged),,,,,,0.114875,,,,com.apple.keylayout.ABC,variable (CGDisplayMode reports 0),false,,,,0,1,1
confirmation/startup_cold_unpurged/11.csv,paint,empty cold startup (OS cache not purged),,,,,13.715334,0.060250,,,,com.apple.keylayout.ABC,variable (CGDisplayMode reports 0),false,,,,0,1,1
confirmation/startup_cold_unpurged/12.csv,memory_load,empty cold startup (OS cache not purged),,,,,,,,,,com.apple.keylayout.ABC,variable (CGDisplayMode reports 0),false,,,,,,
confirmation/startup_cold_unpurged/12.csv,ready,empty cold startup (OS cache not purged),,,,,,,185.343167,0.000000,70746112,com.apple.keylayout.ABC,variable (CGDisplayMode reports 0),false,,,,,,
confirmation/startup_cold_unpurged/12.csv,paint,empty cold startup (OS cache not purged),,,,,,0.123333,,,,com.apple.keylayout.ABC,variable (CGDisplayMode reports 0),false,,,,0,1,1
confirmation/startup_cold_unpurged/12.csv,paint,empty cold startup (OS cache not purged),,,,,12.690250,0.060125,,,,com.apple.keylayout.ABC,variable (CGDisplayMode reports 0),false,,,,0,1,1
confirmation/startup_cold_unpurged/13.csv,memory_load,empty cold startup (OS cache not purged),,,,,,,,,,com.apple.keylayout.ABC,variable (CGDisplayMode reports 0),false,,,,,,
confirmation/startup_cold_unpurged/13.csv,ready,empty cold startup (OS cache not purged),,,,,,,184.783750,0.000000,70647808,com.apple.keylayout.ABC,variable (CGDisplayMode reports 0),false,,,,,,
confirmation/startup_cold_unpurged/13.csv,paint,empty cold startup (OS cache not purged),,,,,,0.125167,,,,com.apple.keylayout.ABC,variable (CGDisplayMode reports 0),false,,,,0,1,1
confirmation/startup_cold_unpurged/13.csv,paint,empty cold startup (OS cache not purged),,,,,12.885000,0.062250,,,,com.apple.keylayout.ABC,variable (CGDisplayMode reports 0),false,,,,0,1,1
confirmation/startup_cold_unpurged/14.csv,memory_load,empty cold startup (OS cache not purged),,,,,,,,,,com.apple.keylayout.ABC,variable (CGDisplayMode reports 0),false,,,,,,
confirmation/startup_cold_unpurged/14.csv,ready,empty cold startup (OS cache not purged),,,,,,,186.378084,0.000000,70647808,com.apple.keylayout.ABC,variable (CGDisplayMode reports 0),false,,,,,,
confirmation/startup_cold_unpurged/14.csv,paint,empty cold startup (OS cache not purged),,,,,,0.118584,,,,com.apple.keylayout.ABC,variable (CGDisplayMode reports 0),false,,,,0,1,1
confirmation/startup_cold_unpurged/14.csv,paint,empty cold startup (OS cache not purged),,,,,12.270292,0.060417,,,,com.apple.keylayout.ABC,variable (CGDisplayMode reports 0),false,,,,0,1,1
confirmation/startup_cold_unpurged/15.csv,memory_load,empty cold startup (OS cache not purged),,,,,,,,,,com.apple.keylayout.ABC,variable (CGDisplayMode reports 0),false,,,,,,
confirmation/startup_cold_unpurged/15.csv,ready,empty cold startup (OS cache not purged),,,,,,,192.819334,0.000000,70713344,com.apple.keylayout.ABC,variable (CGDisplayMode reports 0),false,,,,,,
confirmation/startup_cold_unpurged/15.csv,paint,empty cold startup (OS cache not purged),,,,,,0.160250,,,,com.apple.keylayout.ABC,variable (CGDisplayMode reports 0),false,,,,0,1,1
confirmation/startup_cold_unpurged/15.csv,paint,empty cold startup (OS cache not purged),,,,,12.955375,0.060583,,,,com.apple.keylayout.ABC,variable (CGDisplayMode reports 0),false,,,,0,1,1
confirmation/startup_cold_unpurged/16.csv,memory_load,empty cold startup (OS cache not purged),,,,,,,,,,com.apple.keylayout.ABC,variable (CGDisplayMode reports 0),false,,,,,,
confirmation/startup_cold_unpurged/16.csv,ready,empty cold startup (OS cache not purged),,,,,,,185.572292,0.000000,70811648,com.apple.keylayout.ABC,variable (CGDisplayMode reports 0),false,,,,,,
confirmation/startup_cold_unpurged/16.csv,paint,empty cold startup (OS cache not purged),,,,,,0.115167,,,,com.apple.keylayout.ABC,variable (CGDisplayMode reports 0),false,,,,0,1,1
confirmation/startup_cold_unpurged/16.csv,paint,empty cold startup (OS cache not purged),,,,,12.612792,0.060417,,,,com.apple.keylayout.ABC,variable (CGDisplayMode reports 0),false,,,,0,1,1
confirmation/startup_cold_unpurged/17.csv,memory_load,empty cold startup (OS cache not purged),,,,,,,,,,com.apple.keylayout.ABC,variable (CGDisplayMode reports 0),false,,,,,,
confirmation/startup_cold_unpurged/17.csv,ready,empty cold startup (OS cache not purged),,,,,,,212.511625,0.000000,70647808,com.apple.keylayout.ABC,variable (CGDisplayMode reports 0),false,,,,,,
confirmation/startup_cold_unpurged/17.csv,paint,empty cold startup (OS cache not purged),,,,,,0.124459,,,,com.apple.keylayout.ABC,variable (CGDisplayMode reports 0),false,,,,0,1,1
confirmation/startup_cold_unpurged/17.csv,paint,empty cold startup (OS cache not purged),,,,,11.939792,0.066625,,,,com.apple.keylayout.ABC,variable (CGDisplayMode reports 0),false,,,,0,1,1
confirmation/startup_cold_unpurged/18.csv,memory_load,empty cold startup (OS cache not purged),,,,,,,,,,com.apple.keylayout.ABC,variable (CGDisplayMode reports 0),false,,,,,,
confirmation/startup_cold_unpurged/18.csv,ready,empty cold startup (OS cache not purged),,,,,,,186.542834,0.000000,70631424,com.apple.keylayout.ABC,variable (CGDisplayMode reports 0),false,,,,,,
confirmation/startup_cold_unpurged/18.csv,paint,empty cold startup (OS cache not purged),,,,,,0.128792,,,,com.apple.keylayout.ABC,variable (CGDisplayMode reports 0),false,,,,0,1,1
confirmation/startup_cold_unpurged/18.csv,paint,empty cold startup (OS cache not purged),,,,,14.093625,0.049959,,,,com.apple.keylayout.ABC,variable (CGDisplayMode reports 0),false,,,,0,1,1
confirmation/startup_cold_unpurged/19.csv,memory_load,empty cold startup (OS cache not purged),,,,,,,,,,com.apple.keylayout.ABC,variable (CGDisplayMode reports 0),false,,,,,,
confirmation/startup_cold_unpurged/19.csv,ready,empty cold startup (OS cache not purged),,,,,,,177.704375,0.000000,70664192,com.apple.keylayout.ABC,variable (CGDisplayMode reports 0),false,,,,,,
confirmation/startup_cold_unpurged/19.csv,paint,empty cold startup (OS cache not purged),,,,,,0.127125,,,,com.apple.keylayout.ABC,variable (CGDisplayMode reports 0),false,,,,0,1,1
confirmation/startup_cold_unpurged/19.csv,paint,empty cold startup (OS cache not purged),,,,,12.058959,0.064166,,,,com.apple.keylayout.ABC,variable (CGDisplayMode reports 0),false,,,,0,1,1
confirmation/startup_cold_unpurged/2.csv,memory_load,empty cold startup (OS cache not purged),,,,,,,,,,com.apple.keylayout.ABC,variable (CGDisplayMode reports 0),false,,,,,,
confirmation/startup_cold_unpurged/2.csv,ready,empty cold startup (OS cache not purged),,,,,,,194.964209,0.000000,70680576,com.apple.keylayout.ABC,variable (CGDisplayMode reports 0),false,,,,,,
confirmation/startup_cold_unpurged/2.csv,paint,empty cold startup (OS cache not purged),,,,,,0.123500,,,,com.apple.keylayout.ABC,variable (CGDisplayMode reports 0),false,,,,0,1,1
confirmation/startup_cold_unpurged/2.csv,paint,empty cold startup (OS cache not purged),,,,,31.909500,0.064083,,,,com.apple.keylayout.ABC,variable (CGDisplayMode reports 0),false,,,,0,1,1
confirmation/startup_cold_unpurged/20.csv,memory_load,empty cold startup (OS cache not purged),,,,,,,,,,com.apple.keylayout.ABC,variable (CGDisplayMode reports 0),false,,,,,,
confirmation/startup_cold_unpurged/20.csv,ready,empty cold startup (OS cache not purged),,,,,,,211.348125,0.000000,70696960,com.apple.keylayout.ABC,variable (CGDisplayMode reports 0),false,,,,,,
confirmation/startup_cold_unpurged/20.csv,paint,empty cold startup (OS cache not purged),,,,,,0.114334,,,,com.apple.keylayout.ABC,variable (CGDisplayMode reports 0),false,,,,0,1,1
confirmation/startup_cold_unpurged/20.csv,paint,empty cold startup (OS cache not purged),,,,,12.404334,0.054750,,,,com.apple.keylayout.ABC,variable (CGDisplayMode reports 0),false,,,,0,1,1
confirmation/startup_cold_unpurged/21.csv,memory_load,empty cold startup (OS cache not purged),,,,,,,,,,com.apple.keylayout.ABC,variable (CGDisplayMode reports 0),false,,,,,,
confirmation/startup_cold_unpurged/21.csv,ready,empty cold startup (OS cache not purged),,,,,,,186.890833,0.000000,70647808,com.apple.keylayout.ABC,variable (CGDisplayMode reports 0),false,,,,,,
confirmation/startup_cold_unpurged/21.csv,paint,empty cold startup (OS cache not purged),,,,,,0.121084,,,,com.apple.keylayout.ABC,variable (CGDisplayMode reports 0),false,,,,0,1,1
confirmation/startup_cold_unpurged/21.csv,paint,empty cold startup (OS cache not purged),,,,,14.527458,0.059500,,,,com.apple.keylayout.ABC,variable (CGDisplayMode reports 0),false,,,,0,1,1
confirmation/startup_cold_unpurged/22.csv,memory_load,empty cold startup (OS cache not purged),,,,,,,,,,com.apple.keylayout.ABC,variable (CGDisplayMode reports 0),false,,,,,,
confirmation/startup_cold_unpurged/22.csv,ready,empty cold startup (OS cache not purged),,,,,,,190.203916,0.000000,70598656,com.apple.keylayout.ABC,variable (CGDisplayMode reports 0),false,,,,,,
confirmation/startup_cold_unpurged/22.csv,paint,empty cold startup (OS cache not purged),,,,,,0.124416,,,,com.apple.keylayout.ABC,variable (CGDisplayMode reports 0),false,,,,0,1,1
confirmation/startup_cold_unpurged/22.csv,paint,empty cold startup (OS cache not purged),,,,,12.512791,0.063917,,,,com.apple.keylayout.ABC,variable (CGDisplayMode reports 0),false,,,,0,1,1
confirmation/startup_cold_unpurged/23.csv,memory_load,empty cold startup (OS cache not purged),,,,,,,,,,com.apple.keylayout.ABC,variable (CGDisplayMode reports 0),false,,,,,,
confirmation/startup_cold_unpurged/23.csv,ready,empty cold startup (OS cache not purged),,,,,,,184.865750,0.000000,70909952,com.apple.keylayout.ABC,variable (CGDisplayMode reports 0),false,,,,,,
confirmation/startup_cold_unpurged/23.csv,paint,empty cold startup (OS cache not purged),,,,,,0.114708,,,,com.apple.keylayout.ABC,variable (CGDisplayMode reports 0),false,,,,0,1,1
confirmation/startup_cold_unpurged/23.csv,paint,empty cold startup (OS cache not purged),,,,,12.978458,0.058208,,,,com.apple.keylayout.ABC,variable (CGDisplayMode reports 0),false,,,,0,1,1
confirmation/startup_cold_unpurged/24.csv,memory_load,empty cold startup (OS cache not purged),,,,,,,,,,com.apple.keylayout.ABC,variable (CGDisplayMode reports 0),false,,,,,,
confirmation/startup_cold_unpurged/24.csv,ready,empty cold startup (OS cache not purged),,,,,,,182.023375,0.000000,70631424,com.apple.keylayout.ABC,variable (CGDisplayMode reports 0),false,,,,,,
confirmation/startup_cold_unpurged/24.csv,paint,empty cold startup (OS cache not purged),,,,,,0.116333,,,,com.apple.keylayout.ABC,variable (CGDisplayMode reports 0),false,,,,0,1,1
confirmation/startup_cold_unpurged/24.csv,paint,empty cold startup (OS cache not purged),,,,,13.336167,0.059708,,,,com.apple.keylayout.ABC,variable (CGDisplayMode reports 0),false,,,,0,1,1
confirmation/startup_cold_unpurged/25.csv,memory_load,empty cold startup (OS cache not purged),,,,,,,,,,com.apple.keylayout.ABC,variable (CGDisplayMode reports 0),false,,,,,,
confirmation/startup_cold_unpurged/25.csv,ready,empty cold startup (OS cache not purged),,,,,,,185.786167,0.000000,70795264,com.apple.keylayout.ABC,variable (CGDisplayMode reports 0),false,,,,,,
confirmation/startup_cold_unpurged/25.csv,paint,empty cold startup (OS cache not purged),,,,,,0.125500,,,,com.apple.keylayout.ABC,variable (CGDisplayMode reports 0),false,,,,0,1,1
confirmation/startup_cold_unpurged/25.csv,paint,empty cold startup (OS cache not purged),,,,,12.303958,0.063917,,,,com.apple.keylayout.ABC,variable (CGDisplayMode reports 0),false,,,,0,1,1
confirmation/startup_cold_unpurged/26.csv,memory_load,empty cold startup (OS cache not purged),,,,,,,,,,com.apple.keylayout.ABC,variable (CGDisplayMode reports 0),false,,,,,,
confirmation/startup_cold_unpurged/26.csv,ready,empty cold startup (OS cache not purged),,,,,,,192.147083,0.000000,70729728,com.apple.keylayout.ABC,variable (CGDisplayMode reports 0),false,,,,,,
confirmation/startup_cold_unpurged/26.csv,paint,empty cold startup (OS cache not purged),,,,,,0.130500,,,,com.apple.keylayout.ABC,variable (CGDisplayMode reports 0),false,,,,0,1,1
confirmation/startup_cold_unpurged/26.csv,paint,empty cold startup (OS cache not purged),,,,,12.115875,0.054167,,,,com.apple.keylayout.ABC,variable (CGDisplayMode reports 0),false,,,,0,1,1
confirmation/startup_cold_unpurged/27.csv,memory_load,empty cold startup (OS cache not purged),,,,,,,,,,com.apple.keylayout.ABC,variable (CGDisplayMode reports 0),false,,,,,,
confirmation/startup_cold_unpurged/27.csv,ready,empty cold startup (OS cache not purged),,,,,,,190.781875,0.000000,70615040,com.apple.keylayout.ABC,variable (CGDisplayMode reports 0),false,,,,,,
confirmation/startup_cold_unpurged/27.csv,paint,empty cold startup (OS cache not purged),,,,,,0.117084,,,,com.apple.keylayout.ABC,variable (CGDisplayMode reports 0),false,,,,0,1,1
confirmation/startup_cold_unpurged/27.csv,paint,empty cold startup (OS cache not purged),,,,,11.791208,0.064417,,,,com.apple.keylayout.ABC,variable (CGDisplayMode reports 0),false,,,,0,1,1
confirmation/startup_cold_unpurged/28.csv,memory_load,empty cold startup (OS cache not purged),,,,,,,,,,com.apple.keylayout.ABC,variable (CGDisplayMode reports 0),false,,,,,,
confirmation/startup_cold_unpurged/28.csv,ready,empty cold startup (OS cache not purged),,,,,,,209.238416,0.000000,70811648,com.apple.keylayout.ABC,variable (CGDisplayMode reports 0),false,,,,,,
confirmation/startup_cold_unpurged/28.csv,paint,empty cold startup (OS cache not purged),,,,,,0.137125,,,,com.apple.keylayout.ABC,variable (CGDisplayMode reports 0),false,,,,0,1,1
confirmation/startup_cold_unpurged/28.csv,paint,empty cold startup (OS cache not purged),,,,,11.987000,0.060542,,,,com.apple.keylayout.ABC,variable (CGDisplayMode reports 0),false,,,,0,1,1
confirmation/startup_cold_unpurged/29.csv,memory_load,empty cold startup (OS cache not purged),,,,,,,,,,com.apple.keylayout.ABC,variable (CGDisplayMode reports 0),false,,,,,,
confirmation/startup_cold_unpurged/29.csv,ready,empty cold startup (OS cache not purged),,,,,,,205.098000,0.000000,70893568,com.apple.keylayout.ABC,variable (CGDisplayMode reports 0),false,,,,,,
confirmation/startup_cold_unpurged/29.csv,paint,empty cold startup (OS cache not purged),,,,,,0.124750,,,,com.apple.keylayout.ABC,variable (CGDisplayMode reports 0),false,,,,0,1,1
confirmation/startup_cold_unpurged/29.csv,paint,empty cold startup (OS cache not purged),,,,,12.120541,0.061333,,,,com.apple.keylayout.ABC,variable (CGDisplayMode reports 0),false,,,,0,1,1
confirmation/startup_cold_unpurged/3.csv,memory_load,empty cold startup (OS cache not purged),,,,,,,,,,com.apple.keylayout.ABC,variable (CGDisplayMode reports 0),false,,,,,,
confirmation/startup_cold_unpurged/3.csv,ready,empty cold startup (OS cache not purged),,,,,,,189.042083,0.000000,70778880,com.apple.keylayout.ABC,variable (CGDisplayMode reports 0),false,,,,,,
confirmation/startup_cold_unpurged/3.csv,paint,empty cold startup (OS cache not purged),,,,,,0.147292,,,,com.apple.keylayout.ABC,variable (CGDisplayMode reports 0),false,,,,0,1,1
confirmation/startup_cold_unpurged/3.csv,paint,empty cold startup (OS cache not purged),,,,,12.194833,0.061708,,,,com.apple.keylayout.ABC,variable (CGDisplayMode reports 0),false,,,,0,1,1
confirmation/startup_cold_unpurged/30.csv,memory_load,empty cold startup (OS cache not purged),,,,,,,,,,com.apple.keylayout.ABC,variable (CGDisplayMode reports 0),false,,,,,,
confirmation/startup_cold_unpurged/30.csv,ready,empty cold startup (OS cache not purged),,,,,,,195.902959,0.000000,68141056,com.apple.keylayout.ABC,variable (CGDisplayMode reports 0),false,,,,,,
confirmation/startup_cold_unpurged/30.csv,paint,empty cold startup (OS cache not purged),,,,,,0.138167,,,,com.apple.keylayout.ABC,variable (CGDisplayMode reports 0),false,,,,0,1,1
confirmation/startup_cold_unpurged/30.csv,paint,empty cold startup (OS cache not purged),,,,,12.551917,0.071333,,,,com.apple.keylayout.ABC,variable (CGDisplayMode reports 0),false,,,,0,1,1
confirmation/startup_cold_unpurged/4.csv,memory_load,empty cold startup (OS cache not purged),,,,,,,,,,com.apple.keylayout.ABC,variable (CGDisplayMode reports 0),false,,,,,,
confirmation/startup_cold_unpurged/4.csv,ready,empty cold startup (OS cache not purged),,,,,,,205.560333,0.000000,70762496,com.apple.keylayout.ABC,variable (CGDisplayMode reports 0),false,,,,,,
confirmation/startup_cold_unpurged/4.csv,paint,empty cold startup (OS cache not purged),,,,,,0.117750,,,,com.apple.keylayout.ABC,variable (CGDisplayMode reports 0),false,,,,0,1,1
confirmation/startup_cold_unpurged/4.csv,paint,empty cold startup (OS cache not purged),,,,,11.890708,0.056417,,,,com.apple.keylayout.ABC,variable (CGDisplayMode reports 0),false,,,,0,1,1
confirmation/startup_cold_unpurged/5.csv,memory_load,empty cold startup (OS cache not purged),,,,,,,,,,com.apple.keylayout.ABC,variable (CGDisplayMode reports 0),false,,,,,,
confirmation/startup_cold_unpurged/5.csv,ready,empty cold startup (OS cache not purged),,,,,,,191.012041,0.000000,70729728,com.apple.keylayout.ABC,variable (CGDisplayMode reports 0),false,,,,,,
confirmation/startup_cold_unpurged/5.csv,paint,empty cold startup (OS cache not purged),,,,,,0.123042,,,,com.apple.keylayout.ABC,variable (CGDisplayMode reports 0),false,,,,0,1,1
confirmation/startup_cold_unpurged/5.csv,paint,empty cold startup (OS cache not purged),,,,,11.997666,0.061667,,,,com.apple.keylayout.ABC,variable (CGDisplayMode reports 0),false,,,,0,1,1
confirmation/startup_cold_unpurged/6.csv,memory_load,empty cold startup (OS cache not purged),,,,,,,,,,com.apple.keylayout.ABC,variable (CGDisplayMode reports 0),false,,,,,,
confirmation/startup_cold_unpurged/6.csv,ready,empty cold startup (OS cache not purged),,,,,,,181.237792,0.000000,70795264,com.apple.keylayout.ABC,variable (CGDisplayMode reports 0),false,,,,,,
confirmation/startup_cold_unpurged/6.csv,paint,empty cold startup (OS cache not purged),,,,,,0.119500,,,,com.apple.keylayout.ABC,variable (CGDisplayMode reports 0),false,,,,0,1,1
confirmation/startup_cold_unpurged/6.csv,paint,empty cold startup (OS cache not purged),,,,,11.940792,0.057208,,,,com.apple.keylayout.ABC,variable (CGDisplayMode reports 0),false,,,,0,1,1
confirmation/startup_cold_unpurged/7.csv,memory_load,empty cold startup (OS cache not purged),,,,,,,,,,com.apple.keylayout.ABC,variable (CGDisplayMode reports 0),false,,,,,,
confirmation/startup_cold_unpurged/7.csv,ready,empty cold startup (OS cache not purged),,,,,,,205.887042,0.000000,70762496,com.apple.keylayout.ABC,variable (CGDisplayMode reports 0),false,,,,,,
confirmation/startup_cold_unpurged/7.csv,paint,empty cold startup (OS cache not purged),,,,,,0.111167,,,,com.apple.keylayout.ABC,variable (CGDisplayMode reports 0),false,,,,0,1,1
confirmation/startup_cold_unpurged/7.csv,paint,empty cold startup (OS cache not purged),,,,,12.852875,0.060666,,,,com.apple.keylayout.ABC,variable (CGDisplayMode reports 0),false,,,,0,1,1
confirmation/startup_cold_unpurged/8.csv,memory_load,empty cold startup (OS cache not purged),,,,,,,,,,com.apple.keylayout.ABC,variable (CGDisplayMode reports 0),false,,,,,,
confirmation/startup_cold_unpurged/8.csv,ready,empty cold startup (OS cache not purged),,,,,,,185.899250,0.000000,70516736,com.apple.keylayout.ABC,variable (CGDisplayMode reports 0),false,,,,,,
confirmation/startup_cold_unpurged/8.csv,paint,empty cold startup (OS cache not purged),,,,,,0.112375,,,,com.apple.keylayout.ABC,variable (CGDisplayMode reports 0),false,,,,0,1,1
confirmation/startup_cold_unpurged/8.csv,paint,empty cold startup (OS cache not purged),,,,,14.316125,0.056916,,,,com.apple.keylayout.ABC,variable (CGDisplayMode reports 0),false,,,,0,1,1
confirmation/startup_cold_unpurged/9.csv,memory_load,empty cold startup (OS cache not purged),,,,,,,,,,com.apple.keylayout.ABC,variable (CGDisplayMode reports 0),false,,,,,,
confirmation/startup_cold_unpurged/9.csv,ready,empty cold startup (OS cache not purged),,,,,,,190.631167,0.000000,70533120,com.apple.keylayout.ABC,variable (CGDisplayMode reports 0),false,,,,,,
confirmation/startup_cold_unpurged/9.csv,paint,empty cold startup (OS cache not purged),,,,,,0.112708,,,,com.apple.keylayout.ABC,variable (CGDisplayMode reports 0),false,,,,0,1,1
confirmation/startup_cold_unpurged/9.csv,paint,empty cold startup (OS cache not purged),,,,,11.578291,0.061542,,,,com.apple.keylayout.ABC,variable (CGDisplayMode reports 0),false,,,,0,1,1
confirmation/startup_folder_10k/1.csv,memory_load,10k work folder warm startup,,,,,,,,,,com.apple.keylayout.ABC,variable (CGDisplayMode reports 0),false,,,,,,
confirmation/startup_folder_10k/1.csv,ready,10k work folder warm startup,,,,,,,203.377209,0.000000,70565888,com.apple.keylayout.ABC,variable (CGDisplayMode reports 0),false,,,,,,
confirmation/startup_folder_10k/1.csv,paint,10k work folder warm startup,,,,,,0.118083,,,,com.apple.keylayout.ABC,variable (CGDisplayMode reports 0),false,,,,0,1,1
confirmation/startup_folder_10k/1.csv,paint,10k work folder warm startup,,,,,12.036834,0.057083,,,,com.apple.keylayout.ABC,variable (CGDisplayMode reports 0),false,,,,0,1,1
confirmation/startup_folder_10k/1.csv,paint,10k work folder warm startup,,,,,435.236041,20.997375,,,,com.apple.keylayout.ABC,variable (CGDisplayMode reports 0),false,,,,0,1,1
confirmation/startup_folder_10k/10.csv,memory_load,10k work folder warm startup,,,,,,,,,,com.apple.keylayout.ABC,variable (CGDisplayMode reports 0),false,,,,,,
confirmation/startup_folder_10k/10.csv,ready,10k work folder warm startup,,,,,,,186.153083,0.000000,70582272,com.apple.keylayout.ABC,variable (CGDisplayMode reports 0),false,,,,,,
confirmation/startup_folder_10k/10.csv,paint,10k work folder warm startup,,,,,,0.113750,,,,com.apple.keylayout.ABC,variable (CGDisplayMode reports 0),false,,,,0,1,1
confirmation/startup_folder_10k/10.csv,paint,10k work folder warm startup,,,,,11.748250,0.056000,,,,com.apple.keylayout.ABC,variable (CGDisplayMode reports 0),false,,,,0,1,1
confirmation/startup_folder_10k/10.csv,paint,10k work folder warm startup,,,,,61.808875,0.065417,,,,com.apple.keylayout.ABC,variable (CGDisplayMode reports 0),false,,,,0,1,1
confirmation/startup_folder_10k/10.csv,paint,10k work folder warm startup,,,,,16.848083,0.049959,,,,com.apple.keylayout.ABC,variable (CGDisplayMode reports 0),false,,,,0,1,1
confirmation/startup_folder_10k/10.csv,paint,10k work folder warm startup,,,,,372.667292,20.461167,,,,com.apple.keylayout.ABC,variable (CGDisplayMode reports 0),false,,,,0,2,2
confirmation/startup_folder_10k/11.csv,memory_load,10k work folder warm startup,,,,,,,,,,com.apple.keylayout.ABC,variable (CGDisplayMode reports 0),false,,,,,,
confirmation/startup_folder_10k/11.csv,ready,10k work folder warm startup,,,,,,,184.890584,0.000000,70713344,com.apple.keylayout.ABC,variable (CGDisplayMode reports 0),false,,,,,,
confirmation/startup_folder_10k/11.csv,paint,10k work folder warm startup,,,,,,0.110917,,,,com.apple.keylayout.ABC,variable (CGDisplayMode reports 0),false,,,,0,1,1
confirmation/startup_folder_10k/11.csv,paint,10k work folder warm startup,,,,,12.061209,0.064042,,,,com.apple.keylayout.ABC,variable (CGDisplayMode reports 0),false,,,,0,1,1
confirmation/startup_folder_10k/11.csv,paint,10k work folder warm startup,,,,,62.170291,0.076000,,,,com.apple.keylayout.ABC,variable (CGDisplayMode reports 0),false,,,,0,1,1
confirmation/startup_folder_10k/11.csv,paint,10k work folder warm startup,,,,,18.465584,0.056250,,,,com.apple.keylayout.ABC,variable (CGDisplayMode reports 0),false,,,,0,1,1
confirmation/startup_folder_10k/11.csv,paint,10k work folder warm startup,,,,,375.077041,21.690084,,,,com.apple.keylayout.ABC,variable (CGDisplayMode reports 0),false,,,,0,2,2
confirmation/startup_folder_10k/12.csv,memory_load,10k work folder warm startup,,,,,,,,,,com.apple.keylayout.ABC,variable (CGDisplayMode reports 0),false,,,,,,
confirmation/startup_folder_10k/12.csv,ready,10k work folder warm startup,,,,,,,186.818959,0.000000,70696960,com.apple.keylayout.ABC,variable (CGDisplayMode reports 0),false,,,,,,
confirmation/startup_folder_10k/12.csv,paint,10k work folder warm startup,,,,,,0.126166,,,,com.apple.keylayout.ABC,variable (CGDisplayMode reports 0),false,,,,0,1,1
confirmation/startup_folder_10k/12.csv,paint,10k work folder warm startup,,,,,11.650833,0.053916,,,,com.apple.keylayout.ABC,variable (CGDisplayMode reports 0),false,,,,0,1,1
confirmation/startup_folder_10k/12.csv,paint,10k work folder warm startup,,,,,60.021792,0.065792,,,,com.apple.keylayout.ABC,variable (CGDisplayMode reports 0),false,,,,0,1,1
confirmation/startup_folder_10k/12.csv,paint,10k work folder warm startup,,,,,16.726125,0.057041,,,,com.apple.keylayout.ABC,variable (CGDisplayMode reports 0),false,,,,0,1,1
confirmation/startup_folder_10k/12.csv,paint,10k work folder warm startup,,,,,373.283750,20.606917,,,,com.apple.keylayout.ABC,variable (CGDisplayMode reports 0),false,,,,0,2,2
confirmation/startup_folder_10k/13.csv,memory_load,10k work folder warm startup,,,,,,,,,,com.apple.keylayout.ABC,variable (CGDisplayMode reports 0),false,,,,,,
confirmation/startup_folder_10k/13.csv,ready,10k work folder warm startup,,,,,,,185.786375,0.000000,70631424,com.apple.keylayout.ABC,variable (CGDisplayMode reports 0),false,,,,,,
confirmation/startup_folder_10k/13.csv,paint,10k work folder warm startup,,,,,,0.121916,,,,com.apple.keylayout.ABC,variable (CGDisplayMode reports 0),false,,,,0,1,1
confirmation/startup_folder_10k/13.csv,paint,10k work folder warm startup,,,,,12.204291,0.057250,,,,com.apple.keylayout.ABC,variable (CGDisplayMode reports 0),false,,,,0,1,1
confirmation/startup_folder_10k/13.csv,paint,10k work folder warm startup,,,,,61.870000,0.068917,,,,com.apple.keylayout.ABC,variable (CGDisplayMode reports 0),false,,,,0,1,1
confirmation/startup_folder_10k/13.csv,paint,10k work folder warm startup,,,,,19.879000,0.052708,,,,com.apple.keylayout.ABC,variable (CGDisplayMode reports 0),false,,,,0,1,1
confirmation/startup_folder_10k/13.csv,paint,10k work folder warm startup,,,,,371.919750,20.271791,,,,com.apple.keylayout.ABC,variable (CGDisplayMode reports 0),false,,,,0,2,2
confirmation/startup_folder_10k/14.csv,memory_load,10k work folder warm startup,,,,,,,,,,com.apple.keylayout.ABC,variable (CGDisplayMode reports 0),false,,,,,,
confirmation/startup_folder_10k/14.csv,ready,10k work folder warm startup,,,,,,,184.238125,0.000000,70729728,com.apple.keylayout.ABC,variable (CGDisplayMode reports 0),false,,,,,,
confirmation/startup_folder_10k/14.csv,paint,10k work folder warm startup,,,,,,0.111667,,,,com.apple.keylayout.ABC,variable (CGDisplayMode reports 0),false,,,,0,1,1
confirmation/startup_folder_10k/14.csv,paint,10k work folder warm startup,,,,,12.302250,0.061291,,,,com.apple.keylayout.ABC,variable (CGDisplayMode reports 0),false,,,,0,1,1
confirmation/startup_folder_10k/14.csv,paint,10k work folder warm startup,,,,,60.650167,0.064875,,,,com.apple.keylayout.ABC,variable (CGDisplayMode reports 0),false,,,,0,1,1
confirmation/startup_folder_10k/14.csv,paint,10k work folder warm startup,,,,,16.093208,0.050250,,,,com.apple.keylayout.ABC,variable (CGDisplayMode reports 0),false,,,,0,1,1
confirmation/startup_folder_10k/14.csv,paint,10k work folder warm startup,,,,,368.935292,21.251542,,,,com.apple.keylayout.ABC,variable (CGDisplayMode reports 0),false,,,,0,2,2
confirmation/startup_folder_10k/15.csv,memory_load,10k work folder warm startup,,,,,,,,,,com.apple.keylayout.ABC,variable (CGDisplayMode reports 0),false,,,,,,
confirmation/startup_folder_10k/15.csv,ready,10k work folder warm startup,,,,,,,190.946209,0.000000,70680576,com.apple.keylayout.ABC,variable (CGDisplayMode reports 0),false,,,,,,
confirmation/startup_folder_10k/15.csv,paint,10k work folder warm startup,,,,,,0.120458,,,,com.apple.keylayout.ABC,variable (CGDisplayMode reports 0),false,,,,0,1,1
confirmation/startup_folder_10k/15.csv,paint,10k work folder warm startup,,,,,12.153167,0.059834,,,,com.apple.keylayout.ABC,variable (CGDisplayMode reports 0),false,,,,0,1,1
confirmation/startup_folder_10k/15.csv,paint,10k work folder warm startup,,,,,61.232875,0.059625,,,,com.apple.keylayout.ABC,variable (CGDisplayMode reports 0),false,,,,0,1,1
confirmation/startup_folder_10k/15.csv,paint,10k work folder warm startup,,,,,19.442292,0.054125,,,,com.apple.keylayout.ABC,variable (CGDisplayMode reports 0),false,,,,0,1,1
confirmation/startup_folder_10k/15.csv,paint,10k work folder warm startup,,,,,377.727916,20.487375,,,,com.apple.keylayout.ABC,variable (CGDisplayMode reports 0),false,,,,0,2,2
confirmation/startup_folder_10k/16.csv,memory_load,10k work folder warm startup,,,,,,,,,,com.apple.keylayout.ABC,variable (CGDisplayMode reports 0),false,,,,,,
confirmation/startup_folder_10k/16.csv,ready,10k work folder warm startup,,,,,,,187.587666,0.000000,70696960,com.apple.keylayout.ABC,variable (CGDisplayMode reports 0),false,,,,,,
confirmation/startup_folder_10k/16.csv,paint,10k work folder warm startup,,,,,,0.118875,,,,com.apple.keylayout.ABC,variable (CGDisplayMode reports 0),false,,,,0,1,1
confirmation/startup_folder_10k/16.csv,paint,10k work folder warm startup,,,,,13.628625,0.058375,,,,com.apple.keylayout.ABC,variable (CGDisplayMode reports 0),false,,,,0,1,1
confirmation/startup_folder_10k/16.csv,paint,10k work folder warm startup,,,,,76.909291,0.057750,,,,com.apple.keylayout.ABC,variable (CGDisplayMode reports 0),false,,,,0,1,1
confirmation/startup_folder_10k/16.csv,paint,10k work folder warm startup,,,,,363.858125,18.607625,,,,com.apple.keylayout.ABC,variable (CGDisplayMode reports 0),false,,,,0,1,1
confirmation/startup_folder_10k/17.csv,memory_load,10k work folder warm startup,,,,,,,,,,com.apple.keylayout.ABC,variable (CGDisplayMode reports 0),false,,,,,,
confirmation/startup_folder_10k/17.csv,ready,10k work folder warm startup,,,,,,,180.240291,0.000000,70615040,com.apple.keylayout.ABC,variable (CGDisplayMode reports 0),false,,,,,,
confirmation/startup_folder_10k/17.csv,paint,10k work folder warm startup,,,,,,0.111875,,,,com.apple.keylayout.ABC,variable (CGDisplayMode reports 0),false,,,,0,1,1
confirmation/startup_folder_10k/17.csv,paint,10k work folder warm startup,,,,,11.973458,0.060834,,,,com.apple.keylayout.ABC,variable (CGDisplayMode reports 0),false,,,,0,1,1
confirmation/startup_folder_10k/17.csv,paint,10k work folder warm startup,,,,,62.522250,0.062167,,,,com.apple.keylayout.ABC,variable (CGDisplayMode reports 0),false,,,,0,1,1
confirmation/startup_folder_10k/17.csv,paint,10k work folder warm startup,,,,,16.198334,0.054666,,,,com.apple.keylayout.ABC,variable (CGDisplayMode reports 0),false,,,,0,1,1
confirmation/startup_folder_10k/17.csv,paint,10k work folder warm startup,,,,,371.922416,20.166917,,,,com.apple.keylayout.ABC,variable (CGDisplayMode reports 0),false,,,,0,2,2
confirmation/startup_folder_10k/18.csv,memory_load,10k work folder warm startup,,,,,,,,,,com.apple.keylayout.ABC,variable (CGDisplayMode reports 0),false,,,,,,
confirmation/startup_folder_10k/18.csv,ready,10k work folder warm startup,,,,,,,186.088875,0.000000,70598656,com.apple.keylayout.ABC,variable (CGDisplayMode reports 0),false,,,,,,
confirmation/startup_folder_10k/18.csv,paint,10k work folder warm startup,,,,,,0.121916,,,,com.apple.keylayout.ABC,variable (CGDisplayMode reports 0),false,,,,0,1,1
confirmation/startup_folder_10k/18.csv,paint,10k work folder warm startup,,,,,12.019292,0.055959,,,,com.apple.keylayout.ABC,variable (CGDisplayMode reports 0),false,,,,0,1,1
confirmation/startup_folder_10k/18.csv,paint,10k work folder warm startup,,,,,76.868833,0.056500,,,,com.apple.keylayout.ABC,variable (CGDisplayMode reports 0),false,,,,0,1,1
confirmation/startup_folder_10k/18.csv,paint,10k work folder warm startup,,,,,6.432417,0.057083,,,,com.apple.keylayout.ABC,variable (CGDisplayMode reports 0),false,,,,0,1,1
confirmation/startup_folder_10k/18.csv,paint,10k work folder warm startup,,,,,381.069833,20.592500,,,,com.apple.keylayout.ABC,variable (CGDisplayMode reports 0),false,,,,0,2,2
confirmation/startup_folder_10k/19.csv,memory_load,10k work folder warm startup,,,,,,,,,,com.apple.keylayout.ABC,variable (CGDisplayMode reports 0),false,,,,,,
confirmation/startup_folder_10k/19.csv,ready,10k work folder warm startup,,,,,,,184.623125,0.000000,70746112,com.apple.keylayout.ABC,variable (CGDisplayMode reports 0),false,,,,,,
confirmation/startup_folder_10k/19.csv,paint,10k work folder warm startup,,,,,,0.124917,,,,com.apple.keylayout.ABC,variable (CGDisplayMode reports 0),false,,,,0,1,1
confirmation/startup_folder_10k/19.csv,paint,10k work folder warm startup,,,,,12.376375,0.060458,,,,com.apple.keylayout.ABC,variable (CGDisplayMode reports 0),false,,,,0,1,1
confirmation/startup_folder_10k/19.csv,paint,10k work folder warm startup,,,,,68.510166,0.059792,,,,com.apple.keylayout.ABC,variable (CGDisplayMode reports 0),false,,,,0,1,1
confirmation/startup_folder_10k/19.csv,paint,10k work folder warm startup,,,,,18.152042,0.056417,,,,com.apple.keylayout.ABC,variable (CGDisplayMode reports 0),false,,,,0,1,1
confirmation/startup_folder_10k/19.csv,paint,10k work folder warm startup,,,,,369.606083,19.867667,,,,com.apple.keylayout.ABC,variable (CGDisplayMode reports 0),false,,,,0,2,2
confirmation/startup_folder_10k/2.csv,memory_load,10k work folder warm startup,,,,,,,,,,com.apple.keylayout.ABC,variable (CGDisplayMode reports 0),false,,,,,,
confirmation/startup_folder_10k/2.csv,ready,10k work folder warm startup,,,,,,,219.522375,0.000000,70664192,com.apple.keylayout.ABC,variable (CGDisplayMode reports 0),false,,,,,,
confirmation/startup_folder_10k/2.csv,paint,10k work folder warm startup,,,,,,0.127875,,,,com.apple.keylayout.ABC,variable (CGDisplayMode reports 0),false,,,,0,1,1
confirmation/startup_folder_10k/2.csv,paint,10k work folder warm startup,,,,,12.054500,0.063458,,,,com.apple.keylayout.ABC,variable (CGDisplayMode reports 0),false,,,,0,1,1
confirmation/startup_folder_10k/20.csv,memory_load,10k work folder warm startup,,,,,,,,,,com.apple.keylayout.ABC,variable (CGDisplayMode reports 0),false,,,,,,
confirmation/startup_folder_10k/20.csv,ready,10k work folder warm startup,,,,,,,187.993709,0.000000,70680576,com.apple.keylayout.ABC,variable (CGDisplayMode reports 0),false,,,,,,
confirmation/startup_folder_10k/20.csv,paint,10k work folder warm startup,,,,,,0.114292,,,,com.apple.keylayout.ABC,variable (CGDisplayMode reports 0),false,,,,0,1,1
confirmation/startup_folder_10k/20.csv,paint,10k work folder warm startup,,,,,11.717125,0.065042,,,,com.apple.keylayout.ABC,variable (CGDisplayMode reports 0),false,,,,0,1,1
confirmation/startup_folder_10k/20.csv,paint,10k work folder warm startup,,,,,64.001959,0.064292,,,,com.apple.keylayout.ABC,variable (CGDisplayMode reports 0),false,,,,0,1,1
confirmation/startup_folder_10k/20.csv,paint,10k work folder warm startup,,,,,377.800041,18.549125,,,,com.apple.keylayout.ABC,variable (CGDisplayMode reports 0),false,,,,0,1,1
confirmation/startup_folder_10k/21.csv,memory_load,10k work folder warm startup,,,,,,,,,,com.apple.keylayout.ABC,variable (CGDisplayMode reports 0),false,,,,,,
confirmation/startup_folder_10k/21.csv,ready,10k work folder warm startup,,,,,,,180.746292,0.000000,70762496,com.apple.keylayout.ABC,variable (CGDisplayMode reports 0),false,,,,,,
confirmation/startup_folder_10k/21.csv,paint,10k work folder warm startup,,,,,,0.110292,,,,com.apple.keylayout.ABC,variable (CGDisplayMode reports 0),false,,,,0,1,1
confirmation/startup_folder_10k/21.csv,paint,10k work folder warm startup,,,,,11.704333,0.057291,,,,com.apple.keylayout.ABC,variable (CGDisplayMode reports 0),false,,,,0,1,1
confirmation/startup_folder_10k/21.csv,paint,10k work folder warm startup,,,,,62.351292,0.061708,,,,com.apple.keylayout.ABC,variable (CGDisplayMode reports 0),false,,,,0,1,1
confirmation/startup_folder_10k/21.csv,paint,10k work folder warm startup,,,,,4.334667,0.062083,,,,com.apple.keylayout.ABC,variable (CGDisplayMode reports 0),false,,,,0,1,1
confirmation/startup_folder_10k/21.csv,paint,10k work folder warm startup,,,,,370.354291,18.365958,,,,com.apple.keylayout.ABC,variable (CGDisplayMode reports 0),false,,,,0,1,1
confirmation/startup_folder_10k/22.csv,memory_load,10k work folder warm startup,,,,,,,,,,com.apple.keylayout.ABC,variable (CGDisplayMode reports 0),false,,,,,,
confirmation/startup_folder_10k/22.csv,ready,10k work folder warm startup,,,,,,,191.151375,0.000000,70631424,com.apple.keylayout.ABC,variable (CGDisplayMode reports 0),false,,,,,,
confirmation/startup_folder_10k/22.csv,paint,10k work folder warm startup,,,,,,0.112500,,,,com.apple.keylayout.ABC,variable (CGDisplayMode reports 0),false,,,,0,1,1
confirmation/startup_folder_10k/22.csv,paint,10k work folder warm startup,,,,,14.493541,0.057000,,,,com.apple.keylayout.ABC,variable (CGDisplayMode reports 0),false,,,,0,1,1
confirmation/startup_folder_10k/22.csv,paint,10k work folder warm startup,,,,,61.898959,0.060875,,,,com.apple.keylayout.ABC,variable (CGDisplayMode reports 0),false,,,,0,1,1
confirmation/startup_folder_10k/22.csv,paint,10k work folder warm startup,,,,,4.735791,0.055459,,,,com.apple.keylayout.ABC,variable (CGDisplayMode reports 0),false,,,,0,1,1
confirmation/startup_folder_10k/22.csv,paint,10k work folder warm startup,,,,,381.639709,18.497417,,,,com.apple.keylayout.ABC,variable (CGDisplayMode reports 0),false,,,,0,1,1
confirmation/startup_folder_10k/23.csv,memory_load,10k work folder warm startup,,,,,,,,,,com.apple.keylayout.ABC,variable (CGDisplayMode reports 0),false,,,,,,
confirmation/startup_folder_10k/23.csv,ready,10k work folder warm startup,,,,,,,197.910583,0.000000,70664192,com.apple.keylayout.ABC,variable (CGDisplayMode reports 0),false,,,,,,
confirmation/startup_folder_10k/23.csv,paint,10k work folder warm startup,,,,,,0.123250,,,,com.apple.keylayout.ABC,variable (CGDisplayMode reports 0),false,,,,0,1,1
confirmation/startup_folder_10k/23.csv,paint,10k work folder warm startup,,,,,12.513625,0.062583,,,,com.apple.keylayout.ABC,variable (CGDisplayMode reports 0),false,,,,0,1,1
confirmation/startup_folder_10k/23.csv,paint,10k work folder warm startup,,,,,58.422875,0.072917,,,,com.apple.keylayout.ABC,variable (CGDisplayMode reports 0),false,,,,0,1,1
confirmation/startup_folder_10k/23.csv,paint,10k work folder warm startup,,,,,8.854750,0.059875,,,,com.apple.keylayout.ABC,variable (CGDisplayMode reports 0),false,,,,0,1,1
confirmation/startup_folder_10k/23.csv,paint,10k work folder warm startup,,,,,385.625791,20.948375,,,,com.apple.keylayout.ABC,variable (CGDisplayMode reports 0),false,,,,0,2,2
confirmation/startup_folder_10k/24.csv,memory_load,10k work folder warm startup,,,,,,,,,,com.apple.keylayout.ABC,variable (CGDisplayMode reports 0),false,,,,,,
confirmation/startup_folder_10k/24.csv,ready,10k work folder warm startup,,,,,,,198.589166,0.000000,70598656,com.apple.keylayout.ABC,variable (CGDisplayMode reports 0),false,,,,,,
confirmation/startup_folder_10k/24.csv,paint,10k work folder warm startup,,,,,,0.141541,,,,com.apple.keylayout.ABC,variable (CGDisplayMode reports 0),false,,,,0,1,1
confirmation/startup_folder_10k/24.csv,paint,10k work folder warm startup,,,,,12.191250,0.069000,,,,com.apple.keylayout.ABC,variable (CGDisplayMode reports 0),false,,,,0,1,1
confirmation/startup_folder_10k/24.csv,paint,10k work folder warm startup,,,,,67.006917,0.060875,,,,com.apple.keylayout.ABC,variable (CGDisplayMode reports 0),false,,,,0,1,1
confirmation/startup_folder_10k/24.csv,paint,10k work folder warm startup,,,,,3.439833,0.070833,,,,com.apple.keylayout.ABC,variable (CGDisplayMode reports 0),false,,,,0,1,1
confirmation/startup_folder_10k/24.csv,paint,10k work folder warm startup,,,,,394.956333,22.258250,,,,com.apple.keylayout.ABC,variable (CGDisplayMode reports 0),false,,,,0,2,2
confirmation/startup_folder_10k/25.csv,memory_load,10k work folder warm startup,,,,,,,,,,com.apple.keylayout.ABC,variable (CGDisplayMode reports 0),false,,,,,,
confirmation/startup_folder_10k/25.csv,ready,10k work folder warm startup,,,,,,,186.547417,0.000000,70811648,com.apple.keylayout.ABC,variable (CGDisplayMode reports 0),false,,,,,,
confirmation/startup_folder_10k/25.csv,paint,10k work folder warm startup,,,,,,0.111125,,,,com.apple.keylayout.ABC,variable (CGDisplayMode reports 0),false,,,,0,1,1
confirmation/startup_folder_10k/25.csv,paint,10k work folder warm startup,,,,,12.792584,0.061500,,,,com.apple.keylayout.ABC,variable (CGDisplayMode reports 0),false,,,,0,1,1
confirmation/startup_folder_10k/25.csv,paint,10k work folder warm startup,,,,,52.964208,0.059417,,,,com.apple.keylayout.ABC,variable (CGDisplayMode reports 0),false,,,,0,1,1
confirmation/startup_folder_10k/25.csv,paint,10k work folder warm startup,,,,,6.253542,0.069542,,,,com.apple.keylayout.ABC,variable (CGDisplayMode reports 0),false,,,,0,1,1
confirmation/startup_folder_10k/25.csv,paint,10k work folder warm startup,,,,,371.586541,20.873667,,,,com.apple.keylayout.ABC,variable (CGDisplayMode reports 0),false,,,,0,2,2
confirmation/startup_folder_10k/26.csv,memory_load,10k work folder warm startup,,,,,,,,,,com.apple.keylayout.ABC,variable (CGDisplayMode reports 0),false,,,,,,
confirmation/startup_folder_10k/26.csv,ready,10k work folder warm startup,,,,,,,186.307625,0.000000,70680576,com.apple.keylayout.ABC,variable (CGDisplayMode reports 0),false,,,,,,
confirmation/startup_folder_10k/26.csv,paint,10k work folder warm startup,,,,,,0.126834,,,,com.apple.keylayout.ABC,variable (CGDisplayMode reports 0),false,,,,0,1,1
confirmation/startup_folder_10k/26.csv,paint,10k work folder warm startup,,,,,12.244833,0.060667,,,,com.apple.keylayout.ABC,variable (CGDisplayMode reports 0),false,,,,0,1,1
confirmation/startup_folder_10k/26.csv,paint,10k work folder warm startup,,,,,68.351792,0.063042,,,,com.apple.keylayout.ABC,variable (CGDisplayMode reports 0),false,,,,0,1,1
confirmation/startup_folder_10k/26.csv,paint,10k work folder warm startup,,,,,371.371958,19.147708,,,,com.apple.keylayout.ABC,variable (CGDisplayMode reports 0),false,,,,0,1,1
confirmation/startup_folder_10k/27.csv,memory_load,10k work folder warm startup,,,,,,,,,,com.apple.keylayout.ABC,variable (CGDisplayMode reports 0),false,,,,,,
confirmation/startup_folder_10k/27.csv,ready,10k work folder warm startup,,,,,,,185.517875,0.000000,70877184,com.apple.keylayout.ABC,variable (CGDisplayMode reports 0),false,,,,,,
confirmation/startup_folder_10k/27.csv,paint,10k work folder warm startup,,,,,,0.124584,,,,com.apple.keylayout.ABC,variable (CGDisplayMode reports 0),false,,,,0,1,1
confirmation/startup_folder_10k/27.csv,paint,10k work folder warm startup,,,,,12.068250,0.069500,,,,com.apple.keylayout.ABC,variable (CGDisplayMode reports 0),false,,,,0,1,1
confirmation/startup_folder_10k/27.csv,paint,10k work folder warm startup,,,,,59.779416,0.063792,,,,com.apple.keylayout.ABC,variable (CGDisplayMode reports 0),false,,,,0,1,1
confirmation/startup_folder_10k/27.csv,paint,10k work folder warm startup,,,,,17.970625,0.059125,,,,com.apple.keylayout.ABC,variable (CGDisplayMode reports 0),false,,,,0,1,1
confirmation/startup_folder_10k/27.csv,paint,10k work folder warm startup,,,,,377.278667,21.015208,,,,com.apple.keylayout.ABC,variable (CGDisplayMode reports 0),false,,,,0,2,2
confirmation/startup_folder_10k/28.csv,memory_load,10k work folder warm startup,,,,,,,,,,com.apple.keylayout.ABC,variable (CGDisplayMode reports 0),false,,,,,,
confirmation/startup_folder_10k/28.csv,ready,10k work folder warm startup,,,,,,,186.675791,0.000000,70795264,com.apple.keylayout.ABC,variable (CGDisplayMode reports 0),false,,,,,,
confirmation/startup_folder_10k/28.csv,paint,10k work folder warm startup,,,,,,0.128791,,,,com.apple.keylayout.ABC,variable (CGDisplayMode reports 0),false,,,,0,1,1
confirmation/startup_folder_10k/28.csv,paint,10k work folder warm startup,,,,,12.313625,0.063458,,,,com.apple.keylayout.ABC,variable (CGDisplayMode reports 0),false,,,,0,1,1
confirmation/startup_folder_10k/28.csv,paint,10k work folder warm startup,,,,,422.218083,19.267125,,,,com.apple.keylayout.ABC,variable (CGDisplayMode reports 0),false,,,,0,1,1
confirmation/startup_folder_10k/29.csv,memory_load,10k work folder warm startup,,,,,,,,,,com.apple.keylayout.ABC,variable (CGDisplayMode reports 0),false,,,,,,
confirmation/startup_folder_10k/29.csv,ready,10k work folder warm startup,,,,,,,188.399417,0.000000,70664192,com.apple.keylayout.ABC,variable (CGDisplayMode reports 0),false,,,,,,
confirmation/startup_folder_10k/29.csv,paint,10k work folder warm startup,,,,,,0.114917,,,,com.apple.keylayout.ABC,variable (CGDisplayMode reports 0),false,,,,0,1,1
confirmation/startup_folder_10k/29.csv,paint,10k work folder warm startup,,,,,12.205542,0.062500,,,,com.apple.keylayout.ABC,variable (CGDisplayMode reports 0),false,,,,0,1,1
confirmation/startup_folder_10k/29.csv,paint,10k work folder warm startup,,,,,62.275666,0.068084,,,,com.apple.keylayout.ABC,variable (CGDisplayMode reports 0),false,,,,0,1,1
confirmation/startup_folder_10k/29.csv,paint,10k work folder warm startup,,,,,20.110417,0.080667,,,,com.apple.keylayout.ABC,variable (CGDisplayMode reports 0),false,,,,0,1,1
confirmation/startup_folder_10k/29.csv,paint,10k work folder warm startup,,,,,367.783667,20.606042,,,,com.apple.keylayout.ABC,variable (CGDisplayMode reports 0),false,,,,0,2,2
confirmation/startup_folder_10k/3.csv,memory_load,10k work folder warm startup,,,,,,,,,,com.apple.keylayout.ABC,variable (CGDisplayMode reports 0),false,,,,,,
confirmation/startup_folder_10k/3.csv,ready,10k work folder warm startup,,,,,,,193.813916,0.000000,70729728,com.apple.keylayout.ABC,variable (CGDisplayMode reports 0),false,,,,,,
confirmation/startup_folder_10k/3.csv,paint,10k work folder warm startup,,,,,,0.147333,,,,com.apple.keylayout.ABC,variable (CGDisplayMode reports 0),false,,,,0,1,1
confirmation/startup_folder_10k/3.csv,paint,10k work folder warm startup,,,,,18.009208,0.070292,,,,com.apple.keylayout.ABC,variable (CGDisplayMode reports 0),false,,,,0,1,1
confirmation/startup_folder_10k/3.csv,paint,10k work folder warm startup,,,,,72.788250,0.065958,,,,com.apple.keylayout.ABC,variable (CGDisplayMode reports 0),false,,,,0,1,1
confirmation/startup_folder_10k/3.csv,paint,10k work folder warm startup,,,,,2.408292,0.109041,,,,com.apple.keylayout.ABC,variable (CGDisplayMode reports 0),false,,,,0,1,1
confirmation/startup_folder_10k/3.csv,paint,10k work folder warm startup,,,,,393.144708,21.836500,,,,com.apple.keylayout.ABC,variable (CGDisplayMode reports 0),false,,,,0,2,2
confirmation/startup_folder_10k/30.csv,memory_load,10k work folder warm startup,,,,,,,,,,com.apple.keylayout.ABC,variable (CGDisplayMode reports 0),false,,,,,,
confirmation/startup_folder_10k/30.csv,ready,10k work folder warm startup,,,,,,,191.215000,0.000000,70713344,com.apple.keylayout.ABC,variable (CGDisplayMode reports 0),false,,,,,,
confirmation/startup_folder_10k/30.csv,paint,10k work folder warm startup,,,,,,0.110750,,,,com.apple.keylayout.ABC,variable (CGDisplayMode reports 0),false,,,,0,1,1
confirmation/startup_folder_10k/30.csv,paint,10k work folder warm startup,,,,,14.077458,0.059917,,,,com.apple.keylayout.ABC,variable (CGDisplayMode reports 0),false,,,,0,1,1
confirmation/startup_folder_10k/30.csv,paint,10k work folder warm startup,,,,,61.982417,0.069958,,,,com.apple.keylayout.ABC,variable (CGDisplayMode reports 0),false,,,,0,1,1
confirmation/startup_folder_10k/30.csv,paint,10k work folder warm startup,,,,,16.455083,0.065666,,,,com.apple.keylayout.ABC,variable (CGDisplayMode reports 0),false,,,,0,1,1
confirmation/startup_folder_10k/30.csv,paint,10k work folder warm startup,,,,,371.653959,20.536041,,,,com.apple.keylayout.ABC,variable (CGDisplayMode reports 0),false,,,,0,2,2
confirmation/startup_folder_10k/4.csv,memory_load,10k work folder warm startup,,,,,,,,,,com.apple.keylayout.ABC,variable (CGDisplayMode reports 0),false,,,,,,
confirmation/startup_folder_10k/4.csv,ready,10k work folder warm startup,,,,,,,188.281542,0.000000,70598656,com.apple.keylayout.ABC,variable (CGDisplayMode reports 0),false,,,,,,
confirmation/startup_folder_10k/4.csv,paint,10k work folder warm startup,,,,,,0.128416,,,,com.apple.keylayout.ABC,variable (CGDisplayMode reports 0),false,,,,0,1,1
confirmation/startup_folder_10k/4.csv,paint,10k work folder warm startup,,,,,11.829583,0.063208,,,,com.apple.keylayout.ABC,variable (CGDisplayMode reports 0),false,,,,0,1,1
confirmation/startup_folder_10k/4.csv,paint,10k work folder warm startup,,,,,60.452500,0.064583,,,,com.apple.keylayout.ABC,variable (CGDisplayMode reports 0),false,,,,0,1,1
confirmation/startup_folder_10k/4.csv,paint,10k work folder warm startup,,,,,4.466292,0.066167,,,,com.apple.keylayout.ABC,variable (CGDisplayMode reports 0),false,,,,0,1,1
confirmation/startup_folder_10k/4.csv,paint,10k work folder warm startup,,,,,380.179208,21.153792,,,,com.apple.keylayout.ABC,variable (CGDisplayMode reports 0),false,,,,0,2,2
confirmation/startup_folder_10k/5.csv,memory_load,10k work folder warm startup,,,,,,,,,,com.apple.keylayout.ABC,variable (CGDisplayMode reports 0),false,,,,,,
confirmation/startup_folder_10k/5.csv,ready,10k work folder warm startup,,,,,,,178.035792,0.000000,70713344,com.apple.keylayout.ABC,variable (CGDisplayMode reports 0),false,,,,,,
confirmation/startup_folder_10k/5.csv,paint,10k work folder warm startup,,,,,,0.125750,,,,com.apple.keylayout.ABC,variable (CGDisplayMode reports 0),false,,,,0,1,1
confirmation/startup_folder_10k/5.csv,paint,10k work folder warm startup,,,,,12.135416,0.064000,,,,com.apple.keylayout.ABC,variable (CGDisplayMode reports 0),false,,,,0,1,1
confirmation/startup_folder_10k/5.csv,paint,10k work folder warm startup,,,,,422.527875,19.664250,,,,com.apple.keylayout.ABC,variable (CGDisplayMode reports 0),false,,,,0,1,1
confirmation/startup_folder_10k/6.csv,memory_load,10k work folder warm startup,,,,,,,,,,com.apple.keylayout.ABC,variable (CGDisplayMode reports 0),false,,,,,,
confirmation/startup_folder_10k/6.csv,ready,10k work folder warm startup,,,,,,,191.701916,0.000000,70680576,com.apple.keylayout.ABC,variable (CGDisplayMode reports 0),false,,,,,,
confirmation/startup_folder_10k/6.csv,paint,10k work folder warm startup,,,,,,0.115875,,,,com.apple.keylayout.ABC,variable (CGDisplayMode reports 0),false,,,,0,1,1
confirmation/startup_folder_10k/6.csv,paint,10k work folder warm startup,,,,,11.860750,0.063416,,,,com.apple.keylayout.ABC,variable (CGDisplayMode reports 0),false,,,,0,1,1
confirmation/startup_folder_10k/6.csv,paint,10k work folder warm startup,,,,,60.860875,0.064916,,,,com.apple.keylayout.ABC,variable (CGDisplayMode reports 0),false,,,,0,1,1
confirmation/startup_folder_10k/6.csv,paint,10k work folder warm startup,,,,,16.343500,0.055042,,,,com.apple.keylayout.ABC,variable (CGDisplayMode reports 0),false,,,,0,1,1
confirmation/startup_folder_10k/6.csv,paint,10k work folder warm startup,,,,,380.023959,20.843333,,,,com.apple.keylayout.ABC,variable (CGDisplayMode reports 0),false,,,,0,2,2
confirmation/startup_folder_10k/7.csv,memory_load,10k work folder warm startup,,,,,,,,,,com.apple.keylayout.ABC,variable (CGDisplayMode reports 0),false,,,,,,
confirmation/startup_folder_10k/7.csv,ready,10k work folder warm startup,,,,,,,193.284000,0.000000,70729728,com.apple.keylayout.ABC,variable (CGDisplayMode reports 0),false,,,,,,
confirmation/startup_folder_10k/7.csv,paint,10k work folder warm startup,,,,,,0.113541,,,,com.apple.keylayout.ABC,variable (CGDisplayMode reports 0),false,,,,0,1,1
confirmation/startup_folder_10k/7.csv,paint,10k work folder warm startup,,,,,12.058167,0.058292,,,,com.apple.keylayout.ABC,variable (CGDisplayMode reports 0),false,,,,0,1,1
confirmation/startup_folder_10k/7.csv,paint,10k work folder warm startup,,,,,423.301792,19.968416,,,,com.apple.keylayout.ABC,variable (CGDisplayMode reports 0),false,,,,0,1,1
confirmation/startup_folder_10k/8.csv,memory_load,10k work folder warm startup,,,,,,,,,,com.apple.keylayout.ABC,variable (CGDisplayMode reports 0),false,,,,,,
confirmation/startup_folder_10k/8.csv,ready,10k work folder warm startup,,,,,,,185.932042,0.000000,70647808,com.apple.keylayout.ABC,variable (CGDisplayMode reports 0),false,,,,,,
confirmation/startup_folder_10k/8.csv,paint,10k work folder warm startup,,,,,,0.113334,,,,com.apple.keylayout.ABC,variable (CGDisplayMode reports 0),false,,,,0,1,1
confirmation/startup_folder_10k/8.csv,paint,10k work folder warm startup,,,,,11.981291,0.058625,,,,com.apple.keylayout.ABC,variable (CGDisplayMode reports 0),false,,,,0,1,1
confirmation/startup_folder_10k/8.csv,paint,10k work folder warm startup,,,,,60.253500,0.065625,,,,com.apple.keylayout.ABC,variable (CGDisplayMode reports 0),false,,,,0,1,1
confirmation/startup_folder_10k/8.csv,paint,10k work folder warm startup,,,,,381.352792,18.757875,,,,com.apple.keylayout.ABC,variable (CGDisplayMode reports 0),false,,,,0,1,1
confirmation/startup_folder_10k/9.csv,memory_load,10k work folder warm startup,,,,,,,,,,com.apple.keylayout.ABC,variable (CGDisplayMode reports 0),false,,,,,,
confirmation/startup_folder_10k/9.csv,ready,10k work folder warm startup,,,,,,,193.572791,0.000000,70860800,com.apple.keylayout.ABC,variable (CGDisplayMode reports 0),false,,,,,,
confirmation/startup_folder_10k/9.csv,paint,10k work folder warm startup,,,,,,0.126584,,,,com.apple.keylayout.ABC,variable (CGDisplayMode reports 0),false,,,,0,1,1
confirmation/startup_folder_10k/9.csv,paint,10k work folder warm startup,,,,,12.626834,0.059833,,,,com.apple.keylayout.ABC,variable (CGDisplayMode reports 0),false,,,,0,1,1
confirmation/startup_folder_10k/9.csv,paint,10k work folder warm startup,,,,,67.546541,0.065500,,,,com.apple.keylayout.ABC,variable (CGDisplayMode reports 0),false,,,,0,1,1
confirmation/startup_folder_10k/9.csv,paint,10k work folder warm startup,,,,,18.754917,0.063458,,,,com.apple.keylayout.ABC,variable (CGDisplayMode reports 0),false,,,,0,1,1
confirmation/startup_folder_10k/9.csv,paint,10k work folder warm startup,,,,,373.411208,21.330959,,,,com.apple.keylayout.ABC,variable (CGDisplayMode reports 0),false,,,,0,2,2
confirmation/startup_folder_1k/1.csv,memory_load,1k work folder warm startup,,,,,,,,,,com.apple.keylayout.ABC,variable (CGDisplayMode reports 0),false,,,,,,
confirmation/startup_folder_1k/1.csv,ready,1k work folder warm startup,,,,,,,183.652666,0.000000,70615040,com.apple.keylayout.ABC,variable (CGDisplayMode reports 0),false,,,,,,
confirmation/startup_folder_1k/1.csv,paint,1k work folder warm startup,,,,,,0.117583,,,,com.apple.keylayout.ABC,variable (CGDisplayMode reports 0),false,,,,0,1,1
confirmation/startup_folder_1k/1.csv,paint,1k work folder warm startup,,,,,13.244333,0.061583,,,,com.apple.keylayout.ABC,variable (CGDisplayMode reports 0),false,,,,0,1,1
confirmation/startup_folder_1k/1.csv,paint,1k work folder warm startup,,,,,56.577250,0.062875,,,,com.apple.keylayout.ABC,variable (CGDisplayMode reports 0),false,,,,0,1,1
confirmation/startup_folder_1k/1.csv,paint,1k work folder warm startup,,,,,58.139333,2.094791,,,,com.apple.keylayout.ABC,variable (CGDisplayMode reports 0),false,,,,0,1,1
confirmation/startup_folder_1k/1.csv,paint,1k work folder warm startup,,,,,25.708709,2.774459,,,,com.apple.keylayout.ABC,variable (CGDisplayMode reports 0),false,,,,0,2,2
confirmation/startup_folder_1k/1.csv,paint,1k work folder warm startup,,,,,14.164875,1.408000,,,,com.apple.keylayout.ABC,variable (CGDisplayMode reports 0),false,,,,2,0,0
confirmation/startup_folder_1k/10.csv,memory_load,1k work folder warm startup,,,,,,,,,,com.apple.keylayout.ABC,variable (CGDisplayMode reports 0),false,,,,,,
confirmation/startup_folder_1k/10.csv,ready,1k work folder warm startup,,,,,,,192.407542,0.000000,70631424,com.apple.keylayout.ABC,variable (CGDisplayMode reports 0),false,,,,,,
confirmation/startup_folder_1k/10.csv,paint,1k work folder warm startup,,,,,,0.118166,,,,com.apple.keylayout.ABC,variable (CGDisplayMode reports 0),false,,,,0,1,1
confirmation/startup_folder_1k/10.csv,paint,1k work folder warm startup,,,,,13.009583,0.060750,,,,com.apple.keylayout.ABC,variable (CGDisplayMode reports 0),false,,,,0,1,1
confirmation/startup_folder_1k/10.csv,paint,1k work folder warm startup,,,,,62.515125,0.060750,,,,com.apple.keylayout.ABC,variable (CGDisplayMode reports 0),false,,,,0,1,1
confirmation/startup_folder_1k/10.csv,paint,1k work folder warm startup,,,,,53.809167,2.841292,,,,com.apple.keylayout.ABC,variable (CGDisplayMode reports 0),false,,,,0,2,2
confirmation/startup_folder_1k/10.csv,paint,1k work folder warm startup,,,,,13.307833,1.466333,,,,com.apple.keylayout.ABC,variable (CGDisplayMode reports 0),false,,,,2,0,0
confirmation/startup_folder_1k/11.csv,memory_load,1k work folder warm startup,,,,,,,,,,com.apple.keylayout.ABC,variable (CGDisplayMode reports 0),false,,,,,,
confirmation/startup_folder_1k/11.csv,ready,1k work folder warm startup,,,,,,,192.190708,0.000000,70582272,com.apple.keylayout.ABC,variable (CGDisplayMode reports 0),false,,,,,,
confirmation/startup_folder_1k/11.csv,paint,1k work folder warm startup,,,,,,0.124584,,,,com.apple.keylayout.ABC,variable (CGDisplayMode reports 0),false,,,,0,1,1
confirmation/startup_folder_1k/11.csv,paint,1k work folder warm startup,,,,,11.830042,0.061042,,,,com.apple.keylayout.ABC,variable (CGDisplayMode reports 0),false,,,,0,1,1
confirmation/startup_folder_1k/11.csv,paint,1k work folder warm startup,,,,,106.810917,2.154416,,,,com.apple.keylayout.ABC,variable (CGDisplayMode reports 0),false,,,,0,1,1
confirmation/startup_folder_1k/11.csv,paint,1k work folder warm startup,,,,,20.775958,2.062500,,,,com.apple.keylayout.ABC,variable (CGDisplayMode reports 0),false,,,,0,2,2
confirmation/startup_folder_1k/11.csv,paint,1k work folder warm startup,,,,,14.062542,1.489792,,,,com.apple.keylayout.ABC,variable (CGDisplayMode reports 0),false,,,,2,0,0
confirmation/startup_folder_1k/12.csv,memory_load,1k work folder warm startup,,,,,,,,,,com.apple.keylayout.ABC,variable (CGDisplayMode reports 0),false,,,,,,
confirmation/startup_folder_1k/12.csv,ready,1k work folder warm startup,,,,,,,182.566500,0.000000,70631424,com.apple.keylayout.ABC,variable (CGDisplayMode reports 0),false,,,,,,
confirmation/startup_folder_1k/12.csv,paint,1k work folder warm startup,,,,,,0.128292,,,,com.apple.keylayout.ABC,variable (CGDisplayMode reports 0),false,,,,0,1,1
confirmation/startup_folder_1k/12.csv,paint,1k work folder warm startup,,,,,12.235333,0.066041,,,,com.apple.keylayout.ABC,variable (CGDisplayMode reports 0),false,,,,0,1,1
confirmation/startup_folder_1k/13.csv,memory_load,1k work folder warm startup,,,,,,,,,,com.apple.keylayout.ABC,variable (CGDisplayMode reports 0),false,,,,,,
confirmation/startup_folder_1k/13.csv,ready,1k work folder warm startup,,,,,,,194.119667,0.000000,70680576,com.apple.keylayout.ABC,variable (CGDisplayMode reports 0),false,,,,,,
confirmation/startup_folder_1k/13.csv,paint,1k work folder warm startup,,,,,,0.124334,,,,com.apple.keylayout.ABC,variable (CGDisplayMode reports 0),false,,,,0,1,1
confirmation/startup_folder_1k/13.csv,paint,1k work folder warm startup,,,,,11.763667,0.060583,,,,com.apple.keylayout.ABC,variable (CGDisplayMode reports 0),false,,,,0,1,1
confirmation/startup_folder_1k/13.csv,paint,1k work folder warm startup,,,,,63.819500,0.061791,,,,com.apple.keylayout.ABC,variable (CGDisplayMode reports 0),false,,,,0,1,1
confirmation/startup_folder_1k/13.csv,paint,1k work folder warm startup,,,,,54.159417,1.982000,,,,com.apple.keylayout.ABC,variable (CGDisplayMode reports 0),false,,,,0,1,1
confirmation/startup_folder_1k/13.csv,paint,1k work folder warm startup,,,,,24.313708,2.228000,,,,com.apple.keylayout.ABC,variable (CGDisplayMode reports 0),false,,,,0,2,2
confirmation/startup_folder_1k/14.csv,memory_load,1k work folder warm startup,,,,,,,,,,com.apple.keylayout.ABC,variable (CGDisplayMode reports 0),false,,,,,,
confirmation/startup_folder_1k/14.csv,ready,1k work folder warm startup,,,,,,,194.465209,0.000000,70860800,com.apple.keylayout.ABC,variable (CGDisplayMode reports 0),false,,,,,,
confirmation/startup_folder_1k/14.csv,paint,1k work folder warm startup,,,,,,0.112875,,,,com.apple.keylayout.ABC,variable (CGDisplayMode reports 0),false,,,,0,1,1
confirmation/startup_folder_1k/14.csv,paint,1k work folder warm startup,,,,,15.559292,0.059792,,,,com.apple.keylayout.ABC,variable (CGDisplayMode reports 0),false,,,,0,1,1
confirmation/startup_folder_1k/14.csv,paint,1k work folder warm startup,,,,,59.030583,0.065416,,,,com.apple.keylayout.ABC,variable (CGDisplayMode reports 0),false,,,,0,1,1
confirmation/startup_folder_1k/14.csv,paint,1k work folder warm startup,,,,,52.250750,2.836625,,,,com.apple.keylayout.ABC,variable (CGDisplayMode reports 0),false,,,,0,2,2
confirmation/startup_folder_1k/14.csv,paint,1k work folder warm startup,,,,,15.064625,1.421583,,,,com.apple.keylayout.ABC,variable (CGDisplayMode reports 0),false,,,,2,0,0
confirmation/startup_folder_1k/15.csv,memory_load,1k work folder warm startup,,,,,,,,,,com.apple.keylayout.ABC,variable (CGDisplayMode reports 0),false,,,,,,
confirmation/startup_folder_1k/15.csv,ready,1k work folder warm startup,,,,,,,192.561583,0.000000,70713344,com.apple.keylayout.ABC,variable (CGDisplayMode reports 0),false,,,,,,
confirmation/startup_folder_1k/15.csv,paint,1k work folder warm startup,,,,,,0.125042,,,,com.apple.keylayout.ABC,variable (CGDisplayMode reports 0),false,,,,0,1,1
confirmation/startup_folder_1k/15.csv,paint,1k work folder warm startup,,,,,12.330500,0.065083,,,,com.apple.keylayout.ABC,variable (CGDisplayMode reports 0),false,,,,0,1,1
confirmation/startup_folder_1k/15.csv,paint,1k work folder warm startup,,,,,59.966083,0.069542,,,,com.apple.keylayout.ABC,variable (CGDisplayMode reports 0),false,,,,0,1,1
confirmation/startup_folder_1k/15.csv,paint,1k work folder warm startup,,,,,50.179750,2.871084,,,,com.apple.keylayout.ABC,variable (CGDisplayMode reports 0),false,,,,0,2,2
confirmation/startup_folder_1k/15.csv,paint,1k work folder warm startup,,,,,14.119500,1.418000,,,,com.apple.keylayout.ABC,variable (CGDisplayMode reports 0),false,,,,2,0,0
confirmation/startup_folder_1k/16.csv,memory_load,1k work folder warm startup,,,,,,,,,,com.apple.keylayout.ABC,variable (CGDisplayMode reports 0),false,,,,,,
confirmation/startup_folder_1k/16.csv,ready,1k work folder warm startup,,,,,,,215.606875,0.000000,70664192,com.apple.keylayout.ABC,variable (CGDisplayMode reports 0),false,,,,,,
confirmation/startup_folder_1k/16.csv,paint,1k work folder warm startup,,,,,,0.121292,,,,com.apple.keylayout.ABC,variable (CGDisplayMode reports 0),false,,,,0,1,1
confirmation/startup_folder_1k/16.csv,paint,1k work folder warm startup,,,,,11.852333,0.060375,,,,com.apple.keylayout.ABC,variable (CGDisplayMode reports 0),false,,,,0,1,1
confirmation/startup_folder_1k/16.csv,paint,1k work folder warm startup,,,,,113.548125,2.035041,,,,com.apple.keylayout.ABC,variable (CGDisplayMode reports 0),false,,,,0,1,1
confirmation/startup_folder_1k/16.csv,paint,1k work folder warm startup,,,,,13.299750,1.329833,,,,com.apple.keylayout.ABC,variable (CGDisplayMode reports 0),false,,,,0,1,1
confirmation/startup_folder_1k/17.csv,memory_load,1k work folder warm startup,,,,,,,,,,com.apple.keylayout.ABC,variable (CGDisplayMode reports 0),false,,,,,,
confirmation/startup_folder_1k/17.csv,ready,1k work folder warm startup,,,,,,,212.951417,0.000000,70860800,com.apple.keylayout.ABC,variable (CGDisplayMode reports 0),false,,,,,,
confirmation/startup_folder_1k/17.csv,paint,1k work folder warm startup,,,,,,0.127375,,,,com.apple.keylayout.ABC,variable (CGDisplayMode reports 0),false,,,,0,1,1
confirmation/startup_folder_1k/17.csv,paint,1k work folder warm startup,,,,,11.869167,0.061916,,,,com.apple.keylayout.ABC,variable (CGDisplayMode reports 0),false,,,,0,1,1
confirmation/startup_folder_1k/17.csv,paint,1k work folder warm startup,,,,,102.809083,2.012417,,,,com.apple.keylayout.ABC,variable (CGDisplayMode reports 0),false,,,,0,1,1
confirmation/startup_folder_1k/17.csv,paint,1k work folder warm startup,,,,,12.758667,1.430750,,,,com.apple.keylayout.ABC,variable (CGDisplayMode reports 0),false,,,,0,1,1
confirmation/startup_folder_1k/17.csv,paint,1k work folder warm startup,,,,,21.267666,2.138458,,,,com.apple.keylayout.ABC,variable (CGDisplayMode reports 0),false,,,,0,2,2
confirmation/startup_folder_1k/18.csv,memory_load,1k work folder warm startup,,,,,,,,,,com.apple.keylayout.ABC,variable (CGDisplayMode reports 0),false,,,,,,
confirmation/startup_folder_1k/18.csv,ready,1k work folder warm startup,,,,,,,194.422042,0.000000,70680576,com.apple.keylayout.ABC,variable (CGDisplayMode reports 0),false,,,,,,
confirmation/startup_folder_1k/18.csv,paint,1k work folder warm startup,,,,,,0.131083,,,,com.apple.keylayout.ABC,variable (CGDisplayMode reports 0),false,,,,0,1,1
confirmation/startup_folder_1k/18.csv,paint,1k work folder warm startup,,,,,12.505000,0.064167,,,,com.apple.keylayout.ABC,variable (CGDisplayMode reports 0),false,,,,0,1,1
confirmation/startup_folder_1k/18.csv,paint,1k work folder warm startup,,,,,58.038625,0.068625,,,,com.apple.keylayout.ABC,variable (CGDisplayMode reports 0),false,,,,0,1,1
confirmation/startup_folder_1k/18.csv,paint,1k work folder warm startup,,,,,50.314500,2.928000,,,,com.apple.keylayout.ABC,variable (CGDisplayMode reports 0),false,,,,0,2,2
confirmation/startup_folder_1k/18.csv,paint,1k work folder warm startup,,,,,14.702041,1.383958,,,,com.apple.keylayout.ABC,variable (CGDisplayMode reports 0),false,,,,2,0,0
confirmation/startup_folder_1k/19.csv,memory_load,1k work folder warm startup,,,,,,,,,,com.apple.keylayout.ABC,variable (CGDisplayMode reports 0),false,,,,,,
confirmation/startup_folder_1k/19.csv,ready,1k work folder warm startup,,,,,,,191.972791,0.000000,70615040,com.apple.keylayout.ABC,variable (CGDisplayMode reports 0),false,,,,,,
confirmation/startup_folder_1k/19.csv,paint,1k work folder warm startup,,,,,,0.115042,,,,com.apple.keylayout.ABC,variable (CGDisplayMode reports 0),false,,,,0,1,1
confirmation/startup_folder_1k/19.csv,paint,1k work folder warm startup,,,,,11.769250,0.065125,,,,com.apple.keylayout.ABC,variable (CGDisplayMode reports 0),false,,,,0,1,1
confirmation/startup_folder_1k/19.csv,paint,1k work folder warm startup,,,,,69.187584,0.064458,,,,com.apple.keylayout.ABC,variable (CGDisplayMode reports 0),false,,,,0,1,1
confirmation/startup_folder_1k/19.csv,paint,1k work folder warm startup,,,,,49.802208,2.816083,,,,com.apple.keylayout.ABC,variable (CGDisplayMode reports 0),false,,,,0,2,2
confirmation/startup_folder_1k/19.csv,paint,1k work folder warm startup,,,,,15.912583,1.358833,,,,com.apple.keylayout.ABC,variable (CGDisplayMode reports 0),false,,,,2,0,0
confirmation/startup_folder_1k/2.csv,memory_load,1k work folder warm startup,,,,,,,,,,com.apple.keylayout.ABC,variable (CGDisplayMode reports 0),false,,,,,,
confirmation/startup_folder_1k/2.csv,ready,1k work folder warm startup,,,,,,,183.922875,0.000000,70778880,com.apple.keylayout.ABC,variable (CGDisplayMode reports 0),false,,,,,,
confirmation/startup_folder_1k/2.csv,paint,1k work folder warm startup,,,,,,0.118917,,,,com.apple.keylayout.ABC,variable (CGDisplayMode reports 0),false,,,,0,1,1
confirmation/startup_folder_1k/2.csv,paint,1k work folder warm startup,,,,,11.694417,0.059334,,,,com.apple.keylayout.ABC,variable (CGDisplayMode reports 0),false,,,,0,1,1
confirmation/startup_folder_1k/20.csv,memory_load,1k work folder warm startup,,,,,,,,,,com.apple.keylayout.ABC,variable (CGDisplayMode reports 0),false,,,,,,
confirmation/startup_folder_1k/20.csv,ready,1k work folder warm startup,,,,,,,188.141333,0.000000,70647808,com.apple.keylayout.ABC,variable (CGDisplayMode reports 0),false,,,,,,
confirmation/startup_folder_1k/20.csv,paint,1k work folder warm startup,,,,,,0.120459,,,,com.apple.keylayout.ABC,variable (CGDisplayMode reports 0),false,,,,0,1,1
confirmation/startup_folder_1k/20.csv,paint,1k work folder warm startup,,,,,12.506791,0.067333,,,,com.apple.keylayout.ABC,variable (CGDisplayMode reports 0),false,,,,0,1,1
confirmation/startup_folder_1k/20.csv,paint,1k work folder warm startup,,,,,59.859375,0.062458,,,,com.apple.keylayout.ABC,variable (CGDisplayMode reports 0),false,,,,0,1,1
confirmation/startup_folder_1k/20.csv,paint,1k work folder warm startup,,,,,52.502625,2.010500,,,,com.apple.keylayout.ABC,variable (CGDisplayMode reports 0),false,,,,0,1,1
confirmation/startup_folder_1k/20.csv,paint,1k work folder warm startup,,,,,22.696417,2.122916,,,,com.apple.keylayout.ABC,variable (CGDisplayMode reports 0),false,,,,0,2,2
confirmation/startup_folder_1k/21.csv,memory_load,1k work folder warm startup,,,,,,,,,,com.apple.keylayout.ABC,variable (CGDisplayMode reports 0),false,,,,,,
confirmation/startup_folder_1k/21.csv,ready,1k work folder warm startup,,,,,,,188.440792,0.000000,70729728,com.apple.keylayout.ABC,variable (CGDisplayMode reports 0),false,,,,,,
confirmation/startup_folder_1k/21.csv,paint,1k work folder warm startup,,,,,,0.139083,,,,com.apple.keylayout.ABC,variable (CGDisplayMode reports 0),false,,,,0,1,1
confirmation/startup_folder_1k/21.csv,paint,1k work folder warm startup,,,,,11.961250,0.061750,,,,com.apple.keylayout.ABC,variable (CGDisplayMode reports 0),false,,,,0,1,1
confirmation/startup_folder_1k/21.csv,paint,1k work folder warm startup,,,,,64.641792,0.062084,,,,com.apple.keylayout.ABC,variable (CGDisplayMode reports 0),false,,,,0,1,1
confirmation/startup_folder_1k/21.csv,paint,1k work folder warm startup,,,,,52.532667,1.868750,,,,com.apple.keylayout.ABC,variable (CGDisplayMode reports 0),false,,,,0,1,1
confirmation/startup_folder_1k/21.csv,paint,1k work folder warm startup,,,,,12.655000,1.384667,,,,com.apple.keylayout.ABC,variable (CGDisplayMode reports 0),false,,,,0,1,1
confirmation/startup_folder_1k/21.csv,paint,1k work folder warm startup,,,,,22.362583,2.120583,,,,com.apple.keylayout.ABC,variable (CGDisplayMode reports 0),false,,,,0,2,2
confirmation/startup_folder_1k/22.csv,memory_load,1k work folder warm startup,,,,,,,,,,com.apple.keylayout.ABC,variable (CGDisplayMode reports 0),false,,,,,,
confirmation/startup_folder_1k/22.csv,ready,1k work folder warm startup,,,,,,,201.764834,0.000000,70713344,com.apple.keylayout.ABC,variable (CGDisplayMode reports 0),false,,,,,,
confirmation/startup_folder_1k/22.csv,paint,1k work folder warm startup,,,,,,0.121958,,,,com.apple.keylayout.ABC,variable (CGDisplayMode reports 0),false,,,,0,1,1
confirmation/startup_folder_1k/22.csv,paint,1k work folder warm startup,,,,,12.691709,0.063875,,,,com.apple.keylayout.ABC,variable (CGDisplayMode reports 0),false,,,,0,1,1
confirmation/startup_folder_1k/22.csv,paint,1k work folder warm startup,,,,,97.444791,2.045666,,,,com.apple.keylayout.ABC,variable (CGDisplayMode reports 0),false,,,,0,1,1
confirmation/startup_folder_1k/22.csv,paint,1k work folder warm startup,,,,,14.842917,1.376375,,,,com.apple.keylayout.ABC,variable (CGDisplayMode reports 0),false,,,,0,1,1
confirmation/startup_folder_1k/22.csv,paint,1k work folder warm startup,,,,,22.232500,2.226167,,,,com.apple.keylayout.ABC,variable (CGDisplayMode reports 0),false,,,,0,2,2
confirmation/startup_folder_1k/23.csv,memory_load,1k work folder warm startup,,,,,,,,,,com.apple.keylayout.ABC,variable (CGDisplayMode reports 0),false,,,,,,
confirmation/startup_folder_1k/23.csv,ready,1k work folder warm startup,,,,,,,225.242334,0.000000,70680576,com.apple.keylayout.ABC,variable (CGDisplayMode reports 0),false,,,,,,
confirmation/startup_folder_1k/23.csv,paint,1k work folder warm startup,,,,,,0.125167,,,,com.apple.keylayout.ABC,variable (CGDisplayMode reports 0),false,,,,0,1,1
confirmation/startup_folder_1k/23.csv,paint,1k work folder warm startup,,,,,12.129834,0.073542,,,,com.apple.keylayout.ABC,variable (CGDisplayMode reports 0),false,,,,0,1,1
confirmation/startup_folder_1k/23.csv,paint,1k work folder warm startup,,,,,102.541125,1.999708,,,,com.apple.keylayout.ABC,variable (CGDisplayMode reports 0),false,,,,0,1,1
confirmation/startup_folder_1k/24.csv,memory_load,1k work folder warm startup,,,,,,,,,,com.apple.keylayout.ABC,variable (CGDisplayMode reports 0),false,,,,,,
confirmation/startup_folder_1k/24.csv,ready,1k work folder warm startup,,,,,,,231.127166,0.000000,70729728,com.apple.keylayout.ABC,variable (CGDisplayMode reports 0),false,,,,,,
confirmation/startup_folder_1k/24.csv,paint,1k work folder warm startup,,,,,,0.130250,,,,com.apple.keylayout.ABC,variable (CGDisplayMode reports 0),false,,,,0,1,1
confirmation/startup_folder_1k/24.csv,paint,1k work folder warm startup,,,,,13.830750,0.059459,,,,com.apple.keylayout.ABC,variable (CGDisplayMode reports 0),false,,,,0,1,1
confirmation/startup_folder_1k/24.csv,paint,1k work folder warm startup,,,,,65.140750,0.067625,,,,com.apple.keylayout.ABC,variable (CGDisplayMode reports 0),false,,,,0,1,1
confirmation/startup_folder_1k/24.csv,paint,1k work folder warm startup,,,,,52.080792,2.885250,,,,com.apple.keylayout.ABC,variable (CGDisplayMode reports 0),false,,,,0,2,2
confirmation/startup_folder_1k/24.csv,paint,1k work folder warm startup,,,,,14.757708,1.474500,,,,com.apple.keylayout.ABC,variable (CGDisplayMode reports 0),false,,,,2,0,0
confirmation/startup_folder_1k/24.csv,paint,1k work folder warm startup,,,,,54.465250,1.901500,,,,com.apple.keylayout.ABC,variable (CGDisplayMode reports 0),false,,,,0,2,2
confirmation/startup_folder_1k/25.csv,memory_load,1k work folder warm startup,,,,,,,,,,com.apple.keylayout.ABC,variable (CGDisplayMode reports 0),false,,,,,,
confirmation/startup_folder_1k/25.csv,ready,1k work folder warm startup,,,,,,,183.574000,0.000000,70893568,com.apple.keylayout.ABC,variable (CGDisplayMode reports 0),false,,,,,,
confirmation/startup_folder_1k/25.csv,paint,1k work folder warm startup,,,,,,0.125000,,,,com.apple.keylayout.ABC,variable (CGDisplayMode reports 0),false,,,,0,1,1
confirmation/startup_folder_1k/25.csv,paint,1k work folder warm startup,,,,,11.884458,0.058625,,,,com.apple.keylayout.ABC,variable (CGDisplayMode reports 0),false,,,,0,1,1
confirmation/startup_folder_1k/25.csv,paint,1k work folder warm startup,,,,,102.672167,1.942625,,,,com.apple.keylayout.ABC,variable (CGDisplayMode reports 0),false,,,,0,1,1
confirmation/startup_folder_1k/25.csv,paint,1k work folder warm startup,,,,,13.284083,1.318667,,,,com.apple.keylayout.ABC,variable (CGDisplayMode reports 0),false,,,,0,1,1
confirmation/startup_folder_1k/25.csv,paint,1k work folder warm startup,,,,,20.233292,2.165333,,,,com.apple.keylayout.ABC,variable (CGDisplayMode reports 0),false,,,,0,2,2
confirmation/startup_folder_1k/25.csv,paint,1k work folder warm startup,,,,,13.416291,1.220542,,,,com.apple.keylayout.ABC,variable (CGDisplayMode reports 0),false,,,,2,0,0
confirmation/startup_folder_1k/26.csv,memory_load,1k work folder warm startup,,,,,,,,,,com.apple.keylayout.ABC,variable (CGDisplayMode reports 0),false,,,,,,
confirmation/startup_folder_1k/26.csv,ready,1k work folder warm startup,,,,,,,178.960750,0.000000,70647808,com.apple.keylayout.ABC,variable (CGDisplayMode reports 0),false,,,,,,
confirmation/startup_folder_1k/26.csv,paint,1k work folder warm startup,,,,,,0.119541,,,,com.apple.keylayout.ABC,variable (CGDisplayMode reports 0),false,,,,0,1,1
confirmation/startup_folder_1k/26.csv,paint,1k work folder warm startup,,,,,11.948875,0.053291,,,,com.apple.keylayout.ABC,variable (CGDisplayMode reports 0),false,,,,0,1,1
confirmation/startup_folder_1k/26.csv,paint,1k work folder warm startup,,,,,98.082916,2.024334,,,,com.apple.keylayout.ABC,variable (CGDisplayMode reports 0),false,,,,0,1,1
confirmation/startup_folder_1k/27.csv,memory_load,1k work folder warm startup,,,,,,,,,,com.apple.keylayout.ABC,variable (CGDisplayMode reports 0),false,,,,,,
confirmation/startup_folder_1k/27.csv,ready,1k work folder warm startup,,,,,,,184.648250,0.000000,70680576,com.apple.keylayout.ABC,variable (CGDisplayMode reports 0),false,,,,,,
confirmation/startup_folder_1k/27.csv,paint,1k work folder warm startup,,,,,,0.112541,,,,com.apple.keylayout.ABC,variable (CGDisplayMode reports 0),false,,,,0,1,1
confirmation/startup_folder_1k/27.csv,paint,1k work folder warm startup,,,,,13.945167,0.058417,,,,com.apple.keylayout.ABC,variable (CGDisplayMode reports 0),false,,,,0,1,1
confirmation/startup_folder_1k/27.csv,paint,1k work folder warm startup,,,,,60.580625,0.067417,,,,com.apple.keylayout.ABC,variable (CGDisplayMode reports 0),false,,,,0,1,1
confirmation/startup_folder_1k/27.csv,paint,1k work folder warm startup,,,,,49.853542,3.865584,,,,com.apple.keylayout.ABC,variable (CGDisplayMode reports 0),false,,,,0,2,2
confirmation/startup_folder_1k/27.csv,paint,1k work folder warm startup,,,,,13.208083,1.406750,,,,com.apple.keylayout.ABC,variable (CGDisplayMode reports 0),false,,,,2,0,0
confirmation/startup_folder_1k/28.csv,memory_load,1k work folder warm startup,,,,,,,,,,com.apple.keylayout.ABC,variable (CGDisplayMode reports 0),false,,,,,,
confirmation/startup_folder_1k/28.csv,ready,1k work folder warm startup,,,,,,,190.864834,0.000000,70615040,com.apple.keylayout.ABC,variable (CGDisplayMode reports 0),false,,,,,,
confirmation/startup_folder_1k/28.csv,paint,1k work folder warm startup,,,,,,0.114250,,,,com.apple.keylayout.ABC,variable (CGDisplayMode reports 0),false,,,,0,1,1
confirmation/startup_folder_1k/28.csv,paint,1k work folder warm startup,,,,,12.074333,0.061375,,,,com.apple.keylayout.ABC,variable (CGDisplayMode reports 0),false,,,,0,1,1
confirmation/startup_folder_1k/28.csv,paint,1k work folder warm startup,,,,,68.508625,0.063250,,,,com.apple.keylayout.ABC,variable (CGDisplayMode reports 0),false,,,,0,1,1
confirmation/startup_folder_1k/28.csv,paint,1k work folder warm startup,,,,,51.603000,2.894875,,,,com.apple.keylayout.ABC,variable (CGDisplayMode reports 0),false,,,,0,2,2
confirmation/startup_folder_1k/28.csv,paint,1k work folder warm startup,,,,,13.932958,1.367334,,,,com.apple.keylayout.ABC,variable (CGDisplayMode reports 0),false,,,,2,0,0
confirmation/startup_folder_1k/29.csv,memory_load,1k work folder warm startup,,,,,,,,,,com.apple.keylayout.ABC,variable (CGDisplayMode reports 0),false,,,,,,
confirmation/startup_folder_1k/29.csv,ready,1k work folder warm startup,,,,,,,188.904750,0.000000,70615040,com.apple.keylayout.ABC,variable (CGDisplayMode reports 0),false,,,,,,
confirmation/startup_folder_1k/29.csv,paint,1k work folder warm startup,,,,,,0.128833,,,,com.apple.keylayout.ABC,variable (CGDisplayMode reports 0),false,,,,0,1,1
confirmation/startup_folder_1k/29.csv,paint,1k work folder warm startup,,,,,12.197916,0.061458,,,,com.apple.keylayout.ABC,variable (CGDisplayMode reports 0),false,,,,0,1,1
confirmation/startup_folder_1k/29.csv,paint,1k work folder warm startup,,,,,75.855084,0.072375,,,,com.apple.keylayout.ABC,variable (CGDisplayMode reports 0),false,,,,0,1,1
confirmation/startup_folder_1k/29.csv,paint,1k work folder warm startup,,,,,53.418750,1.979666,,,,com.apple.keylayout.ABC,variable (CGDisplayMode reports 0),false,,,,0,1,1
confirmation/startup_folder_1k/29.csv,paint,1k work folder warm startup,,,,,23.314000,2.046667,,,,com.apple.keylayout.ABC,variable (CGDisplayMode reports 0),false,,,,0,2,2
confirmation/startup_folder_1k/3.csv,memory_load,1k work folder warm startup,,,,,,,,,,com.apple.keylayout.ABC,variable (CGDisplayMode reports 0),false,,,,,,
confirmation/startup_folder_1k/3.csv,ready,1k work folder warm startup,,,,,,,188.606042,0.000000,70647808,com.apple.keylayout.ABC,variable (CGDisplayMode reports 0),false,,,,,,
confirmation/startup_folder_1k/3.csv,paint,1k work folder warm startup,,,,,,0.119625,,,,com.apple.keylayout.ABC,variable (CGDisplayMode reports 0),false,,,,0,1,1
confirmation/startup_folder_1k/3.csv,paint,1k work folder warm startup,,,,,11.608250,0.054417,,,,com.apple.keylayout.ABC,variable (CGDisplayMode reports 0),false,,,,0,1,1
confirmation/startup_folder_1k/3.csv,paint,1k work folder warm startup,,,,,114.704291,2.070500,,,,com.apple.keylayout.ABC,variable (CGDisplayMode reports 0),false,,,,0,1,1
confirmation/startup_folder_1k/3.csv,paint,1k work folder warm startup,,,,,11.410292,1.292042,,,,com.apple.keylayout.ABC,variable (CGDisplayMode reports 0),false,,,,0,1,1
confirmation/startup_folder_1k/3.csv,paint,1k work folder warm startup,,,,,21.759417,2.291000,,,,com.apple.keylayout.ABC,variable (CGDisplayMode reports 0),false,,,,0,2,2
confirmation/startup_folder_1k/30.csv,memory_load,1k work folder warm startup,,,,,,,,,,com.apple.keylayout.ABC,variable (CGDisplayMode reports 0),false,,,,,,
confirmation/startup_folder_1k/30.csv,ready,1k work folder warm startup,,,,,,,193.515709,0.000000,70664192,com.apple.keylayout.ABC,variable (CGDisplayMode reports 0),false,,,,,,
confirmation/startup_folder_1k/30.csv,paint,1k work folder warm startup,,,,,,0.127583,,,,com.apple.keylayout.ABC,variable (CGDisplayMode reports 0),false,,,,0,1,1
confirmation/startup_folder_1k/30.csv,paint,1k work folder warm startup,,,,,12.090917,0.054208,,,,com.apple.keylayout.ABC,variable (CGDisplayMode reports 0),false,,,,0,1,1
confirmation/startup_folder_1k/30.csv,paint,1k work folder warm startup,,,,,115.094416,2.068166,,,,com.apple.keylayout.ABC,variable (CGDisplayMode reports 0),false,,,,0,1,1
confirmation/startup_folder_1k/30.csv,paint,1k work folder warm startup,,,,,18.746167,1.373375,,,,com.apple.keylayout.ABC,variable (CGDisplayMode reports 0),false,,,,0,1,1
confirmation/startup_folder_1k/4.csv,memory_load,1k work folder warm startup,,,,,,,,,,com.apple.keylayout.ABC,variable (CGDisplayMode reports 0),false,,,,,,
confirmation/startup_folder_1k/4.csv,ready,1k work folder warm startup,,,,,,,189.778959,0.000000,70582272,com.apple.keylayout.ABC,variable (CGDisplayMode reports 0),false,,,,,,
confirmation/startup_folder_1k/4.csv,paint,1k work folder warm startup,,,,,,0.116958,,,,com.apple.keylayout.ABC,variable (CGDisplayMode reports 0),false,,,,0,1,1
confirmation/startup_folder_1k/4.csv,paint,1k work folder warm startup,,,,,12.628125,0.060708,,,,com.apple.keylayout.ABC,variable (CGDisplayMode reports 0),false,,,,0,1,1
confirmation/startup_folder_1k/4.csv,paint,1k work folder warm startup,,,,,63.927250,0.075500,,,,com.apple.keylayout.ABC,variable (CGDisplayMode reports 0),false,,,,0,1,1
confirmation/startup_folder_1k/4.csv,paint,1k work folder warm startup,,,,,54.845084,2.112875,,,,com.apple.keylayout.ABC,variable (CGDisplayMode reports 0),false,,,,0,1,1
confirmation/startup_folder_1k/4.csv,paint,1k work folder warm startup,,,,,23.452291,2.259125,,,,com.apple.keylayout.ABC,variable (CGDisplayMode reports 0),false,,,,0,2,2
confirmation/startup_folder_1k/5.csv,memory_load,1k work folder warm startup,,,,,,,,,,com.apple.keylayout.ABC,variable (CGDisplayMode reports 0),false,,,,,,
confirmation/startup_folder_1k/5.csv,ready,1k work folder warm startup,,,,,,,199.968208,0.000000,70680576,com.apple.keylayout.ABC,variable (CGDisplayMode reports 0),false,,,,,,
confirmation/startup_folder_1k/5.csv,paint,1k work folder warm startup,,,,,,0.124584,,,,com.apple.keylayout.ABC,variable (CGDisplayMode reports 0),false,,,,0,1,1
confirmation/startup_folder_1k/5.csv,paint,1k work folder warm startup,,,,,12.566875,0.074083,,,,com.apple.keylayout.ABC,variable (CGDisplayMode reports 0),false,,,,0,1,1
confirmation/startup_folder_1k/5.csv,paint,1k work folder warm startup,,,,,107.208916,2.040917,,,,com.apple.keylayout.ABC,variable (CGDisplayMode reports 0),false,,,,0,1,1
confirmation/startup_folder_1k/5.csv,paint,1k work folder warm startup,,,,,15.646959,1.464541,,,,com.apple.keylayout.ABC,variable (CGDisplayMode reports 0),false,,,,0,1,1
confirmation/startup_folder_1k/5.csv,paint,1k work folder warm startup,,,,,21.431125,2.412125,,,,com.apple.keylayout.ABC,variable (CGDisplayMode reports 0),false,,,,0,2,2
confirmation/startup_folder_1k/5.csv,paint,1k work folder warm startup,,,,,18.015125,1.321209,,,,com.apple.keylayout.ABC,variable (CGDisplayMode reports 0),false,,,,2,0,0
confirmation/startup_folder_1k/6.csv,memory_load,1k work folder warm startup,,,,,,,,,,com.apple.keylayout.ABC,variable (CGDisplayMode reports 0),false,,,,,,
confirmation/startup_folder_1k/6.csv,ready,1k work folder warm startup,,,,,,,215.009500,0.000000,70696960,com.apple.keylayout.ABC,variable (CGDisplayMode reports 0),false,,,,,,
confirmation/startup_folder_1k/6.csv,paint,1k work folder warm startup,,,,,,0.117750,,,,com.apple.keylayout.ABC,variable (CGDisplayMode reports 0),false,,,,0,1,1
confirmation/startup_folder_1k/6.csv,paint,1k work folder warm startup,,,,,21.134583,0.068375,,,,com.apple.keylayout.ABC,variable (CGDisplayMode reports 0),false,,,,0,1,1
confirmation/startup_folder_1k/6.csv,paint,1k work folder warm startup,,,,,63.542917,0.062209,,,,com.apple.keylayout.ABC,variable (CGDisplayMode reports 0),false,,,,0,1,1
confirmation/startup_folder_1k/6.csv,paint,1k work folder warm startup,,,,,51.046292,2.847541,,,,com.apple.keylayout.ABC,variable (CGDisplayMode reports 0),false,,,,0,2,2
confirmation/startup_folder_1k/6.csv,paint,1k work folder warm startup,,,,,13.902291,1.435041,,,,com.apple.keylayout.ABC,variable (CGDisplayMode reports 0),false,,,,2,0,0
confirmation/startup_folder_1k/7.csv,memory_load,1k work folder warm startup,,,,,,,,,,com.apple.keylayout.ABC,variable (CGDisplayMode reports 0),false,,,,,,
confirmation/startup_folder_1k/7.csv,ready,1k work folder warm startup,,,,,,,196.648792,0.000000,70844416,com.apple.keylayout.ABC,variable (CGDisplayMode reports 0),false,,,,,,
confirmation/startup_folder_1k/7.csv,paint,1k work folder warm startup,,,,,,0.119959,,,,com.apple.keylayout.ABC,variable (CGDisplayMode reports 0),false,,,,0,1,1
confirmation/startup_folder_1k/7.csv,paint,1k work folder warm startup,,,,,12.902667,0.070166,,,,com.apple.keylayout.ABC,variable (CGDisplayMode reports 0),false,,,,0,1,1
confirmation/startup_folder_1k/8.csv,memory_load,1k work folder warm startup,,,,,,,,,,com.apple.keylayout.ABC,variable (CGDisplayMode reports 0),false,,,,,,
confirmation/startup_folder_1k/8.csv,ready,1k work folder warm startup,,,,,,,203.749625,0.000000,70811648,com.apple.keylayout.ABC,variable (CGDisplayMode reports 0),false,,,,,,
confirmation/startup_folder_1k/8.csv,paint,1k work folder warm startup,,,,,,0.128083,,,,com.apple.keylayout.ABC,variable (CGDisplayMode reports 0),false,,,,0,1,1
confirmation/startup_folder_1k/8.csv,paint,1k work folder warm startup,,,,,12.313583,0.064875,,,,com.apple.keylayout.ABC,variable (CGDisplayMode reports 0),false,,,,0,1,1
confirmation/startup_folder_1k/8.csv,paint,1k work folder warm startup,,,,,71.852042,0.062625,,,,com.apple.keylayout.ABC,variable (CGDisplayMode reports 0),false,,,,0,1,1
confirmation/startup_folder_1k/8.csv,paint,1k work folder warm startup,,,,,49.701208,2.090750,,,,com.apple.keylayout.ABC,variable (CGDisplayMode reports 0),false,,,,0,1,1
confirmation/startup_folder_1k/8.csv,paint,1k work folder warm startup,,,,,13.439084,1.520292,,,,com.apple.keylayout.ABC,variable (CGDisplayMode reports 0),false,,,,0,1,1
confirmation/startup_folder_1k/8.csv,paint,1k work folder warm startup,,,,,19.397125,2.298833,,,,com.apple.keylayout.ABC,variable (CGDisplayMode reports 0),false,,,,0,2,2
confirmation/startup_folder_1k/9.csv,memory_load,1k work folder warm startup,,,,,,,,,,com.apple.keylayout.ABC,variable (CGDisplayMode reports 0),false,,,,,,
confirmation/startup_folder_1k/9.csv,ready,1k work folder warm startup,,,,,,,209.759542,0.000000,70533120,com.apple.keylayout.ABC,variable (CGDisplayMode reports 0),false,,,,,,
confirmation/startup_folder_1k/9.csv,paint,1k work folder warm startup,,,,,,0.122041,,,,com.apple.keylayout.ABC,variable (CGDisplayMode reports 0),false,,,,0,1,1
confirmation/startup_folder_1k/9.csv,paint,1k work folder warm startup,,,,,12.298375,0.057917,,,,com.apple.keylayout.ABC,variable (CGDisplayMode reports 0),false,,,,0,1,1
confirmation/startup_folder_1k/9.csv,paint,1k work folder warm startup,,,,,72.730750,0.061208,,,,com.apple.keylayout.ABC,variable (CGDisplayMode reports 0),false,,,,0,1,1
confirmation/startup_folder_1k/9.csv,paint,1k work folder warm startup,,,,,63.582333,2.960292,,,,com.apple.keylayout.ABC,variable (CGDisplayMode reports 0),false,,,,0,2,2
confirmation/startup_folder_empty/1.csv,memory_load,empty work folder warm startup,,,,,,,,,,com.apple.keylayout.ABC,variable (CGDisplayMode reports 0),false,,,,,,
confirmation/startup_folder_empty/1.csv,ready,empty work folder warm startup,,,,,,,194.437625,0.000000,70647808,com.apple.keylayout.ABC,variable (CGDisplayMode reports 0),false,,,,,,
confirmation/startup_folder_empty/1.csv,paint,empty work folder warm startup,,,,,,0.134333,,,,com.apple.keylayout.ABC,variable (CGDisplayMode reports 0),false,,,,0,1,1
confirmation/startup_folder_empty/1.csv,paint,empty work folder warm startup,,,,,12.507333,0.060291,,,,com.apple.keylayout.ABC,variable (CGDisplayMode reports 0),false,,,,0,1,1
confirmation/startup_folder_empty/1.csv,paint,empty work folder warm startup,,,,,75.714792,0.085375,,,,com.apple.keylayout.ABC,variable (CGDisplayMode reports 0),false,,,,0,1,1
confirmation/startup_folder_empty/1.csv,paint,empty work folder warm startup,,,,,6.551375,0.079584,,,,com.apple.keylayout.ABC,variable (CGDisplayMode reports 0),false,,,,0,1,1
confirmation/startup_folder_empty/10.csv,memory_load,empty work folder warm startup,,,,,,,,,,com.apple.keylayout.ABC,variable (CGDisplayMode reports 0),false,,,,,,
confirmation/startup_folder_empty/10.csv,ready,empty work folder warm startup,,,,,,,224.634542,0.000000,70811648,com.apple.keylayout.ABC,variable (CGDisplayMode reports 0),false,,,,,,
confirmation/startup_folder_empty/10.csv,paint,empty work folder warm startup,,,,,,0.116333,,,,com.apple.keylayout.ABC,variable (CGDisplayMode reports 0),false,,,,0,1,1
confirmation/startup_folder_empty/10.csv,paint,empty work folder warm startup,,,,,12.062000,0.062083,,,,com.apple.keylayout.ABC,variable (CGDisplayMode reports 0),false,,,,0,1,1
confirmation/startup_folder_empty/10.csv,paint,empty work folder warm startup,,,,,75.032959,0.066292,,,,com.apple.keylayout.ABC,variable (CGDisplayMode reports 0),false,,,,0,1,1
confirmation/startup_folder_empty/10.csv,paint,empty work folder warm startup,,,,,8.508166,0.156792,,,,com.apple.keylayout.ABC,variable (CGDisplayMode reports 0),false,,,,0,1,1
confirmation/startup_folder_empty/10.csv,paint,empty work folder warm startup,,,,,6.899084,0.074542,,,,com.apple.keylayout.ABC,variable (CGDisplayMode reports 0),false,,,,0,1,1
confirmation/startup_folder_empty/10.csv,paint,empty work folder warm startup,,,,,24.042041,0.063875,,,,com.apple.keylayout.ABC,variable (CGDisplayMode reports 0),false,,,,0,1,1
confirmation/startup_folder_empty/11.csv,memory_load,empty work folder warm startup,,,,,,,,,,com.apple.keylayout.ABC,variable (CGDisplayMode reports 0),false,,,,,,
confirmation/startup_folder_empty/11.csv,ready,empty work folder warm startup,,,,,,,215.756834,0.000000,70828032,com.apple.keylayout.ABC,variable (CGDisplayMode reports 0),false,,,,,,
confirmation/startup_folder_empty/11.csv,paint,empty work folder warm startup,,,,,,0.146250,,,,com.apple.keylayout.ABC,variable (CGDisplayMode reports 0),false,,,,0,1,1
confirmation/startup_folder_empty/11.csv,paint,empty work folder warm startup,,,,,12.055500,0.053834,,,,com.apple.keylayout.ABC,variable (CGDisplayMode reports 0),false,,,,0,1,1
confirmation/startup_folder_empty/11.csv,paint,empty work folder warm startup,,,,,67.875875,0.061708,,,,com.apple.keylayout.ABC,variable (CGDisplayMode reports 0),false,,,,0,1,1
confirmation/startup_folder_empty/11.csv,paint,empty work folder warm startup,,,,,4.818000,0.084666,,,,com.apple.keylayout.ABC,variable (CGDisplayMode reports 0),false,,,,0,1,1
confirmation/startup_folder_empty/11.csv,paint,empty work folder warm startup,,,,,7.677959,0.079875,,,,com.apple.keylayout.ABC,variable (CGDisplayMode reports 0),false,,,,0,1,1
confirmation/startup_folder_empty/11.csv,paint,empty work folder warm startup,,,,,8.699041,0.070250,,,,com.apple.keylayout.ABC,variable (CGDisplayMode reports 0),false,,,,0,1,1
confirmation/startup_folder_empty/11.csv,paint,empty work folder warm startup,,,,,24.510209,0.067834,,,,com.apple.keylayout.ABC,variable (CGDisplayMode reports 0),false,,,,0,1,1
confirmation/startup_folder_empty/12.csv,memory_load,empty work folder warm startup,,,,,,,,,,com.apple.keylayout.ABC,variable (CGDisplayMode reports 0),false,,,,,,
confirmation/startup_folder_empty/12.csv,ready,empty work folder warm startup,,,,,,,198.182708,0.000000,70828032,com.apple.keylayout.ABC,variable (CGDisplayMode reports 0),false,,,,,,
confirmation/startup_folder_empty/12.csv,paint,empty work folder warm startup,,,,,,0.119250,,,,com.apple.keylayout.ABC,variable (CGDisplayMode reports 0),false,,,,0,1,1
confirmation/startup_folder_empty/12.csv,paint,empty work folder warm startup,,,,,13.012084,0.062000,,,,com.apple.keylayout.ABC,variable (CGDisplayMode reports 0),false,,,,0,1,1
confirmation/startup_folder_empty/12.csv,paint,empty work folder warm startup,,,,,54.774250,0.060875,,,,com.apple.keylayout.ABC,variable (CGDisplayMode reports 0),false,,,,0,1,1
confirmation/startup_folder_empty/12.csv,paint,empty work folder warm startup,,,,,5.500583,0.080875,,,,com.apple.keylayout.ABC,variable (CGDisplayMode reports 0),false,,,,0,1,1
confirmation/startup_folder_empty/12.csv,paint,empty work folder warm startup,,,,,7.123583,0.069917,,,,com.apple.keylayout.ABC,variable (CGDisplayMode reports 0),false,,,,0,1,1
confirmation/startup_folder_empty/12.csv,paint,empty work folder warm startup,,,,,33.299709,0.066833,,,,com.apple.keylayout.ABC,variable (CGDisplayMode reports 0),false,,,,0,1,1
confirmation/startup_folder_empty/13.csv,memory_load,empty work folder warm startup,,,,,,,,,,com.apple.keylayout.ABC,variable (CGDisplayMode reports 0),false,,,,,,
confirmation/startup_folder_empty/13.csv,ready,empty work folder warm startup,,,,,,,181.933250,0.000000,70680576,com.apple.keylayout.ABC,variable (CGDisplayMode reports 0),false,,,,,,
confirmation/startup_folder_empty/13.csv,paint,empty work folder warm startup,,,,,,0.117167,,,,com.apple.keylayout.ABC,variable (CGDisplayMode reports 0),false,,,,0,1,1
confirmation/startup_folder_empty/13.csv,paint,empty work folder warm startup,,,,,12.340208,0.061250,,,,com.apple.keylayout.ABC,variable (CGDisplayMode reports 0),false,,,,0,1,1
confirmation/startup_folder_empty/13.csv,paint,empty work folder warm startup,,,,,64.386750,0.068834,,,,com.apple.keylayout.ABC,variable (CGDisplayMode reports 0),false,,,,0,1,1
confirmation/startup_folder_empty/13.csv,paint,empty work folder warm startup,,,,,8.076625,0.082042,,,,com.apple.keylayout.ABC,variable (CGDisplayMode reports 0),false,,,,0,1,1
confirmation/startup_folder_empty/13.csv,paint,empty work folder warm startup,,,,,32.122084,0.064917,,,,com.apple.keylayout.ABC,variable (CGDisplayMode reports 0),false,,,,0,1,1
confirmation/startup_folder_empty/14.csv,memory_load,empty work folder warm startup,,,,,,,,,,com.apple.keylayout.ABC,variable (CGDisplayMode reports 0),false,,,,,,
confirmation/startup_folder_empty/14.csv,ready,empty work folder warm startup,,,,,,,191.093583,0.000000,70696960,com.apple.keylayout.ABC,variable (CGDisplayMode reports 0),false,,,,,,
confirmation/startup_folder_empty/14.csv,paint,empty work folder warm startup,,,,,,0.129333,,,,com.apple.keylayout.ABC,variable (CGDisplayMode reports 0),false,,,,0,1,1
confirmation/startup_folder_empty/14.csv,paint,empty work folder warm startup,,,,,12.337042,0.060083,,,,com.apple.keylayout.ABC,variable (CGDisplayMode reports 0),false,,,,0,1,1
confirmation/startup_folder_empty/14.csv,paint,empty work folder warm startup,,,,,80.155708,0.075083,,,,com.apple.keylayout.ABC,variable (CGDisplayMode reports 0),false,,,,0,1,1
confirmation/startup_folder_empty/14.csv,paint,empty work folder warm startup,,,,,1.576459,0.054250,,,,com.apple.keylayout.ABC,variable (CGDisplayMode reports 0),false,,,,0,1,1
confirmation/startup_folder_empty/15.csv,memory_load,empty work folder warm startup,,,,,,,,,,com.apple.keylayout.ABC,variable (CGDisplayMode reports 0),false,,,,,,
confirmation/startup_folder_empty/15.csv,ready,empty work folder warm startup,,,,,,,186.316375,0.000000,70860800,com.apple.keylayout.ABC,variable (CGDisplayMode reports 0),false,,,,,,
confirmation/startup_folder_empty/15.csv,paint,empty work folder warm startup,,,,,,0.129083,,,,com.apple.keylayout.ABC,variable (CGDisplayMode reports 0),false,,,,0,1,1
confirmation/startup_folder_empty/15.csv,paint,empty work folder warm startup,,,,,12.317416,0.059625,,,,com.apple.keylayout.ABC,variable (CGDisplayMode reports 0),false,,,,0,1,1
confirmation/startup_folder_empty/15.csv,paint,empty work folder warm startup,,,,,59.789084,0.067417,,,,com.apple.keylayout.ABC,variable (CGDisplayMode reports 0),false,,,,0,1,1
confirmation/startup_folder_empty/15.csv,paint,empty work folder warm startup,,,,,7.736625,0.081292,,,,com.apple.keylayout.ABC,variable (CGDisplayMode reports 0),false,,,,0,1,1
confirmation/startup_folder_empty/15.csv,paint,empty work folder warm startup,,,,,7.205916,0.061291,,,,com.apple.keylayout.ABC,variable (CGDisplayMode reports 0),false,,,,0,1,1
confirmation/startup_folder_empty/15.csv,paint,empty work folder warm startup,,,,,32.260834,0.069834,,,,com.apple.keylayout.ABC,variable (CGDisplayMode reports 0),false,,,,0,1,1
confirmation/startup_folder_empty/16.csv,memory_load,empty work folder warm startup,,,,,,,,,,com.apple.keylayout.ABC,variable (CGDisplayMode reports 0),false,,,,,,
confirmation/startup_folder_empty/16.csv,ready,empty work folder warm startup,,,,,,,191.210250,0.000000,70778880,com.apple.keylayout.ABC,variable (CGDisplayMode reports 0),false,,,,,,
confirmation/startup_folder_empty/16.csv,paint,empty work folder warm startup,,,,,,0.116750,,,,com.apple.keylayout.ABC,variable (CGDisplayMode reports 0),false,,,,0,1,1
confirmation/startup_folder_empty/16.csv,paint,empty work folder warm startup,,,,,12.044625,0.058584,,,,com.apple.keylayout.ABC,variable (CGDisplayMode reports 0),false,,,,0,1,1
confirmation/startup_folder_empty/16.csv,paint,empty work folder warm startup,,,,,63.234000,0.089416,,,,com.apple.keylayout.ABC,variable (CGDisplayMode reports 0),false,,,,0,1,1
confirmation/startup_folder_empty/16.csv,paint,empty work folder warm startup,,,,,3.176667,0.062125,,,,com.apple.keylayout.ABC,variable (CGDisplayMode reports 0),false,,,,0,1,1
confirmation/startup_folder_empty/16.csv,paint,empty work folder warm startup,,,,,6.877167,0.077167,,,,com.apple.keylayout.ABC,variable (CGDisplayMode reports 0),false,,,,0,1,1
confirmation/startup_folder_empty/16.csv,paint,empty work folder warm startup,,,,,8.309041,0.069500,,,,com.apple.keylayout.ABC,variable (CGDisplayMode reports 0),false,,,,0,1,1
confirmation/startup_folder_empty/16.csv,paint,empty work folder warm startup,,,,,8.325584,0.066917,,,,com.apple.keylayout.ABC,variable (CGDisplayMode reports 0),false,,,,0,1,1
confirmation/startup_folder_empty/17.csv,memory_load,empty work folder warm startup,,,,,,,,,,com.apple.keylayout.ABC,variable (CGDisplayMode reports 0),false,,,,,,
confirmation/startup_folder_empty/17.csv,ready,empty work folder warm startup,,,,,,,213.144958,0.000000,70631424,com.apple.keylayout.ABC,variable (CGDisplayMode reports 0),false,,,,,,
confirmation/startup_folder_empty/17.csv,paint,empty work folder warm startup,,,,,,0.129500,,,,com.apple.keylayout.ABC,variable (CGDisplayMode reports 0),false,,,,0,1,1
confirmation/startup_folder_empty/17.csv,paint,empty work folder warm startup,,,,,12.158708,0.067042,,,,com.apple.keylayout.ABC,variable (CGDisplayMode reports 0),false,,,,0,1,1
confirmation/startup_folder_empty/17.csv,paint,empty work folder warm startup,,,,,68.959917,0.064334,,,,com.apple.keylayout.ABC,variable (CGDisplayMode reports 0),false,,,,0,1,1
confirmation/startup_folder_empty/17.csv,paint,empty work folder warm startup,,,,,6.658500,0.077583,,,,com.apple.keylayout.ABC,variable (CGDisplayMode reports 0),false,,,,0,1,1
confirmation/startup_folder_empty/17.csv,paint,empty work folder warm startup,,,,,40.481792,0.069334,,,,com.apple.keylayout.ABC,variable (CGDisplayMode reports 0),false,,,,0,1,1
confirmation/startup_folder_empty/18.csv,memory_load,empty work folder warm startup,,,,,,,,,,com.apple.keylayout.ABC,variable (CGDisplayMode reports 0),false,,,,,,
confirmation/startup_folder_empty/18.csv,ready,empty work folder warm startup,,,,,,,186.873542,0.000000,70680576,com.apple.keylayout.ABC,variable (CGDisplayMode reports 0),false,,,,,,
confirmation/startup_folder_empty/18.csv,paint,empty work folder warm startup,,,,,,0.127417,,,,com.apple.keylayout.ABC,variable (CGDisplayMode reports 0),false,,,,0,1,1
confirmation/startup_folder_empty/18.csv,paint,empty work folder warm startup,,,,,14.579459,0.068042,,,,com.apple.keylayout.ABC,variable (CGDisplayMode reports 0),false,,,,0,1,1
confirmation/startup_folder_empty/18.csv,paint,empty work folder warm startup,,,,,92.394666,0.079917,,,,com.apple.keylayout.ABC,variable (CGDisplayMode reports 0),false,,,,0,1,1
confirmation/startup_folder_empty/19.csv,memory_load,empty work folder warm startup,,,,,,,,,,com.apple.keylayout.ABC,variable (CGDisplayMode reports 0),false,,,,,,
confirmation/startup_folder_empty/19.csv,ready,empty work folder warm startup,,,,,,,199.309250,0.000000,70664192,com.apple.keylayout.ABC,variable (CGDisplayMode reports 0),false,,,,,,
confirmation/startup_folder_empty/19.csv,paint,empty work folder warm startup,,,,,,0.125542,,,,com.apple.keylayout.ABC,variable (CGDisplayMode reports 0),false,,,,0,1,1
confirmation/startup_folder_empty/19.csv,paint,empty work folder warm startup,,,,,12.160792,0.061250,,,,com.apple.keylayout.ABC,variable (CGDisplayMode reports 0),false,,,,0,1,1
confirmation/startup_folder_empty/19.csv,paint,empty work folder warm startup,,,,,71.793458,0.058834,,,,com.apple.keylayout.ABC,variable (CGDisplayMode reports 0),false,,,,0,1,1
confirmation/startup_folder_empty/19.csv,paint,empty work folder warm startup,,,,,2.227792,0.070375,,,,com.apple.keylayout.ABC,variable (CGDisplayMode reports 0),false,,,,0,1,1
confirmation/startup_folder_empty/19.csv,paint,empty work folder warm startup,,,,,6.926166,0.070542,,,,com.apple.keylayout.ABC,variable (CGDisplayMode reports 0),false,,,,0,1,1
confirmation/startup_folder_empty/19.csv,paint,empty work folder warm startup,,,,,8.649625,0.067500,,,,com.apple.keylayout.ABC,variable (CGDisplayMode reports 0),false,,,,0,1,1
confirmation/startup_folder_empty/19.csv,paint,empty work folder warm startup,,,,,24.770334,0.076750,,,,com.apple.keylayout.ABC,variable (CGDisplayMode reports 0),false,,,,0,1,1
confirmation/startup_folder_empty/2.csv,memory_load,empty work folder warm startup,,,,,,,,,,com.apple.keylayout.ABC,variable (CGDisplayMode reports 0),false,,,,,,
confirmation/startup_folder_empty/2.csv,ready,empty work folder warm startup,,,,,,,204.242542,0.000000,70664192,com.apple.keylayout.ABC,variable (CGDisplayMode reports 0),false,,,,,,
confirmation/startup_folder_empty/2.csv,paint,empty work folder warm startup,,,,,,0.130209,,,,com.apple.keylayout.ABC,variable (CGDisplayMode reports 0),false,,,,0,1,1
confirmation/startup_folder_empty/2.csv,paint,empty work folder warm startup,,,,,15.106958,0.066792,,,,com.apple.keylayout.ABC,variable (CGDisplayMode reports 0),false,,,,0,1,1
confirmation/startup_folder_empty/2.csv,paint,empty work folder warm startup,,,,,55.763500,0.062709,,,,com.apple.keylayout.ABC,variable (CGDisplayMode reports 0),false,,,,0,1,1
confirmation/startup_folder_empty/2.csv,paint,empty work folder warm startup,,,,,4.356625,0.078750,,,,com.apple.keylayout.ABC,variable (CGDisplayMode reports 0),false,,,,0,1,1
confirmation/startup_folder_empty/2.csv,paint,empty work folder warm startup,,,,,7.177125,0.072500,,,,com.apple.keylayout.ABC,variable (CGDisplayMode reports 0),false,,,,0,1,1
confirmation/startup_folder_empty/2.csv,paint,empty work folder warm startup,,,,,8.364792,0.082166,,,,com.apple.keylayout.ABC,variable (CGDisplayMode reports 0),false,,,,0,1,1
confirmation/startup_folder_empty/2.csv,paint,empty work folder warm startup,,,,,24.992625,0.079250,,,,com.apple.keylayout.ABC,variable (CGDisplayMode reports 0),false,,,,0,1,1
confirmation/startup_folder_empty/20.csv,memory_load,empty work folder warm startup,,,,,,,,,,com.apple.keylayout.ABC,variable (CGDisplayMode reports 0),false,,,,,,
confirmation/startup_folder_empty/20.csv,ready,empty work folder warm startup,,,,,,,182.952042,0.000000,70762496,com.apple.keylayout.ABC,variable (CGDisplayMode reports 0),false,,,,,,
confirmation/startup_folder_empty/20.csv,paint,empty work folder warm startup,,,,,,0.120083,,,,com.apple.keylayout.ABC,variable (CGDisplayMode reports 0),false,,,,0,1,1
confirmation/startup_folder_empty/20.csv,paint,empty work folder warm startup,,,,,11.539791,0.059542,,,,com.apple.keylayout.ABC,variable (CGDisplayMode reports 0),false,,,,0,1,1
confirmation/startup_folder_empty/20.csv,paint,empty work folder warm startup,,,,,64.942125,0.064458,,,,com.apple.keylayout.ABC,variable (CGDisplayMode reports 0),false,,,,0,1,1
confirmation/startup_folder_empty/20.csv,paint,empty work folder warm startup,,,,,7.989834,0.075333,,,,com.apple.keylayout.ABC,variable (CGDisplayMode reports 0),false,,,,0,1,1
confirmation/startup_folder_empty/20.csv,paint,empty work folder warm startup,,,,,7.168541,0.070667,,,,com.apple.keylayout.ABC,variable (CGDisplayMode reports 0),false,,,,0,1,1
confirmation/startup_folder_empty/20.csv,paint,empty work folder warm startup,,,,,33.384667,0.064084,,,,com.apple.keylayout.ABC,variable (CGDisplayMode reports 0),false,,,,0,1,1
confirmation/startup_folder_empty/21.csv,memory_load,empty work folder warm startup,,,,,,,,,,com.apple.keylayout.ABC,variable (CGDisplayMode reports 0),false,,,,,,
confirmation/startup_folder_empty/21.csv,ready,empty work folder warm startup,,,,,,,184.955834,0.000000,70696960,com.apple.keylayout.ABC,variable (CGDisplayMode reports 0),false,,,,,,
confirmation/startup_folder_empty/21.csv,paint,empty work folder warm startup,,,,,,0.112708,,,,com.apple.keylayout.ABC,variable (CGDisplayMode reports 0),false,,,,0,1,1
confirmation/startup_folder_empty/21.csv,paint,empty work folder warm startup,,,,,12.900166,0.065333,,,,com.apple.keylayout.ABC,variable (CGDisplayMode reports 0),false,,,,0,1,1
confirmation/startup_folder_empty/21.csv,paint,empty work folder warm startup,,,,,60.545042,0.059834,,,,com.apple.keylayout.ABC,variable (CGDisplayMode reports 0),false,,,,0,1,1
confirmation/startup_folder_empty/21.csv,paint,empty work folder warm startup,,,,,7.439542,0.074458,,,,com.apple.keylayout.ABC,variable (CGDisplayMode reports 0),false,,,,0,1,1
confirmation/startup_folder_empty/21.csv,paint,empty work folder warm startup,,,,,7.639583,0.067042,,,,com.apple.keylayout.ABC,variable (CGDisplayMode reports 0),false,,,,0,1,1
confirmation/startup_folder_empty/21.csv,paint,empty work folder warm startup,,,,,24.579458,0.081167,,,,com.apple.keylayout.ABC,variable (CGDisplayMode reports 0),false,,,,0,1,1
confirmation/startup_folder_empty/22.csv,memory_load,empty work folder warm startup,,,,,,,,,,com.apple.keylayout.ABC,variable (CGDisplayMode reports 0),false,,,,,,
confirmation/startup_folder_empty/22.csv,ready,empty work folder warm startup,,,,,,,192.426417,0.000000,70795264,com.apple.keylayout.ABC,variable (CGDisplayMode reports 0),false,,,,,,
confirmation/startup_folder_empty/22.csv,paint,empty work folder warm startup,,,,,,0.113917,,,,com.apple.keylayout.ABC,variable (CGDisplayMode reports 0),false,,,,0,1,1
confirmation/startup_folder_empty/22.csv,paint,empty work folder warm startup,,,,,11.913459,0.061167,,,,com.apple.keylayout.ABC,variable (CGDisplayMode reports 0),false,,,,0,1,1
confirmation/startup_folder_empty/22.csv,paint,empty work folder warm startup,,,,,67.614083,0.080000,,,,com.apple.keylayout.ABC,variable (CGDisplayMode reports 0),false,,,,0,1,1
confirmation/startup_folder_empty/22.csv,paint,empty work folder warm startup,,,,,5.510042,0.070000,,,,com.apple.keylayout.ABC,variable (CGDisplayMode reports 0),false,,,,0,1,1
confirmation/startup_folder_empty/22.csv,paint,empty work folder warm startup,,,,,7.790791,0.081417,,,,com.apple.keylayout.ABC,variable (CGDisplayMode reports 0),false,,,,0,1,1
confirmation/startup_folder_empty/22.csv,paint,empty work folder warm startup,,,,,8.312875,0.075667,,,,com.apple.keylayout.ABC,variable (CGDisplayMode reports 0),false,,,,0,1,1
confirmation/startup_folder_empty/23.csv,memory_load,empty work folder warm startup,,,,,,,,,,com.apple.keylayout.ABC,variable (CGDisplayMode reports 0),false,,,,,,
confirmation/startup_folder_empty/23.csv,ready,empty work folder warm startup,,,,,,,192.423500,0.000000,70778880,com.apple.keylayout.ABC,variable (CGDisplayMode reports 0),false,,,,,,
confirmation/startup_folder_empty/23.csv,paint,empty work folder warm startup,,,,,,0.138875,,,,com.apple.keylayout.ABC,variable (CGDisplayMode reports 0),false,,,,0,1,1
confirmation/startup_folder_empty/23.csv,paint,empty work folder warm startup,,,,,11.825333,0.064125,,,,com.apple.keylayout.ABC,variable (CGDisplayMode reports 0),false,,,,0,1,1
confirmation/startup_folder_empty/23.csv,paint,empty work folder warm startup,,,,,61.559459,0.086875,,,,com.apple.keylayout.ABC,variable (CGDisplayMode reports 0),false,,,,0,1,1
confirmation/startup_folder_empty/23.csv,paint,empty work folder warm startup,,,,,17.892500,0.064458,,,,com.apple.keylayout.ABC,variable (CGDisplayMode reports 0),false,,,,0,1,1
confirmation/startup_folder_empty/23.csv,paint,empty work folder warm startup,,,,,3.757666,0.068333,,,,com.apple.keylayout.ABC,variable (CGDisplayMode reports 0),false,,,,0,1,1
confirmation/startup_folder_empty/24.csv,memory_load,empty work folder warm startup,,,,,,,,,,com.apple.keylayout.ABC,variable (CGDisplayMode reports 0),false,,,,,,
confirmation/startup_folder_empty/24.csv,ready,empty work folder warm startup,,,,,,,189.968917,0.000000,70778880,com.apple.keylayout.ABC,variable (CGDisplayMode reports 0),false,,,,,,
confirmation/startup_folder_empty/24.csv,paint,empty work folder warm startup,,,,,,0.116750,,,,com.apple.keylayout.ABC,variable (CGDisplayMode reports 0),false,,,,0,1,1
confirmation/startup_folder_empty/24.csv,paint,empty work folder warm startup,,,,,12.235375,0.064333,,,,com.apple.keylayout.ABC,variable (CGDisplayMode reports 0),false,,,,0,1,1
confirmation/startup_folder_empty/24.csv,paint,empty work folder warm startup,,,,,68.598208,0.062750,,,,com.apple.keylayout.ABC,variable (CGDisplayMode reports 0),false,,,,0,1,1
confirmation/startup_folder_empty/24.csv,paint,empty work folder warm startup,,,,,18.038292,0.068875,,,,com.apple.keylayout.ABC,variable (CGDisplayMode reports 0),false,,,,0,1,1
confirmation/startup_folder_empty/24.csv,paint,empty work folder warm startup,,,,,5.413250,0.066625,,,,com.apple.keylayout.ABC,variable (CGDisplayMode reports 0),false,,,,0,1,1
confirmation/startup_folder_empty/24.csv,paint,empty work folder warm startup,,,,,16.644083,0.064750,,,,com.apple.keylayout.ABC,variable (CGDisplayMode reports 0),false,,,,0,1,1
confirmation/startup_folder_empty/25.csv,memory_load,empty work folder warm startup,,,,,,,,,,com.apple.keylayout.ABC,variable (CGDisplayMode reports 0),false,,,,,,
confirmation/startup_folder_empty/25.csv,ready,empty work folder warm startup,,,,,,,201.660459,0.000000,70795264,com.apple.keylayout.ABC,variable (CGDisplayMode reports 0),false,,,,,,
confirmation/startup_folder_empty/25.csv,paint,empty work folder warm startup,,,,,,0.138500,,,,com.apple.keylayout.ABC,variable (CGDisplayMode reports 0),false,,,,0,1,1
confirmation/startup_folder_empty/25.csv,paint,empty work folder warm startup,,,,,12.251541,0.071250,,,,com.apple.keylayout.ABC,variable (CGDisplayMode reports 0),false,,,,0,1,1
confirmation/startup_folder_empty/25.csv,paint,empty work folder warm startup,,,,,71.032167,0.072625,,,,com.apple.keylayout.ABC,variable (CGDisplayMode reports 0),false,,,,0,1,1
confirmation/startup_folder_empty/25.csv,paint,empty work folder warm startup,,,,,19.247417,0.078625,,,,com.apple.keylayout.ABC,variable (CGDisplayMode reports 0),false,,,,0,1,1
confirmation/startup_folder_empty/25.csv,paint,empty work folder warm startup,,,,,5.299083,0.078500,,,,com.apple.keylayout.ABC,variable (CGDisplayMode reports 0),false,,,,0,1,1
confirmation/startup_folder_empty/25.csv,paint,empty work folder warm startup,,,,,17.511667,0.068917,,,,com.apple.keylayout.ABC,variable (CGDisplayMode reports 0),false,,,,0,1,1
confirmation/startup_folder_empty/26.csv,memory_load,empty work folder warm startup,,,,,,,,,,com.apple.keylayout.ABC,variable (CGDisplayMode reports 0),false,,,,,,
confirmation/startup_folder_empty/26.csv,ready,empty work folder warm startup,,,,,,,227.107833,0.000000,70942720,com.apple.keylayout.ABC,variable (CGDisplayMode reports 0),false,,,,,,
confirmation/startup_folder_empty/26.csv,paint,empty work folder warm startup,,,,,,0.128125,,,,com.apple.keylayout.ABC,variable (CGDisplayMode reports 0),false,,,,0,1,1
confirmation/startup_folder_empty/26.csv,paint,empty work folder warm startup,,,,,13.025750,0.064833,,,,com.apple.keylayout.ABC,variable (CGDisplayMode reports 0),false,,,,0,1,1
confirmation/startup_folder_empty/26.csv,paint,empty work folder warm startup,,,,,81.504875,0.066084,,,,com.apple.keylayout.ABC,variable (CGDisplayMode reports 0),false,,,,0,1,1
confirmation/startup_folder_empty/26.csv,paint,empty work folder warm startup,,,,,8.750041,0.073708,,,,com.apple.keylayout.ABC,variable (CGDisplayMode reports 0),false,,,,0,1,1
confirmation/startup_folder_empty/26.csv,paint,empty work folder warm startup,,,,,32.170042,0.062958,,,,com.apple.keylayout.ABC,variable (CGDisplayMode reports 0),false,,,,0,1,1
confirmation/startup_folder_empty/27.csv,memory_load,empty work folder warm startup,,,,,,,,,,com.apple.keylayout.ABC,variable (CGDisplayMode reports 0),false,,,,,,
confirmation/startup_folder_empty/27.csv,ready,empty work folder warm startup,,,,,,,195.859375,0.000000,70713344,com.apple.keylayout.ABC,variable (CGDisplayMode reports 0),false,,,,,,
confirmation/startup_folder_empty/27.csv,paint,empty work folder warm startup,,,,,,0.115041,,,,com.apple.keylayout.ABC,variable (CGDisplayMode reports 0),false,,,,0,1,1
confirmation/startup_folder_empty/27.csv,paint,empty work folder warm startup,,,,,12.257458,0.055417,,,,com.apple.keylayout.ABC,variable (CGDisplayMode reports 0),false,,,,0,1,1
confirmation/startup_folder_empty/27.csv,paint,empty work folder warm startup,,,,,87.573125,0.079750,,,,com.apple.keylayout.ABC,variable (CGDisplayMode reports 0),false,,,,0,1,1
confirmation/startup_folder_empty/27.csv,paint,empty work folder warm startup,,,,,1.792542,0.062209,,,,com.apple.keylayout.ABC,variable (CGDisplayMode reports 0),false,,,,0,1,1
confirmation/startup_folder_empty/28.csv,memory_load,empty work folder warm startup,,,,,,,,,,com.apple.keylayout.ABC,variable (CGDisplayMode reports 0),false,,,,,,
confirmation/startup_folder_empty/28.csv,ready,empty work folder warm startup,,,,,,,185.412416,0.000000,70696960,com.apple.keylayout.ABC,variable (CGDisplayMode reports 0),false,,,,,,
confirmation/startup_folder_empty/28.csv,paint,empty work folder warm startup,,,,,,0.115792,,,,com.apple.keylayout.ABC,variable (CGDisplayMode reports 0),false,,,,0,1,1
confirmation/startup_folder_empty/28.csv,paint,empty work folder warm startup,,,,,11.888250,0.062167,,,,com.apple.keylayout.ABC,variable (CGDisplayMode reports 0),false,,,,0,1,1
confirmation/startup_folder_empty/28.csv,paint,empty work folder warm startup,,,,,60.798625,0.071583,,,,com.apple.keylayout.ABC,variable (CGDisplayMode reports 0),false,,,,0,1,1
confirmation/startup_folder_empty/28.csv,paint,empty work folder warm startup,,,,,18.116750,0.073667,,,,com.apple.keylayout.ABC,variable (CGDisplayMode reports 0),false,,,,0,1,1
confirmation/startup_folder_empty/28.csv,paint,empty work folder warm startup,,,,,4.599750,0.067750,,,,com.apple.keylayout.ABC,variable (CGDisplayMode reports 0),false,,,,0,1,1
confirmation/startup_folder_empty/28.csv,paint,empty work folder warm startup,,,,,24.959792,0.074166,,,,com.apple.keylayout.ABC,variable (CGDisplayMode reports 0),false,,,,0,1,1
confirmation/startup_folder_empty/29.csv,memory_load,empty work folder warm startup,,,,,,,,,,com.apple.keylayout.ABC,variable (CGDisplayMode reports 0),false,,,,,,
confirmation/startup_folder_empty/29.csv,ready,empty work folder warm startup,,,,,,,190.096125,0.000000,70778880,com.apple.keylayout.ABC,variable (CGDisplayMode reports 0),false,,,,,,
confirmation/startup_folder_empty/29.csv,paint,empty work folder warm startup,,,,,,0.112125,,,,com.apple.keylayout.ABC,variable (CGDisplayMode reports 0),false,,,,0,1,1
confirmation/startup_folder_empty/29.csv,paint,empty work folder warm startup,,,,,11.638875,0.057708,,,,com.apple.keylayout.ABC,variable (CGDisplayMode reports 0),false,,,,0,1,1
confirmation/startup_folder_empty/29.csv,paint,empty work folder warm startup,,,,,79.611166,0.060875,,,,com.apple.keylayout.ABC,variable (CGDisplayMode reports 0),false,,,,0,1,1
confirmation/startup_folder_empty/29.csv,paint,empty work folder warm startup,,,,,2.923250,0.055291,,,,com.apple.keylayout.ABC,variable (CGDisplayMode reports 0),false,,,,0,1,1
confirmation/startup_folder_empty/29.csv,paint,empty work folder warm startup,,,,,38.861709,0.070250,,,,com.apple.keylayout.ABC,variable (CGDisplayMode reports 0),false,,,,0,1,1
confirmation/startup_folder_empty/3.csv,memory_load,empty work folder warm startup,,,,,,,,,,com.apple.keylayout.ABC,variable (CGDisplayMode reports 0),false,,,,,,
confirmation/startup_folder_empty/3.csv,ready,empty work folder warm startup,,,,,,,198.105959,0.000000,70893568,com.apple.keylayout.ABC,variable (CGDisplayMode reports 0),false,,,,,,
confirmation/startup_folder_empty/3.csv,paint,empty work folder warm startup,,,,,,0.122750,,,,com.apple.keylayout.ABC,variable (CGDisplayMode reports 0),false,,,,0,1,1
confirmation/startup_folder_empty/3.csv,paint,empty work folder warm startup,,,,,12.106917,0.061917,,,,com.apple.keylayout.ABC,variable (CGDisplayMode reports 0),false,,,,0,1,1
confirmation/startup_folder_empty/3.csv,paint,empty work folder warm startup,,,,,71.780750,0.066125,,,,com.apple.keylayout.ABC,variable (CGDisplayMode reports 0),false,,,,0,1,1
confirmation/startup_folder_empty/3.csv,paint,empty work folder warm startup,,,,,7.913125,0.084125,,,,com.apple.keylayout.ABC,variable (CGDisplayMode reports 0),false,,,,0,1,1
confirmation/startup_folder_empty/3.csv,paint,empty work folder warm startup,,,,,7.108583,0.076416,,,,com.apple.keylayout.ABC,variable (CGDisplayMode reports 0),false,,,,0,1,1
confirmation/startup_folder_empty/3.csv,paint,empty work folder warm startup,,,,,32.469292,0.084334,,,,com.apple.keylayout.ABC,variable (CGDisplayMode reports 0),false,,,,0,1,1
confirmation/startup_folder_empty/30.csv,memory_load,empty work folder warm startup,,,,,,,,,,com.apple.keylayout.ABC,variable (CGDisplayMode reports 0),false,,,,,,
confirmation/startup_folder_empty/30.csv,ready,empty work folder warm startup,,,,,,,193.285041,0.000000,70762496,com.apple.keylayout.ABC,variable (CGDisplayMode reports 0),false,,,,,,
confirmation/startup_folder_empty/30.csv,paint,empty work folder warm startup,,,,,,0.108375,,,,com.apple.keylayout.ABC,variable (CGDisplayMode reports 0),false,,,,0,1,1
confirmation/startup_folder_empty/30.csv,paint,empty work folder warm startup,,,,,11.662500,0.058333,,,,com.apple.keylayout.ABC,variable (CGDisplayMode reports 0),false,,,,0,1,1
confirmation/startup_folder_empty/30.csv,paint,empty work folder warm startup,,,,,60.848791,0.074750,,,,com.apple.keylayout.ABC,variable (CGDisplayMode reports 0),false,,,,0,1,1
confirmation/startup_folder_empty/30.csv,paint,empty work folder warm startup,,,,,20.242709,0.075000,,,,com.apple.keylayout.ABC,variable (CGDisplayMode reports 0),false,,,,0,1,1
confirmation/startup_folder_empty/30.csv,paint,empty work folder warm startup,,,,,1.564708,0.049959,,,,com.apple.keylayout.ABC,variable (CGDisplayMode reports 0),false,,,,0,1,1
confirmation/startup_folder_empty/30.csv,paint,empty work folder warm startup,,,,,24.976125,0.069958,,,,com.apple.keylayout.ABC,variable (CGDisplayMode reports 0),false,,,,0,1,1
confirmation/startup_folder_empty/4.csv,memory_load,empty work folder warm startup,,,,,,,,,,com.apple.keylayout.ABC,variable (CGDisplayMode reports 0),false,,,,,,
confirmation/startup_folder_empty/4.csv,ready,empty work folder warm startup,,,,,,,189.740417,0.000000,70615040,com.apple.keylayout.ABC,variable (CGDisplayMode reports 0),false,,,,,,
confirmation/startup_folder_empty/4.csv,paint,empty work folder warm startup,,,,,,0.117958,,,,com.apple.keylayout.ABC,variable (CGDisplayMode reports 0),false,,,,0,1,1
confirmation/startup_folder_empty/4.csv,paint,empty work folder warm startup,,,,,13.790834,0.059875,,,,com.apple.keylayout.ABC,variable (CGDisplayMode reports 0),false,,,,0,1,1
confirmation/startup_folder_empty/4.csv,paint,empty work folder warm startup,,,,,68.312208,0.063333,,,,com.apple.keylayout.ABC,variable (CGDisplayMode reports 0),false,,,,0,1,1
confirmation/startup_folder_empty/4.csv,paint,empty work folder warm startup,,,,,8.182958,0.074583,,,,com.apple.keylayout.ABC,variable (CGDisplayMode reports 0),false,,,,0,1,1
confirmation/startup_folder_empty/4.csv,paint,empty work folder warm startup,,,,,32.141542,0.061041,,,,com.apple.keylayout.ABC,variable (CGDisplayMode reports 0),false,,,,0,1,1
confirmation/startup_folder_empty/5.csv,memory_load,empty work folder warm startup,,,,,,,,,,com.apple.keylayout.ABC,variable (CGDisplayMode reports 0),false,,,,,,
confirmation/startup_folder_empty/5.csv,ready,empty work folder warm startup,,,,,,,185.714917,0.000000,70582272,com.apple.keylayout.ABC,variable (CGDisplayMode reports 0),false,,,,,,
confirmation/startup_folder_empty/5.csv,paint,empty work folder warm startup,,,,,,0.115125,,,,com.apple.keylayout.ABC,variable (CGDisplayMode reports 0),false,,,,0,1,1
confirmation/startup_folder_empty/5.csv,paint,empty work folder warm startup,,,,,13.079542,0.058458,,,,com.apple.keylayout.ABC,variable (CGDisplayMode reports 0),false,,,,0,1,1
confirmation/startup_folder_empty/5.csv,paint,empty work folder warm startup,,,,,60.542208,0.058625,,,,com.apple.keylayout.ABC,variable (CGDisplayMode reports 0),false,,,,0,1,1
confirmation/startup_folder_empty/5.csv,paint,empty work folder warm startup,,,,,8.772167,0.078209,,,,com.apple.keylayout.ABC,variable (CGDisplayMode reports 0),false,,,,0,1,1
confirmation/startup_folder_empty/5.csv,paint,empty work folder warm startup,,,,,6.843583,0.069250,,,,com.apple.keylayout.ABC,variable (CGDisplayMode reports 0),false,,,,0,1,1
confirmation/startup_folder_empty/5.csv,paint,empty work folder warm startup,,,,,24.964042,0.061458,,,,com.apple.keylayout.ABC,variable (CGDisplayMode reports 0),false,,,,0,1,1
confirmation/startup_folder_empty/6.csv,memory_load,empty work folder warm startup,,,,,,,,,,com.apple.keylayout.ABC,variable (CGDisplayMode reports 0),false,,,,,,
confirmation/startup_folder_empty/6.csv,ready,empty work folder warm startup,,,,,,,189.367083,0.000000,70647808,com.apple.keylayout.ABC,variable (CGDisplayMode reports 0),false,,,,,,
confirmation/startup_folder_empty/6.csv,paint,empty work folder warm startup,,,,,,0.116208,,,,com.apple.keylayout.ABC,variable (CGDisplayMode reports 0),false,,,,0,1,1
confirmation/startup_folder_empty/6.csv,paint,empty work folder warm startup,,,,,14.182375,0.062500,,,,com.apple.keylayout.ABC,variable (CGDisplayMode reports 0),false,,,,0,1,1
confirmation/startup_folder_empty/6.csv,paint,empty work folder warm startup,,,,,64.808458,0.069375,,,,com.apple.keylayout.ABC,variable (CGDisplayMode reports 0),false,,,,0,1,1
confirmation/startup_folder_empty/6.csv,paint,empty work folder warm startup,,,,,18.368458,0.086209,,,,com.apple.keylayout.ABC,variable (CGDisplayMode reports 0),false,,,,0,1,1
confirmation/startup_folder_empty/6.csv,paint,empty work folder warm startup,,,,,1.421375,0.060333,,,,com.apple.keylayout.ABC,variable (CGDisplayMode reports 0),false,,,,0,1,1
confirmation/startup_folder_empty/6.csv,paint,empty work folder warm startup,,,,,23.707167,0.066167,,,,com.apple.keylayout.ABC,variable (CGDisplayMode reports 0),false,,,,0,1,1
confirmation/startup_folder_empty/7.csv,memory_load,empty work folder warm startup,,,,,,,,,,com.apple.keylayout.ABC,variable (CGDisplayMode reports 0),false,,,,,,
confirmation/startup_folder_empty/7.csv,ready,empty work folder warm startup,,,,,,,183.620084,0.000000,70680576,com.apple.keylayout.ABC,variable (CGDisplayMode reports 0),false,,,,,,
confirmation/startup_folder_empty/7.csv,paint,empty work folder warm startup,,,,,,0.126833,,,,com.apple.keylayout.ABC,variable (CGDisplayMode reports 0),false,,,,0,1,1
confirmation/startup_folder_empty/7.csv,paint,empty work folder warm startup,,,,,12.040667,0.060208,,,,com.apple.keylayout.ABC,variable (CGDisplayMode reports 0),false,,,,0,1,1
confirmation/startup_folder_empty/7.csv,paint,empty work folder warm startup,,,,,63.086500,0.061541,,,,com.apple.keylayout.ABC,variable (CGDisplayMode reports 0),false,,,,0,1,1
confirmation/startup_folder_empty/7.csv,paint,empty work folder warm startup,,,,,18.130375,0.069292,,,,com.apple.keylayout.ABC,variable (CGDisplayMode reports 0),false,,,,0,1,1
confirmation/startup_folder_empty/7.csv,paint,empty work folder warm startup,,,,,30.724333,0.068542,,,,com.apple.keylayout.ABC,variable (CGDisplayMode reports 0),false,,,,0,1,1
confirmation/startup_folder_empty/8.csv,memory_load,empty work folder warm startup,,,,,,,,,,com.apple.keylayout.ABC,variable (CGDisplayMode reports 0),false,,,,,,
confirmation/startup_folder_empty/8.csv,ready,empty work folder warm startup,,,,,,,197.640542,0.000000,70565888,com.apple.keylayout.ABC,variable (CGDisplayMode reports 0),false,,,,,,
confirmation/startup_folder_empty/8.csv,paint,empty work folder warm startup,,,,,,0.113291,,,,com.apple.keylayout.ABC,variable (CGDisplayMode reports 0),false,,,,0,1,1
confirmation/startup_folder_empty/8.csv,paint,empty work folder warm startup,,,,,11.902792,0.062042,,,,com.apple.keylayout.ABC,variable (CGDisplayMode reports 0),false,,,,0,1,1
confirmation/startup_folder_empty/8.csv,paint,empty work folder warm startup,,,,,53.546125,0.070750,,,,com.apple.keylayout.ABC,variable (CGDisplayMode reports 0),false,,,,0,1,1
confirmation/startup_folder_empty/8.csv,paint,empty work folder warm startup,,,,,12.301083,0.080125,,,,com.apple.keylayout.ABC,variable (CGDisplayMode reports 0),false,,,,0,1,1
confirmation/startup_folder_empty/8.csv,paint,empty work folder warm startup,,,,,1.273917,0.065292,,,,com.apple.keylayout.ABC,variable (CGDisplayMode reports 0),false,,,,0,1,1
confirmation/startup_folder_empty/8.csv,paint,empty work folder warm startup,,,,,8.277625,0.073875,,,,com.apple.keylayout.ABC,variable (CGDisplayMode reports 0),false,,,,0,1,1
confirmation/startup_folder_empty/8.csv,paint,empty work folder warm startup,,,,,25.090666,0.093750,,,,com.apple.keylayout.ABC,variable (CGDisplayMode reports 0),false,,,,0,1,1
confirmation/startup_folder_empty/9.csv,memory_load,empty work folder warm startup,,,,,,,,,,com.apple.keylayout.ABC,variable (CGDisplayMode reports 0),false,,,,,,
confirmation/startup_folder_empty/9.csv,ready,empty work folder warm startup,,,,,,,221.351875,0.000000,70696960,com.apple.keylayout.ABC,variable (CGDisplayMode reports 0),false,,,,,,
confirmation/startup_folder_empty/9.csv,paint,empty work folder warm startup,,,,,,0.121583,,,,com.apple.keylayout.ABC,variable (CGDisplayMode reports 0),false,,,,0,1,1
confirmation/startup_folder_empty/9.csv,paint,empty work folder warm startup,,,,,12.063750,0.064667,,,,com.apple.keylayout.ABC,variable (CGDisplayMode reports 0),false,,,,0,1,1
confirmation/startup_folder_empty/9.csv,paint,empty work folder warm startup,,,,,66.419708,0.070750,,,,com.apple.keylayout.ABC,variable (CGDisplayMode reports 0),false,,,,0,1,1
confirmation/startup_folder_empty/9.csv,paint,empty work folder warm startup,,,,,5.281208,0.077625,,,,com.apple.keylayout.ABC,variable (CGDisplayMode reports 0),false,,,,0,1,1
confirmation/startup_folder_empty/9.csv,paint,empty work folder warm startup,,,,,7.572709,0.086333,,,,com.apple.keylayout.ABC,variable (CGDisplayMode reports 0),false,,,,0,1,1
confirmation/startup_folder_empty/9.csv,paint,empty work folder warm startup,,,,,33.201541,0.073917,,,,com.apple.keylayout.ABC,variable (CGDisplayMode reports 0),false,,,,0,1,1
confirmation/startup_small/1.csv,memory_load,small document warm startup,,,,,,,,,67551232,com.apple.keylayout.ABC,variable (CGDisplayMode reports 0),false,,,,,,
confirmation/startup_small/1.csv,ready,small document warm startup,,,,,,,204.210583,66.202917,78315520,com.apple.keylayout.ABC,variable (CGDisplayMode reports 0),false,,,,,,
confirmation/startup_small/1.csv,paint,small document warm startup,,,,,,1.001208,,,,com.apple.keylayout.ABC,variable (CGDisplayMode reports 0),false,,,,0,2,2
confirmation/startup_small/1.csv,paint,small document warm startup,,,,,16.451625,0.099250,,,,com.apple.keylayout.ABC,variable (CGDisplayMode reports 0),false,,,,2,0,0
confirmation/startup_small/10.csv,memory_load,small document warm startup,,,,,,,,,67371008,com.apple.keylayout.ABC,variable (CGDisplayMode reports 0),false,,,,,,
confirmation/startup_small/10.csv,ready,small document warm startup,,,,,,,193.488167,69.341417,78069760,com.apple.keylayout.ABC,variable (CGDisplayMode reports 0),false,,,,,,
confirmation/startup_small/10.csv,paint,small document warm startup,,,,,,2.134625,,,,com.apple.keylayout.ABC,variable (CGDisplayMode reports 0),false,,,,0,2,2
confirmation/startup_small/10.csv,paint,small document warm startup,,,,,15.272791,0.094417,,,,com.apple.keylayout.ABC,variable (CGDisplayMode reports 0),false,,,,2,0,0
confirmation/startup_small/11.csv,memory_load,small document warm startup,,,,,,,,,67354624,com.apple.keylayout.ABC,variable (CGDisplayMode reports 0),false,,,,,,
confirmation/startup_small/11.csv,ready,small document warm startup,,,,,,,214.520000,70.965000,78020608,com.apple.keylayout.ABC,variable (CGDisplayMode reports 0),false,,,,,,
confirmation/startup_small/11.csv,paint,small document warm startup,,,,,,2.100083,,,,com.apple.keylayout.ABC,variable (CGDisplayMode reports 0),false,,,,0,2,2
confirmation/startup_small/11.csv,paint,small document warm startup,,,,,15.525958,0.097584,,,,com.apple.keylayout.ABC,variable (CGDisplayMode reports 0),false,,,,2,0,0
confirmation/startup_small/12.csv,memory_load,small document warm startup,,,,,,,,,69533696,com.apple.keylayout.ABC,variable (CGDisplayMode reports 0),false,,,,,,
confirmation/startup_small/12.csv,ready,small document warm startup,,,,,,,200.277292,75.689500,80281600,com.apple.keylayout.ABC,variable (CGDisplayMode reports 0),false,,,,,,
confirmation/startup_small/12.csv,paint,small document warm startup,,,,,,2.133250,,,,com.apple.keylayout.ABC,variable (CGDisplayMode reports 0),false,,,,0,2,2
confirmation/startup_small/12.csv,paint,small document warm startup,,,,,21.627792,0.092208,,,,com.apple.keylayout.ABC,variable (CGDisplayMode reports 0),false,,,,2,0,0
confirmation/startup_small/13.csv,memory_load,small document warm startup,,,,,,,,,67403776,com.apple.keylayout.ABC,variable (CGDisplayMode reports 0),false,,,,,,
confirmation/startup_small/13.csv,ready,small document warm startup,,,,,,,201.554375,66.596666,78168064,com.apple.keylayout.ABC,variable (CGDisplayMode reports 0),false,,,,,,
confirmation/startup_small/13.csv,paint,small document warm startup,,,,,,2.157375,,,,com.apple.keylayout.ABC,variable (CGDisplayMode reports 0),false,,,,0,2,2
confirmation/startup_small/13.csv,paint,small document warm startup,,,,,15.080833,0.099417,,,,com.apple.keylayout.ABC,variable (CGDisplayMode reports 0),false,,,,2,0,0
confirmation/startup_small/14.csv,memory_load,small document warm startup,,,,,,,,,67518464,com.apple.keylayout.ABC,variable (CGDisplayMode reports 0),false,,,,,,
confirmation/startup_small/14.csv,ready,small document warm startup,,,,,,,229.343125,67.099417,78184448,com.apple.keylayout.ABC,variable (CGDisplayMode reports 0),false,,,,,,
confirmation/startup_small/14.csv,paint,small document warm startup,,,,,,2.232792,,,,com.apple.keylayout.ABC,variable (CGDisplayMode reports 0),false,,,,0,2,2
confirmation/startup_small/14.csv,paint,small document warm startup,,,,,15.811875,0.104792,,,,com.apple.keylayout.ABC,variable (CGDisplayMode reports 0),false,,,,2,0,0
confirmation/startup_small/15.csv,memory_load,small document warm startup,,,,,,,,,67403776,com.apple.keylayout.ABC,variable (CGDisplayMode reports 0),false,,,,,,
confirmation/startup_small/15.csv,ready,small document warm startup,,,,,,,200.362792,73.446208,78020608,com.apple.keylayout.ABC,variable (CGDisplayMode reports 0),false,,,,,,
confirmation/startup_small/15.csv,paint,small document warm startup,,,,,,2.100917,,,,com.apple.keylayout.ABC,variable (CGDisplayMode reports 0),false,,,,0,2,2
confirmation/startup_small/15.csv,paint,small document warm startup,,,,,15.708875,0.090584,,,,com.apple.keylayout.ABC,variable (CGDisplayMode reports 0),false,,,,2,0,0
confirmation/startup_small/16.csv,memory_load,small document warm startup,,,,,,,,,67420160,com.apple.keylayout.ABC,variable (CGDisplayMode reports 0),false,,,,,,
confirmation/startup_small/16.csv,ready,small document warm startup,,,,,,,193.556083,70.898042,78151680,com.apple.keylayout.ABC,variable (CGDisplayMode reports 0),false,,,,,,
confirmation/startup_small/16.csv,paint,small document warm startup,,,,,,2.083541,,,,com.apple.keylayout.ABC,variable (CGDisplayMode reports 0),false,,,,0,2,2
confirmation/startup_small/16.csv,paint,small document warm startup,,,,,15.250958,0.092958,,,,com.apple.keylayout.ABC,variable (CGDisplayMode reports 0),false,,,,2,0,0
confirmation/startup_small/17.csv,memory_load,small document warm startup,,,,,,,,,67534848,com.apple.keylayout.ABC,variable (CGDisplayMode reports 0),false,,,,,,
confirmation/startup_small/17.csv,ready,small document warm startup,,,,,,,191.698917,71.150208,78184448,com.apple.keylayout.ABC,variable (CGDisplayMode reports 0),false,,,,,,
confirmation/startup_small/17.csv,paint,small document warm startup,,,,,,2.071375,,,,com.apple.keylayout.ABC,variable (CGDisplayMode reports 0),false,,,,0,2,2
confirmation/startup_small/17.csv,paint,small document warm startup,,,,,15.873875,0.083167,,,,com.apple.keylayout.ABC,variable (CGDisplayMode reports 0),false,,,,2,0,0
confirmation/startup_small/18.csv,memory_load,small document warm startup,,,,,,,,,67354624,com.apple.keylayout.ABC,variable (CGDisplayMode reports 0),false,,,,,,
confirmation/startup_small/18.csv,ready,small document warm startup,,,,,,,200.907542,73.168083,77987840,com.apple.keylayout.ABC,variable (CGDisplayMode reports 0),false,,,,,,
confirmation/startup_small/18.csv,paint,small document warm startup,,,,,,2.124750,,,,com.apple.keylayout.ABC,variable (CGDisplayMode reports 0),false,,,,0,2,2
confirmation/startup_small/18.csv,paint,small document warm startup,,,,,14.984416,0.097417,,,,com.apple.keylayout.ABC,variable (CGDisplayMode reports 0),false,,,,2,0,0
confirmation/startup_small/19.csv,memory_load,small document warm startup,,,,,,,,,67403776,com.apple.keylayout.ABC,variable (CGDisplayMode reports 0),false,,,,,,
confirmation/startup_small/19.csv,ready,small document warm startup,,,,,,,195.767125,69.534625,78184448,com.apple.keylayout.ABC,variable (CGDisplayMode reports 0),false,,,,,,
confirmation/startup_small/19.csv,paint,small document warm startup,,,,,,2.128208,,,,com.apple.keylayout.ABC,variable (CGDisplayMode reports 0),false,,,,0,2,2
confirmation/startup_small/19.csv,paint,small document warm startup,,,,,14.906875,0.096291,,,,com.apple.keylayout.ABC,variable (CGDisplayMode reports 0),false,,,,2,0,0
confirmation/startup_small/2.csv,memory_load,small document warm startup,,,,,,,,,67551232,com.apple.keylayout.ABC,variable (CGDisplayMode reports 0),false,,,,,,
confirmation/startup_small/2.csv,ready,small document warm startup,,,,,,,214.278625,64.931292,78200832,com.apple.keylayout.ABC,variable (CGDisplayMode reports 0),false,,,,,,
confirmation/startup_small/2.csv,paint,small document warm startup,,,,,,2.150917,,,,com.apple.keylayout.ABC,variable (CGDisplayMode reports 0),false,,,,0,2,2
confirmation/startup_small/20.csv,memory_load,small document warm startup,,,,,,,,,67403776,com.apple.keylayout.ABC,variable (CGDisplayMode reports 0),false,,,,,,
confirmation/startup_small/20.csv,ready,small document warm startup,,,,,,,197.476167,75.145458,78053376,com.apple.keylayout.ABC,variable (CGDisplayMode reports 0),false,,,,,,
confirmation/startup_small/20.csv,paint,small document warm startup,,,,,,2.324458,,,,com.apple.keylayout.ABC,variable (CGDisplayMode reports 0),false,,,,0,2,2
confirmation/startup_small/20.csv,paint,small document warm startup,,,,,16.130625,0.092583,,,,com.apple.keylayout.ABC,variable (CGDisplayMode reports 0),false,,,,2,0,0
confirmation/startup_small/21.csv,memory_load,small document warm startup,,,,,,,,,67354624,com.apple.keylayout.ABC,variable (CGDisplayMode reports 0),false,,,,,,
confirmation/startup_small/21.csv,ready,small document warm startup,,,,,,,200.284625,71.773833,78020608,com.apple.keylayout.ABC,variable (CGDisplayMode reports 0),false,,,,,,
confirmation/startup_small/21.csv,paint,small document warm startup,,,,,,2.087875,,,,com.apple.keylayout.ABC,variable (CGDisplayMode reports 0),false,,,,0,2,2
confirmation/startup_small/21.csv,paint,small document warm startup,,,,,16.541625,0.107791,,,,com.apple.keylayout.ABC,variable (CGDisplayMode reports 0),false,,,,2,0,0
confirmation/startup_small/22.csv,memory_load,small document warm startup,,,,,,,,,67502080,com.apple.keylayout.ABC,variable (CGDisplayMode reports 0),false,,,,,,
confirmation/startup_small/22.csv,ready,small document warm startup,,,,,,,201.336417,73.250875,78217216,com.apple.keylayout.ABC,variable (CGDisplayMode reports 0),false,,,,,,
confirmation/startup_small/22.csv,paint,small document warm startup,,,,,,2.101791,,,,com.apple.keylayout.ABC,variable (CGDisplayMode reports 0),false,,,,0,2,2
confirmation/startup_small/22.csv,paint,small document warm startup,,,,,14.900291,0.091833,,,,com.apple.keylayout.ABC,variable (CGDisplayMode reports 0),false,,,,2,0,0
confirmation/startup_small/23.csv,memory_load,small document warm startup,,,,,,,,,67272704,com.apple.keylayout.ABC,variable (CGDisplayMode reports 0),false,,,,,,
confirmation/startup_small/23.csv,ready,small document warm startup,,,,,,,201.559042,72.458250,78053376,com.apple.keylayout.ABC,variable (CGDisplayMode reports 0),false,,,,,,
confirmation/startup_small/23.csv,paint,small document warm startup,,,,,,2.325292,,,,com.apple.keylayout.ABC,variable (CGDisplayMode reports 0),false,,,,0,2,2
confirmation/startup_small/23.csv,paint,small document warm startup,,,,,18.312792,0.098250,,,,com.apple.keylayout.ABC,variable (CGDisplayMode reports 0),false,,,,2,0,0
confirmation/startup_small/24.csv,memory_load,small document warm startup,,,,,,,,,67534848,com.apple.keylayout.ABC,variable (CGDisplayMode reports 0),false,,,,,,
confirmation/startup_small/24.csv,ready,small document warm startup,,,,,,,216.516625,73.151459,78168064,com.apple.keylayout.ABC,variable (CGDisplayMode reports 0),false,,,,,,
confirmation/startup_small/24.csv,paint,small document warm startup,,,,,,2.056250,,,,com.apple.keylayout.ABC,variable (CGDisplayMode reports 0),false,,,,0,2,2
confirmation/startup_small/25.csv,memory_load,small document warm startup,,,,,,,,,69533696,com.apple.keylayout.ABC,variable (CGDisplayMode reports 0),false,,,,,,
confirmation/startup_small/25.csv,ready,small document warm startup,,,,,,,209.916583,79.351833,80199680,com.apple.keylayout.ABC,variable (CGDisplayMode reports 0),false,,,,,,
confirmation/startup_small/25.csv,paint,small document warm startup,,,,,,2.346334,,,,com.apple.keylayout.ABC,variable (CGDisplayMode reports 0),false,,,,0,2,2
confirmation/startup_small/25.csv,paint,small document warm startup,,,,,19.636250,0.098458,,,,com.apple.keylayout.ABC,variable (CGDisplayMode reports 0),false,,,,2,0,0
confirmation/startup_small/26.csv,memory_load,small document warm startup,,,,,,,,,67485696,com.apple.keylayout.ABC,variable (CGDisplayMode reports 0),false,,,,,,
confirmation/startup_small/26.csv,ready,small document warm startup,,,,,,,197.146625,64.077917,78168064,com.apple.keylayout.ABC,variable (CGDisplayMode reports 0),false,,,,,,
confirmation/startup_small/26.csv,paint,small document warm startup,,,,,,2.110167,,,,com.apple.keylayout.ABC,variable (CGDisplayMode reports 0),false,,,,0,2,2
confirmation/startup_small/26.csv,paint,small document warm startup,,,,,15.285334,0.097042,,,,com.apple.keylayout.ABC,variable (CGDisplayMode reports 0),false,,,,2,0,0
confirmation/startup_small/27.csv,memory_load,small document warm startup,,,,,,,,,67518464,com.apple.keylayout.ABC,variable (CGDisplayMode reports 0),false,,,,,,
confirmation/startup_small/27.csv,ready,small document warm startup,,,,,,,200.030292,64.398625,78151680,com.apple.keylayout.ABC,variable (CGDisplayMode reports 0),false,,,,,,
confirmation/startup_small/27.csv,paint,small document warm startup,,,,,,2.072084,,,,com.apple.keylayout.ABC,variable (CGDisplayMode reports 0),false,,,,0,2,2
confirmation/startup_small/27.csv,paint,small document warm startup,,,,,15.218500,0.098667,,,,com.apple.keylayout.ABC,variable (CGDisplayMode reports 0),false,,,,2,0,0
confirmation/startup_small/28.csv,memory_load,small document warm startup,,,,,,,,,67551232,com.apple.keylayout.ABC,variable (CGDisplayMode reports 0),false,,,,,,
confirmation/startup_small/28.csv,ready,small document warm startup,,,,,,,222.584834,72.700500,78184448,com.apple.keylayout.ABC,variable (CGDisplayMode reports 0),false,,,,,,
confirmation/startup_small/28.csv,paint,small document warm startup,,,,,,2.144042,,,,com.apple.keylayout.ABC,variable (CGDisplayMode reports 0),false,,,,0,2,2
confirmation/startup_small/28.csv,paint,small document warm startup,,,,,17.011584,0.097000,,,,com.apple.keylayout.ABC,variable (CGDisplayMode reports 0),false,,,,2,0,0
confirmation/startup_small/29.csv,memory_load,small document warm startup,,,,,,,,,67452928,com.apple.keylayout.ABC,variable (CGDisplayMode reports 0),false,,,,,,
confirmation/startup_small/29.csv,ready,small document warm startup,,,,,,,200.666750,71.235000,78168064,com.apple.keylayout.ABC,variable (CGDisplayMode reports 0),false,,,,,,
confirmation/startup_small/29.csv,paint,small document warm startup,,,,,,2.055667,,,,com.apple.keylayout.ABC,variable (CGDisplayMode reports 0),false,,,,0,2,2
confirmation/startup_small/29.csv,paint,small document warm startup,,,,,15.016334,0.090209,,,,com.apple.keylayout.ABC,variable (CGDisplayMode reports 0),false,,,,2,0,0
confirmation/startup_small/3.csv,memory_load,small document warm startup,,,,,,,,,67452928,com.apple.keylayout.ABC,variable (CGDisplayMode reports 0),false,,,,,,
confirmation/startup_small/3.csv,ready,small document warm startup,,,,,,,203.886458,71.759709,78118912,com.apple.keylayout.ABC,variable (CGDisplayMode reports 0),false,,,,,,
confirmation/startup_small/3.csv,paint,small document warm startup,,,,,,2.050208,,,,com.apple.keylayout.ABC,variable (CGDisplayMode reports 0),false,,,,0,2,2
confirmation/startup_small/3.csv,paint,small document warm startup,,,,,15.564917,0.091209,,,,com.apple.keylayout.ABC,variable (CGDisplayMode reports 0),false,,,,2,0,0
confirmation/startup_small/30.csv,memory_load,small document warm startup,,,,,,,,,67338240,com.apple.keylayout.ABC,variable (CGDisplayMode reports 0),false,,,,,,
confirmation/startup_small/30.csv,ready,small document warm startup,,,,,,,194.666750,68.728875,78151680,com.apple.keylayout.ABC,variable (CGDisplayMode reports 0),false,,,,,,
confirmation/startup_small/30.csv,paint,small document warm startup,,,,,,2.124208,,,,com.apple.keylayout.ABC,variable (CGDisplayMode reports 0),false,,,,0,2,2
confirmation/startup_small/30.csv,paint,small document warm startup,,,,,15.103084,0.091625,,,,com.apple.keylayout.ABC,variable (CGDisplayMode reports 0),false,,,,2,0,0
confirmation/startup_small/4.csv,memory_load,small document warm startup,,,,,,,,,67584000,com.apple.keylayout.ABC,variable (CGDisplayMode reports 0),false,,,,,,
confirmation/startup_small/4.csv,ready,small document warm startup,,,,,,,206.117125,69.574084,78348288,com.apple.keylayout.ABC,variable (CGDisplayMode reports 0),false,,,,,,
confirmation/startup_small/4.csv,paint,small document warm startup,,,,,,2.078000,,,,com.apple.keylayout.ABC,variable (CGDisplayMode reports 0),false,,,,0,2,2
confirmation/startup_small/4.csv,paint,small document warm startup,,,,,14.773583,0.094250,,,,com.apple.keylayout.ABC,variable (CGDisplayMode reports 0),false,,,,2,0,0
confirmation/startup_small/5.csv,memory_load,small document warm startup,,,,,,,,,67551232,com.apple.keylayout.ABC,variable (CGDisplayMode reports 0),false,,,,,,
confirmation/startup_small/5.csv,ready,small document warm startup,,,,,,,199.554334,71.654000,78217216,com.apple.keylayout.ABC,variable (CGDisplayMode reports 0),false,,,,,,
confirmation/startup_small/5.csv,paint,small document warm startup,,,,,,2.075750,,,,com.apple.keylayout.ABC,variable (CGDisplayMode reports 0),false,,,,0,2,2
confirmation/startup_small/5.csv,paint,small document warm startup,,,,,15.804292,0.092709,,,,com.apple.keylayout.ABC,variable (CGDisplayMode reports 0),false,,,,2,0,0
confirmation/startup_small/6.csv,memory_load,small document warm startup,,,,,,,,,67534848,com.apple.keylayout.ABC,variable (CGDisplayMode reports 0),false,,,,,,
confirmation/startup_small/6.csv,ready,small document warm startup,,,,,,,191.883250,70.628084,78217216,com.apple.keylayout.ABC,variable (CGDisplayMode reports 0),false,,,,,,
confirmation/startup_small/6.csv,paint,small document warm startup,,,,,,2.036208,,,,com.apple.keylayout.ABC,variable (CGDisplayMode reports 0),false,,,,0,2,2
confirmation/startup_small/6.csv,paint,small document warm startup,,,,,14.986375,0.088041,,,,com.apple.keylayout.ABC,variable (CGDisplayMode reports 0),false,,,,2,0,0
confirmation/startup_small/7.csv,memory_load,small document warm startup,,,,,,,,,67698688,com.apple.keylayout.ABC,variable (CGDisplayMode reports 0),false,,,,,,
confirmation/startup_small/7.csv,ready,small document warm startup,,,,,,,197.088375,71.163333,78381056,com.apple.keylayout.ABC,variable (CGDisplayMode reports 0),false,,,,,,
confirmation/startup_small/7.csv,paint,small document warm startup,,,,,,2.111083,,,,com.apple.keylayout.ABC,variable (CGDisplayMode reports 0),false,,,,0,2,2
confirmation/startup_small/7.csv,paint,small document warm startup,,,,,15.237250,0.101667,,,,com.apple.keylayout.ABC,variable (CGDisplayMode reports 0),false,,,,2,0,0
confirmation/startup_small/8.csv,memory_load,small document warm startup,,,,,,,,,67387392,com.apple.keylayout.ABC,variable (CGDisplayMode reports 0),false,,,,,,
confirmation/startup_small/8.csv,ready,small document warm startup,,,,,,,205.186084,70.932375,78102528,com.apple.keylayout.ABC,variable (CGDisplayMode reports 0),false,,,,,,
confirmation/startup_small/8.csv,paint,small document warm startup,,,,,,2.101417,,,,com.apple.keylayout.ABC,variable (CGDisplayMode reports 0),false,,,,0,2,2
confirmation/startup_small/8.csv,paint,small document warm startup,,,,,14.902500,0.096959,,,,com.apple.keylayout.ABC,variable (CGDisplayMode reports 0),false,,,,2,0,0
confirmation/startup_small/9.csv,memory_load,small document warm startup,,,,,,,,,67371008,com.apple.keylayout.ABC,variable (CGDisplayMode reports 0),false,,,,,,
confirmation/startup_small/9.csv,ready,small document warm startup,,,,,,,204.112958,75.215959,78102528,com.apple.keylayout.ABC,variable (CGDisplayMode reports 0),false,,,,,,
confirmation/startup_small/9.csv,paint,small document warm startup,,,,,,2.209417,,,,com.apple.keylayout.ABC,variable (CGDisplayMode reports 0),false,,,,0,2,2
confirmation/startup_small/9.csv,paint,small document warm startup,,,,,29.354542,0.092792,,,,com.apple.keylayout.ABC,variable (CGDisplayMode reports 0),false,,,,2,0,0
confirmation/startup_warm/1.csv,memory_load,empty warm startup,,,,,,,,,,com.apple.keylayout.ABC,variable (CGDisplayMode reports 0),false,,,,,,
confirmation/startup_warm/1.csv,ready,empty warm startup,,,,,,,244.299166,0.000000,70975488,com.apple.keylayout.ABC,variable (CGDisplayMode reports 0),false,,,,,,
confirmation/startup_warm/1.csv,paint,empty warm startup,,,,,,0.405083,,,,com.apple.keylayout.ABC,variable (CGDisplayMode reports 0),false,,,,0,1,1
confirmation/startup_warm/1.csv,paint,empty warm startup,,,,,19.186625,0.081708,,,,com.apple.keylayout.ABC,variable (CGDisplayMode reports 0),false,,,,0,1,1
confirmation/startup_warm/10.csv,memory_load,empty warm startup,,,,,,,,,,com.apple.keylayout.ABC,variable (CGDisplayMode reports 0),false,,,,,,
confirmation/startup_warm/10.csv,ready,empty warm startup,,,,,,,187.745500,0.000000,70746112,com.apple.keylayout.ABC,variable (CGDisplayMode reports 0),false,,,,,,
confirmation/startup_warm/10.csv,paint,empty warm startup,,,,,,0.137375,,,,com.apple.keylayout.ABC,variable (CGDisplayMode reports 0),false,,,,0,1,1
confirmation/startup_warm/10.csv,paint,empty warm startup,,,,,15.785375,0.060417,,,,com.apple.keylayout.ABC,variable (CGDisplayMode reports 0),false,,,,0,1,1
confirmation/startup_warm/11.csv,memory_load,empty warm startup,,,,,,,,,,com.apple.keylayout.ABC,variable (CGDisplayMode reports 0),false,,,,,,
confirmation/startup_warm/11.csv,ready,empty warm startup,,,,,,,215.011583,0.000000,70860800,com.apple.keylayout.ABC,variable (CGDisplayMode reports 0),false,,,,,,
confirmation/startup_warm/11.csv,paint,empty warm startup,,,,,,0.127834,,,,com.apple.keylayout.ABC,variable (CGDisplayMode reports 0),false,,,,0,1,1
confirmation/startup_warm/11.csv,paint,empty warm startup,,,,,13.091583,0.063917,,,,com.apple.keylayout.ABC,variable (CGDisplayMode reports 0),false,,,,0,1,1
confirmation/startup_warm/12.csv,memory_load,empty warm startup,,,,,,,,,,com.apple.keylayout.ABC,variable (CGDisplayMode reports 0),false,,,,,,
confirmation/startup_warm/12.csv,ready,empty warm startup,,,,,,,201.218917,0.000000,70778880,com.apple.keylayout.ABC,variable (CGDisplayMode reports 0),false,,,,,,
confirmation/startup_warm/12.csv,paint,empty warm startup,,,,,,0.136583,,,,com.apple.keylayout.ABC,variable (CGDisplayMode reports 0),false,,,,0,1,1
confirmation/startup_warm/12.csv,paint,empty warm startup,,,,,26.848708,0.076458,,,,com.apple.keylayout.ABC,variable (CGDisplayMode reports 0),false,,,,0,1,1
confirmation/startup_warm/13.csv,memory_load,empty warm startup,,,,,,,,,,com.apple.keylayout.ABC,variable (CGDisplayMode reports 0),false,,,,,,
confirmation/startup_warm/13.csv,ready,empty warm startup,,,,,,,198.826834,0.000000,70746112,com.apple.keylayout.ABC,variable (CGDisplayMode reports 0),false,,,,,,
confirmation/startup_warm/13.csv,paint,empty warm startup,,,,,,0.118750,,,,com.apple.keylayout.ABC,variable (CGDisplayMode reports 0),false,,,,0,1,1
confirmation/startup_warm/13.csv,paint,empty warm startup,,,,,11.941500,0.060292,,,,com.apple.keylayout.ABC,variable (CGDisplayMode reports 0),false,,,,0,1,1
confirmation/startup_warm/14.csv,memory_load,empty warm startup,,,,,,,,,,com.apple.keylayout.ABC,variable (CGDisplayMode reports 0),false,,,,,,
confirmation/startup_warm/14.csv,ready,empty warm startup,,,,,,,188.886459,0.000000,70959104,com.apple.keylayout.ABC,variable (CGDisplayMode reports 0),false,,,,,,
confirmation/startup_warm/14.csv,paint,empty warm startup,,,,,,0.131000,,,,com.apple.keylayout.ABC,variable (CGDisplayMode reports 0),false,,,,0,1,1
confirmation/startup_warm/14.csv,paint,empty warm startup,,,,,11.486833,0.051875,,,,com.apple.keylayout.ABC,variable (CGDisplayMode reports 0),false,,,,0,1,1
confirmation/startup_warm/15.csv,memory_load,empty warm startup,,,,,,,,,,com.apple.keylayout.ABC,variable (CGDisplayMode reports 0),false,,,,,,
confirmation/startup_warm/15.csv,ready,empty warm startup,,,,,,,181.009250,0.000000,70926336,com.apple.keylayout.ABC,variable (CGDisplayMode reports 0),false,,,,,,
confirmation/startup_warm/15.csv,paint,empty warm startup,,,,,,0.133250,,,,com.apple.keylayout.ABC,variable (CGDisplayMode reports 0),false,,,,0,1,1
confirmation/startup_warm/15.csv,paint,empty warm startup,,,,,11.659417,0.067250,,,,com.apple.keylayout.ABC,variable (CGDisplayMode reports 0),false,,,,0,1,1
confirmation/startup_warm/16.csv,memory_load,empty warm startup,,,,,,,,,,com.apple.keylayout.ABC,variable (CGDisplayMode reports 0),false,,,,,,
confirmation/startup_warm/16.csv,ready,empty warm startup,,,,,,,209.480500,0.000000,70664192,com.apple.keylayout.ABC,variable (CGDisplayMode reports 0),false,,,,,,
confirmation/startup_warm/16.csv,paint,empty warm startup,,,,,,0.115334,,,,com.apple.keylayout.ABC,variable (CGDisplayMode reports 0),false,,,,0,1,1
confirmation/startup_warm/16.csv,paint,empty warm startup,,,,,12.345542,0.056833,,,,com.apple.keylayout.ABC,variable (CGDisplayMode reports 0),false,,,,0,1,1
confirmation/startup_warm/17.csv,memory_load,empty warm startup,,,,,,,,,,com.apple.keylayout.ABC,variable (CGDisplayMode reports 0),false,,,,,,
confirmation/startup_warm/17.csv,ready,empty warm startup,,,,,,,186.590959,0.000000,70647808,com.apple.keylayout.ABC,variable (CGDisplayMode reports 0),false,,,,,,
confirmation/startup_warm/17.csv,paint,empty warm startup,,,,,,0.134458,,,,com.apple.keylayout.ABC,variable (CGDisplayMode reports 0),false,,,,0,1,1
confirmation/startup_warm/17.csv,paint,empty warm startup,,,,,14.336000,0.060125,,,,com.apple.keylayout.ABC,variable (CGDisplayMode reports 0),false,,,,0,1,1
confirmation/startup_warm/18.csv,memory_load,empty warm startup,,,,,,,,,,com.apple.keylayout.ABC,variable (CGDisplayMode reports 0),false,,,,,,
confirmation/startup_warm/18.csv,ready,empty warm startup,,,,,,,182.303916,0.000000,70582272,com.apple.keylayout.ABC,variable (CGDisplayMode reports 0),false,,,,,,
confirmation/startup_warm/18.csv,paint,empty warm startup,,,,,,0.114458,,,,com.apple.keylayout.ABC,variable (CGDisplayMode reports 0),false,,,,0,1,1
confirmation/startup_warm/18.csv,paint,empty warm startup,,,,,14.037292,0.064291,,,,com.apple.keylayout.ABC,variable (CGDisplayMode reports 0),false,,,,0,1,1
confirmation/startup_warm/19.csv,memory_load,empty warm startup,,,,,,,,,,com.apple.keylayout.ABC,variable (CGDisplayMode reports 0),false,,,,,,
confirmation/startup_warm/19.csv,ready,empty warm startup,,,,,,,188.772166,0.000000,70762496,com.apple.keylayout.ABC,variable (CGDisplayMode reports 0),false,,,,,,
confirmation/startup_warm/19.csv,paint,empty warm startup,,,,,,0.118125,,,,com.apple.keylayout.ABC,variable (CGDisplayMode reports 0),false,,,,0,1,1
confirmation/startup_warm/19.csv,paint,empty warm startup,,,,,13.882583,0.064750,,,,com.apple.keylayout.ABC,variable (CGDisplayMode reports 0),false,,,,0,1,1
confirmation/startup_warm/2.csv,memory_load,empty warm startup,,,,,,,,,,com.apple.keylayout.ABC,variable (CGDisplayMode reports 0),false,,,,,,
confirmation/startup_warm/2.csv,ready,empty warm startup,,,,,,,202.801917,0.000000,70942720,com.apple.keylayout.ABC,variable (CGDisplayMode reports 0),false,,,,,,
confirmation/startup_warm/2.csv,paint,empty warm startup,,,,,,0.117500,,,,com.apple.keylayout.ABC,variable (CGDisplayMode reports 0),false,,,,0,1,1
confirmation/startup_warm/2.csv,paint,empty warm startup,,,,,14.184000,0.059041,,,,com.apple.keylayout.ABC,variable (CGDisplayMode reports 0),false,,,,0,1,1
confirmation/startup_warm/20.csv,memory_load,empty warm startup,,,,,,,,,,com.apple.keylayout.ABC,variable (CGDisplayMode reports 0),false,,,,,,
confirmation/startup_warm/20.csv,ready,empty warm startup,,,,,,,183.391791,0.000000,70680576,com.apple.keylayout.ABC,variable (CGDisplayMode reports 0),false,,,,,,
confirmation/startup_warm/20.csv,paint,empty warm startup,,,,,,0.119875,,,,com.apple.keylayout.ABC,variable (CGDisplayMode reports 0),false,,,,0,1,1
confirmation/startup_warm/20.csv,paint,empty warm startup,,,,,14.269625,0.059042,,,,com.apple.keylayout.ABC,variable (CGDisplayMode reports 0),false,,,,0,1,1
confirmation/startup_warm/21.csv,memory_load,empty warm startup,,,,,,,,,,com.apple.keylayout.ABC,variable (CGDisplayMode reports 0),false,,,,,,
confirmation/startup_warm/21.csv,ready,empty warm startup,,,,,,,183.130458,0.000000,70795264,com.apple.keylayout.ABC,variable (CGDisplayMode reports 0),false,,,,,,
confirmation/startup_warm/21.csv,paint,empty warm startup,,,,,,0.118750,,,,com.apple.keylayout.ABC,variable (CGDisplayMode reports 0),false,,,,0,1,1
confirmation/startup_warm/21.csv,paint,empty warm startup,,,,,13.244042,0.062708,,,,com.apple.keylayout.ABC,variable (CGDisplayMode reports 0),false,,,,0,1,1
confirmation/startup_warm/22.csv,memory_load,empty warm startup,,,,,,,,,,com.apple.keylayout.ABC,variable (CGDisplayMode reports 0),false,,,,,,
confirmation/startup_warm/22.csv,ready,empty warm startup,,,,,,,188.596875,0.000000,70696960,com.apple.keylayout.ABC,variable (CGDisplayMode reports 0),false,,,,,,
confirmation/startup_warm/22.csv,paint,empty warm startup,,,,,,0.114625,,,,com.apple.keylayout.ABC,variable (CGDisplayMode reports 0),false,,,,0,1,1
confirmation/startup_warm/22.csv,paint,empty warm startup,,,,,11.750959,0.061875,,,,com.apple.keylayout.ABC,variable (CGDisplayMode reports 0),false,,,,0,1,1
confirmation/startup_warm/23.csv,memory_load,empty warm startup,,,,,,,,,,com.apple.keylayout.ABC,variable (CGDisplayMode reports 0),false,,,,,,
confirmation/startup_warm/23.csv,ready,empty warm startup,,,,,,,185.926334,0.000000,70565888,com.apple.keylayout.ABC,variable (CGDisplayMode reports 0),false,,,,,,
confirmation/startup_warm/23.csv,paint,empty warm startup,,,,,,0.111042,,,,com.apple.keylayout.ABC,variable (CGDisplayMode reports 0),false,,,,0,1,1
confirmation/startup_warm/23.csv,paint,empty warm startup,,,,,12.275041,0.057583,,,,com.apple.keylayout.ABC,variable (CGDisplayMode reports 0),false,,,,0,1,1
confirmation/startup_warm/24.csv,memory_load,empty warm startup,,,,,,,,,,com.apple.keylayout.ABC,variable (CGDisplayMode reports 0),false,,,,,,
confirmation/startup_warm/24.csv,ready,empty warm startup,,,,,,,186.926958,0.000000,70795264,com.apple.keylayout.ABC,variable (CGDisplayMode reports 0),false,,,,,,
confirmation/startup_warm/24.csv,paint,empty warm startup,,,,,,0.120708,,,,com.apple.keylayout.ABC,variable (CGDisplayMode reports 0),false,,,,0,1,1
confirmation/startup_warm/24.csv,paint,empty warm startup,,,,,15.617417,0.067417,,,,com.apple.keylayout.ABC,variable (CGDisplayMode reports 0),false,,,,0,1,1
confirmation/startup_warm/25.csv,memory_load,empty warm startup,,,,,,,,,,com.apple.keylayout.ABC,variable (CGDisplayMode reports 0),false,,,,,,
confirmation/startup_warm/25.csv,ready,empty warm startup,,,,,,,186.064750,0.000000,70615040,com.apple.keylayout.ABC,variable (CGDisplayMode reports 0),false,,,,,,
confirmation/startup_warm/25.csv,paint,empty warm startup,,,,,,0.115375,,,,com.apple.keylayout.ABC,variable (CGDisplayMode reports 0),false,,,,0,1,1
confirmation/startup_warm/25.csv,paint,empty warm startup,,,,,11.681125,0.060041,,,,com.apple.keylayout.ABC,variable (CGDisplayMode reports 0),false,,,,0,1,1
confirmation/startup_warm/26.csv,memory_load,empty warm startup,,,,,,,,,,com.apple.keylayout.ABC,variable (CGDisplayMode reports 0),false,,,,,,
confirmation/startup_warm/26.csv,ready,empty warm startup,,,,,,,186.513458,0.000000,70483968,com.apple.keylayout.ABC,variable (CGDisplayMode reports 0),false,,,,,,
confirmation/startup_warm/26.csv,paint,empty warm startup,,,,,,0.129958,,,,com.apple.keylayout.ABC,variable (CGDisplayMode reports 0),false,,,,0,1,1
confirmation/startup_warm/26.csv,paint,empty warm startup,,,,,11.344875,0.053750,,,,com.apple.keylayout.ABC,variable (CGDisplayMode reports 0),false,,,,0,1,1
confirmation/startup_warm/27.csv,memory_load,empty warm startup,,,,,,,,,,com.apple.keylayout.ABC,variable (CGDisplayMode reports 0),false,,,,,,
confirmation/startup_warm/27.csv,ready,empty warm startup,,,,,,,181.341375,0.000000,70664192,com.apple.keylayout.ABC,variable (CGDisplayMode reports 0),false,,,,,,
confirmation/startup_warm/27.csv,paint,empty warm startup,,,,,,0.117625,,,,com.apple.keylayout.ABC,variable (CGDisplayMode reports 0),false,,,,0,1,1
confirmation/startup_warm/27.csv,paint,empty warm startup,,,,,12.327250,0.056542,,,,com.apple.keylayout.ABC,variable (CGDisplayMode reports 0),false,,,,0,1,1
confirmation/startup_warm/28.csv,memory_load,empty warm startup,,,,,,,,,,com.apple.keylayout.ABC,variable (CGDisplayMode reports 0),false,,,,,,
confirmation/startup_warm/28.csv,ready,empty warm startup,,,,,,,186.978000,0.000000,70729728,com.apple.keylayout.ABC,variable (CGDisplayMode reports 0),false,,,,,,
confirmation/startup_warm/28.csv,paint,empty warm startup,,,,,,0.113417,,,,com.apple.keylayout.ABC,variable (CGDisplayMode reports 0),false,,,,0,1,1
confirmation/startup_warm/28.csv,paint,empty warm startup,,,,,11.489666,0.062583,,,,com.apple.keylayout.ABC,variable (CGDisplayMode reports 0),false,,,,0,1,1
confirmation/startup_warm/29.csv,memory_load,empty warm startup,,,,,,,,,,com.apple.keylayout.ABC,variable (CGDisplayMode reports 0),false,,,,,,
confirmation/startup_warm/29.csv,ready,empty warm startup,,,,,,,183.631791,0.000000,70778880,com.apple.keylayout.ABC,variable (CGDisplayMode reports 0),false,,,,,,
confirmation/startup_warm/29.csv,paint,empty warm startup,,,,,,0.151333,,,,com.apple.keylayout.ABC,variable (CGDisplayMode reports 0),false,,,,0,1,1
confirmation/startup_warm/29.csv,paint,empty warm startup,,,,,12.026125,0.058083,,,,com.apple.keylayout.ABC,variable (CGDisplayMode reports 0),false,,,,0,1,1
confirmation/startup_warm/3.csv,memory_load,empty warm startup,,,,,,,,,,com.apple.keylayout.ABC,variable (CGDisplayMode reports 0),false,,,,,,
confirmation/startup_warm/3.csv,ready,empty warm startup,,,,,,,201.046667,0.000000,70860800,com.apple.keylayout.ABC,variable (CGDisplayMode reports 0),false,,,,,,
confirmation/startup_warm/3.csv,paint,empty warm startup,,,,,,0.120750,,,,com.apple.keylayout.ABC,variable (CGDisplayMode reports 0),false,,,,0,1,1
confirmation/startup_warm/3.csv,paint,empty warm startup,,,,,14.319042,0.066667,,,,com.apple.keylayout.ABC,variable (CGDisplayMode reports 0),false,,,,0,1,1
confirmation/startup_warm/30.csv,memory_load,empty warm startup,,,,,,,,,,com.apple.keylayout.ABC,variable (CGDisplayMode reports 0),false,,,,,,
confirmation/startup_warm/30.csv,ready,empty warm startup,,,,,,,183.380750,0.000000,70598656,com.apple.keylayout.ABC,variable (CGDisplayMode reports 0),false,,,,,,
confirmation/startup_warm/30.csv,paint,empty warm startup,,,,,,0.116125,,,,com.apple.keylayout.ABC,variable (CGDisplayMode reports 0),false,,,,0,1,1
confirmation/startup_warm/30.csv,paint,empty warm startup,,,,,11.676125,0.061500,,,,com.apple.keylayout.ABC,variable (CGDisplayMode reports 0),false,,,,0,1,1
confirmation/startup_warm/4.csv,memory_load,empty warm startup,,,,,,,,,,com.apple.keylayout.ABC,variable (CGDisplayMode reports 0),false,,,,,,
confirmation/startup_warm/4.csv,ready,empty warm startup,,,,,,,212.575083,0.000000,70860800,com.apple.keylayout.ABC,variable (CGDisplayMode reports 0),false,,,,,,
confirmation/startup_warm/4.csv,paint,empty warm startup,,,,,,0.116375,,,,com.apple.keylayout.ABC,variable (CGDisplayMode reports 0),false,,,,0,1,1
confirmation/startup_warm/4.csv,paint,empty warm startup,,,,,15.055791,0.063042,,,,com.apple.keylayout.ABC,variable (CGDisplayMode reports 0),false,,,,0,1,1
confirmation/startup_warm/5.csv,memory_load,empty warm startup,,,,,,,,,,com.apple.keylayout.ABC,variable (CGDisplayMode reports 0),false,,,,,,
confirmation/startup_warm/5.csv,ready,empty warm startup,,,,,,,215.199500,0.000000,70893568,com.apple.keylayout.ABC,variable (CGDisplayMode reports 0),false,,,,,,
confirmation/startup_warm/5.csv,paint,empty warm startup,,,,,,0.113291,,,,com.apple.keylayout.ABC,variable (CGDisplayMode reports 0),false,,,,0,1,1
confirmation/startup_warm/5.csv,paint,empty warm startup,,,,,12.932500,0.059583,,,,com.apple.keylayout.ABC,variable (CGDisplayMode reports 0),false,,,,0,1,1
confirmation/startup_warm/6.csv,memory_load,empty warm startup,,,,,,,,,,com.apple.keylayout.ABC,variable (CGDisplayMode reports 0),false,,,,,,
confirmation/startup_warm/6.csv,ready,empty warm startup,,,,,,,206.593333,0.000000,70828032,com.apple.keylayout.ABC,variable (CGDisplayMode reports 0),false,,,,,,
confirmation/startup_warm/6.csv,paint,empty warm startup,,,,,,0.115500,,,,com.apple.keylayout.ABC,variable (CGDisplayMode reports 0),false,,,,0,1,1
confirmation/startup_warm/6.csv,paint,empty warm startup,,,,,12.505792,0.064625,,,,com.apple.keylayout.ABC,variable (CGDisplayMode reports 0),false,,,,0,1,1
confirmation/startup_warm/7.csv,memory_load,empty warm startup,,,,,,,,,,com.apple.keylayout.ABC,variable (CGDisplayMode reports 0),false,,,,,,
confirmation/startup_warm/7.csv,ready,empty warm startup,,,,,,,200.755042,0.000000,70926336,com.apple.keylayout.ABC,variable (CGDisplayMode reports 0),false,,,,,,
confirmation/startup_warm/7.csv,paint,empty warm startup,,,,,,0.116000,,,,com.apple.keylayout.ABC,variable (CGDisplayMode reports 0),false,,,,0,1,1
confirmation/startup_warm/7.csv,paint,empty warm startup,,,,,13.632834,0.071042,,,,com.apple.keylayout.ABC,variable (CGDisplayMode reports 0),false,,,,0,1,1
confirmation/startup_warm/8.csv,memory_load,empty warm startup,,,,,,,,,,com.apple.keylayout.ABC,variable (CGDisplayMode reports 0),false,,,,,,
confirmation/startup_warm/8.csv,ready,empty warm startup,,,,,,,424.360042,0.000000,70844416,com.apple.keylayout.ABC,variable (CGDisplayMode reports 0),false,,,,,,
confirmation/startup_warm/8.csv,paint,empty warm startup,,,,,,0.116250,,,,com.apple.keylayout.ABC,variable (CGDisplayMode reports 0),false,,,,0,1,1
confirmation/startup_warm/8.csv,paint,empty warm startup,,,,,14.667084,0.054750,,,,com.apple.keylayout.ABC,variable (CGDisplayMode reports 0),false,,,,0,1,1
confirmation/startup_warm/9.csv,memory_load,empty warm startup,,,,,,,,,,com.apple.keylayout.ABC,variable (CGDisplayMode reports 0),false,,,,,,
confirmation/startup_warm/9.csv,ready,empty warm startup,,,,,,,191.305167,0.000000,70746112,com.apple.keylayout.ABC,variable (CGDisplayMode reports 0),false,,,,,,
confirmation/startup_warm/9.csv,paint,empty warm startup,,,,,,0.110500,,,,com.apple.keylayout.ABC,variable (CGDisplayMode reports 0),false,,,,0,1,1
confirmation/startup_warm/9.csv,paint,empty warm startup,,,,,12.188584,0.059458,,,,com.apple.keylayout.ABC,variable (CGDisplayMode reports 0),false,,,,0,1,1
