--- source_file: issue23-current-main-final/background_input/hane.log ---
hane_ready startup_time_ms=169.147 file_open_time_ms=63.734 rss_bytes=80756736

--- source_file: issue23-current-main-final/hundred_end/hane.log ---
hane_ready startup_time_ms=357.152 file_open_time_ms=226.805 rss_bytes=383877120

--- source_file: issue23-current-main-final/hundred_middle/hane.log ---
hane_ready startup_time_ms=347.857 file_open_time_ms=217.115 rss_bytes=383729664

--- source_file: issue23-current-main-final/hundred_start/hane.log ---
hane_ready startup_time_ms=343.618 file_open_time_ms=222.791 rss_bytes=383188992

--- source_file: issue23-current-main-final/ime/hane.log ---
hane_ready startup_time_ms=169.636 file_open_time_ms=65.732 rss_bytes=80658432

--- source_file: issue23-current-main-final/memory_100mb/trial_1/hane.log ---
hane_ready startup_time_ms=356.212 file_open_time_ms=213.158 rss_bytes=383713280

--- source_file: issue23-current-main-final/memory_100mb/trial_2/hane.log ---
hane_ready startup_time_ms=360.799 file_open_time_ms=213.526 rss_bytes=383713280

--- source_file: issue23-current-main-final/memory_10mb/trial_1/hane.log ---
hane_ready startup_time_ms=207.531 file_open_time_ms=86.032 rss_bytes=110133248

--- source_file: issue23-current-main-final/memory_10mb/trial_2/hane.log ---
hane_ready startup_time_ms=231.652 file_open_time_ms=91.437 rss_bytes=109953024

--- source_file: issue23-current-main-final/memory_1mb/trial_1/hane.log ---
hane_ready startup_time_ms=199.834 file_open_time_ms=65.891 rss_bytes=82952192

--- source_file: issue23-current-main-final/memory_1mb/trial_2/hane.log ---
hane_ready startup_time_ms=201.971 file_open_time_ms=69.015 rss_bytes=82968576

--- source_file: issue23-current-main-final/memory_empty/trial_1/hane.log ---
hane_ready startup_time_ms=171.054 file_open_time_ms=0.000 rss_bytes=71106560

--- source_file: issue23-current-main-final/memory_empty/trial_2/hane.log ---
hane_ready startup_time_ms=201.845 file_open_time_ms=0.000 rss_bytes=70975488

--- source_file: issue23-current-main-final/memory_folder_10k/trial_1/hane.log ---
hane_ready startup_time_ms=181.335 file_open_time_ms=0.000 rss_bytes=70909952
hane_work_folder_ready root=/Users/hide/Github/hane-issue23/target/fixtures/issue23/folder_10k elapsed_ms=224.301 indexed_markdown_files=10000
hane_measurement_memory label=memory_work_folder_idle rss_bytes=88670208 session_count=1

--- source_file: issue23-current-main-final/memory_folder_10k/trial_2/hane.log ---
hane_ready startup_time_ms=198.890 file_open_time_ms=0.000 rss_bytes=70942720
hane_work_folder_ready root=/Users/hide/Github/hane-issue23/target/fixtures/issue23/folder_10k elapsed_ms=223.683 indexed_markdown_files=10000
hane_measurement_memory label=memory_work_folder_idle rss_bytes=61931520 session_count=1

--- source_file: issue23-current-main-final/memory_folder_1k/trial_1/hane.log ---
hane_ready startup_time_ms=165.788 file_open_time_ms=0.000 rss_bytes=70877184
hane_work_folder_ready root=/Users/hide/Github/hane-issue23/target/fixtures/issue23/folder_1k elapsed_ms=185.856 indexed_markdown_files=1000
hane_measurement_memory label=memory_work_folder_idle rss_bytes=83935232 session_count=1

--- source_file: issue23-current-main-final/memory_folder_1k/trial_2/hane.log ---
hane_ready startup_time_ms=180.919 file_open_time_ms=0.000 rss_bytes=70959104
hane_work_folder_ready root=/Users/hide/Github/hane-issue23/target/fixtures/issue23/folder_1k elapsed_ms=201.220 indexed_markdown_files=1000
hane_measurement_memory label=memory_work_folder_idle rss_bytes=84279296 session_count=1

--- source_file: issue23-current-main-final/memory_folder_empty/trial_1/hane.log ---
hane_ready startup_time_ms=187.324 file_open_time_ms=0.000 rss_bytes=71041024
hane_work_folder_ready root=/Users/hide/Github/hane-issue23/target/fixtures/issue23/folder_empty elapsed_ms=206.944 indexed_markdown_files=0
hane_measurement_memory label=memory_work_folder_idle rss_bytes=77185024 session_count=1

--- source_file: issue23-current-main-final/memory_folder_empty/trial_2/hane.log ---
hane_ready startup_time_ms=180.951 file_open_time_ms=0.000 rss_bytes=71024640
hane_work_folder_ready root=/Users/hide/Github/hane-issue23/target/fixtures/issue23/folder_empty elapsed_ms=197.590 indexed_markdown_files=0
hane_measurement_memory label=memory_work_folder_idle rss_bytes=77217792 session_count=1

--- source_file: issue23-current-main-final/memory_large_then_small/trial_1/hane.log ---
hane_ready startup_time_ms=184.731 file_open_time_ms=0.000 rss_bytes=70877184
hane_work_folder_ready root=/Users/hide/Github/hane-issue23/target/fixtures/issue23/large_then_small elapsed_ms=250.144 indexed_markdown_files=2
hane_measurement_memory label=memory_after_2_notes rss_bytes=354254848 session_count=2

--- source_file: issue23-current-main-final/memory_longrun/hane.log ---
hane_ready startup_time_ms=191.118 file_open_time_ms=0.000 rss_bytes=70942720
hane_work_folder_ready root=/Users/hide/Github/hane-issue23/target/fixtures/issue23/switch_a elapsed_ms=243.787 indexed_markdown_files=2
hane_metrics keystroke_to_model_samples=40 keystroke_to_model_median_ms=0.000 keystroke_to_model_p95_ms=0.001 keystroke_to_model_p99_ms=0.023 keystroke_to_model_max_ms=0.023 keystroke_to_frame_samples=40 keystroke_to_frame_median_ms=4.023 keystroke_to_frame_p95_ms=4.037 keystroke_to_frame_p99_ms=4.068 keystroke_to_frame_max_ms=4.068 frame_interval_samples=9 frame_interval_median_ms=21.523 frame_interval_p95_ms=54.598 frame_interval_p99_ms=54.598 frame_interval_max_ms=54.598 layout_samples=10 layout_median_ms=0.102 layout_p95_ms=0.826 layout_p99_ms=0.826 layout_max_ms=0.826
hane_measurement_memory label=memory_longrun_cycle_1 rss_bytes=101154816 session_count=2
hane_metrics keystroke_to_model_samples=80 keystroke_to_model_median_ms=0.000 keystroke_to_model_p95_ms=0.002 keystroke_to_model_p99_ms=0.023 keystroke_to_model_max_ms=0.023 keystroke_to_frame_samples=80 keystroke_to_frame_median_ms=4.013 keystroke_to_frame_p95_ms=4.039 keystroke_to_frame_p99_ms=4.314 keystroke_to_frame_max_ms=4.314 frame_interval_samples=25 frame_interval_median_ms=31.946 frame_interval_p95_ms=54.598 frame_interval_p99_ms=1004.898 frame_interval_max_ms=1004.898 layout_samples=26 layout_median_ms=0.180 layout_p95_ms=1.486 layout_p99_ms=1.773 layout_max_ms=1.773
hane_measurement_memory label=memory_longrun_cycle_5 rss_bytes=108281856 session_count=2
hane_metrics keystroke_to_model_samples=120 keystroke_to_model_median_ms=0.000 keystroke_to_model_p95_ms=0.002 keystroke_to_model_p99_ms=0.016 keystroke_to_model_max_ms=0.023 keystroke_to_frame_samples=120 keystroke_to_frame_median_ms=4.024 keystroke_to_frame_p95_ms=7.837 keystroke_to_frame_p99_ms=7.848 keystroke_to_frame_max_ms=7.875 frame_interval_samples=42 frame_interval_median_ms=42.237 frame_interval_p95_ms=91.040 frame_interval_p99_ms=1004.898 frame_interval_max_ms=1004.898 layout_samples=43 layout_median_ms=0.499 layout_p95_ms=1.556 layout_p99_ms=1.773 layout_max_ms=1.773
hane_measurement_memory label=memory_longrun_cycle_10 rss_bytes=108691456 session_count=2
hane_metrics keystroke_to_model_samples=160 keystroke_to_model_median_ms=0.000 keystroke_to_model_p95_ms=0.002 keystroke_to_model_p99_ms=0.016 keystroke_to_model_max_ms=0.023 keystroke_to_frame_samples=160 keystroke_to_frame_median_ms=4.013 keystroke_to_frame_p95_ms=7.835 keystroke_to_frame_p99_ms=7.848 keystroke_to_frame_max_ms=7.875 frame_interval_samples=60 frame_interval_median_ms=42.910 frame_interval_p95_ms=91.040 frame_interval_p99_ms=1004.898 frame_interval_max_ms=1004.898 layout_samples=61 layout_median_ms=0.764 layout_p95_ms=1.513 layout_p99_ms=1.773 layout_max_ms=1.773
hane_measurement_memory label=memory_longrun_cycle_15 rss_bytes=108707840 session_count=2
hane_metrics keystroke_to_model_samples=200 keystroke_to_model_median_ms=0.000 keystroke_to_model_p95_ms=0.002 keystroke_to_model_p99_ms=0.016 keystroke_to_model_max_ms=0.023 keystroke_to_frame_samples=200 keystroke_to_frame_median_ms=4.023 keystroke_to_frame_p95_ms=7.833 keystroke_to_frame_p99_ms=7.844 keystroke_to_frame_max_ms=7.875 frame_interval_samples=81 frame_interval_median_ms=42.744 frame_interval_p95_ms=91.040 frame_interval_p99_ms=1014.430 frame_interval_max_ms=1014.430 layout_samples=82 layout_median_ms=0.759 layout_p95_ms=1.506 layout_p99_ms=1.773 layout_max_ms=1.773
hane_measurement_memory label=memory_longrun_cycle_20 rss_bytes=108855296 session_count=2
hane_measurement_memory label=memory_longrun_idle rss_bytes=108118016 session_count=2
hane_longrun_complete cycles=20

--- source_file: issue23-current-main-final/memory_visits_1k/trial_1/hane.log ---
hane_ready startup_time_ms=202.847 file_open_time_ms=0.000 rss_bytes=71073792
hane_work_folder_ready root=/Users/hide/Github/hane-issue23/target/fixtures/issue23/folder_1k elapsed_ms=276.759 indexed_markdown_files=1000
hane_measurement_memory label=memory_after_10_notes rss_bytes=131219456 session_count=10
hane_measurement_memory label=memory_after_100_notes rss_bytes=141885440 session_count=100
hane_measurement_memory label=memory_after_1000_notes rss_bytes=255098880 session_count=1000

--- source_file: issue23-current-main-final/normal_ascii/hane.log ---
hane_ready startup_time_ms=174.538 file_open_time_ms=64.616 rss_bytes=80478208

--- source_file: issue23-current-main-final/paragraphs_end/hane.log ---
hane_ready startup_time_ms=175.050 file_open_time_ms=66.356 rss_bytes=86851584

--- source_file: issue23-current-main-final/paragraphs_middle/hane.log ---
hane_ready startup_time_ms=174.836 file_open_time_ms=67.619 rss_bytes=86786048

--- source_file: issue23-current-main-final/paragraphs_scroll/hane.log ---
hane_ready startup_time_ms=174.242 file_open_time_ms=66.114 rss_bytes=86835200

--- source_file: issue23-current-main-final/paragraphs_scroll_input/hane.log ---
hane_ready startup_time_ms=176.160 file_open_time_ms=68.277 rss_bytes=86736896

--- source_file: issue23-current-main-final/paragraphs_start/hane.log ---
hane_ready startup_time_ms=186.567 file_open_time_ms=71.331 rss_bytes=86966272

--- source_file: issue23-current-main-final/scroll/hane.log ---
hane_ready startup_time_ms=346.437 file_open_time_ms=222.611 rss_bytes=383811584

--- source_file: issue23-current-main-final/scroll_input/hane.log ---
hane_ready startup_time_ms=345.869 file_open_time_ms=219.487 rss_bytes=383909888

--- source_file: issue23-current-main-final/startup_100mb/1.log ---
hane_ready startup_time_ms=367.273 file_open_time_ms=235.550 rss_bytes=383844352

--- source_file: issue23-current-main-final/startup_100mb/10.log ---
hane_ready startup_time_ms=343.467 file_open_time_ms=218.774 rss_bytes=383909888

--- source_file: issue23-current-main-final/startup_100mb/11.log ---
hane_ready startup_time_ms=338.798 file_open_time_ms=215.645 rss_bytes=383811584

--- source_file: issue23-current-main-final/startup_100mb/12.log ---
hane_ready startup_time_ms=342.863 file_open_time_ms=220.496 rss_bytes=383811584

--- source_file: issue23-current-main-final/startup_100mb/13.log ---
hane_ready startup_time_ms=339.243 file_open_time_ms=216.795 rss_bytes=383713280

--- source_file: issue23-current-main-final/startup_100mb/14.log ---
hane_ready startup_time_ms=337.910 file_open_time_ms=216.459 rss_bytes=383975424

--- source_file: issue23-current-main-final/startup_100mb/15.log ---
hane_ready startup_time_ms=342.322 file_open_time_ms=218.242 rss_bytes=383696896

--- source_file: issue23-current-main-final/startup_100mb/16.log ---
hane_ready startup_time_ms=342.620 file_open_time_ms=218.981 rss_bytes=383844352

--- source_file: issue23-current-main-final/startup_100mb/17.log ---
hane_ready startup_time_ms=341.055 file_open_time_ms=218.058 rss_bytes=383729664

--- source_file: issue23-current-main-final/startup_100mb/18.log ---
hane_ready startup_time_ms=343.734 file_open_time_ms=218.933 rss_bytes=383844352

--- source_file: issue23-current-main-final/startup_100mb/19.log ---
hane_ready startup_time_ms=340.760 file_open_time_ms=219.160 rss_bytes=383713280

--- source_file: issue23-current-main-final/startup_100mb/2.log ---
hane_ready startup_time_ms=367.319 file_open_time_ms=232.785 rss_bytes=383713280

--- source_file: issue23-current-main-final/startup_100mb/20.log ---
hane_ready startup_time_ms=344.238 file_open_time_ms=219.507 rss_bytes=383860736

--- source_file: issue23-current-main-final/startup_100mb/21.log ---
hane_ready startup_time_ms=339.563 file_open_time_ms=217.990 rss_bytes=383713280

--- source_file: issue23-current-main-final/startup_100mb/22.log ---
hane_ready startup_time_ms=343.596 file_open_time_ms=218.920 rss_bytes=383942656

--- source_file: issue23-current-main-final/startup_100mb/23.log ---
hane_ready startup_time_ms=340.532 file_open_time_ms=218.113 rss_bytes=383877120

--- source_file: issue23-current-main-final/startup_100mb/24.log ---
hane_ready startup_time_ms=352.193 file_open_time_ms=226.231 rss_bytes=383909888

--- source_file: issue23-current-main-final/startup_100mb/25.log ---
hane_ready startup_time_ms=346.753 file_open_time_ms=219.215 rss_bytes=383844352

--- source_file: issue23-current-main-final/startup_100mb/26.log ---
hane_ready startup_time_ms=344.162 file_open_time_ms=218.697 rss_bytes=383893504

--- source_file: issue23-current-main-final/startup_100mb/27.log ---
hane_ready startup_time_ms=347.512 file_open_time_ms=220.612 rss_bytes=383893504

--- source_file: issue23-current-main-final/startup_100mb/28.log ---
hane_ready startup_time_ms=344.795 file_open_time_ms=220.204 rss_bytes=383729664

--- source_file: issue23-current-main-final/startup_100mb/29.log ---
hane_ready startup_time_ms=338.518 file_open_time_ms=219.664 rss_bytes=384040960

--- source_file: issue23-current-main-final/startup_100mb/3.log ---
hane_ready startup_time_ms=365.912 file_open_time_ms=228.357 rss_bytes=383827968

--- source_file: issue23-current-main-final/startup_100mb/30.log ---
hane_ready startup_time_ms=343.124 file_open_time_ms=219.917 rss_bytes=383877120

--- source_file: issue23-current-main-final/startup_100mb/4.log ---
hane_ready startup_time_ms=351.245 file_open_time_ms=219.988 rss_bytes=383778816

--- source_file: issue23-current-main-final/startup_100mb/5.log ---
hane_ready startup_time_ms=347.805 file_open_time_ms=217.749 rss_bytes=383926272

--- source_file: issue23-current-main-final/startup_100mb/6.log ---
hane_ready startup_time_ms=344.350 file_open_time_ms=219.954 rss_bytes=383909888

--- source_file: issue23-current-main-final/startup_100mb/7.log ---
hane_ready startup_time_ms=338.209 file_open_time_ms=217.821 rss_bytes=383778816

--- source_file: issue23-current-main-final/startup_100mb/8.log ---
hane_ready startup_time_ms=343.609 file_open_time_ms=218.347 rss_bytes=384008192

--- source_file: issue23-current-main-final/startup_100mb/9.log ---
hane_ready startup_time_ms=344.370 file_open_time_ms=221.025 rss_bytes=383877120

--- source_file: issue23-current-main-final/startup_cold_unpurged/1.log ---
hane_ready startup_time_ms=160.904 file_open_time_ms=0.000 rss_bytes=70909952

--- source_file: issue23-current-main-final/startup_cold_unpurged/10.log ---
hane_ready startup_time_ms=158.377 file_open_time_ms=0.000 rss_bytes=70959104

--- source_file: issue23-current-main-final/startup_cold_unpurged/11.log ---
hane_ready startup_time_ms=160.694 file_open_time_ms=0.000 rss_bytes=70893568

--- source_file: issue23-current-main-final/startup_cold_unpurged/12.log ---
hane_ready startup_time_ms=160.466 file_open_time_ms=0.000 rss_bytes=71024640

--- source_file: issue23-current-main-final/startup_cold_unpurged/13.log ---
hane_ready startup_time_ms=165.424 file_open_time_ms=0.000 rss_bytes=71024640

--- source_file: issue23-current-main-final/startup_cold_unpurged/14.log ---
hane_ready startup_time_ms=163.532 file_open_time_ms=0.000 rss_bytes=70877184

--- source_file: issue23-current-main-final/startup_cold_unpurged/15.log ---
hane_ready startup_time_ms=163.101 file_open_time_ms=0.000 rss_bytes=70959104

--- source_file: issue23-current-main-final/startup_cold_unpurged/16.log ---
hane_ready startup_time_ms=163.161 file_open_time_ms=0.000 rss_bytes=70959104

--- source_file: issue23-current-main-final/startup_cold_unpurged/17.log ---
hane_ready startup_time_ms=160.806 file_open_time_ms=0.000 rss_bytes=70959104

--- source_file: issue23-current-main-final/startup_cold_unpurged/18.log ---
hane_ready startup_time_ms=167.631 file_open_time_ms=0.000 rss_bytes=70975488

--- source_file: issue23-current-main-final/startup_cold_unpurged/19.log ---
hane_ready startup_time_ms=170.493 file_open_time_ms=0.000 rss_bytes=70811648

--- source_file: issue23-current-main-final/startup_cold_unpurged/2.log ---
hane_ready startup_time_ms=167.448 file_open_time_ms=0.000 rss_bytes=70877184

--- source_file: issue23-current-main-final/startup_cold_unpurged/20.log ---
hane_ready startup_time_ms=169.968 file_open_time_ms=0.000 rss_bytes=70926336

--- source_file: issue23-current-main-final/startup_cold_unpurged/21.log ---
hane_ready startup_time_ms=165.265 file_open_time_ms=0.000 rss_bytes=70959104

--- source_file: issue23-current-main-final/startup_cold_unpurged/22.log ---
hane_ready startup_time_ms=165.220 file_open_time_ms=0.000 rss_bytes=70893568

--- source_file: issue23-current-main-final/startup_cold_unpurged/23.log ---
hane_ready startup_time_ms=161.425 file_open_time_ms=0.000 rss_bytes=70959104

--- source_file: issue23-current-main-final/startup_cold_unpurged/24.log ---
hane_ready startup_time_ms=161.580 file_open_time_ms=0.000 rss_bytes=71057408

--- source_file: issue23-current-main-final/startup_cold_unpurged/25.log ---
hane_ready startup_time_ms=162.442 file_open_time_ms=0.000 rss_bytes=70909952

--- source_file: issue23-current-main-final/startup_cold_unpurged/26.log ---
hane_ready startup_time_ms=161.156 file_open_time_ms=0.000 rss_bytes=70909952

--- source_file: issue23-current-main-final/startup_cold_unpurged/27.log ---
hane_ready startup_time_ms=167.386 file_open_time_ms=0.000 rss_bytes=70926336

--- source_file: issue23-current-main-final/startup_cold_unpurged/28.log ---
hane_ready startup_time_ms=162.257 file_open_time_ms=0.000 rss_bytes=70860800

--- source_file: issue23-current-main-final/startup_cold_unpurged/29.log ---
hane_ready startup_time_ms=163.733 file_open_time_ms=0.000 rss_bytes=70877184

--- source_file: issue23-current-main-final/startup_cold_unpurged/3.log ---
hane_ready startup_time_ms=168.946 file_open_time_ms=0.000 rss_bytes=70909952

--- source_file: issue23-current-main-final/startup_cold_unpurged/30.log ---
hane_ready startup_time_ms=163.934 file_open_time_ms=0.000 rss_bytes=70991872

--- source_file: issue23-current-main-final/startup_cold_unpurged/4.log ---
hane_ready startup_time_ms=168.854 file_open_time_ms=0.000 rss_bytes=70991872

--- source_file: issue23-current-main-final/startup_cold_unpurged/5.log ---
hane_ready startup_time_ms=165.986 file_open_time_ms=0.000 rss_bytes=70877184

--- source_file: issue23-current-main-final/startup_cold_unpurged/6.log ---
hane_ready startup_time_ms=163.140 file_open_time_ms=0.000 rss_bytes=70909952

--- source_file: issue23-current-main-final/startup_cold_unpurged/7.log ---
hane_ready startup_time_ms=164.226 file_open_time_ms=0.000 rss_bytes=70893568

--- source_file: issue23-current-main-final/startup_cold_unpurged/8.log ---
hane_ready startup_time_ms=162.444 file_open_time_ms=0.000 rss_bytes=70942720

--- source_file: issue23-current-main-final/startup_cold_unpurged/9.log ---
hane_ready startup_time_ms=166.896 file_open_time_ms=0.000 rss_bytes=70893568

--- source_file: issue23-current-main-final/startup_folder_10k/1.log ---
hane_ready startup_time_ms=167.596 file_open_time_ms=0.000 rss_bytes=70959104
hane_work_folder_ready root=/Users/hide/Github/hane-issue23/target/fixtures/issue23/folder_10k elapsed_ms=192.378 indexed_markdown_files=10000

--- source_file: issue23-current-main-final/startup_folder_10k/10.log ---
hane_ready startup_time_ms=163.938 file_open_time_ms=0.000 rss_bytes=70942720
hane_work_folder_ready root=/Users/hide/Github/hane-issue23/target/fixtures/issue23/folder_10k elapsed_ms=187.617 indexed_markdown_files=10000

--- source_file: issue23-current-main-final/startup_folder_10k/11.log ---
hane_ready startup_time_ms=160.364 file_open_time_ms=0.000 rss_bytes=71024640
hane_work_folder_ready root=/Users/hide/Github/hane-issue23/target/fixtures/issue23/folder_10k elapsed_ms=185.670 indexed_markdown_files=10000

--- source_file: issue23-current-main-final/startup_folder_10k/12.log ---
hane_ready startup_time_ms=169.924 file_open_time_ms=0.000 rss_bytes=70942720
hane_work_folder_ready root=/Users/hide/Github/hane-issue23/target/fixtures/issue23/folder_10k elapsed_ms=195.925 indexed_markdown_files=10000

--- source_file: issue23-current-main-final/startup_folder_10k/13.log ---
hane_ready startup_time_ms=162.655 file_open_time_ms=0.000 rss_bytes=70909952
hane_work_folder_ready root=/Users/hide/Github/hane-issue23/target/fixtures/issue23/folder_10k elapsed_ms=186.259 indexed_markdown_files=10000

--- source_file: issue23-current-main-final/startup_folder_10k/14.log ---
hane_ready startup_time_ms=168.390 file_open_time_ms=0.000 rss_bytes=70926336
hane_work_folder_ready root=/Users/hide/Github/hane-issue23/target/fixtures/issue23/folder_10k elapsed_ms=192.072 indexed_markdown_files=10000

--- source_file: issue23-current-main-final/startup_folder_10k/15.log ---
hane_ready startup_time_ms=162.651 file_open_time_ms=0.000 rss_bytes=70893568
hane_work_folder_ready root=/Users/hide/Github/hane-issue23/target/fixtures/issue23/folder_10k elapsed_ms=186.199 indexed_markdown_files=10000

--- source_file: issue23-current-main-final/startup_folder_10k/16.log ---
hane_ready startup_time_ms=163.425 file_open_time_ms=0.000 rss_bytes=70975488
hane_work_folder_ready root=/Users/hide/Github/hane-issue23/target/fixtures/issue23/folder_10k elapsed_ms=186.763 indexed_markdown_files=10000

--- source_file: issue23-current-main-final/startup_folder_10k/17.log ---
hane_ready startup_time_ms=160.834 file_open_time_ms=0.000 rss_bytes=70942720
hane_work_folder_ready root=/Users/hide/Github/hane-issue23/target/fixtures/issue23/folder_10k elapsed_ms=183.947 indexed_markdown_files=10000

--- source_file: issue23-current-main-final/startup_folder_10k/18.log ---
hane_ready startup_time_ms=173.232 file_open_time_ms=0.000 rss_bytes=71024640
hane_work_folder_ready root=/Users/hide/Github/hane-issue23/target/fixtures/issue23/folder_10k elapsed_ms=198.799 indexed_markdown_files=10000

--- source_file: issue23-current-main-final/startup_folder_10k/19.log ---
hane_ready startup_time_ms=165.009 file_open_time_ms=0.000 rss_bytes=70959104
hane_work_folder_ready root=/Users/hide/Github/hane-issue23/target/fixtures/issue23/folder_10k elapsed_ms=187.952 indexed_markdown_files=10000

--- source_file: issue23-current-main-final/startup_folder_10k/2.log ---
hane_ready startup_time_ms=163.394 file_open_time_ms=0.000 rss_bytes=71008256
hane_work_folder_ready root=/Users/hide/Github/hane-issue23/target/fixtures/issue23/folder_10k elapsed_ms=186.511 indexed_markdown_files=10000

--- source_file: issue23-current-main-final/startup_folder_10k/20.log ---
hane_ready startup_time_ms=161.013 file_open_time_ms=0.000 rss_bytes=70828032
hane_work_folder_ready root=/Users/hide/Github/hane-issue23/target/fixtures/issue23/folder_10k elapsed_ms=184.066 indexed_markdown_files=10000

--- source_file: issue23-current-main-final/startup_folder_10k/21.log ---
hane_ready startup_time_ms=161.105 file_open_time_ms=0.000 rss_bytes=70926336
hane_work_folder_ready root=/Users/hide/Github/hane-issue23/target/fixtures/issue23/folder_10k elapsed_ms=184.346 indexed_markdown_files=10000

--- source_file: issue23-current-main-final/startup_folder_10k/22.log ---
hane_ready startup_time_ms=163.414 file_open_time_ms=0.000 rss_bytes=70877184
hane_work_folder_ready root=/Users/hide/Github/hane-issue23/target/fixtures/issue23/folder_10k elapsed_ms=186.509 indexed_markdown_files=10000

--- source_file: issue23-current-main-final/startup_folder_10k/23.log ---
hane_ready startup_time_ms=163.924 file_open_time_ms=0.000 rss_bytes=70893568
hane_work_folder_ready root=/Users/hide/Github/hane-issue23/target/fixtures/issue23/folder_10k elapsed_ms=190.069 indexed_markdown_files=10000

--- source_file: issue23-current-main-final/startup_folder_10k/24.log ---
hane_ready startup_time_ms=162.060 file_open_time_ms=0.000 rss_bytes=70959104
hane_work_folder_ready root=/Users/hide/Github/hane-issue23/target/fixtures/issue23/folder_10k elapsed_ms=185.053 indexed_markdown_files=10000

--- source_file: issue23-current-main-final/startup_folder_10k/25.log ---
hane_ready startup_time_ms=162.107 file_open_time_ms=0.000 rss_bytes=70877184
hane_work_folder_ready root=/Users/hide/Github/hane-issue23/target/fixtures/issue23/folder_10k elapsed_ms=185.338 indexed_markdown_files=10000

--- source_file: issue23-current-main-final/startup_folder_10k/26.log ---
hane_ready startup_time_ms=163.053 file_open_time_ms=0.000 rss_bytes=70942720
hane_work_folder_ready root=/Users/hide/Github/hane-issue23/target/fixtures/issue23/folder_10k elapsed_ms=185.997 indexed_markdown_files=10000

--- source_file: issue23-current-main-final/startup_folder_10k/27.log ---
hane_ready startup_time_ms=163.042 file_open_time_ms=0.000 rss_bytes=71073792
hane_work_folder_ready root=/Users/hide/Github/hane-issue23/target/fixtures/issue23/folder_10k elapsed_ms=186.574 indexed_markdown_files=10000

--- source_file: issue23-current-main-final/startup_folder_10k/28.log ---
hane_ready startup_time_ms=163.759 file_open_time_ms=0.000 rss_bytes=70975488
hane_work_folder_ready root=/Users/hide/Github/hane-issue23/target/fixtures/issue23/folder_10k elapsed_ms=187.302 indexed_markdown_files=10000

--- source_file: issue23-current-main-final/startup_folder_10k/29.log ---
hane_ready startup_time_ms=162.517 file_open_time_ms=0.000 rss_bytes=71008256
hane_work_folder_ready root=/Users/hide/Github/hane-issue23/target/fixtures/issue23/folder_10k elapsed_ms=185.609 indexed_markdown_files=10000

--- source_file: issue23-current-main-final/startup_folder_10k/3.log ---
hane_ready startup_time_ms=169.613 file_open_time_ms=0.000 rss_bytes=70893568
hane_work_folder_ready root=/Users/hide/Github/hane-issue23/target/fixtures/issue23/folder_10k elapsed_ms=193.613 indexed_markdown_files=10000

--- source_file: issue23-current-main-final/startup_folder_10k/30.log ---
hane_ready startup_time_ms=161.805 file_open_time_ms=0.000 rss_bytes=71024640
hane_work_folder_ready root=/Users/hide/Github/hane-issue23/target/fixtures/issue23/folder_10k elapsed_ms=184.366 indexed_markdown_files=10000

--- source_file: issue23-current-main-final/startup_folder_10k/4.log ---
hane_ready startup_time_ms=190.496 file_open_time_ms=0.000 rss_bytes=70926336
hane_work_folder_ready root=/Users/hide/Github/hane-issue23/target/fixtures/issue23/folder_10k elapsed_ms=213.406 indexed_markdown_files=10000

--- source_file: issue23-current-main-final/startup_folder_10k/5.log ---
hane_ready startup_time_ms=165.720 file_open_time_ms=0.000 rss_bytes=70942720
hane_work_folder_ready root=/Users/hide/Github/hane-issue23/target/fixtures/issue23/folder_10k elapsed_ms=189.125 indexed_markdown_files=10000

--- source_file: issue23-current-main-final/startup_folder_10k/6.log ---
hane_ready startup_time_ms=162.238 file_open_time_ms=0.000 rss_bytes=70942720
hane_work_folder_ready root=/Users/hide/Github/hane-issue23/target/fixtures/issue23/folder_10k elapsed_ms=185.651 indexed_markdown_files=10000

--- source_file: issue23-current-main-final/startup_folder_10k/7.log ---
hane_ready startup_time_ms=164.697 file_open_time_ms=0.000 rss_bytes=70893568
hane_work_folder_ready root=/Users/hide/Github/hane-issue23/target/fixtures/issue23/folder_10k elapsed_ms=188.377 indexed_markdown_files=10000

--- source_file: issue23-current-main-final/startup_folder_10k/8.log ---
hane_ready startup_time_ms=163.424 file_open_time_ms=0.000 rss_bytes=71090176
hane_work_folder_ready root=/Users/hide/Github/hane-issue23/target/fixtures/issue23/folder_10k elapsed_ms=187.240 indexed_markdown_files=10000

--- source_file: issue23-current-main-final/startup_folder_10k/9.log ---
hane_ready startup_time_ms=165.509 file_open_time_ms=0.000 rss_bytes=71073792
hane_work_folder_ready root=/Users/hide/Github/hane-issue23/target/fixtures/issue23/folder_10k elapsed_ms=188.809 indexed_markdown_files=10000

--- source_file: issue23-current-main-final/startup_folder_1k/1.log ---
hane_ready startup_time_ms=169.851 file_open_time_ms=0.000 rss_bytes=71041024
hane_work_folder_ready root=/Users/hide/Github/hane-issue23/target/fixtures/issue23/folder_1k elapsed_ms=189.622 indexed_markdown_files=1000

--- source_file: issue23-current-main-final/startup_folder_1k/10.log ---
hane_ready startup_time_ms=166.215 file_open_time_ms=0.000 rss_bytes=71090176
hane_work_folder_ready root=/Users/hide/Github/hane-issue23/target/fixtures/issue23/folder_1k elapsed_ms=184.731 indexed_markdown_files=1000

--- source_file: issue23-current-main-final/startup_folder_1k/11.log ---
hane_ready startup_time_ms=165.233 file_open_time_ms=0.000 rss_bytes=71024640
hane_work_folder_ready root=/Users/hide/Github/hane-issue23/target/fixtures/issue23/folder_1k elapsed_ms=183.800 indexed_markdown_files=1000

--- source_file: issue23-current-main-final/startup_folder_1k/12.log ---
hane_ready startup_time_ms=170.064 file_open_time_ms=0.000 rss_bytes=70991872
hane_work_folder_ready root=/Users/hide/Github/hane-issue23/target/fixtures/issue23/folder_1k elapsed_ms=188.210 indexed_markdown_files=1000

--- source_file: issue23-current-main-final/startup_folder_1k/13.log ---
hane_ready startup_time_ms=165.387 file_open_time_ms=0.000 rss_bytes=70942720
hane_work_folder_ready root=/Users/hide/Github/hane-issue23/target/fixtures/issue23/folder_1k elapsed_ms=183.381 indexed_markdown_files=1000

--- source_file: issue23-current-main-final/startup_folder_1k/14.log ---
hane_ready startup_time_ms=164.232 file_open_time_ms=0.000 rss_bytes=71041024
hane_work_folder_ready root=/Users/hide/Github/hane-issue23/target/fixtures/issue23/folder_1k elapsed_ms=182.824 indexed_markdown_files=1000

--- source_file: issue23-current-main-final/startup_folder_1k/15.log ---
hane_ready startup_time_ms=162.783 file_open_time_ms=0.000 rss_bytes=70959104
hane_work_folder_ready root=/Users/hide/Github/hane-issue23/target/fixtures/issue23/folder_1k elapsed_ms=180.490 indexed_markdown_files=1000

--- source_file: issue23-current-main-final/startup_folder_1k/16.log ---
hane_ready startup_time_ms=165.052 file_open_time_ms=0.000 rss_bytes=70909952
hane_work_folder_ready root=/Users/hide/Github/hane-issue23/target/fixtures/issue23/folder_1k elapsed_ms=185.251 indexed_markdown_files=1000

--- source_file: issue23-current-main-final/startup_folder_1k/17.log ---
hane_ready startup_time_ms=168.232 file_open_time_ms=0.000 rss_bytes=70909952
hane_work_folder_ready root=/Users/hide/Github/hane-issue23/target/fixtures/issue23/folder_1k elapsed_ms=186.261 indexed_markdown_files=1000

--- source_file: issue23-current-main-final/startup_folder_1k/18.log ---
hane_ready startup_time_ms=163.771 file_open_time_ms=0.000 rss_bytes=70828032
hane_work_folder_ready root=/Users/hide/Github/hane-issue23/target/fixtures/issue23/folder_1k elapsed_ms=182.058 indexed_markdown_files=1000

--- source_file: issue23-current-main-final/startup_folder_1k/19.log ---
hane_ready startup_time_ms=169.068 file_open_time_ms=0.000 rss_bytes=71024640
hane_work_folder_ready root=/Users/hide/Github/hane-issue23/target/fixtures/issue23/folder_1k elapsed_ms=187.699 indexed_markdown_files=1000

--- source_file: issue23-current-main-final/startup_folder_1k/2.log ---
hane_ready startup_time_ms=179.935 file_open_time_ms=0.000 rss_bytes=71057408
hane_work_folder_ready root=/Users/hide/Github/hane-issue23/target/fixtures/issue23/folder_1k elapsed_ms=200.357 indexed_markdown_files=1000

--- source_file: issue23-current-main-final/startup_folder_1k/20.log ---
hane_ready startup_time_ms=162.611 file_open_time_ms=0.000 rss_bytes=70942720
hane_work_folder_ready root=/Users/hide/Github/hane-issue23/target/fixtures/issue23/folder_1k elapsed_ms=180.177 indexed_markdown_files=1000

--- source_file: issue23-current-main-final/startup_folder_1k/21.log ---
hane_ready startup_time_ms=164.392 file_open_time_ms=0.000 rss_bytes=70926336
hane_work_folder_ready root=/Users/hide/Github/hane-issue23/target/fixtures/issue23/folder_1k elapsed_ms=182.894 indexed_markdown_files=1000

--- source_file: issue23-current-main-final/startup_folder_1k/22.log ---
hane_ready startup_time_ms=166.506 file_open_time_ms=0.000 rss_bytes=71024640
hane_work_folder_ready root=/Users/hide/Github/hane-issue23/target/fixtures/issue23/folder_1k elapsed_ms=185.690 indexed_markdown_files=1000

--- source_file: issue23-current-main-final/startup_folder_1k/23.log ---
hane_ready startup_time_ms=166.955 file_open_time_ms=0.000 rss_bytes=70877184
hane_work_folder_ready root=/Users/hide/Github/hane-issue23/target/fixtures/issue23/folder_1k elapsed_ms=185.812 indexed_markdown_files=1000

--- source_file: issue23-current-main-final/startup_folder_1k/24.log ---
hane_ready startup_time_ms=167.088 file_open_time_ms=0.000 rss_bytes=70991872
hane_work_folder_ready root=/Users/hide/Github/hane-issue23/target/fixtures/issue23/folder_1k elapsed_ms=185.648 indexed_markdown_files=1000

--- source_file: issue23-current-main-final/startup_folder_1k/25.log ---
hane_ready startup_time_ms=165.522 file_open_time_ms=0.000 rss_bytes=70860800
hane_work_folder_ready root=/Users/hide/Github/hane-issue23/target/fixtures/issue23/folder_1k elapsed_ms=183.881 indexed_markdown_files=1000

--- source_file: issue23-current-main-final/startup_folder_1k/26.log ---
hane_ready startup_time_ms=162.743 file_open_time_ms=0.000 rss_bytes=70942720
hane_work_folder_ready root=/Users/hide/Github/hane-issue23/target/fixtures/issue23/folder_1k elapsed_ms=181.373 indexed_markdown_files=1000

--- source_file: issue23-current-main-final/startup_folder_1k/27.log ---
hane_ready startup_time_ms=166.114 file_open_time_ms=0.000 rss_bytes=71057408
hane_work_folder_ready root=/Users/hide/Github/hane-issue23/target/fixtures/issue23/folder_1k elapsed_ms=184.605 indexed_markdown_files=1000

--- source_file: issue23-current-main-final/startup_folder_1k/28.log ---
hane_ready startup_time_ms=162.359 file_open_time_ms=0.000 rss_bytes=70844416
hane_work_folder_ready root=/Users/hide/Github/hane-issue23/target/fixtures/issue23/folder_1k elapsed_ms=179.892 indexed_markdown_files=1000

--- source_file: issue23-current-main-final/startup_folder_1k/29.log ---
hane_ready startup_time_ms=163.712 file_open_time_ms=0.000 rss_bytes=71024640
hane_work_folder_ready root=/Users/hide/Github/hane-issue23/target/fixtures/issue23/folder_1k elapsed_ms=181.796 indexed_markdown_files=1000

--- source_file: issue23-current-main-final/startup_folder_1k/3.log ---
hane_ready startup_time_ms=169.234 file_open_time_ms=0.000 rss_bytes=70975488
hane_work_folder_ready root=/Users/hide/Github/hane-issue23/target/fixtures/issue23/folder_1k elapsed_ms=187.821 indexed_markdown_files=1000

--- source_file: issue23-current-main-final/startup_folder_1k/30.log ---
hane_ready startup_time_ms=167.421 file_open_time_ms=0.000 rss_bytes=70942720
hane_work_folder_ready root=/Users/hide/Github/hane-issue23/target/fixtures/issue23/folder_1k elapsed_ms=186.950 indexed_markdown_files=1000

--- source_file: issue23-current-main-final/startup_folder_1k/4.log ---
hane_ready startup_time_ms=169.864 file_open_time_ms=0.000 rss_bytes=70844416
hane_work_folder_ready root=/Users/hide/Github/hane-issue23/target/fixtures/issue23/folder_1k elapsed_ms=189.622 indexed_markdown_files=1000

--- source_file: issue23-current-main-final/startup_folder_1k/5.log ---
hane_ready startup_time_ms=167.591 file_open_time_ms=0.000 rss_bytes=70893568
hane_work_folder_ready root=/Users/hide/Github/hane-issue23/target/fixtures/issue23/folder_1k elapsed_ms=186.380 indexed_markdown_files=1000

--- source_file: issue23-current-main-final/startup_folder_1k/6.log ---
hane_ready startup_time_ms=166.512 file_open_time_ms=0.000 rss_bytes=71090176
hane_work_folder_ready root=/Users/hide/Github/hane-issue23/target/fixtures/issue23/folder_1k elapsed_ms=184.683 indexed_markdown_files=1000

--- source_file: issue23-current-main-final/startup_folder_1k/7.log ---
hane_ready startup_time_ms=162.974 file_open_time_ms=0.000 rss_bytes=70909952
hane_work_folder_ready root=/Users/hide/Github/hane-issue23/target/fixtures/issue23/folder_1k elapsed_ms=181.965 indexed_markdown_files=1000

--- source_file: issue23-current-main-final/startup_folder_1k/8.log ---
hane_ready startup_time_ms=170.606 file_open_time_ms=0.000 rss_bytes=70909952
hane_work_folder_ready root=/Users/hide/Github/hane-issue23/target/fixtures/issue23/folder_1k elapsed_ms=189.220 indexed_markdown_files=1000

--- source_file: issue23-current-main-final/startup_folder_1k/9.log ---
hane_ready startup_time_ms=165.960 file_open_time_ms=0.000 rss_bytes=70959104
hane_work_folder_ready root=/Users/hide/Github/hane-issue23/target/fixtures/issue23/folder_1k elapsed_ms=184.446 indexed_markdown_files=1000

--- source_file: issue23-current-main-final/startup_folder_empty/1.log ---
hane_ready startup_time_ms=165.051 file_open_time_ms=0.000 rss_bytes=70991872
hane_work_folder_ready root=/Users/hide/Github/hane-issue23/target/fixtures/issue23/folder_empty elapsed_ms=182.441 indexed_markdown_files=0

--- source_file: issue23-current-main-final/startup_folder_empty/10.log ---
hane_ready startup_time_ms=167.811 file_open_time_ms=0.000 rss_bytes=71073792
hane_work_folder_ready root=/Users/hide/Github/hane-issue23/target/fixtures/issue23/folder_empty elapsed_ms=185.652 indexed_markdown_files=0

--- source_file: issue23-current-main-final/startup_folder_empty/11.log ---
hane_ready startup_time_ms=165.731 file_open_time_ms=0.000 rss_bytes=70893568
hane_work_folder_ready root=/Users/hide/Github/hane-issue23/target/fixtures/issue23/folder_empty elapsed_ms=182.752 indexed_markdown_files=0

--- source_file: issue23-current-main-final/startup_folder_empty/12.log ---
hane_ready startup_time_ms=163.461 file_open_time_ms=0.000 rss_bytes=70942720
hane_work_folder_ready root=/Users/hide/Github/hane-issue23/target/fixtures/issue23/folder_empty elapsed_ms=180.660 indexed_markdown_files=0

--- source_file: issue23-current-main-final/startup_folder_empty/13.log ---
hane_ready startup_time_ms=163.069 file_open_time_ms=0.000 rss_bytes=70926336
hane_work_folder_ready root=/Users/hide/Github/hane-issue23/target/fixtures/issue23/folder_empty elapsed_ms=179.811 indexed_markdown_files=0

--- source_file: issue23-current-main-final/startup_folder_empty/14.log ---
hane_ready startup_time_ms=163.442 file_open_time_ms=0.000 rss_bytes=70926336
hane_work_folder_ready root=/Users/hide/Github/hane-issue23/target/fixtures/issue23/folder_empty elapsed_ms=181.609 indexed_markdown_files=0

--- source_file: issue23-current-main-final/startup_folder_empty/15.log ---
hane_ready startup_time_ms=165.185 file_open_time_ms=0.000 rss_bytes=71041024
hane_work_folder_ready root=/Users/hide/Github/hane-issue23/target/fixtures/issue23/folder_empty elapsed_ms=182.473 indexed_markdown_files=0

--- source_file: issue23-current-main-final/startup_folder_empty/16.log ---
hane_ready startup_time_ms=162.098 file_open_time_ms=0.000 rss_bytes=71008256
hane_work_folder_ready root=/Users/hide/Github/hane-issue23/target/fixtures/issue23/folder_empty elapsed_ms=179.199 indexed_markdown_files=0

--- source_file: issue23-current-main-final/startup_folder_empty/17.log ---
hane_ready startup_time_ms=163.159 file_open_time_ms=0.000 rss_bytes=70991872
hane_work_folder_ready root=/Users/hide/Github/hane-issue23/target/fixtures/issue23/folder_empty elapsed_ms=180.744 indexed_markdown_files=0

--- source_file: issue23-current-main-final/startup_folder_empty/18.log ---
hane_ready startup_time_ms=172.853 file_open_time_ms=0.000 rss_bytes=71008256
hane_work_folder_ready root=/Users/hide/Github/hane-issue23/target/fixtures/issue23/folder_empty elapsed_ms=190.182 indexed_markdown_files=0

--- source_file: issue23-current-main-final/startup_folder_empty/19.log ---
hane_ready startup_time_ms=170.944 file_open_time_ms=0.000 rss_bytes=71008256
hane_work_folder_ready root=/Users/hide/Github/hane-issue23/target/fixtures/issue23/folder_empty elapsed_ms=188.821 indexed_markdown_files=0

--- source_file: issue23-current-main-final/startup_folder_empty/2.log ---
hane_ready startup_time_ms=162.629 file_open_time_ms=0.000 rss_bytes=71024640
hane_work_folder_ready root=/Users/hide/Github/hane-issue23/target/fixtures/issue23/folder_empty elapsed_ms=180.851 indexed_markdown_files=0

--- source_file: issue23-current-main-final/startup_folder_empty/20.log ---
hane_ready startup_time_ms=166.258 file_open_time_ms=0.000 rss_bytes=71024640
hane_work_folder_ready root=/Users/hide/Github/hane-issue23/target/fixtures/issue23/folder_empty elapsed_ms=183.085 indexed_markdown_files=0

--- source_file: issue23-current-main-final/startup_folder_empty/21.log ---
hane_ready startup_time_ms=162.399 file_open_time_ms=0.000 rss_bytes=71008256
hane_work_folder_ready root=/Users/hide/Github/hane-issue23/target/fixtures/issue23/folder_empty elapsed_ms=179.162 indexed_markdown_files=0

--- source_file: issue23-current-main-final/startup_folder_empty/22.log ---
hane_ready startup_time_ms=163.224 file_open_time_ms=0.000 rss_bytes=70975488
hane_work_folder_ready root=/Users/hide/Github/hane-issue23/target/fixtures/issue23/folder_empty elapsed_ms=180.514 indexed_markdown_files=0

--- source_file: issue23-current-main-final/startup_folder_empty/23.log ---
hane_ready startup_time_ms=160.498 file_open_time_ms=0.000 rss_bytes=70942720
hane_work_folder_ready root=/Users/hide/Github/hane-issue23/target/fixtures/issue23/folder_empty elapsed_ms=177.338 indexed_markdown_files=0

--- source_file: issue23-current-main-final/startup_folder_empty/24.log ---
hane_ready startup_time_ms=171.840 file_open_time_ms=0.000 rss_bytes=70959104
hane_work_folder_ready root=/Users/hide/Github/hane-issue23/target/fixtures/issue23/folder_empty elapsed_ms=190.673 indexed_markdown_files=0

--- source_file: issue23-current-main-final/startup_folder_empty/25.log ---
hane_ready startup_time_ms=170.020 file_open_time_ms=0.000 rss_bytes=70975488
hane_work_folder_ready root=/Users/hide/Github/hane-issue23/target/fixtures/issue23/folder_empty elapsed_ms=189.360 indexed_markdown_files=0

--- source_file: issue23-current-main-final/startup_folder_empty/26.log ---
hane_ready startup_time_ms=175.829 file_open_time_ms=0.000 rss_bytes=71008256
hane_work_folder_ready root=/Users/hide/Github/hane-issue23/target/fixtures/issue23/folder_empty elapsed_ms=196.329 indexed_markdown_files=0

--- source_file: issue23-current-main-final/startup_folder_empty/27.log ---
hane_ready startup_time_ms=170.736 file_open_time_ms=0.000 rss_bytes=71057408
hane_work_folder_ready root=/Users/hide/Github/hane-issue23/target/fixtures/issue23/folder_empty elapsed_ms=190.625 indexed_markdown_files=0

--- source_file: issue23-current-main-final/startup_folder_empty/28.log ---
hane_ready startup_time_ms=163.922 file_open_time_ms=0.000 rss_bytes=71057408
hane_work_folder_ready root=/Users/hide/Github/hane-issue23/target/fixtures/issue23/folder_empty elapsed_ms=183.426 indexed_markdown_files=0

--- source_file: issue23-current-main-final/startup_folder_empty/29.log ---
hane_ready startup_time_ms=174.366 file_open_time_ms=0.000 rss_bytes=70959104
hane_work_folder_ready root=/Users/hide/Github/hane-issue23/target/fixtures/issue23/folder_empty elapsed_ms=192.448 indexed_markdown_files=0

--- source_file: issue23-current-main-final/startup_folder_empty/3.log ---
hane_ready startup_time_ms=164.454 file_open_time_ms=0.000 rss_bytes=70942720
hane_work_folder_ready root=/Users/hide/Github/hane-issue23/target/fixtures/issue23/folder_empty elapsed_ms=181.655 indexed_markdown_files=0

--- source_file: issue23-current-main-final/startup_folder_empty/30.log ---
hane_ready startup_time_ms=175.837 file_open_time_ms=0.000 rss_bytes=71139328
hane_work_folder_ready root=/Users/hide/Github/hane-issue23/target/fixtures/issue23/folder_empty elapsed_ms=196.273 indexed_markdown_files=0

--- source_file: issue23-current-main-final/startup_folder_empty/4.log ---
hane_ready startup_time_ms=162.449 file_open_time_ms=0.000 rss_bytes=70991872
hane_work_folder_ready root=/Users/hide/Github/hane-issue23/target/fixtures/issue23/folder_empty elapsed_ms=179.651 indexed_markdown_files=0

--- source_file: issue23-current-main-final/startup_folder_empty/5.log ---
hane_ready startup_time_ms=169.594 file_open_time_ms=0.000 rss_bytes=70909952
hane_work_folder_ready root=/Users/hide/Github/hane-issue23/target/fixtures/issue23/folder_empty elapsed_ms=188.825 indexed_markdown_files=0

--- source_file: issue23-current-main-final/startup_folder_empty/6.log ---
hane_ready startup_time_ms=178.456 file_open_time_ms=0.000 rss_bytes=71172096
hane_work_folder_ready root=/Users/hide/Github/hane-issue23/target/fixtures/issue23/folder_empty elapsed_ms=196.332 indexed_markdown_files=0

--- source_file: issue23-current-main-final/startup_folder_empty/7.log ---
hane_ready startup_time_ms=163.054 file_open_time_ms=0.000 rss_bytes=70860800
hane_work_folder_ready root=/Users/hide/Github/hane-issue23/target/fixtures/issue23/folder_empty elapsed_ms=180.392 indexed_markdown_files=0

--- source_file: issue23-current-main-final/startup_folder_empty/8.log ---
hane_ready startup_time_ms=164.074 file_open_time_ms=0.000 rss_bytes=70909952
hane_work_folder_ready root=/Users/hide/Github/hane-issue23/target/fixtures/issue23/folder_empty elapsed_ms=181.115 indexed_markdown_files=0

--- source_file: issue23-current-main-final/startup_folder_empty/9.log ---
hane_ready startup_time_ms=162.849 file_open_time_ms=0.000 rss_bytes=70942720
hane_work_folder_ready root=/Users/hide/Github/hane-issue23/target/fixtures/issue23/folder_empty elapsed_ms=179.551 indexed_markdown_files=0

--- source_file: issue23-current-main-final/startup_small/1.log ---
hane_ready startup_time_ms=192.808 file_open_time_ms=68.510 rss_bytes=78102528

--- source_file: issue23-current-main-final/startup_small/10.log ---
hane_ready startup_time_ms=172.498 file_open_time_ms=58.933 rss_bytes=78069760

--- source_file: issue23-current-main-final/startup_small/11.log ---
hane_ready startup_time_ms=170.034 file_open_time_ms=61.257 rss_bytes=78102528

--- source_file: issue23-current-main-final/startup_small/12.log ---
hane_ready startup_time_ms=169.140 file_open_time_ms=60.821 rss_bytes=77905920

--- source_file: issue23-current-main-final/startup_small/13.log ---
hane_ready startup_time_ms=167.143 file_open_time_ms=59.543 rss_bytes=78102528

--- source_file: issue23-current-main-final/startup_small/14.log ---
hane_ready startup_time_ms=178.434 file_open_time_ms=60.511 rss_bytes=77922304

--- source_file: issue23-current-main-final/startup_small/15.log ---
hane_ready startup_time_ms=173.444 file_open_time_ms=62.186 rss_bytes=77955072

--- source_file: issue23-current-main-final/startup_small/16.log ---
hane_ready startup_time_ms=170.068 file_open_time_ms=59.506 rss_bytes=77889536

--- source_file: issue23-current-main-final/startup_small/17.log ---
hane_ready startup_time_ms=171.070 file_open_time_ms=60.445 rss_bytes=78053376

--- source_file: issue23-current-main-final/startup_small/18.log ---
hane_ready startup_time_ms=174.738 file_open_time_ms=62.144 rss_bytes=78102528

--- source_file: issue23-current-main-final/startup_small/19.log ---
hane_ready startup_time_ms=176.837 file_open_time_ms=60.209 rss_bytes=77971456

--- source_file: issue23-current-main-final/startup_small/2.log ---
hane_ready startup_time_ms=170.656 file_open_time_ms=62.906 rss_bytes=77922304

--- source_file: issue23-current-main-final/startup_small/20.log ---
hane_ready startup_time_ms=167.813 file_open_time_ms=59.191 rss_bytes=77938688

--- source_file: issue23-current-main-final/startup_small/21.log ---
hane_ready startup_time_ms=171.303 file_open_time_ms=62.305 rss_bytes=78118912

--- source_file: issue23-current-main-final/startup_small/22.log ---
hane_ready startup_time_ms=170.520 file_open_time_ms=59.325 rss_bytes=78102528

--- source_file: issue23-current-main-final/startup_small/23.log ---
hane_ready startup_time_ms=170.576 file_open_time_ms=61.972 rss_bytes=77905920

--- source_file: issue23-current-main-final/startup_small/24.log ---
hane_ready startup_time_ms=169.336 file_open_time_ms=60.663 rss_bytes=78020608

--- source_file: issue23-current-main-final/startup_small/25.log ---
hane_ready startup_time_ms=172.616 file_open_time_ms=61.533 rss_bytes=78020608

--- source_file: issue23-current-main-final/startup_small/26.log ---
hane_ready startup_time_ms=173.155 file_open_time_ms=59.534 rss_bytes=77922304

--- source_file: issue23-current-main-final/startup_small/27.log ---
hane_ready startup_time_ms=168.867 file_open_time_ms=62.382 rss_bytes=78053376

--- source_file: issue23-current-main-final/startup_small/28.log ---
hane_ready startup_time_ms=172.934 file_open_time_ms=59.787 rss_bytes=77873152

--- source_file: issue23-current-main-final/startup_small/29.log ---
hane_ready startup_time_ms=168.562 file_open_time_ms=59.870 rss_bytes=78086144

--- source_file: issue23-current-main-final/startup_small/3.log ---
hane_ready startup_time_ms=176.636 file_open_time_ms=62.043 rss_bytes=77987840

--- source_file: issue23-current-main-final/startup_small/30.log ---
hane_ready startup_time_ms=173.629 file_open_time_ms=60.262 rss_bytes=78053376

--- source_file: issue23-current-main-final/startup_small/4.log ---
hane_ready startup_time_ms=174.125 file_open_time_ms=60.512 rss_bytes=78069760

--- source_file: issue23-current-main-final/startup_small/5.log ---
hane_ready startup_time_ms=170.729 file_open_time_ms=61.810 rss_bytes=77922304

--- source_file: issue23-current-main-final/startup_small/6.log ---
hane_ready startup_time_ms=167.814 file_open_time_ms=60.294 rss_bytes=77905920

--- source_file: issue23-current-main-final/startup_small/7.log ---
hane_ready startup_time_ms=171.249 file_open_time_ms=61.016 rss_bytes=77971456

--- source_file: issue23-current-main-final/startup_small/8.log ---
hane_ready startup_time_ms=174.028 file_open_time_ms=63.531 rss_bytes=78036992

--- source_file: issue23-current-main-final/startup_small/9.log ---
hane_ready startup_time_ms=183.681 file_open_time_ms=60.419 rss_bytes=78036992

--- source_file: issue23-current-main-final/startup_warm/1.log ---
hane_ready startup_time_ms=244.332 file_open_time_ms=0.000 rss_bytes=71073792

--- source_file: issue23-current-main-final/startup_warm/10.log ---
hane_ready startup_time_ms=175.748 file_open_time_ms=0.000 rss_bytes=71057408

--- source_file: issue23-current-main-final/startup_warm/11.log ---
hane_ready startup_time_ms=170.777 file_open_time_ms=0.000 rss_bytes=70959104

--- source_file: issue23-current-main-final/startup_warm/12.log ---
hane_ready startup_time_ms=167.010 file_open_time_ms=0.000 rss_bytes=70991872

--- source_file: issue23-current-main-final/startup_warm/13.log ---
hane_ready startup_time_ms=164.605 file_open_time_ms=0.000 rss_bytes=70991872

--- source_file: issue23-current-main-final/startup_warm/14.log ---
hane_ready startup_time_ms=159.995 file_open_time_ms=0.000 rss_bytes=70926336

--- source_file: issue23-current-main-final/startup_warm/15.log ---
hane_ready startup_time_ms=157.954 file_open_time_ms=0.000 rss_bytes=70959104

--- source_file: issue23-current-main-final/startup_warm/16.log ---
hane_ready startup_time_ms=162.898 file_open_time_ms=0.000 rss_bytes=70909952

--- source_file: issue23-current-main-final/startup_warm/17.log ---
hane_ready startup_time_ms=162.664 file_open_time_ms=0.000 rss_bytes=71024640

--- source_file: issue23-current-main-final/startup_warm/18.log ---
hane_ready startup_time_ms=165.834 file_open_time_ms=0.000 rss_bytes=70828032

--- source_file: issue23-current-main-final/startup_warm/19.log ---
hane_ready startup_time_ms=164.736 file_open_time_ms=0.000 rss_bytes=70959104

--- source_file: issue23-current-main-final/startup_warm/2.log ---
hane_ready startup_time_ms=167.215 file_open_time_ms=0.000 rss_bytes=71073792

--- source_file: issue23-current-main-final/startup_warm/20.log ---
hane_ready startup_time_ms=165.934 file_open_time_ms=0.000 rss_bytes=70860800

--- source_file: issue23-current-main-final/startup_warm/21.log ---
hane_ready startup_time_ms=159.171 file_open_time_ms=0.000 rss_bytes=70959104

--- source_file: issue23-current-main-final/startup_warm/22.log ---
hane_ready startup_time_ms=158.683 file_open_time_ms=0.000 rss_bytes=70942720

--- source_file: issue23-current-main-final/startup_warm/23.log ---
hane_ready startup_time_ms=163.574 file_open_time_ms=0.000 rss_bytes=71041024

--- source_file: issue23-current-main-final/startup_warm/24.log ---
hane_ready startup_time_ms=168.614 file_open_time_ms=0.000 rss_bytes=70926336

--- source_file: issue23-current-main-final/startup_warm/25.log ---
hane_ready startup_time_ms=161.868 file_open_time_ms=0.000 rss_bytes=70909952

--- source_file: issue23-current-main-final/startup_warm/26.log ---
hane_ready startup_time_ms=161.944 file_open_time_ms=0.000 rss_bytes=70844416

--- source_file: issue23-current-main-final/startup_warm/27.log ---
hane_ready startup_time_ms=163.156 file_open_time_ms=0.000 rss_bytes=70975488

--- source_file: issue23-current-main-final/startup_warm/28.log ---
hane_ready startup_time_ms=160.509 file_open_time_ms=0.000 rss_bytes=70942720

--- source_file: issue23-current-main-final/startup_warm/29.log ---
hane_ready startup_time_ms=161.533 file_open_time_ms=0.000 rss_bytes=70860800

--- source_file: issue23-current-main-final/startup_warm/3.log ---
hane_ready startup_time_ms=170.391 file_open_time_ms=0.000 rss_bytes=70959104

--- source_file: issue23-current-main-final/startup_warm/30.log ---
hane_ready startup_time_ms=164.962 file_open_time_ms=0.000 rss_bytes=70942720

--- source_file: issue23-current-main-final/startup_warm/4.log ---
hane_ready startup_time_ms=169.957 file_open_time_ms=0.000 rss_bytes=70975488

--- source_file: issue23-current-main-final/startup_warm/5.log ---
hane_ready startup_time_ms=162.540 file_open_time_ms=0.000 rss_bytes=70959104

--- source_file: issue23-current-main-final/startup_warm/6.log ---
hane_ready startup_time_ms=166.228 file_open_time_ms=0.000 rss_bytes=70926336

--- source_file: issue23-current-main-final/startup_warm/7.log ---
hane_ready startup_time_ms=165.722 file_open_time_ms=0.000 rss_bytes=71041024

--- source_file: issue23-current-main-final/startup_warm/8.log ---
hane_ready startup_time_ms=164.306 file_open_time_ms=0.000 rss_bytes=70909952

--- source_file: issue23-current-main-final/startup_warm/9.log ---
hane_ready startup_time_ms=162.591 file_open_time_ms=0.000 rss_bytes=70959104

--- source_file: issue23-input-feedda4/background_input/hane.log ---
hane_ready startup_time_ms=191.443 file_open_time_ms=74.163 rss_bytes=80707584
hane_metrics keystroke_to_model_samples=1 keystroke_to_model_median_ms=0.008 keystroke_to_model_p95_ms=0.008 keystroke_to_model_p99_ms=0.008 keystroke_to_model_max_ms=0.008 keystroke_to_frame_samples=1 keystroke_to_frame_median_ms=9.627 keystroke_to_frame_p95_ms=9.627 keystroke_to_frame_p99_ms=9.627 keystroke_to_frame_max_ms=9.627 frame_interval_samples=6 frame_interval_median_ms=17.490 frame_interval_p95_ms=413.978 frame_interval_p99_ms=413.978 frame_interval_max_ms=413.978 layout_samples=7 layout_median_ms=0.174 layout_p95_ms=3.303 layout_p99_ms=3.303 layout_max_ms=3.303
hane_metrics keystroke_to_model_samples=2 keystroke_to_model_median_ms=0.008 keystroke_to_model_p95_ms=0.009 keystroke_to_model_p99_ms=0.009 keystroke_to_model_max_ms=0.009 keystroke_to_frame_samples=2 keystroke_to_frame_median_ms=5.458 keystroke_to_frame_p95_ms=9.627 keystroke_to_frame_p99_ms=9.627 keystroke_to_frame_max_ms=9.627 frame_interval_samples=8 frame_interval_median_ms=11.005 frame_interval_p95_ms=413.978 frame_interval_p99_ms=413.978 frame_interval_max_ms=413.978 layout_samples=9 layout_median_ms=0.174 layout_p95_ms=3.303 layout_p99_ms=3.303 layout_max_ms=3.303
hane_metrics keystroke_to_model_samples=3 keystroke_to_model_median_ms=0.008 keystroke_to_model_p95_ms=0.009 keystroke_to_model_p99_ms=0.009 keystroke_to_model_max_ms=0.009 keystroke_to_frame_samples=3 keystroke_to_frame_median_ms=5.458 keystroke_to_frame_p95_ms=9.627 keystroke_to_frame_p99_ms=9.627 keystroke_to_frame_max_ms=9.627 frame_interval_samples=10 frame_interval_median_ms=10.500 frame_interval_p95_ms=413.978 frame_interval_p99_ms=413.978 frame_interval_max_ms=413.978 layout_samples=11 layout_median_ms=0.174 layout_p95_ms=3.303 layout_p99_ms=3.303 layout_max_ms=3.303
hane_metrics keystroke_to_model_samples=4 keystroke_to_model_median_ms=0.007 keystroke_to_model_p95_ms=0.009 keystroke_to_model_p99_ms=0.009 keystroke_to_model_max_ms=0.009 keystroke_to_frame_samples=4 keystroke_to_frame_median_ms=3.169 keystroke_to_frame_p95_ms=9.627 keystroke_to_frame_p99_ms=9.627 keystroke_to_frame_max_ms=9.627 frame_interval_samples=12 frame_interval_median_ms=10.500 frame_interval_p95_ms=413.978 frame_interval_p99_ms=413.978 frame_interval_max_ms=413.978 layout_samples=13 layout_median_ms=0.174 layout_p95_ms=3.303 layout_p99_ms=3.303 layout_max_ms=3.303
hane_metrics keystroke_to_model_samples=5 keystroke_to_model_median_ms=0.007 keystroke_to_model_p95_ms=0.009 keystroke_to_model_p99_ms=0.009 keystroke_to_model_max_ms=0.009 keystroke_to_frame_samples=5 keystroke_to_frame_median_ms=3.169 keystroke_to_frame_p95_ms=9.627 keystroke_to_frame_p99_ms=9.627 keystroke_to_frame_max_ms=9.627 frame_interval_samples=14 frame_interval_median_ms=10.500 frame_interval_p95_ms=413.978 frame_interval_p99_ms=413.978 frame_interval_max_ms=413.978 layout_samples=15 layout_median_ms=0.174 layout_p95_ms=3.303 layout_p99_ms=3.303 layout_max_ms=3.303
hane_metrics keystroke_to_model_samples=6 keystroke_to_model_median_ms=0.006 keystroke_to_model_p95_ms=0.009 keystroke_to_model_p99_ms=0.009 keystroke_to_model_max_ms=0.009 keystroke_to_frame_samples=6 keystroke_to_frame_median_ms=3.169 keystroke_to_frame_p95_ms=9.627 keystroke_to_frame_p99_ms=9.627 keystroke_to_frame_max_ms=9.627 frame_interval_samples=20 frame_interval_median_ms=11.005 frame_interval_p95_ms=450.914 frame_interval_p99_ms=766.762 frame_interval_max_ms=766.762 layout_samples=21 layout_median_ms=0.155 layout_p95_ms=0.354 layout_p99_ms=3.303 layout_max_ms=3.303
hane_metrics keystroke_to_model_samples=7 keystroke_to_model_median_ms=0.007 keystroke_to_model_p95_ms=0.009 keystroke_to_model_p99_ms=0.009 keystroke_to_model_max_ms=0.009 keystroke_to_frame_samples=7 keystroke_to_frame_median_ms=3.657 keystroke_to_frame_p95_ms=9.627 keystroke_to_frame_p99_ms=9.627 keystroke_to_frame_max_ms=9.627 frame_interval_samples=22 frame_interval_median_ms=11.005 frame_interval_p95_ms=450.914 frame_interval_p99_ms=766.762 frame_interval_max_ms=766.762 layout_samples=23 layout_median_ms=0.155 layout_p95_ms=0.354 layout_p99_ms=3.303 layout_max_ms=3.303
hane_metrics keystroke_to_model_samples=8 keystroke_to_model_median_ms=0.007 keystroke_to_model_p95_ms=0.009 keystroke_to_model_p99_ms=0.009 keystroke_to_model_max_ms=0.009 keystroke_to_frame_samples=8 keystroke_to_frame_median_ms=3.302 keystroke_to_frame_p95_ms=9.627 keystroke_to_frame_p99_ms=9.627 keystroke_to_frame_max_ms=9.627 frame_interval_samples=24 frame_interval_median_ms=11.005 frame_interval_p95_ms=450.914 frame_interval_p99_ms=766.762 frame_interval_max_ms=766.762 layout_samples=25 layout_median_ms=0.155 layout_p95_ms=0.354 layout_p99_ms=3.303 layout_max_ms=3.303
hane_metrics keystroke_to_model_samples=9 keystroke_to_model_median_ms=0.007 keystroke_to_model_p95_ms=0.009 keystroke_to_model_p99_ms=0.009 keystroke_to_model_max_ms=0.009 keystroke_to_frame_samples=9 keystroke_to_frame_median_ms=3.657 keystroke_to_frame_p95_ms=9.627 keystroke_to_frame_p99_ms=9.627 keystroke_to_frame_max_ms=9.627 frame_interval_samples=26 frame_interval_median_ms=11.005 frame_interval_p95_ms=450.914 frame_interval_p99_ms=766.762 frame_interval_max_ms=766.762 layout_samples=27 layout_median_ms=0.155 layout_p95_ms=0.354 layout_p99_ms=3.303 layout_max_ms=3.303
hane_metrics keystroke_to_model_samples=10 keystroke_to_model_median_ms=0.007 keystroke_to_model_p95_ms=0.009 keystroke_to_model_p99_ms=0.009 keystroke_to_model_max_ms=0.009 keystroke_to_frame_samples=10 keystroke_to_frame_median_ms=3.657 keystroke_to_frame_p95_ms=9.627 keystroke_to_frame_p99_ms=9.627 keystroke_to_frame_max_ms=9.627 frame_interval_samples=28 frame_interval_median_ms=11.005 frame_interval_p95_ms=450.914 frame_interval_p99_ms=766.762 frame_interval_max_ms=766.762 layout_samples=29 layout_median_ms=0.155 layout_p95_ms=0.354 layout_p99_ms=3.303 layout_max_ms=3.303
hane_metrics keystroke_to_model_samples=11 keystroke_to_model_median_ms=0.007 keystroke_to_model_p95_ms=0.009 keystroke_to_model_p99_ms=0.009 keystroke_to_model_max_ms=0.009 keystroke_to_frame_samples=11 keystroke_to_frame_median_ms=3.898 keystroke_to_frame_p95_ms=9.627 keystroke_to_frame_p99_ms=9.627 keystroke_to_frame_max_ms=9.627 frame_interval_samples=30 frame_interval_median_ms=11.005 frame_interval_p95_ms=450.914 frame_interval_p99_ms=766.762 frame_interval_max_ms=766.762 layout_samples=31 layout_median_ms=0.155 layout_p95_ms=0.354 layout_p99_ms=3.303 layout_max_ms=3.303
hane_metrics keystroke_to_model_samples=12 keystroke_to_model_median_ms=0.007 keystroke_to_model_p95_ms=0.009 keystroke_to_model_p99_ms=0.009 keystroke_to_model_max_ms=0.009 keystroke_to_frame_samples=12 keystroke_to_frame_median_ms=3.898 keystroke_to_frame_p95_ms=9.627 keystroke_to_frame_p99_ms=9.627 keystroke_to_frame_max_ms=9.627 frame_interval_samples=32 frame_interval_median_ms=11.005 frame_interval_p95_ms=450.914 frame_interval_p99_ms=766.762 frame_interval_max_ms=766.762 layout_samples=33 layout_median_ms=0.155 layout_p95_ms=0.354 layout_p99_ms=3.303 layout_max_ms=3.303
hane_metrics keystroke_to_model_samples=13 keystroke_to_model_median_ms=0.007 keystroke_to_model_p95_ms=0.009 keystroke_to_model_p99_ms=0.009 keystroke_to_model_max_ms=0.009 keystroke_to_frame_samples=13 keystroke_to_frame_median_ms=3.898 keystroke_to_frame_p95_ms=9.627 keystroke_to_frame_p99_ms=9.627 keystroke_to_frame_max_ms=9.627 frame_interval_samples=34 frame_interval_median_ms=11.005 frame_interval_p95_ms=450.914 frame_interval_p99_ms=766.762 frame_interval_max_ms=766.762 layout_samples=35 layout_median_ms=0.155 layout_p95_ms=0.354 layout_p99_ms=3.303 layout_max_ms=3.303
hane_metrics keystroke_to_model_samples=14 keystroke_to_model_median_ms=0.006 keystroke_to_model_p95_ms=0.009 keystroke_to_model_p99_ms=0.009 keystroke_to_model_max_ms=0.009 keystroke_to_frame_samples=14 keystroke_to_frame_median_ms=3.873 keystroke_to_frame_p95_ms=9.627 keystroke_to_frame_p99_ms=9.627 keystroke_to_frame_max_ms=9.627 frame_interval_samples=36 frame_interval_median_ms=11.005 frame_interval_p95_ms=450.914 frame_interval_p99_ms=766.762 frame_interval_max_ms=766.762 layout_samples=37 layout_median_ms=0.155 layout_p95_ms=0.354 layout_p99_ms=3.303 layout_max_ms=3.303
hane_metrics keystroke_to_model_samples=15 keystroke_to_model_median_ms=0.007 keystroke_to_model_p95_ms=0.009 keystroke_to_model_p99_ms=0.009 keystroke_to_model_max_ms=0.009 keystroke_to_frame_samples=15 keystroke_to_frame_median_ms=3.898 keystroke_to_frame_p95_ms=9.627 keystroke_to_frame_p99_ms=9.627 keystroke_to_frame_max_ms=9.627 frame_interval_samples=38 frame_interval_median_ms=11.005 frame_interval_p95_ms=450.914 frame_interval_p99_ms=766.762 frame_interval_max_ms=766.762 layout_samples=39 layout_median_ms=0.155 layout_p95_ms=0.354 layout_p99_ms=3.303 layout_max_ms=3.303
hane_metrics keystroke_to_model_samples=16 keystroke_to_model_median_ms=0.006 keystroke_to_model_p95_ms=0.009 keystroke_to_model_p99_ms=0.009 keystroke_to_model_max_ms=0.009 keystroke_to_frame_samples=16 keystroke_to_frame_median_ms=3.898 keystroke_to_frame_p95_ms=9.627 keystroke_to_frame_p99_ms=9.627 keystroke_to_frame_max_ms=9.627 frame_interval_samples=40 frame_interval_median_ms=11.005 frame_interval_p95_ms=413.978 frame_interval_p99_ms=766.762 frame_interval_max_ms=766.762 layout_samples=41 layout_median_ms=0.155 layout_p95_ms=0.335 layout_p99_ms=3.303 layout_max_ms=3.303
hane_metrics keystroke_to_model_samples=17 keystroke_to_model_median_ms=0.007 keystroke_to_model_p95_ms=0.009 keystroke_to_model_p99_ms=0.009 keystroke_to_model_max_ms=0.009 keystroke_to_frame_samples=17 keystroke_to_frame_median_ms=3.901 keystroke_to_frame_p95_ms=9.627 keystroke_to_frame_p99_ms=9.627 keystroke_to_frame_max_ms=9.627 frame_interval_samples=42 frame_interval_median_ms=11.005 frame_interval_p95_ms=413.978 frame_interval_p99_ms=766.762 frame_interval_max_ms=766.762 layout_samples=43 layout_median_ms=0.155 layout_p95_ms=0.335 layout_p99_ms=3.303 layout_max_ms=3.303
hane_metrics keystroke_to_model_samples=18 keystroke_to_model_median_ms=0.006 keystroke_to_model_p95_ms=0.009 keystroke_to_model_p99_ms=0.009 keystroke_to_model_max_ms=0.009 keystroke_to_frame_samples=18 keystroke_to_frame_median_ms=3.898 keystroke_to_frame_p95_ms=9.627 keystroke_to_frame_p99_ms=9.627 keystroke_to_frame_max_ms=9.627 frame_interval_samples=44 frame_interval_median_ms=11.005 frame_interval_p95_ms=413.978 frame_interval_p99_ms=766.762 frame_interval_max_ms=766.762 layout_samples=45 layout_median_ms=0.155 layout_p95_ms=0.335 layout_p99_ms=3.303 layout_max_ms=3.303
hane_metrics keystroke_to_model_samples=19 keystroke_to_model_median_ms=0.006 keystroke_to_model_p95_ms=0.009 keystroke_to_model_p99_ms=0.009 keystroke_to_model_max_ms=0.009 keystroke_to_frame_samples=19 keystroke_to_frame_median_ms=3.901 keystroke_to_frame_p95_ms=9.627 keystroke_to_frame_p99_ms=9.627 keystroke_to_frame_max_ms=9.627 frame_interval_samples=46 frame_interval_median_ms=11.005 frame_interval_p95_ms=413.978 frame_interval_p99_ms=766.762 frame_interval_max_ms=766.762 layout_samples=47 layout_median_ms=0.155 layout_p95_ms=0.335 layout_p99_ms=3.303 layout_max_ms=3.303
hane_metrics keystroke_to_model_samples=20 keystroke_to_model_median_ms=0.006 keystroke_to_model_p95_ms=0.008 keystroke_to_model_p99_ms=0.009 keystroke_to_model_max_ms=0.009 keystroke_to_frame_samples=20 keystroke_to_frame_median_ms=3.898 keystroke_to_frame_p95_ms=5.458 keystroke_to_frame_p99_ms=9.627 keystroke_to_frame_max_ms=9.627 frame_interval_samples=49 frame_interval_median_ms=11.075 frame_interval_p95_ms=413.978 frame_interval_p99_ms=766.762 frame_interval_max_ms=766.762 layout_samples=50 layout_median_ms=0.153 layout_p95_ms=0.335 layout_p99_ms=3.303 layout_max_ms=3.303
hane_metrics keystroke_to_model_samples=21 keystroke_to_model_median_ms=0.006 keystroke_to_model_p95_ms=0.008 keystroke_to_model_p99_ms=0.009 keystroke_to_model_max_ms=0.009 keystroke_to_frame_samples=21 keystroke_to_frame_median_ms=3.898 keystroke_to_frame_p95_ms=5.458 keystroke_to_frame_p99_ms=9.627 keystroke_to_frame_max_ms=9.627 frame_interval_samples=51 frame_interval_median_ms=11.075 frame_interval_p95_ms=413.978 frame_interval_p99_ms=766.762 frame_interval_max_ms=766.762 layout_samples=52 layout_median_ms=0.153 layout_p95_ms=0.335 layout_p99_ms=3.303 layout_max_ms=3.303
hane_metrics keystroke_to_model_samples=22 keystroke_to_model_median_ms=0.006 keystroke_to_model_p95_ms=0.008 keystroke_to_model_p99_ms=0.009 keystroke_to_model_max_ms=0.009 keystroke_to_frame_samples=22 keystroke_to_frame_median_ms=3.873 keystroke_to_frame_p95_ms=5.458 keystroke_to_frame_p99_ms=9.627 keystroke_to_frame_max_ms=9.627 frame_interval_samples=53 frame_interval_median_ms=11.075 frame_interval_p95_ms=413.978 frame_interval_p99_ms=766.762 frame_interval_max_ms=766.762 layout_samples=54 layout_median_ms=0.153 layout_p95_ms=0.335 layout_p99_ms=3.303 layout_max_ms=3.303
hane_metrics keystroke_to_model_samples=23 keystroke_to_model_median_ms=0.006 keystroke_to_model_p95_ms=0.008 keystroke_to_model_p99_ms=0.009 keystroke_to_model_max_ms=0.009 keystroke_to_frame_samples=23 keystroke_to_frame_median_ms=3.873 keystroke_to_frame_p95_ms=5.458 keystroke_to_frame_p99_ms=9.627 keystroke_to_frame_max_ms=9.627 frame_interval_samples=55 frame_interval_median_ms=11.075 frame_interval_p95_ms=413.978 frame_interval_p99_ms=766.762 frame_interval_max_ms=766.762 layout_samples=56 layout_median_ms=0.153 layout_p95_ms=0.335 layout_p99_ms=3.303 layout_max_ms=3.303
hane_metrics keystroke_to_model_samples=24 keystroke_to_model_median_ms=0.006 keystroke_to_model_p95_ms=0.008 keystroke_to_model_p99_ms=0.009 keystroke_to_model_max_ms=0.009 keystroke_to_frame_samples=24 keystroke_to_frame_median_ms=3.872 keystroke_to_frame_p95_ms=5.458 keystroke_to_frame_p99_ms=9.627 keystroke_to_frame_max_ms=9.627 frame_interval_samples=57 frame_interval_median_ms=11.075 frame_interval_p95_ms=413.978 frame_interval_p99_ms=766.762 frame_interval_max_ms=766.762 layout_samples=58 layout_median_ms=0.153 layout_p95_ms=0.335 layout_p99_ms=3.303 layout_max_ms=3.303
hane_metrics keystroke_to_model_samples=25 keystroke_to_model_median_ms=0.006 keystroke_to_model_p95_ms=0.008 keystroke_to_model_p99_ms=0.009 keystroke_to_model_max_ms=0.009 keystroke_to_frame_samples=25 keystroke_to_frame_median_ms=3.872 keystroke_to_frame_p95_ms=5.458 keystroke_to_frame_p99_ms=9.627 keystroke_to_frame_max_ms=9.627 frame_interval_samples=59 frame_interval_median_ms=11.075 frame_interval_p95_ms=413.978 frame_interval_p99_ms=766.762 frame_interval_max_ms=766.762 layout_samples=60 layout_median_ms=0.153 layout_p95_ms=0.334 layout_p99_ms=3.303 layout_max_ms=3.303
hane_metrics keystroke_to_model_samples=26 keystroke_to_model_median_ms=0.006 keystroke_to_model_p95_ms=0.008 keystroke_to_model_p99_ms=0.009 keystroke_to_model_max_ms=0.009 keystroke_to_frame_samples=26 keystroke_to_frame_median_ms=3.872 keystroke_to_frame_p95_ms=5.458 keystroke_to_frame_p99_ms=9.627 keystroke_to_frame_max_ms=9.627 frame_interval_samples=61 frame_interval_median_ms=11.075 frame_interval_p95_ms=191.888 frame_interval_p99_ms=766.762 frame_interval_max_ms=766.762 layout_samples=62 layout_median_ms=0.153 layout_p95_ms=0.334 layout_p99_ms=3.303 layout_max_ms=3.303
hane_metrics keystroke_to_model_samples=27 keystroke_to_model_median_ms=0.006 keystroke_to_model_p95_ms=0.008 keystroke_to_model_p99_ms=0.009 keystroke_to_model_max_ms=0.009 keystroke_to_frame_samples=27 keystroke_to_frame_median_ms=3.872 keystroke_to_frame_p95_ms=5.458 keystroke_to_frame_p99_ms=9.627 keystroke_to_frame_max_ms=9.627 frame_interval_samples=63 frame_interval_median_ms=11.075 frame_interval_p95_ms=191.888 frame_interval_p99_ms=766.762 frame_interval_max_ms=766.762 layout_samples=64 layout_median_ms=0.153 layout_p95_ms=0.334 layout_p99_ms=3.303 layout_max_ms=3.303
hane_metrics keystroke_to_model_samples=28 keystroke_to_model_median_ms=0.006 keystroke_to_model_p95_ms=0.008 keystroke_to_model_p99_ms=0.009 keystroke_to_model_max_ms=0.009 keystroke_to_frame_samples=28 keystroke_to_frame_median_ms=3.657 keystroke_to_frame_p95_ms=5.458 keystroke_to_frame_p99_ms=9.627 keystroke_to_frame_max_ms=9.627 frame_interval_samples=65 frame_interval_median_ms=11.075 frame_interval_p95_ms=191.888 frame_interval_p99_ms=766.762 frame_interval_max_ms=766.762 layout_samples=66 layout_median_ms=0.153 layout_p95_ms=0.334 layout_p99_ms=3.303 layout_max_ms=3.303
hane_metrics keystroke_to_model_samples=29 keystroke_to_model_median_ms=0.006 keystroke_to_model_p95_ms=0.008 keystroke_to_model_p99_ms=0.009 keystroke_to_model_max_ms=0.009 keystroke_to_frame_samples=29 keystroke_to_frame_median_ms=3.657 keystroke_to_frame_p95_ms=5.458 keystroke_to_frame_p99_ms=9.627 keystroke_to_frame_max_ms=9.627 frame_interval_samples=67 frame_interval_median_ms=11.075 frame_interval_p95_ms=191.888 frame_interval_p99_ms=766.762 frame_interval_max_ms=766.762 layout_samples=68 layout_median_ms=0.153 layout_p95_ms=0.334 layout_p99_ms=3.303 layout_max_ms=3.303
hane_metrics keystroke_to_model_samples=30 keystroke_to_model_median_ms=0.006 keystroke_to_model_p95_ms=0.008 keystroke_to_model_p99_ms=0.009 keystroke_to_model_max_ms=0.009 keystroke_to_frame_samples=30 keystroke_to_frame_median_ms=3.456 keystroke_to_frame_p95_ms=5.458 keystroke_to_frame_p99_ms=9.627 keystroke_to_frame_max_ms=9.627 frame_interval_samples=69 frame_interval_median_ms=11.075 frame_interval_p95_ms=191.888 frame_interval_p99_ms=766.762 frame_interval_max_ms=766.762 layout_samples=70 layout_median_ms=0.153 layout_p95_ms=0.334 layout_p99_ms=3.303 layout_max_ms=3.303
hane_metrics keystroke_to_model_samples=31 keystroke_to_model_median_ms=0.006 keystroke_to_model_p95_ms=0.008 keystroke_to_model_p99_ms=0.009 keystroke_to_model_max_ms=0.009 keystroke_to_frame_samples=31 keystroke_to_frame_median_ms=3.456 keystroke_to_frame_p95_ms=5.458 keystroke_to_frame_p99_ms=9.627 keystroke_to_frame_max_ms=9.627 frame_interval_samples=71 frame_interval_median_ms=11.075 frame_interval_p95_ms=191.888 frame_interval_p99_ms=766.762 frame_interval_max_ms=766.762 layout_samples=72 layout_median_ms=0.153 layout_p95_ms=0.334 layout_p99_ms=3.303 layout_max_ms=3.303
hane_metrics keystroke_to_model_samples=32 keystroke_to_model_median_ms=0.006 keystroke_to_model_p95_ms=0.008 keystroke_to_model_p99_ms=0.009 keystroke_to_model_max_ms=0.009 keystroke_to_frame_samples=32 keystroke_to_frame_median_ms=3.302 keystroke_to_frame_p95_ms=5.458 keystroke_to_frame_p99_ms=9.627 keystroke_to_frame_max_ms=9.627 frame_interval_samples=73 frame_interval_median_ms=11.075 frame_interval_p95_ms=191.888 frame_interval_p99_ms=766.762 frame_interval_max_ms=766.762 layout_samples=74 layout_median_ms=0.153 layout_p95_ms=0.334 layout_p99_ms=3.303 layout_max_ms=3.303
hane_metrics keystroke_to_model_samples=33 keystroke_to_model_median_ms=0.006 keystroke_to_model_p95_ms=0.008 keystroke_to_model_p99_ms=0.009 keystroke_to_model_max_ms=0.009 keystroke_to_frame_samples=33 keystroke_to_frame_median_ms=3.302 keystroke_to_frame_p95_ms=5.458 keystroke_to_frame_p99_ms=9.627 keystroke_to_frame_max_ms=9.627 frame_interval_samples=75 frame_interval_median_ms=11.075 frame_interval_p95_ms=191.888 frame_interval_p99_ms=766.762 frame_interval_max_ms=766.762 layout_samples=76 layout_median_ms=0.153 layout_p95_ms=0.334 layout_p99_ms=3.303 layout_max_ms=3.303
hane_metrics keystroke_to_model_samples=34 keystroke_to_model_median_ms=0.006 keystroke_to_model_p95_ms=0.008 keystroke_to_model_p99_ms=0.009 keystroke_to_model_max_ms=0.009 keystroke_to_frame_samples=34 keystroke_to_frame_median_ms=3.169 keystroke_to_frame_p95_ms=5.458 keystroke_to_frame_p99_ms=9.627 keystroke_to_frame_max_ms=9.627 frame_interval_samples=77 frame_interval_median_ms=11.075 frame_interval_p95_ms=191.888 frame_interval_p99_ms=766.762 frame_interval_max_ms=766.762 layout_samples=78 layout_median_ms=0.153 layout_p95_ms=0.334 layout_p99_ms=3.303 layout_max_ms=3.303
hane_metrics keystroke_to_model_samples=35 keystroke_to_model_median_ms=0.006 keystroke_to_model_p95_ms=0.008 keystroke_to_model_p99_ms=0.009 keystroke_to_model_max_ms=0.009 keystroke_to_frame_samples=35 keystroke_to_frame_median_ms=3.169 keystroke_to_frame_p95_ms=5.458 keystroke_to_frame_p99_ms=9.627 keystroke_to_frame_max_ms=9.627 frame_interval_samples=79 frame_interval_median_ms=11.075 frame_interval_p95_ms=191.888 frame_interval_p99_ms=766.762 frame_interval_max_ms=766.762 layout_samples=80 layout_median_ms=0.153 layout_p95_ms=0.318 layout_p99_ms=3.303 layout_max_ms=3.303

--- source_file: issue23-input-feedda4/hundred_end/hane.log ---
hane_ready startup_time_ms=371.253 file_open_time_ms=228.435 rss_bytes=383729664
hane_metrics keystroke_to_model_samples=1 keystroke_to_model_median_ms=0.025 keystroke_to_model_p95_ms=0.025 keystroke_to_model_p99_ms=0.025 keystroke_to_model_max_ms=0.025 keystroke_to_frame_samples=1 keystroke_to_frame_median_ms=7.347 keystroke_to_frame_p95_ms=7.347 keystroke_to_frame_p99_ms=7.347 keystroke_to_frame_max_ms=7.347 frame_interval_samples=4 frame_interval_median_ms=18.897 frame_interval_p95_ms=455.302 frame_interval_p99_ms=455.302 frame_interval_max_ms=455.302 layout_samples=5 layout_median_ms=0.545 layout_p95_ms=17.090 layout_p99_ms=17.090 layout_max_ms=17.090
hane_metrics keystroke_to_model_samples=2 keystroke_to_model_median_ms=0.008 keystroke_to_model_p95_ms=0.025 keystroke_to_model_p99_ms=0.025 keystroke_to_model_max_ms=0.025 keystroke_to_frame_samples=2 keystroke_to_frame_median_ms=1.325 keystroke_to_frame_p95_ms=7.347 keystroke_to_frame_p99_ms=7.347 keystroke_to_frame_max_ms=7.347 frame_interval_samples=5 frame_interval_median_ms=18.897 frame_interval_p95_ms=455.302 frame_interval_p99_ms=455.302 frame_interval_max_ms=455.302 layout_samples=6 layout_median_ms=0.509 layout_p95_ms=17.090 layout_p99_ms=17.090 layout_max_ms=17.090
hane_metrics keystroke_to_model_samples=3 keystroke_to_model_median_ms=0.008 keystroke_to_model_p95_ms=0.025 keystroke_to_model_p99_ms=0.025 keystroke_to_model_max_ms=0.025 keystroke_to_frame_samples=3 keystroke_to_frame_median_ms=2.052 keystroke_to_frame_p95_ms=7.347 keystroke_to_frame_p99_ms=7.347 keystroke_to_frame_max_ms=7.347 frame_interval_samples=6 frame_interval_median_ms=18.897 frame_interval_p95_ms=455.302 frame_interval_p99_ms=455.302 frame_interval_max_ms=455.302 layout_samples=7 layout_median_ms=0.509 layout_p95_ms=17.090 layout_p99_ms=17.090 layout_max_ms=17.090
hane_metrics keystroke_to_model_samples=4 keystroke_to_model_median_ms=0.006 keystroke_to_model_p95_ms=0.025 keystroke_to_model_p99_ms=0.025 keystroke_to_model_max_ms=0.025 keystroke_to_frame_samples=4 keystroke_to_frame_median_ms=2.052 keystroke_to_frame_p95_ms=7.347 keystroke_to_frame_p99_ms=7.347 keystroke_to_frame_max_ms=7.347 frame_interval_samples=7 frame_interval_median_ms=24.876 frame_interval_p95_ms=455.302 frame_interval_p99_ms=455.302 frame_interval_max_ms=455.302 layout_samples=8 layout_median_ms=0.506 layout_p95_ms=17.090 layout_p99_ms=17.090 layout_max_ms=17.090
hane_metrics keystroke_to_model_samples=5 keystroke_to_model_median_ms=0.008 keystroke_to_model_p95_ms=0.025 keystroke_to_model_p99_ms=0.025 keystroke_to_model_max_ms=0.025 keystroke_to_frame_samples=5 keystroke_to_frame_median_ms=2.052 keystroke_to_frame_p95_ms=7.347 keystroke_to_frame_p99_ms=7.347 keystroke_to_frame_max_ms=7.347 frame_interval_samples=8 frame_interval_median_ms=24.876 frame_interval_p95_ms=455.302 frame_interval_p99_ms=455.302 frame_interval_max_ms=455.302 layout_samples=9 layout_median_ms=0.506 layout_p95_ms=17.090 layout_p99_ms=17.090 layout_max_ms=17.090
hane_metrics keystroke_to_model_samples=6 keystroke_to_model_median_ms=0.008 keystroke_to_model_p95_ms=0.025 keystroke_to_model_p99_ms=0.025 keystroke_to_model_max_ms=0.025 keystroke_to_frame_samples=6 keystroke_to_frame_median_ms=1.810 keystroke_to_frame_p95_ms=7.347 keystroke_to_frame_p99_ms=7.347 keystroke_to_frame_max_ms=7.347 frame_interval_samples=10 frame_interval_median_ms=24.876 frame_interval_p95_ms=1659.841 frame_interval_p99_ms=1659.841 frame_interval_max_ms=1659.841 layout_samples=11 layout_median_ms=0.506 layout_p95_ms=17.090 layout_p99_ms=17.090 layout_max_ms=17.090
hane_metrics keystroke_to_model_samples=7 keystroke_to_model_median_ms=0.008 keystroke_to_model_p95_ms=0.025 keystroke_to_model_p99_ms=0.025 keystroke_to_model_max_ms=0.025 keystroke_to_frame_samples=7 keystroke_to_frame_median_ms=1.810 keystroke_to_frame_p95_ms=7.347 keystroke_to_frame_p99_ms=7.347 keystroke_to_frame_max_ms=7.347 frame_interval_samples=11 frame_interval_median_ms=24.876 frame_interval_p95_ms=1659.841 frame_interval_p99_ms=1659.841 frame_interval_max_ms=1659.841 layout_samples=12 layout_median_ms=0.467 layout_p95_ms=17.090 layout_p99_ms=17.090 layout_max_ms=17.090
hane_metrics keystroke_to_model_samples=8 keystroke_to_model_median_ms=0.006 keystroke_to_model_p95_ms=0.025 keystroke_to_model_p99_ms=0.025 keystroke_to_model_max_ms=0.025 keystroke_to_frame_samples=8 keystroke_to_frame_median_ms=1.325 keystroke_to_frame_p95_ms=7.347 keystroke_to_frame_p99_ms=7.347 keystroke_to_frame_max_ms=7.347 frame_interval_samples=12 frame_interval_median_ms=18.897 frame_interval_p95_ms=1659.841 frame_interval_p99_ms=1659.841 frame_interval_max_ms=1659.841 layout_samples=13 layout_median_ms=0.467 layout_p95_ms=17.090 layout_p99_ms=17.090 layout_max_ms=17.090
hane_metrics keystroke_to_model_samples=9 keystroke_to_model_median_ms=0.006 keystroke_to_model_p95_ms=0.025 keystroke_to_model_p99_ms=0.025 keystroke_to_model_max_ms=0.025 keystroke_to_frame_samples=9 keystroke_to_frame_median_ms=1.325 keystroke_to_frame_p95_ms=7.347 keystroke_to_frame_p99_ms=7.347 keystroke_to_frame_max_ms=7.347 frame_interval_samples=13 frame_interval_median_ms=18.897 frame_interval_p95_ms=1659.841 frame_interval_p99_ms=1659.841 frame_interval_max_ms=1659.841 layout_samples=14 layout_median_ms=0.438 layout_p95_ms=17.090 layout_p99_ms=17.090 layout_max_ms=17.090
hane_metrics keystroke_to_model_samples=10 keystroke_to_model_median_ms=0.006 keystroke_to_model_p95_ms=0.025 keystroke_to_model_p99_ms=0.025 keystroke_to_model_max_ms=0.025 keystroke_to_frame_samples=10 keystroke_to_frame_median_ms=0.762 keystroke_to_frame_p95_ms=7.347 keystroke_to_frame_p99_ms=7.347 keystroke_to_frame_max_ms=7.347 frame_interval_samples=14 frame_interval_median_ms=11.709 frame_interval_p95_ms=1659.841 frame_interval_p99_ms=1659.841 frame_interval_max_ms=1659.841 layout_samples=15 layout_median_ms=0.438 layout_p95_ms=17.090 layout_p99_ms=17.090 layout_max_ms=17.090
hane_metrics keystroke_to_model_samples=11 keystroke_to_model_median_ms=0.006 keystroke_to_model_p95_ms=0.025 keystroke_to_model_p99_ms=0.025 keystroke_to_model_max_ms=0.025 keystroke_to_frame_samples=11 keystroke_to_frame_median_ms=0.762 keystroke_to_frame_p95_ms=7.347 keystroke_to_frame_p99_ms=7.347 keystroke_to_frame_max_ms=7.347 frame_interval_samples=15 frame_interval_median_ms=11.709 frame_interval_p95_ms=1659.841 frame_interval_p99_ms=1659.841 frame_interval_max_ms=1659.841 layout_samples=16 layout_median_ms=0.425 layout_p95_ms=17.090 layout_p99_ms=17.090 layout_max_ms=17.090
hane_metrics keystroke_to_model_samples=12 keystroke_to_model_median_ms=0.002 keystroke_to_model_p95_ms=0.025 keystroke_to_model_p99_ms=0.025 keystroke_to_model_max_ms=0.025 keystroke_to_frame_samples=12 keystroke_to_frame_median_ms=0.601 keystroke_to_frame_p95_ms=7.347 keystroke_to_frame_p99_ms=7.347 keystroke_to_frame_max_ms=7.347 frame_interval_samples=16 frame_interval_median_ms=8.168 frame_interval_p95_ms=1659.841 frame_interval_p99_ms=1659.841 frame_interval_max_ms=1659.841 layout_samples=17 layout_median_ms=0.425 layout_p95_ms=17.090 layout_p99_ms=17.090 layout_max_ms=17.090
hane_metrics keystroke_to_model_samples=13 keystroke_to_model_median_ms=0.002 keystroke_to_model_p95_ms=0.025 keystroke_to_model_p99_ms=0.025 keystroke_to_model_max_ms=0.025 keystroke_to_frame_samples=13 keystroke_to_frame_median_ms=0.601 keystroke_to_frame_p95_ms=7.347 keystroke_to_frame_p99_ms=7.347 keystroke_to_frame_max_ms=7.347 frame_interval_samples=17 frame_interval_median_ms=8.168 frame_interval_p95_ms=1659.841 frame_interval_p99_ms=1659.841 frame_interval_max_ms=1659.841 layout_samples=18 layout_median_ms=0.416 layout_p95_ms=17.090 layout_p99_ms=17.090 layout_max_ms=17.090
hane_metrics keystroke_to_model_samples=14 keystroke_to_model_median_ms=0.002 keystroke_to_model_p95_ms=0.025 keystroke_to_model_p99_ms=0.025 keystroke_to_model_max_ms=0.025 keystroke_to_frame_samples=14 keystroke_to_frame_median_ms=0.601 keystroke_to_frame_p95_ms=7.347 keystroke_to_frame_p99_ms=7.347 keystroke_to_frame_max_ms=7.347 frame_interval_samples=18 frame_interval_median_ms=8.168 frame_interval_p95_ms=1659.841 frame_interval_p99_ms=1659.841 frame_interval_max_ms=1659.841 layout_samples=19 layout_median_ms=0.416 layout_p95_ms=17.090 layout_p99_ms=17.090 layout_max_ms=17.090
hane_metrics keystroke_to_model_samples=15 keystroke_to_model_median_ms=0.004 keystroke_to_model_p95_ms=0.025 keystroke_to_model_p99_ms=0.025 keystroke_to_model_max_ms=0.025 keystroke_to_frame_samples=15 keystroke_to_frame_median_ms=0.762 keystroke_to_frame_p95_ms=7.347 keystroke_to_frame_p99_ms=7.347 keystroke_to_frame_max_ms=7.347 frame_interval_samples=19 frame_interval_median_ms=11.709 frame_interval_p95_ms=1659.841 frame_interval_p99_ms=1659.841 frame_interval_max_ms=1659.841 layout_samples=20 layout_median_ms=0.325 layout_p95_ms=0.862 layout_p99_ms=17.090 layout_max_ms=17.090
hane_metrics keystroke_to_model_samples=16 keystroke_to_model_median_ms=0.004 keystroke_to_model_p95_ms=0.025 keystroke_to_model_p99_ms=0.025 keystroke_to_model_max_ms=0.025 keystroke_to_frame_samples=16 keystroke_to_frame_median_ms=0.762 keystroke_to_frame_p95_ms=7.347 keystroke_to_frame_p99_ms=7.347 keystroke_to_frame_max_ms=7.347 frame_interval_samples=20 frame_interval_median_ms=11.709 frame_interval_p95_ms=455.302 frame_interval_p99_ms=1659.841 frame_interval_max_ms=1659.841 layout_samples=21 layout_median_ms=0.325 layout_p95_ms=0.862 layout_p99_ms=17.090 layout_max_ms=17.090
hane_metrics keystroke_to_model_samples=17 keystroke_to_model_median_ms=0.004 keystroke_to_model_p95_ms=0.025 keystroke_to_model_p99_ms=0.025 keystroke_to_model_max_ms=0.025 keystroke_to_frame_samples=17 keystroke_to_frame_median_ms=1.325 keystroke_to_frame_p95_ms=7.347 keystroke_to_frame_p99_ms=7.347 keystroke_to_frame_max_ms=7.347 frame_interval_samples=21 frame_interval_median_ms=18.781 frame_interval_p95_ms=455.302 frame_interval_p99_ms=1659.841 frame_interval_max_ms=1659.841 layout_samples=22 layout_median_ms=0.258 layout_p95_ms=0.862 layout_p99_ms=17.090 layout_max_ms=17.090
hane_metrics keystroke_to_model_samples=18 keystroke_to_model_median_ms=0.004 keystroke_to_model_p95_ms=0.025 keystroke_to_model_p99_ms=0.025 keystroke_to_model_max_ms=0.025 keystroke_to_frame_samples=18 keystroke_to_frame_median_ms=1.325 keystroke_to_frame_p95_ms=7.347 keystroke_to_frame_p99_ms=7.347 keystroke_to_frame_max_ms=7.347 frame_interval_samples=22 frame_interval_median_ms=18.781 frame_interval_p95_ms=455.302 frame_interval_p99_ms=1659.841 frame_interval_max_ms=1659.841 layout_samples=23 layout_median_ms=0.258 layout_p95_ms=0.862 layout_p99_ms=17.090 layout_max_ms=17.090
hane_metrics keystroke_to_model_samples=19 keystroke_to_model_median_ms=0.005 keystroke_to_model_p95_ms=0.025 keystroke_to_model_p99_ms=0.025 keystroke_to_model_max_ms=0.025 keystroke_to_frame_samples=19 keystroke_to_frame_median_ms=1.759 keystroke_to_frame_p95_ms=7.347 keystroke_to_frame_p99_ms=7.347 keystroke_to_frame_max_ms=7.347 frame_interval_samples=23 frame_interval_median_ms=18.897 frame_interval_p95_ms=455.302 frame_interval_p99_ms=1659.841 frame_interval_max_ms=1659.841 layout_samples=24 layout_median_ms=0.258 layout_p95_ms=0.862 layout_p99_ms=17.090 layout_max_ms=17.090
hane_metrics keystroke_to_model_samples=20 keystroke_to_model_median_ms=0.005 keystroke_to_model_p95_ms=0.010 keystroke_to_model_p99_ms=0.025 keystroke_to_model_max_ms=0.025 keystroke_to_frame_samples=20 keystroke_to_frame_median_ms=1.759 keystroke_to_frame_p95_ms=3.970 keystroke_to_frame_p99_ms=7.347 keystroke_to_frame_max_ms=7.347 frame_interval_samples=24 frame_interval_median_ms=18.897 frame_interval_p95_ms=455.302 frame_interval_p99_ms=1659.841 frame_interval_max_ms=1659.841 layout_samples=25 layout_median_ms=0.310 layout_p95_ms=0.862 layout_p99_ms=17.090 layout_max_ms=17.090
hane_metrics keystroke_to_model_samples=21 keystroke_to_model_median_ms=0.005 keystroke_to_model_p95_ms=0.010 keystroke_to_model_p99_ms=0.025 keystroke_to_model_max_ms=0.025 keystroke_to_frame_samples=21 keystroke_to_frame_median_ms=1.810 keystroke_to_frame_p95_ms=3.970 keystroke_to_frame_p99_ms=7.347 keystroke_to_frame_max_ms=7.347 frame_interval_samples=25 frame_interval_median_ms=24.408 frame_interval_p95_ms=455.302 frame_interval_p99_ms=1659.841 frame_interval_max_ms=1659.841 layout_samples=26 layout_median_ms=0.283 layout_p95_ms=0.862 layout_p99_ms=17.090 layout_max_ms=17.090
hane_metrics keystroke_to_model_samples=22 keystroke_to_model_median_ms=0.005 keystroke_to_model_p95_ms=0.010 keystroke_to_model_p99_ms=0.025 keystroke_to_model_max_ms=0.025 keystroke_to_frame_samples=22 keystroke_to_frame_median_ms=1.810 keystroke_to_frame_p95_ms=3.970 keystroke_to_frame_p99_ms=7.347 keystroke_to_frame_max_ms=7.347 frame_interval_samples=26 frame_interval_median_ms=24.408 frame_interval_p95_ms=455.302 frame_interval_p99_ms=1659.841 frame_interval_max_ms=1659.841 layout_samples=27 layout_median_ms=0.310 layout_p95_ms=0.862 layout_p99_ms=17.090 layout_max_ms=17.090
hane_metrics keystroke_to_model_samples=23 keystroke_to_model_median_ms=0.006 keystroke_to_model_p95_ms=0.015 keystroke_to_model_p99_ms=0.025 keystroke_to_model_max_ms=0.025 keystroke_to_frame_samples=23 keystroke_to_frame_median_ms=2.052 keystroke_to_frame_p95_ms=3.970 keystroke_to_frame_p99_ms=7.347 keystroke_to_frame_max_ms=7.347 frame_interval_samples=27 frame_interval_median_ms=24.852 frame_interval_p95_ms=455.302 frame_interval_p99_ms=1659.841 frame_interval_max_ms=1659.841 layout_samples=28 layout_median_ms=0.310 layout_p95_ms=0.862 layout_p99_ms=17.090 layout_max_ms=17.090
hane_metrics keystroke_to_model_samples=24 keystroke_to_model_median_ms=0.006 keystroke_to_model_p95_ms=0.015 keystroke_to_model_p99_ms=0.025 keystroke_to_model_max_ms=0.025 keystroke_to_frame_samples=24 keystroke_to_frame_median_ms=2.052 keystroke_to_frame_p95_ms=3.970 keystroke_to_frame_p99_ms=7.347 keystroke_to_frame_max_ms=7.347 frame_interval_samples=28 frame_interval_median_ms=24.408 frame_interval_p95_ms=455.302 frame_interval_p99_ms=1659.841 frame_interval_max_ms=1659.841 layout_samples=29 layout_median_ms=0.325 layout_p95_ms=0.862 layout_p99_ms=17.090 layout_max_ms=17.090
hane_metrics keystroke_to_model_samples=25 keystroke_to_model_median_ms=0.006 keystroke_to_model_p95_ms=0.016 keystroke_to_model_p99_ms=0.025 keystroke_to_model_max_ms=0.025 keystroke_to_frame_samples=25 keystroke_to_frame_median_ms=2.149 keystroke_to_frame_p95_ms=3.970 keystroke_to_frame_p99_ms=7.347 keystroke_to_frame_max_ms=7.347 frame_interval_samples=29 frame_interval_median_ms=24.612 frame_interval_p95_ms=455.302 frame_interval_p99_ms=1659.841 frame_interval_max_ms=1659.841 layout_samples=30 layout_median_ms=0.325 layout_p95_ms=0.862 layout_p99_ms=17.090 layout_max_ms=17.090
hane_metrics keystroke_to_model_samples=26 keystroke_to_model_median_ms=0.006 keystroke_to_model_p95_ms=0.016 keystroke_to_model_p99_ms=0.025 keystroke_to_model_max_ms=0.025 keystroke_to_frame_samples=26 keystroke_to_frame_median_ms=2.149 keystroke_to_frame_p95_ms=3.970 keystroke_to_frame_p99_ms=7.347 keystroke_to_frame_max_ms=7.347 frame_interval_samples=30 frame_interval_median_ms=24.524 frame_interval_p95_ms=455.302 frame_interval_p99_ms=1659.841 frame_interval_max_ms=1659.841 layout_samples=31 layout_median_ms=0.327 layout_p95_ms=0.862 layout_p99_ms=17.090 layout_max_ms=17.090
hane_metrics keystroke_to_model_samples=27 keystroke_to_model_median_ms=0.006 keystroke_to_model_p95_ms=0.016 keystroke_to_model_p99_ms=0.025 keystroke_to_model_max_ms=0.025 keystroke_to_frame_samples=27 keystroke_to_frame_median_ms=2.149 keystroke_to_frame_p95_ms=3.970 keystroke_to_frame_p99_ms=7.347 keystroke_to_frame_max_ms=7.347 frame_interval_samples=31 frame_interval_median_ms=24.612 frame_interval_p95_ms=455.302 frame_interval_p99_ms=1659.841 frame_interval_max_ms=1659.841 layout_samples=32 layout_median_ms=0.327 layout_p95_ms=0.862 layout_p99_ms=17.090 layout_max_ms=17.090
hane_metrics keystroke_to_model_samples=28 keystroke_to_model_median_ms=0.006 keystroke_to_model_p95_ms=0.025 keystroke_to_model_p99_ms=0.025 keystroke_to_model_max_ms=0.025 keystroke_to_frame_samples=28 keystroke_to_frame_median_ms=2.052 keystroke_to_frame_p95_ms=3.970 keystroke_to_frame_p99_ms=7.347 keystroke_to_frame_max_ms=7.347 frame_interval_samples=32 frame_interval_median_ms=24.612 frame_interval_p95_ms=455.302 frame_interval_p99_ms=1659.841 frame_interval_max_ms=1659.841 layout_samples=33 layout_median_ms=0.378 layout_p95_ms=0.862 layout_p99_ms=17.090 layout_max_ms=17.090
hane_metrics keystroke_to_model_samples=29 keystroke_to_model_median_ms=0.006 keystroke_to_model_p95_ms=0.025 keystroke_to_model_p99_ms=0.025 keystroke_to_model_max_ms=0.025 keystroke_to_frame_samples=29 keystroke_to_frame_median_ms=2.111 keystroke_to_frame_p95_ms=3.970 keystroke_to_frame_p99_ms=7.347 keystroke_to_frame_max_ms=7.347 frame_interval_samples=33 frame_interval_median_ms=24.852 frame_interval_p95_ms=455.302 frame_interval_p99_ms=1659.841 frame_interval_max_ms=1659.841 layout_samples=34 layout_median_ms=0.378 layout_p95_ms=0.862 layout_p99_ms=17.090 layout_max_ms=17.090
hane_metrics keystroke_to_model_samples=30 keystroke_to_model_median_ms=0.006 keystroke_to_model_p95_ms=0.025 keystroke_to_model_p99_ms=0.035 keystroke_to_model_max_ms=0.035 keystroke_to_frame_samples=30 keystroke_to_frame_median_ms=2.111 keystroke_to_frame_p95_ms=3.970 keystroke_to_frame_p99_ms=7.347 keystroke_to_frame_max_ms=7.347 frame_interval_samples=34 frame_interval_median_ms=24.852 frame_interval_p95_ms=455.302 frame_interval_p99_ms=1659.841 frame_interval_max_ms=1659.841 layout_samples=35 layout_median_ms=0.416 layout_p95_ms=0.862 layout_p99_ms=17.090 layout_max_ms=17.090
hane_metrics keystroke_to_model_samples=31 keystroke_to_model_median_ms=0.007 keystroke_to_model_p95_ms=0.029 keystroke_to_model_p99_ms=0.035 keystroke_to_model_max_ms=0.035 keystroke_to_frame_samples=31 keystroke_to_frame_median_ms=2.149 keystroke_to_frame_p95_ms=3.970 keystroke_to_frame_p99_ms=7.347 keystroke_to_frame_max_ms=7.347 frame_interval_samples=35 frame_interval_median_ms=24.852 frame_interval_p95_ms=455.302 frame_interval_p99_ms=1659.841 frame_interval_max_ms=1659.841 layout_samples=36 layout_median_ms=0.394 layout_p95_ms=0.862 layout_p99_ms=17.090 layout_max_ms=17.090
hane_metrics keystroke_to_model_samples=32 keystroke_to_model_median_ms=0.007 keystroke_to_model_p95_ms=0.029 keystroke_to_model_p99_ms=0.035 keystroke_to_model_max_ms=0.035 keystroke_to_frame_samples=32 keystroke_to_frame_median_ms=2.149 keystroke_to_frame_p95_ms=3.970 keystroke_to_frame_p99_ms=7.347 keystroke_to_frame_max_ms=7.347 frame_interval_samples=36 frame_interval_median_ms=24.852 frame_interval_p95_ms=455.302 frame_interval_p99_ms=1659.841 frame_interval_max_ms=1659.841 layout_samples=37 layout_median_ms=0.394 layout_p95_ms=0.862 layout_p99_ms=17.090 layout_max_ms=17.090
hane_metrics keystroke_to_model_samples=33 keystroke_to_model_median_ms=0.008 keystroke_to_model_p95_ms=0.029 keystroke_to_model_p99_ms=0.035 keystroke_to_model_max_ms=0.035 keystroke_to_frame_samples=33 keystroke_to_frame_median_ms=2.149 keystroke_to_frame_p95_ms=3.970 keystroke_to_frame_p99_ms=7.347 keystroke_to_frame_max_ms=7.347 frame_interval_samples=37 frame_interval_median_ms=24.876 frame_interval_p95_ms=455.302 frame_interval_p99_ms=1659.841 frame_interval_max_ms=1659.841 layout_samples=38 layout_median_ms=0.378 layout_p95_ms=0.862 layout_p99_ms=17.090 layout_max_ms=17.090
hane_metrics keystroke_to_model_samples=34 keystroke_to_model_median_ms=0.008 keystroke_to_model_p95_ms=0.029 keystroke_to_model_p99_ms=0.035 keystroke_to_model_max_ms=0.035 keystroke_to_frame_samples=34 keystroke_to_frame_median_ms=2.149 keystroke_to_frame_p95_ms=3.970 keystroke_to_frame_p99_ms=7.347 keystroke_to_frame_max_ms=7.347 frame_interval_samples=38 frame_interval_median_ms=24.876 frame_interval_p95_ms=455.302 frame_interval_p99_ms=1659.841 frame_interval_max_ms=1659.841 layout_samples=39 layout_median_ms=0.394 layout_p95_ms=0.862 layout_p99_ms=17.090 layout_max_ms=17.090
hane_metrics keystroke_to_model_samples=35 keystroke_to_model_median_ms=0.008 keystroke_to_model_p95_ms=0.029 keystroke_to_model_p99_ms=0.035 keystroke_to_model_max_ms=0.035 keystroke_to_frame_samples=35 keystroke_to_frame_median_ms=2.197 keystroke_to_frame_p95_ms=3.970 keystroke_to_frame_p99_ms=7.347 keystroke_to_frame_max_ms=7.347 frame_interval_samples=39 frame_interval_median_ms=24.968 frame_interval_p95_ms=455.302 frame_interval_p99_ms=1659.841 frame_interval_max_ms=1659.841 layout_samples=40 layout_median_ms=0.394 layout_p95_ms=0.653 layout_p99_ms=17.090 layout_max_ms=17.090

--- source_file: issue23-input-feedda4/hundred_middle/hane.log ---
hane_ready startup_time_ms=366.144 file_open_time_ms=231.434 rss_bytes=383664128
hane_metrics keystroke_to_model_samples=1 keystroke_to_model_median_ms=0.026 keystroke_to_model_p95_ms=0.026 keystroke_to_model_p99_ms=0.026 keystroke_to_model_max_ms=0.026 keystroke_to_frame_samples=1 keystroke_to_frame_median_ms=8.061 keystroke_to_frame_p95_ms=8.061 keystroke_to_frame_p99_ms=8.061 keystroke_to_frame_max_ms=8.061 frame_interval_samples=4 frame_interval_median_ms=20.194 frame_interval_p95_ms=474.577 frame_interval_p99_ms=474.577 frame_interval_max_ms=474.577 layout_samples=5 layout_median_ms=0.573 layout_p95_ms=18.148 layout_p99_ms=18.148 layout_max_ms=18.148
hane_metrics keystroke_to_model_samples=2 keystroke_to_model_median_ms=0.007 keystroke_to_model_p95_ms=0.026 keystroke_to_model_p99_ms=0.026 keystroke_to_model_max_ms=0.026 keystroke_to_frame_samples=2 keystroke_to_frame_median_ms=1.733 keystroke_to_frame_p95_ms=8.061 keystroke_to_frame_p99_ms=8.061 keystroke_to_frame_max_ms=8.061 frame_interval_samples=5 frame_interval_median_ms=20.194 frame_interval_p95_ms=474.577 frame_interval_p99_ms=474.577 frame_interval_max_ms=474.577 layout_samples=6 layout_median_ms=0.573 layout_p95_ms=18.148 layout_p99_ms=18.148 layout_max_ms=18.148
hane_metrics keystroke_to_model_samples=3 keystroke_to_model_median_ms=0.007 keystroke_to_model_p95_ms=0.026 keystroke_to_model_p99_ms=0.026 keystroke_to_model_max_ms=0.026 keystroke_to_frame_samples=3 keystroke_to_frame_median_ms=2.497 keystroke_to_frame_p95_ms=8.061 keystroke_to_frame_p99_ms=8.061 keystroke_to_frame_max_ms=8.061 frame_interval_samples=6 frame_interval_median_ms=20.194 frame_interval_p95_ms=474.577 frame_interval_p99_ms=474.577 frame_interval_max_ms=474.577 layout_samples=7 layout_median_ms=0.760 layout_p95_ms=18.148 layout_p99_ms=18.148 layout_max_ms=18.148
hane_metrics keystroke_to_model_samples=4 keystroke_to_model_median_ms=0.007 keystroke_to_model_p95_ms=0.026 keystroke_to_model_p99_ms=0.026 keystroke_to_model_max_ms=0.026 keystroke_to_frame_samples=4 keystroke_to_frame_median_ms=1.859 keystroke_to_frame_p95_ms=8.061 keystroke_to_frame_p99_ms=8.061 keystroke_to_frame_max_ms=8.061 frame_interval_samples=7 frame_interval_median_ms=24.956 frame_interval_p95_ms=474.577 frame_interval_p99_ms=474.577 frame_interval_max_ms=474.577 layout_samples=8 layout_median_ms=0.760 layout_p95_ms=18.148 layout_p99_ms=18.148 layout_max_ms=18.148
hane_metrics keystroke_to_model_samples=5 keystroke_to_model_median_ms=0.008 keystroke_to_model_p95_ms=0.026 keystroke_to_model_p99_ms=0.026 keystroke_to_model_max_ms=0.026 keystroke_to_frame_samples=5 keystroke_to_frame_median_ms=2.460 keystroke_to_frame_p95_ms=8.061 keystroke_to_frame_p99_ms=8.061 keystroke_to_frame_max_ms=8.061 frame_interval_samples=8 frame_interval_median_ms=24.785 frame_interval_p95_ms=474.577 frame_interval_p99_ms=474.577 frame_interval_max_ms=474.577 layout_samples=9 layout_median_ms=0.760 layout_p95_ms=18.148 layout_p99_ms=18.148 layout_max_ms=18.148
hane_metrics keystroke_to_model_samples=6 keystroke_to_model_median_ms=0.008 keystroke_to_model_p95_ms=0.026 keystroke_to_model_p99_ms=0.026 keystroke_to_model_max_ms=0.026 keystroke_to_frame_samples=6 keystroke_to_frame_median_ms=1.859 keystroke_to_frame_p95_ms=8.061 keystroke_to_frame_p99_ms=8.061 keystroke_to_frame_max_ms=8.061 frame_interval_samples=10 frame_interval_median_ms=24.785 frame_interval_p95_ms=1690.202 frame_interval_p99_ms=1690.202 frame_interval_max_ms=1690.202 layout_samples=11 layout_median_ms=0.690 layout_p95_ms=18.148 layout_p99_ms=18.148 layout_max_ms=18.148
hane_metrics keystroke_to_model_samples=7 keystroke_to_model_median_ms=0.008 keystroke_to_model_p95_ms=0.026 keystroke_to_model_p99_ms=0.026 keystroke_to_model_max_ms=0.026 keystroke_to_frame_samples=7 keystroke_to_frame_median_ms=1.859 keystroke_to_frame_p95_ms=8.061 keystroke_to_frame_p99_ms=8.061 keystroke_to_frame_max_ms=8.061 frame_interval_samples=11 frame_interval_median_ms=24.785 frame_interval_p95_ms=1690.202 frame_interval_p99_ms=1690.202 frame_interval_max_ms=1690.202 layout_samples=12 layout_median_ms=0.573 layout_p95_ms=18.148 layout_p99_ms=18.148 layout_max_ms=18.148
hane_metrics keystroke_to_model_samples=8 keystroke_to_model_median_ms=0.007 keystroke_to_model_p95_ms=0.026 keystroke_to_model_p99_ms=0.026 keystroke_to_model_max_ms=0.026 keystroke_to_frame_samples=8 keystroke_to_frame_median_ms=1.733 keystroke_to_frame_p95_ms=8.061 keystroke_to_frame_p99_ms=8.061 keystroke_to_frame_max_ms=8.061 frame_interval_samples=12 frame_interval_median_ms=20.194 frame_interval_p95_ms=1690.202 frame_interval_p99_ms=1690.202 frame_interval_max_ms=1690.202 layout_samples=13 layout_median_ms=0.573 layout_p95_ms=18.148 layout_p99_ms=18.148 layout_max_ms=18.148
hane_metrics keystroke_to_model_samples=9 keystroke_to_model_median_ms=0.007 keystroke_to_model_p95_ms=0.026 keystroke_to_model_p99_ms=0.026 keystroke_to_model_max_ms=0.026 keystroke_to_frame_samples=9 keystroke_to_frame_median_ms=1.859 keystroke_to_frame_p95_ms=8.061 keystroke_to_frame_p99_ms=8.061 keystroke_to_frame_max_ms=8.061 frame_interval_samples=13 frame_interval_median_ms=20.194 frame_interval_p95_ms=1690.202 frame_interval_p99_ms=1690.202 frame_interval_max_ms=1690.202 layout_samples=14 layout_median_ms=0.572 layout_p95_ms=18.148 layout_p99_ms=18.148 layout_max_ms=18.148
hane_metrics keystroke_to_model_samples=10 keystroke_to_model_median_ms=0.007 keystroke_to_model_p95_ms=0.026 keystroke_to_model_p99_ms=0.026 keystroke_to_model_max_ms=0.026 keystroke_to_frame_samples=10 keystroke_to_frame_median_ms=1.733 keystroke_to_frame_p95_ms=8.061 keystroke_to_frame_p99_ms=8.061 keystroke_to_frame_max_ms=8.061 frame_interval_samples=14 frame_interval_median_ms=10.826 frame_interval_p95_ms=1690.202 frame_interval_p99_ms=1690.202 frame_interval_max_ms=1690.202 layout_samples=15 layout_median_ms=0.572 layout_p95_ms=18.148 layout_p99_ms=18.148 layout_max_ms=18.148
hane_metrics keystroke_to_model_samples=11 keystroke_to_model_median_ms=0.007 keystroke_to_model_p95_ms=0.026 keystroke_to_model_p99_ms=0.026 keystroke_to_model_max_ms=0.026 keystroke_to_frame_samples=11 keystroke_to_frame_median_ms=1.733 keystroke_to_frame_p95_ms=8.061 keystroke_to_frame_p99_ms=8.061 keystroke_to_frame_max_ms=8.061 frame_interval_samples=15 frame_interval_median_ms=10.826 frame_interval_p95_ms=1690.202 frame_interval_p99_ms=1690.202 frame_interval_max_ms=1690.202 layout_samples=16 layout_median_ms=0.521 layout_p95_ms=18.148 layout_p99_ms=18.148 layout_max_ms=18.148
hane_metrics keystroke_to_model_samples=12 keystroke_to_model_median_ms=0.003 keystroke_to_model_p95_ms=0.026 keystroke_to_model_p99_ms=0.026 keystroke_to_model_max_ms=0.026 keystroke_to_frame_samples=12 keystroke_to_frame_median_ms=0.943 keystroke_to_frame_p95_ms=8.061 keystroke_to_frame_p99_ms=8.061 keystroke_to_frame_max_ms=8.061 frame_interval_samples=16 frame_interval_median_ms=8.902 frame_interval_p95_ms=1690.202 frame_interval_p99_ms=1690.202 frame_interval_max_ms=1690.202 layout_samples=17 layout_median_ms=0.521 layout_p95_ms=18.148 layout_p99_ms=18.148 layout_max_ms=18.148
hane_metrics keystroke_to_model_samples=13 keystroke_to_model_median_ms=0.003 keystroke_to_model_p95_ms=0.026 keystroke_to_model_p99_ms=0.026 keystroke_to_model_max_ms=0.026 keystroke_to_frame_samples=13 keystroke_to_frame_median_ms=1.733 keystroke_to_frame_p95_ms=8.061 keystroke_to_frame_p99_ms=8.061 keystroke_to_frame_max_ms=8.061 frame_interval_samples=17 frame_interval_median_ms=8.902 frame_interval_p95_ms=1690.202 frame_interval_p99_ms=1690.202 frame_interval_max_ms=1690.202 layout_samples=18 layout_median_ms=0.364 layout_p95_ms=18.148 layout_p99_ms=18.148 layout_max_ms=18.148
hane_metrics keystroke_to_model_samples=14 keystroke_to_model_median_ms=0.003 keystroke_to_model_p95_ms=0.026 keystroke_to_model_p99_ms=0.026 keystroke_to_model_max_ms=0.026 keystroke_to_frame_samples=14 keystroke_to_frame_median_ms=1.733 keystroke_to_frame_p95_ms=8.061 keystroke_to_frame_p99_ms=8.061 keystroke_to_frame_max_ms=8.061 frame_interval_samples=18 frame_interval_median_ms=8.902 frame_interval_p95_ms=1690.202 frame_interval_p99_ms=1690.202 frame_interval_max_ms=1690.202 layout_samples=19 layout_median_ms=0.521 layout_p95_ms=18.148 layout_p99_ms=18.148 layout_max_ms=18.148
hane_metrics keystroke_to_model_samples=15 keystroke_to_model_median_ms=0.007 keystroke_to_model_p95_ms=0.026 keystroke_to_model_p99_ms=0.026 keystroke_to_model_max_ms=0.026 keystroke_to_frame_samples=15 keystroke_to_frame_median_ms=1.859 keystroke_to_frame_p95_ms=8.061 keystroke_to_frame_p99_ms=8.061 keystroke_to_frame_max_ms=8.061 frame_interval_samples=19 frame_interval_median_ms=10.826 frame_interval_p95_ms=1690.202 frame_interval_p99_ms=1690.202 frame_interval_max_ms=1690.202 layout_samples=20 layout_median_ms=0.521 layout_p95_ms=1.191 layout_p99_ms=18.148 layout_max_ms=18.148
hane_metrics keystroke_to_model_samples=16 keystroke_to_model_median_ms=0.004 keystroke_to_model_p95_ms=0.026 keystroke_to_model_p99_ms=0.026 keystroke_to_model_max_ms=0.026 keystroke_to_frame_samples=16 keystroke_to_frame_median_ms=1.859 keystroke_to_frame_p95_ms=8.061 keystroke_to_frame_p99_ms=8.061 keystroke_to_frame_max_ms=8.061 frame_interval_samples=20 frame_interval_median_ms=10.826 frame_interval_p95_ms=474.577 frame_interval_p99_ms=1690.202 frame_interval_max_ms=1690.202 layout_samples=21 layout_median_ms=0.525 layout_p95_ms=1.191 layout_p99_ms=18.148 layout_max_ms=18.148
hane_metrics keystroke_to_model_samples=17 keystroke_to_model_median_ms=0.007 keystroke_to_model_p95_ms=0.026 keystroke_to_model_p99_ms=0.026 keystroke_to_model_max_ms=0.026 keystroke_to_frame_samples=17 keystroke_to_frame_median_ms=2.101 keystroke_to_frame_p95_ms=8.061 keystroke_to_frame_p99_ms=8.061 keystroke_to_frame_max_ms=8.061 frame_interval_samples=21 frame_interval_median_ms=16.159 frame_interval_p95_ms=474.577 frame_interval_p99_ms=1690.202 frame_interval_max_ms=1690.202 layout_samples=22 layout_median_ms=0.521 layout_p95_ms=1.191 layout_p99_ms=18.148 layout_max_ms=18.148
hane_metrics keystroke_to_model_samples=18 keystroke_to_model_median_ms=0.007 keystroke_to_model_p95_ms=0.026 keystroke_to_model_p99_ms=0.026 keystroke_to_model_max_ms=0.026 keystroke_to_frame_samples=18 keystroke_to_frame_median_ms=2.101 keystroke_to_frame_p95_ms=8.061 keystroke_to_frame_p99_ms=8.061 keystroke_to_frame_max_ms=8.061 frame_interval_samples=22 frame_interval_median_ms=16.159 frame_interval_p95_ms=474.577 frame_interval_p99_ms=1690.202 frame_interval_max_ms=1690.202 layout_samples=23 layout_median_ms=0.525 layout_p95_ms=1.191 layout_p99_ms=18.148 layout_max_ms=18.148
hane_metrics keystroke_to_model_samples=19 keystroke_to_model_median_ms=0.007 keystroke_to_model_p95_ms=0.026 keystroke_to_model_p99_ms=0.026 keystroke_to_model_max_ms=0.026 keystroke_to_frame_samples=19 keystroke_to_frame_median_ms=2.298 keystroke_to_frame_p95_ms=8.061 keystroke_to_frame_p99_ms=8.061 keystroke_to_frame_max_ms=8.061 frame_interval_samples=23 frame_interval_median_ms=20.194 frame_interval_p95_ms=474.577 frame_interval_p99_ms=1690.202 frame_interval_max_ms=1690.202 layout_samples=24 layout_median_ms=0.525 layout_p95_ms=1.191 layout_p99_ms=18.148 layout_max_ms=18.148
hane_metrics keystroke_to_model_samples=20 keystroke_to_model_median_ms=0.007 keystroke_to_model_p95_ms=0.013 keystroke_to_model_p99_ms=0.026 keystroke_to_model_max_ms=0.026 keystroke_to_frame_samples=20 keystroke_to_frame_median_ms=2.298 keystroke_to_frame_p95_ms=3.851 keystroke_to_frame_p99_ms=8.061 keystroke_to_frame_max_ms=8.061 frame_interval_samples=24 frame_interval_median_ms=20.194 frame_interval_p95_ms=474.577 frame_interval_p99_ms=1690.202 frame_interval_max_ms=1690.202 layout_samples=25 layout_median_ms=0.530 layout_p95_ms=1.191 layout_p99_ms=18.148 layout_max_ms=18.148
hane_metrics keystroke_to_model_samples=21 keystroke_to_model_median_ms=0.008 keystroke_to_model_p95_ms=0.013 keystroke_to_model_p99_ms=0.026 keystroke_to_model_max_ms=0.026 keystroke_to_frame_samples=21 keystroke_to_frame_median_ms=2.439 keystroke_to_frame_p95_ms=3.851 keystroke_to_frame_p99_ms=8.061 keystroke_to_frame_max_ms=8.061 frame_interval_samples=25 frame_interval_median_ms=23.661 frame_interval_p95_ms=474.577 frame_interval_p99_ms=1690.202 frame_interval_max_ms=1690.202 layout_samples=26 layout_median_ms=0.530 layout_p95_ms=1.191 layout_p99_ms=18.148 layout_max_ms=18.148
hane_metrics keystroke_to_model_samples=22 keystroke_to_model_median_ms=0.008 keystroke_to_model_p95_ms=0.015 keystroke_to_model_p99_ms=0.026 keystroke_to_model_max_ms=0.026 keystroke_to_frame_samples=22 keystroke_to_frame_median_ms=2.439 keystroke_to_frame_p95_ms=3.950 keystroke_to_frame_p99_ms=8.061 keystroke_to_frame_max_ms=8.061 frame_interval_samples=26 frame_interval_median_ms=23.661 frame_interval_p95_ms=474.577 frame_interval_p99_ms=1690.202 frame_interval_max_ms=1690.202 layout_samples=27 layout_median_ms=0.567 layout_p95_ms=1.191 layout_p99_ms=18.148 layout_max_ms=18.148
hane_metrics keystroke_to_model_samples=23 keystroke_to_model_median_ms=0.008 keystroke_to_model_p95_ms=0.017 keystroke_to_model_p99_ms=0.026 keystroke_to_model_max_ms=0.026 keystroke_to_frame_samples=23 keystroke_to_frame_median_ms=2.439 keystroke_to_frame_p95_ms=3.950 keystroke_to_frame_p99_ms=8.061 keystroke_to_frame_max_ms=8.061 frame_interval_samples=27 frame_interval_median_ms=24.018 frame_interval_p95_ms=474.577 frame_interval_p99_ms=1690.202 frame_interval_max_ms=1690.202 layout_samples=28 layout_median_ms=0.567 layout_p95_ms=1.191 layout_p99_ms=18.148 layout_max_ms=18.148
hane_metrics keystroke_to_model_samples=24 keystroke_to_model_median_ms=0.008 keystroke_to_model_p95_ms=0.017 keystroke_to_model_p99_ms=0.026 keystroke_to_model_max_ms=0.026 keystroke_to_frame_samples=24 keystroke_to_frame_median_ms=2.439 keystroke_to_frame_p95_ms=3.950 keystroke_to_frame_p99_ms=8.061 keystroke_to_frame_max_ms=8.061 frame_interval_samples=28 frame_interval_median_ms=23.661 frame_interval_p95_ms=474.577 frame_interval_p99_ms=1690.202 frame_interval_max_ms=1690.202 layout_samples=29 layout_median_ms=0.572 layout_p95_ms=1.191 layout_p99_ms=18.148 layout_max_ms=18.148
hane_metrics keystroke_to_model_samples=25 keystroke_to_model_median_ms=0.008 keystroke_to_model_p95_ms=0.017 keystroke_to_model_p99_ms=0.026 keystroke_to_model_max_ms=0.026 keystroke_to_frame_samples=25 keystroke_to_frame_median_ms=2.450 keystroke_to_frame_p95_ms=3.950 keystroke_to_frame_p99_ms=8.061 keystroke_to_frame_max_ms=8.061 frame_interval_samples=29 frame_interval_median_ms=24.018 frame_interval_p95_ms=474.577 frame_interval_p99_ms=1690.202 frame_interval_max_ms=1690.202 layout_samples=30 layout_median_ms=0.572 layout_p95_ms=1.191 layout_p99_ms=18.148 layout_max_ms=18.148
hane_metrics keystroke_to_model_samples=26 keystroke_to_model_median_ms=0.008 keystroke_to_model_p95_ms=0.017 keystroke_to_model_p99_ms=0.026 keystroke_to_model_max_ms=0.026 keystroke_to_frame_samples=26 keystroke_to_frame_median_ms=2.450 keystroke_to_frame_p95_ms=4.069 keystroke_to_frame_p99_ms=8.061 keystroke_to_frame_max_ms=8.061 frame_interval_samples=30 frame_interval_median_ms=23.661 frame_interval_p95_ms=474.577 frame_interval_p99_ms=1690.202 frame_interval_max_ms=1690.202 layout_samples=31 layout_median_ms=0.573 layout_p95_ms=1.191 layout_p99_ms=18.148 layout_max_ms=18.148
hane_metrics keystroke_to_model_samples=27 keystroke_to_model_median_ms=0.008 keystroke_to_model_p95_ms=0.026 keystroke_to_model_p99_ms=0.026 keystroke_to_model_max_ms=0.026 keystroke_to_frame_samples=27 keystroke_to_frame_median_ms=2.460 keystroke_to_frame_p95_ms=4.069 keystroke_to_frame_p99_ms=8.061 keystroke_to_frame_max_ms=8.061 frame_interval_samples=31 frame_interval_median_ms=24.018 frame_interval_p95_ms=474.577 frame_interval_p99_ms=1690.202 frame_interval_max_ms=1690.202 layout_samples=32 layout_median_ms=0.573 layout_p95_ms=1.191 layout_p99_ms=18.148 layout_max_ms=18.148
hane_metrics keystroke_to_model_samples=28 keystroke_to_model_median_ms=0.008 keystroke_to_model_p95_ms=0.026 keystroke_to_model_p99_ms=0.026 keystroke_to_model_max_ms=0.026 keystroke_to_frame_samples=28 keystroke_to_frame_median_ms=2.460 keystroke_to_frame_p95_ms=4.648 keystroke_to_frame_p99_ms=8.061 keystroke_to_frame_max_ms=8.061 frame_interval_samples=32 frame_interval_median_ms=24.018 frame_interval_p95_ms=474.577 frame_interval_p99_ms=1690.202 frame_interval_max_ms=1690.202 layout_samples=33 layout_median_ms=0.596 layout_p95_ms=1.191 layout_p99_ms=18.148 layout_max_ms=18.148
hane_metrics keystroke_to_model_samples=29 keystroke_to_model_median_ms=0.008 keystroke_to_model_p95_ms=0.026 keystroke_to_model_p99_ms=0.026 keystroke_to_model_max_ms=0.026 keystroke_to_frame_samples=29 keystroke_to_frame_median_ms=2.472 keystroke_to_frame_p95_ms=4.648 keystroke_to_frame_p99_ms=8.061 keystroke_to_frame_max_ms=8.061 frame_interval_samples=33 frame_interval_median_ms=24.018 frame_interval_p95_ms=474.577 frame_interval_p99_ms=1690.202 frame_interval_max_ms=1690.202 layout_samples=34 layout_median_ms=0.596 layout_p95_ms=1.191 layout_p99_ms=18.148 layout_max_ms=18.148
hane_metrics keystroke_to_model_samples=30 keystroke_to_model_median_ms=0.008 keystroke_to_model_p95_ms=0.026 keystroke_to_model_p99_ms=0.026 keystroke_to_model_max_ms=0.026 keystroke_to_frame_samples=30 keystroke_to_frame_median_ms=2.472 keystroke_to_frame_p95_ms=4.648 keystroke_to_frame_p99_ms=8.061 keystroke_to_frame_max_ms=8.061 frame_interval_samples=34 frame_interval_median_ms=24.018 frame_interval_p95_ms=474.577 frame_interval_p99_ms=1690.202 frame_interval_max_ms=1690.202 layout_samples=35 layout_median_ms=0.627 layout_p95_ms=1.191 layout_p99_ms=18.148 layout_max_ms=18.148
hane_metrics keystroke_to_model_samples=31 keystroke_to_model_median_ms=0.009 keystroke_to_model_p95_ms=0.026 keystroke_to_model_p99_ms=0.026 keystroke_to_model_max_ms=0.026 keystroke_to_frame_samples=31 keystroke_to_frame_median_ms=2.497 keystroke_to_frame_p95_ms=5.621 keystroke_to_frame_p99_ms=8.061 keystroke_to_frame_max_ms=8.061 frame_interval_samples=35 frame_interval_median_ms=24.172 frame_interval_p95_ms=474.577 frame_interval_p99_ms=1690.202 frame_interval_max_ms=1690.202 layout_samples=36 layout_median_ms=0.627 layout_p95_ms=1.191 layout_p99_ms=18.148 layout_max_ms=18.148
hane_metrics keystroke_to_model_samples=32 keystroke_to_model_median_ms=0.009 keystroke_to_model_p95_ms=0.026 keystroke_to_model_p99_ms=0.026 keystroke_to_model_max_ms=0.026 keystroke_to_frame_samples=32 keystroke_to_frame_median_ms=2.497 keystroke_to_frame_p95_ms=5.621 keystroke_to_frame_p99_ms=8.061 keystroke_to_frame_max_ms=8.061 frame_interval_samples=36 frame_interval_median_ms=24.018 frame_interval_p95_ms=474.577 frame_interval_p99_ms=1690.202 frame_interval_max_ms=1690.202 layout_samples=37 layout_median_ms=0.661 layout_p95_ms=1.191 layout_p99_ms=18.148 layout_max_ms=18.148
hane_metrics keystroke_to_model_samples=33 keystroke_to_model_median_ms=0.009 keystroke_to_model_p95_ms=0.026 keystroke_to_model_p99_ms=0.039 keystroke_to_model_max_ms=0.039 keystroke_to_frame_samples=33 keystroke_to_frame_median_ms=2.722 keystroke_to_frame_p95_ms=5.621 keystroke_to_frame_p99_ms=8.061 keystroke_to_frame_max_ms=8.061 frame_interval_samples=37 frame_interval_median_ms=24.172 frame_interval_p95_ms=474.577 frame_interval_p99_ms=1690.202 frame_interval_max_ms=1690.202 layout_samples=38 layout_median_ms=0.661 layout_p95_ms=1.191 layout_p99_ms=18.148 layout_max_ms=18.148
hane_metrics keystroke_to_model_samples=34 keystroke_to_model_median_ms=0.009 keystroke_to_model_p95_ms=0.026 keystroke_to_model_p99_ms=0.039 keystroke_to_model_max_ms=0.039 keystroke_to_frame_samples=34 keystroke_to_frame_median_ms=2.722 keystroke_to_frame_p95_ms=5.621 keystroke_to_frame_p99_ms=8.061 keystroke_to_frame_max_ms=8.061 frame_interval_samples=38 frame_interval_median_ms=24.172 frame_interval_p95_ms=474.577 frame_interval_p99_ms=1690.202 frame_interval_max_ms=1690.202 layout_samples=39 layout_median_ms=0.662 layout_p95_ms=1.191 layout_p99_ms=18.148 layout_max_ms=18.148
hane_metrics keystroke_to_model_samples=35 keystroke_to_model_median_ms=0.010 keystroke_to_model_p95_ms=0.026 keystroke_to_model_p99_ms=0.039 keystroke_to_model_max_ms=0.039 keystroke_to_frame_samples=35 keystroke_to_frame_median_ms=2.768 keystroke_to_frame_p95_ms=5.621 keystroke_to_frame_p99_ms=8.061 keystroke_to_frame_max_ms=8.061 frame_interval_samples=39 frame_interval_median_ms=24.271 frame_interval_p95_ms=474.577 frame_interval_p99_ms=1690.202 frame_interval_max_ms=1690.202 layout_samples=40 layout_median_ms=0.662 layout_p95_ms=1.024 layout_p99_ms=18.148 layout_max_ms=18.148

--- source_file: issue23-input-feedda4/hundred_start/hane.log ---
hane_ready startup_time_ms=354.459 file_open_time_ms=231.188 rss_bytes=383664128
hane_metrics keystroke_to_model_samples=1 keystroke_to_model_median_ms=0.164 keystroke_to_model_p95_ms=0.164 keystroke_to_model_p99_ms=0.164 keystroke_to_model_max_ms=0.164 keystroke_to_frame_samples=1 keystroke_to_frame_median_ms=10.528 keystroke_to_frame_p95_ms=10.528 keystroke_to_frame_p99_ms=10.528 keystroke_to_frame_max_ms=10.528 frame_interval_samples=4 frame_interval_median_ms=17.408 frame_interval_p95_ms=656.866 frame_interval_p99_ms=656.866 frame_interval_max_ms=656.866 layout_samples=5 layout_median_ms=0.341 layout_p95_ms=16.730 layout_p99_ms=16.730 layout_max_ms=16.730
hane_metrics keystroke_to_model_samples=2 keystroke_to_model_median_ms=0.010 keystroke_to_model_p95_ms=0.164 keystroke_to_model_p99_ms=0.164 keystroke_to_model_max_ms=0.164 keystroke_to_frame_samples=2 keystroke_to_frame_median_ms=1.074 keystroke_to_frame_p95_ms=10.528 keystroke_to_frame_p99_ms=10.528 keystroke_to_frame_max_ms=10.528 frame_interval_samples=5 frame_interval_median_ms=17.408 frame_interval_p95_ms=656.866 frame_interval_p99_ms=656.866 frame_interval_max_ms=656.866 layout_samples=6 layout_median_ms=0.341 layout_p95_ms=16.730 layout_p99_ms=16.730 layout_max_ms=16.730
hane_metrics keystroke_to_model_samples=3 keystroke_to_model_median_ms=0.010 keystroke_to_model_p95_ms=0.164 keystroke_to_model_p99_ms=0.164 keystroke_to_model_max_ms=0.164 keystroke_to_frame_samples=3 keystroke_to_frame_median_ms=4.243 keystroke_to_frame_p95_ms=10.528 keystroke_to_frame_p99_ms=10.528 keystroke_to_frame_max_ms=10.528 frame_interval_samples=6 frame_interval_median_ms=17.408 frame_interval_p95_ms=656.866 frame_interval_p99_ms=656.866 frame_interval_max_ms=656.866 layout_samples=7 layout_median_ms=0.365 layout_p95_ms=16.730 layout_p99_ms=16.730 layout_max_ms=16.730
hane_metrics keystroke_to_model_samples=4 keystroke_to_model_median_ms=0.008 keystroke_to_model_p95_ms=0.164 keystroke_to_model_p99_ms=0.164 keystroke_to_model_max_ms=0.164 keystroke_to_frame_samples=4 keystroke_to_frame_median_ms=1.179 keystroke_to_frame_p95_ms=10.528 keystroke_to_frame_p99_ms=10.528 keystroke_to_frame_max_ms=10.528 frame_interval_samples=7 frame_interval_median_ms=21.110 frame_interval_p95_ms=656.866 frame_interval_p99_ms=656.866 frame_interval_max_ms=656.866 layout_samples=8 layout_median_ms=0.341 layout_p95_ms=16.730 layout_p99_ms=16.730 layout_max_ms=16.730
hane_metrics keystroke_to_model_samples=5 keystroke_to_model_median_ms=0.009 keystroke_to_model_p95_ms=0.164 keystroke_to_model_p99_ms=0.164 keystroke_to_model_max_ms=0.164 keystroke_to_frame_samples=5 keystroke_to_frame_median_ms=1.721 keystroke_to_frame_p95_ms=10.528 keystroke_to_frame_p99_ms=10.528 keystroke_to_frame_max_ms=10.528 frame_interval_samples=8 frame_interval_median_ms=21.110 frame_interval_p95_ms=656.866 frame_interval_p99_ms=656.866 frame_interval_max_ms=656.866 layout_samples=9 layout_median_ms=0.341 layout_p95_ms=16.730 layout_p99_ms=16.730 layout_max_ms=16.730
hane_metrics keystroke_to_model_samples=6 keystroke_to_model_median_ms=0.008 keystroke_to_model_p95_ms=0.164 keystroke_to_model_p99_ms=0.164 keystroke_to_model_max_ms=0.164 keystroke_to_frame_samples=6 keystroke_to_frame_median_ms=1.721 keystroke_to_frame_p95_ms=10.528 keystroke_to_frame_p99_ms=10.528 keystroke_to_frame_max_ms=10.528 frame_interval_samples=9 frame_interval_median_ms=24.929 frame_interval_p95_ms=1522.798 frame_interval_p99_ms=1522.798 frame_interval_max_ms=1522.798 layout_samples=10 layout_median_ms=0.341 layout_p95_ms=16.730 layout_p99_ms=16.730 layout_max_ms=16.730
hane_metrics keystroke_to_model_samples=7 keystroke_to_model_median_ms=0.008 keystroke_to_model_p95_ms=0.164 keystroke_to_model_p99_ms=0.164 keystroke_to_model_max_ms=0.164 keystroke_to_frame_samples=7 keystroke_to_frame_median_ms=1.721 keystroke_to_frame_p95_ms=10.528 keystroke_to_frame_p99_ms=10.528 keystroke_to_frame_max_ms=10.528 frame_interval_samples=11 frame_interval_median_ms=24.929 frame_interval_p95_ms=1522.798 frame_interval_p99_ms=1522.798 frame_interval_max_ms=1522.798 layout_samples=12 layout_median_ms=0.325 layout_p95_ms=16.730 layout_p99_ms=16.730 layout_max_ms=16.730
hane_metrics keystroke_to_model_samples=8 keystroke_to_model_median_ms=0.008 keystroke_to_model_p95_ms=0.164 keystroke_to_model_p99_ms=0.164 keystroke_to_model_max_ms=0.164 keystroke_to_frame_samples=8 keystroke_to_frame_median_ms=1.179 keystroke_to_frame_p95_ms=10.528 keystroke_to_frame_p99_ms=10.528 keystroke_to_frame_max_ms=10.528 frame_interval_samples=12 frame_interval_median_ms=21.110 frame_interval_p95_ms=1522.798 frame_interval_p99_ms=1522.798 frame_interval_max_ms=1522.798 layout_samples=13 layout_median_ms=0.325 layout_p95_ms=16.730 layout_p99_ms=16.730 layout_max_ms=16.730
hane_metrics keystroke_to_model_samples=9 keystroke_to_model_median_ms=0.008 keystroke_to_model_p95_ms=0.164 keystroke_to_model_p99_ms=0.164 keystroke_to_model_max_ms=0.164 keystroke_to_frame_samples=9 keystroke_to_frame_median_ms=1.179 keystroke_to_frame_p95_ms=10.528 keystroke_to_frame_p99_ms=10.528 keystroke_to_frame_max_ms=10.528 frame_interval_samples=13 frame_interval_median_ms=21.110 frame_interval_p95_ms=1522.798 frame_interval_p99_ms=1522.798 frame_interval_max_ms=1522.798 layout_samples=14 layout_median_ms=0.310 layout_p95_ms=16.730 layout_p99_ms=16.730 layout_max_ms=16.730
hane_metrics keystroke_to_model_samples=10 keystroke_to_model_median_ms=0.008 keystroke_to_model_p95_ms=0.164 keystroke_to_model_p99_ms=0.164 keystroke_to_model_max_ms=0.164 keystroke_to_frame_samples=10 keystroke_to_frame_median_ms=1.074 keystroke_to_frame_p95_ms=10.528 keystroke_to_frame_p99_ms=10.528 keystroke_to_frame_max_ms=10.528 frame_interval_samples=14 frame_interval_median_ms=17.408 frame_interval_p95_ms=1522.798 frame_interval_p99_ms=1522.798 frame_interval_max_ms=1522.798 layout_samples=15 layout_median_ms=0.310 layout_p95_ms=16.730 layout_p99_ms=16.730 layout_max_ms=16.730
hane_metrics keystroke_to_model_samples=11 keystroke_to_model_median_ms=0.008 keystroke_to_model_p95_ms=0.164 keystroke_to_model_p99_ms=0.164 keystroke_to_model_max_ms=0.164 keystroke_to_frame_samples=11 keystroke_to_frame_median_ms=1.074 keystroke_to_frame_p95_ms=10.528 keystroke_to_frame_p99_ms=10.528 keystroke_to_frame_max_ms=10.528 frame_interval_samples=15 frame_interval_median_ms=17.408 frame_interval_p95_ms=1522.798 frame_interval_p99_ms=1522.798 frame_interval_max_ms=1522.798 layout_samples=16 layout_median_ms=0.273 layout_p95_ms=16.730 layout_p99_ms=16.730 layout_max_ms=16.730
hane_metrics keystroke_to_model_samples=12 keystroke_to_model_median_ms=0.007 keystroke_to_model_p95_ms=0.164 keystroke_to_model_p99_ms=0.164 keystroke_to_model_max_ms=0.164 keystroke_to_frame_samples=12 keystroke_to_frame_median_ms=0.691 keystroke_to_frame_p95_ms=10.528 keystroke_to_frame_p99_ms=10.528 keystroke_to_frame_max_ms=10.528 frame_interval_samples=16 frame_interval_median_ms=11.625 frame_interval_p95_ms=1522.798 frame_interval_p99_ms=1522.798 frame_interval_max_ms=1522.798 layout_samples=17 layout_median_ms=0.273 layout_p95_ms=16.730 layout_p99_ms=16.730 layout_max_ms=16.730
hane_metrics keystroke_to_model_samples=13 keystroke_to_model_median_ms=0.007 keystroke_to_model_p95_ms=0.164 keystroke_to_model_p99_ms=0.164 keystroke_to_model_max_ms=0.164 keystroke_to_frame_samples=13 keystroke_to_frame_median_ms=0.691 keystroke_to_frame_p95_ms=10.528 keystroke_to_frame_p99_ms=10.528 keystroke_to_frame_max_ms=10.528 frame_interval_samples=17 frame_interval_median_ms=11.625 frame_interval_p95_ms=1522.798 frame_interval_p99_ms=1522.798 frame_interval_max_ms=1522.798 layout_samples=18 layout_median_ms=0.231 layout_p95_ms=16.730 layout_p99_ms=16.730 layout_max_ms=16.730
hane_metrics keystroke_to_model_samples=14 keystroke_to_model_median_ms=0.002 keystroke_to_model_p95_ms=0.164 keystroke_to_model_p99_ms=0.164 keystroke_to_model_max_ms=0.164 keystroke_to_frame_samples=14 keystroke_to_frame_median_ms=0.616 keystroke_to_frame_p95_ms=10.528 keystroke_to_frame_p99_ms=10.528 keystroke_to_frame_max_ms=10.528 frame_interval_samples=18 frame_interval_median_ms=6.286 frame_interval_p95_ms=1522.798 frame_interval_p99_ms=1522.798 frame_interval_max_ms=1522.798 layout_samples=19 layout_median_ms=0.231 layout_p95_ms=16.730 layout_p99_ms=16.730 layout_max_ms=16.730
hane_metrics keystroke_to_model_samples=15 keystroke_to_model_median_ms=0.002 keystroke_to_model_p95_ms=0.164 keystroke_to_model_p99_ms=0.164 keystroke_to_model_max_ms=0.164 keystroke_to_frame_samples=15 keystroke_to_frame_median_ms=0.616 keystroke_to_frame_p95_ms=10.528 keystroke_to_frame_p99_ms=10.528 keystroke_to_frame_max_ms=10.528 frame_interval_samples=19 frame_interval_median_ms=6.286 frame_interval_p95_ms=1522.798 frame_interval_p99_ms=1522.798 frame_interval_max_ms=1522.798 layout_samples=20 layout_median_ms=0.182 layout_p95_ms=1.890 layout_p99_ms=16.730 layout_max_ms=16.730
hane_metrics keystroke_to_model_samples=16 keystroke_to_model_median_ms=0.001 keystroke_to_model_p95_ms=0.164 keystroke_to_model_p99_ms=0.164 keystroke_to_model_max_ms=0.164 keystroke_to_frame_samples=16 keystroke_to_frame_median_ms=0.613 keystroke_to_frame_p95_ms=10.528 keystroke_to_frame_p99_ms=10.528 keystroke_to_frame_max_ms=10.528 frame_interval_samples=20 frame_interval_median_ms=1.030 frame_interval_p95_ms=656.866 frame_interval_p99_ms=1522.798 frame_interval_max_ms=1522.798 layout_samples=21 layout_median_ms=0.182 layout_p95_ms=1.890 layout_p99_ms=16.730 layout_max_ms=16.730
hane_metrics keystroke_to_model_samples=17 keystroke_to_model_median_ms=0.001 keystroke_to_model_p95_ms=0.164 keystroke_to_model_p99_ms=0.164 keystroke_to_model_max_ms=0.164 keystroke_to_frame_samples=17 keystroke_to_frame_median_ms=0.613 keystroke_to_frame_p95_ms=10.528 keystroke_to_frame_p99_ms=10.528 keystroke_to_frame_max_ms=10.528 frame_interval_samples=21 frame_interval_median_ms=1.030 frame_interval_p95_ms=656.866 frame_interval_p99_ms=1522.798 frame_interval_max_ms=1522.798 layout_samples=22 layout_median_ms=0.161 layout_p95_ms=1.890 layout_p99_ms=16.730 layout_max_ms=16.730
hane_metrics keystroke_to_model_samples=18 keystroke_to_model_median_ms=0.001 keystroke_to_model_p95_ms=0.164 keystroke_to_model_p99_ms=0.164 keystroke_to_model_max_ms=0.164 keystroke_to_frame_samples=18 keystroke_to_frame_median_ms=0.613 keystroke_to_frame_p95_ms=10.528 keystroke_to_frame_p99_ms=10.528 keystroke_to_frame_max_ms=10.528 frame_interval_samples=22 frame_interval_median_ms=1.030 frame_interval_p95_ms=656.866 frame_interval_p99_ms=1522.798 frame_interval_max_ms=1522.798 layout_samples=23 layout_median_ms=0.176 layout_p95_ms=1.890 layout_p99_ms=16.730 layout_max_ms=16.730
hane_metrics keystroke_to_model_samples=19 keystroke_to_model_median_ms=0.001 keystroke_to_model_p95_ms=0.164 keystroke_to_model_p99_ms=0.164 keystroke_to_model_max_ms=0.164 keystroke_to_frame_samples=19 keystroke_to_frame_median_ms=0.616 keystroke_to_frame_p95_ms=10.528 keystroke_to_frame_p99_ms=10.528 keystroke_to_frame_max_ms=10.528 frame_interval_samples=23 frame_interval_median_ms=1.081 frame_interval_p95_ms=656.866 frame_interval_p99_ms=1522.798 frame_interval_max_ms=1522.798 layout_samples=24 layout_median_ms=0.173 layout_p95_ms=1.890 layout_p99_ms=16.730 layout_max_ms=16.730
hane_metrics keystroke_to_model_samples=20 keystroke_to_model_median_ms=0.001 keystroke_to_model_p95_ms=0.010 keystroke_to_model_p99_ms=0.164 keystroke_to_model_max_ms=0.164 keystroke_to_frame_samples=20 keystroke_to_frame_median_ms=0.616 keystroke_to_frame_p95_ms=4.243 keystroke_to_frame_p99_ms=10.528 keystroke_to_frame_max_ms=10.528 frame_interval_samples=24 frame_interval_median_ms=1.041 frame_interval_p95_ms=656.866 frame_interval_p99_ms=1522.798 frame_interval_max_ms=1522.798 layout_samples=25 layout_median_ms=0.173 layout_p95_ms=1.890 layout_p99_ms=16.730 layout_max_ms=16.730
hane_metrics keystroke_to_model_samples=21 keystroke_to_model_median_ms=0.002 keystroke_to_model_p95_ms=0.010 keystroke_to_model_p99_ms=0.164 keystroke_to_model_max_ms=0.164 keystroke_to_frame_samples=21 keystroke_to_frame_median_ms=0.653 keystroke_to_frame_p95_ms=4.243 keystroke_to_frame_p99_ms=10.528 keystroke_to_frame_max_ms=10.528 frame_interval_samples=25 frame_interval_median_ms=1.081 frame_interval_p95_ms=656.866 frame_interval_p99_ms=1522.798 frame_interval_max_ms=1522.798 layout_samples=26 layout_median_ms=0.173 layout_p95_ms=1.890 layout_p99_ms=16.730 layout_max_ms=16.730
hane_metrics keystroke_to_model_samples=22 keystroke_to_model_median_ms=0.002 keystroke_to_model_p95_ms=0.010 keystroke_to_model_p99_ms=0.164 keystroke_to_model_max_ms=0.164 keystroke_to_frame_samples=22 keystroke_to_frame_median_ms=0.616 keystroke_to_frame_p95_ms=4.243 keystroke_to_frame_p99_ms=10.528 keystroke_to_frame_max_ms=10.528 frame_interval_samples=26 frame_interval_median_ms=1.041 frame_interval_p95_ms=656.866 frame_interval_p99_ms=1522.798 frame_interval_max_ms=1522.798 layout_samples=27 layout_median_ms=0.173 layout_p95_ms=1.890 layout_p99_ms=16.730 layout_max_ms=16.730
hane_metrics keystroke_to_model_samples=23 keystroke_to_model_median_ms=0.002 keystroke_to_model_p95_ms=0.010 keystroke_to_model_p99_ms=0.164 keystroke_to_model_max_ms=0.164 keystroke_to_frame_samples=23 keystroke_to_frame_median_ms=0.653 keystroke_to_frame_p95_ms=4.243 keystroke_to_frame_p99_ms=10.528 keystroke_to_frame_max_ms=10.528 frame_interval_samples=27 frame_interval_median_ms=1.081 frame_interval_p95_ms=656.866 frame_interval_p99_ms=1522.798 frame_interval_max_ms=1522.798 layout_samples=28 layout_median_ms=0.173 layout_p95_ms=1.890 layout_p99_ms=16.730 layout_max_ms=16.730
hane_metrics keystroke_to_model_samples=24 keystroke_to_model_median_ms=0.002 keystroke_to_model_p95_ms=0.010 keystroke_to_model_p99_ms=0.164 keystroke_to_model_max_ms=0.164 keystroke_to_frame_samples=24 keystroke_to_frame_median_ms=0.653 keystroke_to_frame_p95_ms=4.243 keystroke_to_frame_p99_ms=10.528 keystroke_to_frame_max_ms=10.528 frame_interval_samples=28 frame_interval_median_ms=1.081 frame_interval_p95_ms=656.866 frame_interval_p99_ms=1522.798 frame_interval_max_ms=1522.798 layout_samples=29 layout_median_ms=0.176 layout_p95_ms=1.890 layout_p99_ms=16.730 layout_max_ms=16.730
hane_metrics keystroke_to_model_samples=25 keystroke_to_model_median_ms=0.002 keystroke_to_model_p95_ms=0.010 keystroke_to_model_p99_ms=0.164 keystroke_to_model_max_ms=0.164 keystroke_to_frame_samples=25 keystroke_to_frame_median_ms=0.691 keystroke_to_frame_p95_ms=4.243 keystroke_to_frame_p99_ms=10.528 keystroke_to_frame_max_ms=10.528 frame_interval_samples=29 frame_interval_median_ms=1.085 frame_interval_p95_ms=656.866 frame_interval_p99_ms=1522.798 frame_interval_max_ms=1522.798 layout_samples=30 layout_median_ms=0.176 layout_p95_ms=1.890 layout_p99_ms=16.730 layout_max_ms=16.730
hane_metrics keystroke_to_model_samples=26 keystroke_to_model_median_ms=0.002 keystroke_to_model_p95_ms=0.010 keystroke_to_model_p99_ms=0.164 keystroke_to_model_max_ms=0.164 keystroke_to_frame_samples=26 keystroke_to_frame_median_ms=0.691 keystroke_to_frame_p95_ms=4.243 keystroke_to_frame_p99_ms=10.528 keystroke_to_frame_max_ms=10.528 frame_interval_samples=30 frame_interval_median_ms=1.085 frame_interval_p95_ms=656.866 frame_interval_p99_ms=1522.798 frame_interval_max_ms=1522.798 layout_samples=31 layout_median_ms=0.182 layout_p95_ms=1.890 layout_p99_ms=16.730 layout_max_ms=16.730
hane_metrics keystroke_to_model_samples=27 keystroke_to_model_median_ms=0.003 keystroke_to_model_p95_ms=0.010 keystroke_to_model_p99_ms=0.164 keystroke_to_model_max_ms=0.164 keystroke_to_frame_samples=27 keystroke_to_frame_median_ms=0.707 keystroke_to_frame_p95_ms=4.243 keystroke_to_frame_p99_ms=10.528 keystroke_to_frame_max_ms=10.528 frame_interval_samples=31 frame_interval_median_ms=2.792 frame_interval_p95_ms=656.866 frame_interval_p99_ms=1522.798 frame_interval_max_ms=1522.798 layout_samples=32 layout_median_ms=0.182 layout_p95_ms=1.890 layout_p99_ms=16.730 layout_max_ms=16.730
hane_metrics keystroke_to_model_samples=28 keystroke_to_model_median_ms=0.003 keystroke_to_model_p95_ms=0.010 keystroke_to_model_p99_ms=0.164 keystroke_to_model_max_ms=0.164 keystroke_to_frame_samples=28 keystroke_to_frame_median_ms=0.707 keystroke_to_frame_p95_ms=4.243 keystroke_to_frame_p99_ms=10.528 keystroke_to_frame_max_ms=10.528 frame_interval_samples=32 frame_interval_median_ms=2.792 frame_interval_p95_ms=656.866 frame_interval_p99_ms=1522.798 frame_interval_max_ms=1522.798 layout_samples=33 layout_median_ms=0.182 layout_p95_ms=1.890 layout_p99_ms=16.730 layout_max_ms=16.730
hane_metrics keystroke_to_model_samples=29 keystroke_to_model_median_ms=0.003 keystroke_to_model_p95_ms=0.010 keystroke_to_model_p99_ms=0.164 keystroke_to_model_max_ms=0.164 keystroke_to_frame_samples=29 keystroke_to_frame_median_ms=0.754 keystroke_to_frame_p95_ms=4.243 keystroke_to_frame_p99_ms=10.528 keystroke_to_frame_max_ms=10.528 frame_interval_samples=33 frame_interval_median_ms=2.899 frame_interval_p95_ms=656.866 frame_interval_p99_ms=1522.798 frame_interval_max_ms=1522.798 layout_samples=34 layout_median_ms=0.182 layout_p95_ms=1.890 layout_p99_ms=16.730 layout_max_ms=16.730
hane_metrics keystroke_to_model_samples=30 keystroke_to_model_median_ms=0.003 keystroke_to_model_p95_ms=0.010 keystroke_to_model_p99_ms=0.164 keystroke_to_model_max_ms=0.164 keystroke_to_frame_samples=30 keystroke_to_frame_median_ms=0.754 keystroke_to_frame_p95_ms=4.243 keystroke_to_frame_p99_ms=10.528 keystroke_to_frame_max_ms=10.528 frame_interval_samples=34 frame_interval_median_ms=2.899 frame_interval_p95_ms=656.866 frame_interval_p99_ms=1522.798 frame_interval_max_ms=1522.798 layout_samples=35 layout_median_ms=0.202 layout_p95_ms=1.890 layout_p99_ms=16.730 layout_max_ms=16.730
hane_metrics keystroke_to_model_samples=31 keystroke_to_model_median_ms=0.003 keystroke_to_model_p95_ms=0.022 keystroke_to_model_p99_ms=0.164 keystroke_to_model_max_ms=0.164 keystroke_to_frame_samples=31 keystroke_to_frame_median_ms=1.074 keystroke_to_frame_p95_ms=4.243 keystroke_to_frame_p99_ms=10.528 keystroke_to_frame_max_ms=10.528 frame_interval_samples=35 frame_interval_median_ms=6.286 frame_interval_p95_ms=656.866 frame_interval_p99_ms=1522.798 frame_interval_max_ms=1522.798 layout_samples=36 layout_median_ms=0.202 layout_p95_ms=1.890 layout_p99_ms=16.730 layout_max_ms=16.730
hane_metrics keystroke_to_model_samples=32 keystroke_to_model_median_ms=0.003 keystroke_to_model_p95_ms=0.022 keystroke_to_model_p99_ms=0.164 keystroke_to_model_max_ms=0.164 keystroke_to_frame_samples=32 keystroke_to_frame_median_ms=1.074 keystroke_to_frame_p95_ms=4.243 keystroke_to_frame_p99_ms=10.528 keystroke_to_frame_max_ms=10.528 frame_interval_samples=36 frame_interval_median_ms=6.286 frame_interval_p95_ms=656.866 frame_interval_p99_ms=1522.798 frame_interval_max_ms=1522.798 layout_samples=37 layout_median_ms=0.224 layout_p95_ms=1.890 layout_p99_ms=16.730 layout_max_ms=16.730
hane_metrics keystroke_to_model_samples=33 keystroke_to_model_median_ms=0.005 keystroke_to_model_p95_ms=0.022 keystroke_to_model_p99_ms=0.164 keystroke_to_model_max_ms=0.164 keystroke_to_frame_samples=33 keystroke_to_frame_median_ms=1.179 keystroke_to_frame_p95_ms=4.243 keystroke_to_frame_p99_ms=10.528 keystroke_to_frame_max_ms=10.528 frame_interval_samples=37 frame_interval_median_ms=11.625 frame_interval_p95_ms=656.866 frame_interval_p99_ms=1522.798 frame_interval_max_ms=1522.798 layout_samples=38 layout_median_ms=0.224 layout_p95_ms=1.890 layout_p99_ms=16.730 layout_max_ms=16.730
hane_metrics keystroke_to_model_samples=34 keystroke_to_model_median_ms=0.005 keystroke_to_model_p95_ms=0.022 keystroke_to_model_p99_ms=0.164 keystroke_to_model_max_ms=0.164 keystroke_to_frame_samples=34 keystroke_to_frame_median_ms=1.179 keystroke_to_frame_p95_ms=4.243 keystroke_to_frame_p99_ms=10.528 keystroke_to_frame_max_ms=10.528 frame_interval_samples=38 frame_interval_median_ms=11.625 frame_interval_p95_ms=656.866 frame_interval_p99_ms=1522.798 frame_interval_max_ms=1522.798 layout_samples=39 layout_median_ms=0.231 layout_p95_ms=1.890 layout_p99_ms=16.730 layout_max_ms=16.730
hane_metrics keystroke_to_model_samples=35 keystroke_to_model_median_ms=0.005 keystroke_to_model_p95_ms=0.043 keystroke_to_model_p99_ms=0.164 keystroke_to_model_max_ms=0.164 keystroke_to_frame_samples=35 keystroke_to_frame_median_ms=1.436 keystroke_to_frame_p95_ms=4.243 keystroke_to_frame_p99_ms=10.528 keystroke_to_frame_max_ms=10.528 frame_interval_samples=39 frame_interval_median_ms=17.408 frame_interval_p95_ms=656.866 frame_interval_p99_ms=1522.798 frame_interval_max_ms=1522.798 layout_samples=40 layout_median_ms=0.231 layout_p95_ms=0.431 layout_p99_ms=16.730 layout_max_ms=16.730

--- source_file: issue23-input-feedda4/ime/hane.log ---
hane_ready startup_time_ms=190.864 file_open_time_ms=76.643 rss_bytes=80494592
2026-09-27 21:26:47.763 hane[63022:18088614] error messaging the mach port for IMKCFRunLoopWakeUpReliable
hane_metrics keystroke_to_model_samples=1 keystroke_to_model_median_ms=0.019 keystroke_to_model_p95_ms=0.019 keystroke_to_model_p99_ms=0.019 keystroke_to_model_max_ms=0.019 keystroke_to_frame_samples=1 keystroke_to_frame_median_ms=8.080 keystroke_to_frame_p95_ms=8.080 keystroke_to_frame_p99_ms=8.080 keystroke_to_frame_max_ms=8.080 frame_interval_samples=5 frame_interval_median_ms=17.607 frame_interval_p95_ms=478.926 frame_interval_p99_ms=478.926 frame_interval_max_ms=478.926 layout_samples=6 layout_median_ms=0.181 layout_p95_ms=3.488 layout_p99_ms=3.488 layout_max_ms=3.488
hane_metrics keystroke_to_model_samples=2 keystroke_to_model_median_ms=0.019 keystroke_to_model_p95_ms=0.020 keystroke_to_model_p99_ms=0.020 keystroke_to_model_max_ms=0.020 keystroke_to_frame_samples=2 keystroke_to_frame_median_ms=3.927 keystroke_to_frame_p95_ms=8.080 keystroke_to_frame_p99_ms=8.080 keystroke_to_frame_max_ms=8.080 frame_interval_samples=6 frame_interval_median_ms=16.538 frame_interval_p95_ms=478.926 frame_interval_p99_ms=478.926 frame_interval_max_ms=478.926 layout_samples=7 layout_median_ms=0.185 layout_p95_ms=3.488 layout_p99_ms=3.488 layout_max_ms=3.488
hane_metrics keystroke_to_model_samples=3 keystroke_to_model_median_ms=0.019 keystroke_to_model_p95_ms=0.020 keystroke_to_model_p99_ms=0.020 keystroke_to_model_max_ms=0.020 keystroke_to_frame_samples=3 keystroke_to_frame_median_ms=3.927 keystroke_to_frame_p95_ms=8.080 keystroke_to_frame_p99_ms=8.080 keystroke_to_frame_max_ms=8.080 frame_interval_samples=7 frame_interval_median_ms=17.607 frame_interval_p95_ms=478.926 frame_interval_p99_ms=478.926 frame_interval_max_ms=478.926 layout_samples=8 layout_median_ms=0.185 layout_p95_ms=3.488 layout_p99_ms=3.488 layout_max_ms=3.488
hane_metrics keystroke_to_model_samples=4 keystroke_to_model_median_ms=0.007 keystroke_to_model_p95_ms=0.020 keystroke_to_model_p99_ms=0.020 keystroke_to_model_max_ms=0.020 keystroke_to_frame_samples=4 keystroke_to_frame_median_ms=3.765 keystroke_to_frame_p95_ms=8.080 keystroke_to_frame_p99_ms=8.080 keystroke_to_frame_max_ms=8.080 frame_interval_samples=8 frame_interval_median_ms=16.538 frame_interval_p95_ms=478.926 frame_interval_p99_ms=478.926 frame_interval_max_ms=478.926 layout_samples=9 layout_median_ms=0.251 layout_p95_ms=3.488 layout_p99_ms=3.488 layout_max_ms=3.488
hane_metrics keystroke_to_model_samples=5 keystroke_to_model_median_ms=0.007 keystroke_to_model_p95_ms=0.020 keystroke_to_model_p99_ms=0.020 keystroke_to_model_max_ms=0.020 keystroke_to_frame_samples=5 keystroke_to_frame_median_ms=3.927 keystroke_to_frame_p95_ms=8.080 keystroke_to_frame_p99_ms=8.080 keystroke_to_frame_max_ms=8.080 frame_interval_samples=9 frame_interval_median_ms=16.686 frame_interval_p95_ms=478.926 frame_interval_p99_ms=478.926 frame_interval_max_ms=478.926 layout_samples=10 layout_median_ms=0.251 layout_p95_ms=3.488 layout_p99_ms=3.488 layout_max_ms=3.488
hane_metrics keystroke_to_model_samples=6 keystroke_to_model_median_ms=0.007 keystroke_to_model_p95_ms=0.020 keystroke_to_model_p99_ms=0.020 keystroke_to_model_max_ms=0.020 keystroke_to_frame_samples=6 keystroke_to_frame_median_ms=3.927 keystroke_to_frame_p95_ms=8.080 keystroke_to_frame_p99_ms=8.080 keystroke_to_frame_max_ms=8.080 frame_interval_samples=10 frame_interval_median_ms=16.538 frame_interval_p95_ms=478.926 frame_interval_p99_ms=478.926 frame_interval_max_ms=478.926 layout_samples=11 layout_median_ms=0.322 layout_p95_ms=3.488 layout_p99_ms=3.488 layout_max_ms=3.488
hane_metrics keystroke_to_model_samples=7 keystroke_to_model_median_ms=0.008 keystroke_to_model_p95_ms=0.020 keystroke_to_model_p99_ms=0.020 keystroke_to_model_max_ms=0.020 keystroke_to_frame_samples=7 keystroke_to_frame_median_ms=4.228 keystroke_to_frame_p95_ms=8.080 keystroke_to_frame_p99_ms=8.080 keystroke_to_frame_max_ms=8.080 frame_interval_samples=11 frame_interval_median_ms=16.538 frame_interval_p95_ms=478.926 frame_interval_p99_ms=478.926 frame_interval_max_ms=478.926 layout_samples=12 layout_median_ms=0.322 layout_p95_ms=3.488 layout_p99_ms=3.488 layout_max_ms=3.488
hane_metrics keystroke_to_model_samples=8 keystroke_to_model_median_ms=0.008 keystroke_to_model_p95_ms=0.020 keystroke_to_model_p99_ms=0.020 keystroke_to_model_max_ms=0.020 keystroke_to_frame_samples=8 keystroke_to_frame_median_ms=4.228 keystroke_to_frame_p95_ms=8.080 keystroke_to_frame_p99_ms=8.080 keystroke_to_frame_max_ms=8.080 frame_interval_samples=12 frame_interval_median_ms=16.028 frame_interval_p95_ms=478.926 frame_interval_p99_ms=478.926 frame_interval_max_ms=478.926 layout_samples=13 layout_median_ms=0.322 layout_p95_ms=3.488 layout_p99_ms=3.488 layout_max_ms=3.488
hane_metrics keystroke_to_model_samples=9 keystroke_to_model_median_ms=0.008 keystroke_to_model_p95_ms=0.020 keystroke_to_model_p99_ms=0.020 keystroke_to_model_max_ms=0.020 keystroke_to_frame_samples=9 keystroke_to_frame_median_ms=4.964 keystroke_to_frame_p95_ms=8.080 keystroke_to_frame_p99_ms=8.080 keystroke_to_frame_max_ms=8.080 frame_interval_samples=13 frame_interval_median_ms=16.538 frame_interval_p95_ms=478.926 frame_interval_p99_ms=478.926 frame_interval_max_ms=478.926 layout_samples=14 layout_median_ms=0.322 layout_p95_ms=3.488 layout_p99_ms=3.488 layout_max_ms=3.488
hane_metrics keystroke_to_model_samples=10 keystroke_to_model_median_ms=0.008 keystroke_to_model_p95_ms=0.020 keystroke_to_model_p99_ms=0.020 keystroke_to_model_max_ms=0.020 keystroke_to_frame_samples=10 keystroke_to_frame_median_ms=4.964 keystroke_to_frame_p95_ms=8.080 keystroke_to_frame_p99_ms=8.080 keystroke_to_frame_max_ms=8.080 frame_interval_samples=14 frame_interval_median_ms=16.028 frame_interval_p95_ms=478.926 frame_interval_p99_ms=478.926 frame_interval_max_ms=478.926 layout_samples=15 layout_median_ms=0.324 layout_p95_ms=3.488 layout_p99_ms=3.488 layout_max_ms=3.488
hane_metrics keystroke_to_model_samples=11 keystroke_to_model_median_ms=0.008 keystroke_to_model_p95_ms=0.020 keystroke_to_model_p99_ms=0.020 keystroke_to_model_max_ms=0.020 keystroke_to_frame_samples=11 keystroke_to_frame_median_ms=5.358 keystroke_to_frame_p95_ms=8.080 keystroke_to_frame_p99_ms=8.080 keystroke_to_frame_max_ms=8.080 frame_interval_samples=15 frame_interval_median_ms=16.538 frame_interval_p95_ms=478.926 frame_interval_p99_ms=478.926 frame_interval_max_ms=478.926 layout_samples=16 layout_median_ms=0.324 layout_p95_ms=3.488 layout_p99_ms=3.488 layout_max_ms=3.488
hane_metrics keystroke_to_model_samples=12 keystroke_to_model_median_ms=0.008 keystroke_to_model_p95_ms=0.020 keystroke_to_model_p99_ms=0.020 keystroke_to_model_max_ms=0.020 keystroke_to_frame_samples=12 keystroke_to_frame_median_ms=5.358 keystroke_to_frame_p95_ms=8.080 keystroke_to_frame_p99_ms=8.080 keystroke_to_frame_max_ms=8.080 frame_interval_samples=16 frame_interval_median_ms=16.028 frame_interval_p95_ms=478.926 frame_interval_p99_ms=478.926 frame_interval_max_ms=478.926 layout_samples=17 layout_median_ms=0.328 layout_p95_ms=3.488 layout_p99_ms=3.488 layout_max_ms=3.488
hane_metrics keystroke_to_model_samples=13 keystroke_to_model_median_ms=0.008 keystroke_to_model_p95_ms=0.020 keystroke_to_model_p99_ms=0.020 keystroke_to_model_max_ms=0.020 keystroke_to_frame_samples=13 keystroke_to_frame_median_ms=5.440 keystroke_to_frame_p95_ms=8.080 keystroke_to_frame_p99_ms=8.080 keystroke_to_frame_max_ms=8.080 frame_interval_samples=17 frame_interval_median_ms=16.130 frame_interval_p95_ms=478.926 frame_interval_p99_ms=478.926 frame_interval_max_ms=478.926 layout_samples=18 layout_median_ms=0.328 layout_p95_ms=3.488 layout_p99_ms=3.488 layout_max_ms=3.488
hane_metrics keystroke_to_model_samples=14 keystroke_to_model_median_ms=0.007 keystroke_to_model_p95_ms=0.020 keystroke_to_model_p99_ms=0.020 keystroke_to_model_max_ms=0.020 keystroke_to_frame_samples=14 keystroke_to_frame_median_ms=5.358 keystroke_to_frame_p95_ms=8.080 keystroke_to_frame_p99_ms=8.080 keystroke_to_frame_max_ms=8.080 frame_interval_samples=18 frame_interval_median_ms=16.028 frame_interval_p95_ms=478.926 frame_interval_p99_ms=478.926 frame_interval_max_ms=478.926 layout_samples=19 layout_median_ms=0.328 layout_p95_ms=3.488 layout_p99_ms=3.488 layout_max_ms=3.488
hane_metrics keystroke_to_model_samples=15 keystroke_to_model_median_ms=0.007 keystroke_to_model_p95_ms=0.020 keystroke_to_model_p99_ms=0.020 keystroke_to_model_max_ms=0.020 keystroke_to_frame_samples=15 keystroke_to_frame_median_ms=5.440 keystroke_to_frame_p95_ms=8.080 keystroke_to_frame_p99_ms=8.080 keystroke_to_frame_max_ms=8.080 frame_interval_samples=19 frame_interval_median_ms=16.028 frame_interval_p95_ms=478.926 frame_interval_p99_ms=478.926 frame_interval_max_ms=478.926 layout_samples=20 layout_median_ms=0.325 layout_p95_ms=0.564 layout_p99_ms=3.488 layout_max_ms=3.488
hane_metrics keystroke_to_model_samples=16 keystroke_to_model_median_ms=0.007 keystroke_to_model_p95_ms=0.020 keystroke_to_model_p99_ms=0.020 keystroke_to_model_max_ms=0.020 keystroke_to_frame_samples=16 keystroke_to_frame_median_ms=5.440 keystroke_to_frame_p95_ms=8.080 keystroke_to_frame_p99_ms=8.080 keystroke_to_frame_max_ms=8.080 frame_interval_samples=20 frame_interval_median_ms=14.960 frame_interval_p95_ms=57.364 frame_interval_p99_ms=478.926 frame_interval_max_ms=478.926 layout_samples=21 layout_median_ms=0.325 layout_p95_ms=0.564 layout_p99_ms=3.488 layout_max_ms=3.488
hane_metrics keystroke_to_model_samples=17 keystroke_to_model_median_ms=0.007 keystroke_to_model_p95_ms=0.020 keystroke_to_model_p99_ms=0.020 keystroke_to_model_max_ms=0.020 keystroke_to_frame_samples=17 keystroke_to_frame_median_ms=5.440 keystroke_to_frame_p95_ms=8.080 keystroke_to_frame_p99_ms=8.080 keystroke_to_frame_max_ms=8.080 frame_interval_samples=21 frame_interval_median_ms=16.028 frame_interval_p95_ms=57.364 frame_interval_p99_ms=478.926 frame_interval_max_ms=478.926 layout_samples=22 layout_median_ms=0.325 layout_p95_ms=0.564 layout_p99_ms=3.488 layout_max_ms=3.488
hane_metrics keystroke_to_model_samples=18 keystroke_to_model_median_ms=0.007 keystroke_to_model_p95_ms=0.020 keystroke_to_model_p99_ms=0.020 keystroke_to_model_max_ms=0.020 keystroke_to_frame_samples=18 keystroke_to_frame_median_ms=5.440 keystroke_to_frame_p95_ms=8.080 keystroke_to_frame_p99_ms=8.080 keystroke_to_frame_max_ms=8.080 frame_interval_samples=22 frame_interval_median_ms=14.960 frame_interval_p95_ms=57.364 frame_interval_p99_ms=478.926 frame_interval_max_ms=478.926 layout_samples=23 layout_median_ms=0.328 layout_p95_ms=0.564 layout_p99_ms=3.488 layout_max_ms=3.488
hane_metrics keystroke_to_model_samples=19 keystroke_to_model_median_ms=0.007 keystroke_to_model_p95_ms=0.020 keystroke_to_model_p99_ms=0.020 keystroke_to_model_max_ms=0.020 keystroke_to_frame_samples=19 keystroke_to_frame_median_ms=5.440 keystroke_to_frame_p95_ms=8.080 keystroke_to_frame_p99_ms=8.080 keystroke_to_frame_max_ms=8.080 frame_interval_samples=23 frame_interval_median_ms=16.028 frame_interval_p95_ms=57.364 frame_interval_p99_ms=478.926 frame_interval_max_ms=478.926 layout_samples=24 layout_median_ms=0.328 layout_p95_ms=0.564 layout_p99_ms=3.488 layout_max_ms=3.488
hane_metrics keystroke_to_model_samples=20 keystroke_to_model_median_ms=0.007 keystroke_to_model_p95_ms=0.019 keystroke_to_model_p99_ms=0.020 keystroke_to_model_max_ms=0.020 keystroke_to_frame_samples=20 keystroke_to_frame_median_ms=5.358 keystroke_to_frame_p95_ms=7.328 keystroke_to_frame_p99_ms=8.080 keystroke_to_frame_max_ms=8.080 frame_interval_samples=24 frame_interval_median_ms=14.960 frame_interval_p95_ms=57.364 frame_interval_p99_ms=478.926 frame_interval_max_ms=478.926 layout_samples=25 layout_median_ms=0.332 layout_p95_ms=0.564 layout_p99_ms=3.488 layout_max_ms=3.488
hane_metrics keystroke_to_model_samples=21 keystroke_to_model_median_ms=0.008 keystroke_to_model_p95_ms=0.019 keystroke_to_model_p99_ms=0.020 keystroke_to_model_max_ms=0.020 keystroke_to_frame_samples=21 keystroke_to_frame_median_ms=5.358 keystroke_to_frame_p95_ms=7.328 keystroke_to_frame_p99_ms=8.080 keystroke_to_frame_max_ms=8.080 frame_interval_samples=25 frame_interval_median_ms=14.960 frame_interval_p95_ms=57.364 frame_interval_p99_ms=478.926 frame_interval_max_ms=478.926 layout_samples=26 layout_median_ms=0.332 layout_p95_ms=0.564 layout_p99_ms=3.488 layout_max_ms=3.488
hane_metrics keystroke_to_model_samples=22 keystroke_to_model_median_ms=0.008 keystroke_to_model_p95_ms=0.019 keystroke_to_model_p99_ms=0.020 keystroke_to_model_max_ms=0.020 keystroke_to_frame_samples=22 keystroke_to_frame_median_ms=5.146 keystroke_to_frame_p95_ms=7.328 keystroke_to_frame_p99_ms=8.080 keystroke_to_frame_max_ms=8.080 frame_interval_samples=26 frame_interval_median_ms=14.357 frame_interval_p95_ms=57.364 frame_interval_p99_ms=478.926 frame_interval_max_ms=478.926 layout_samples=27 layout_median_ms=0.357 layout_p95_ms=0.564 layout_p99_ms=3.488 layout_max_ms=3.488
hane_metrics keystroke_to_model_samples=23 keystroke_to_model_median_ms=0.008 keystroke_to_model_p95_ms=0.019 keystroke_to_model_p99_ms=0.020 keystroke_to_model_max_ms=0.020 keystroke_to_frame_samples=23 keystroke_to_frame_median_ms=5.146 keystroke_to_frame_p95_ms=7.328 keystroke_to_frame_p99_ms=8.080 keystroke_to_frame_max_ms=8.080 frame_interval_samples=27 frame_interval_median_ms=14.357 frame_interval_p95_ms=57.364 frame_interval_p99_ms=478.926 frame_interval_max_ms=478.926 layout_samples=28 layout_median_ms=0.355 layout_p95_ms=0.564 layout_p99_ms=3.488 layout_max_ms=3.488
hane_metrics keystroke_to_model_samples=24 keystroke_to_model_median_ms=0.008 keystroke_to_model_p95_ms=0.019 keystroke_to_model_p99_ms=0.020 keystroke_to_model_max_ms=0.020 keystroke_to_frame_samples=24 keystroke_to_frame_median_ms=5.011 keystroke_to_frame_p95_ms=7.328 keystroke_to_frame_p99_ms=8.080 keystroke_to_frame_max_ms=8.080 frame_interval_samples=28 frame_interval_median_ms=13.902 frame_interval_p95_ms=57.364 frame_interval_p99_ms=478.926 frame_interval_max_ms=478.926 layout_samples=29 layout_median_ms=0.355 layout_p95_ms=0.564 layout_p99_ms=3.488 layout_max_ms=3.488
hane_metrics keystroke_to_model_samples=25 keystroke_to_model_median_ms=0.008 keystroke_to_model_p95_ms=0.019 keystroke_to_model_p99_ms=0.020 keystroke_to_model_max_ms=0.020 keystroke_to_frame_samples=25 keystroke_to_frame_median_ms=5.011 keystroke_to_frame_p95_ms=7.328 keystroke_to_frame_p99_ms=8.080 keystroke_to_frame_max_ms=8.080 frame_interval_samples=29 frame_interval_median_ms=13.902 frame_interval_p95_ms=57.364 frame_interval_p99_ms=478.926 frame_interval_max_ms=478.926 layout_samples=30 layout_median_ms=0.355 layout_p95_ms=0.564 layout_p99_ms=3.488 layout_max_ms=3.488
hane_metrics keystroke_to_model_samples=26 keystroke_to_model_median_ms=0.007 keystroke_to_model_p95_ms=0.019 keystroke_to_model_p99_ms=0.020 keystroke_to_model_max_ms=0.020 keystroke_to_frame_samples=26 keystroke_to_frame_median_ms=4.964 keystroke_to_frame_p95_ms=7.328 keystroke_to_frame_p99_ms=8.080 keystroke_to_frame_max_ms=8.080 frame_interval_samples=30 frame_interval_median_ms=13.843 frame_interval_p95_ms=57.364 frame_interval_p99_ms=478.926 frame_interval_max_ms=478.926 layout_samples=31 layout_median_ms=0.355 layout_p95_ms=0.564 layout_p99_ms=3.488 layout_max_ms=3.488
hane_metrics keystroke_to_model_samples=27 keystroke_to_model_median_ms=0.007 keystroke_to_model_p95_ms=0.019 keystroke_to_model_p99_ms=0.020 keystroke_to_model_max_ms=0.020 keystroke_to_frame_samples=27 keystroke_to_frame_median_ms=4.964 keystroke_to_frame_p95_ms=7.328 keystroke_to_frame_p99_ms=8.080 keystroke_to_frame_max_ms=8.080 frame_interval_samples=31 frame_interval_median_ms=13.843 frame_interval_p95_ms=57.364 frame_interval_p99_ms=478.926 frame_interval_max_ms=478.926 layout_samples=32 layout_median_ms=0.332 layout_p95_ms=0.564 layout_p99_ms=3.488 layout_max_ms=3.488
hane_metrics keystroke_to_model_samples=28 keystroke_to_model_median_ms=0.007 keystroke_to_model_p95_ms=0.019 keystroke_to_model_p99_ms=0.020 keystroke_to_model_max_ms=0.020 keystroke_to_frame_samples=28 keystroke_to_frame_median_ms=4.577 keystroke_to_frame_p95_ms=7.328 keystroke_to_frame_p99_ms=8.080 keystroke_to_frame_max_ms=8.080 frame_interval_samples=32 frame_interval_median_ms=13.767 frame_interval_p95_ms=57.364 frame_interval_p99_ms=478.926 frame_interval_max_ms=478.926 layout_samples=33 layout_median_ms=0.332 layout_p95_ms=0.564 layout_p99_ms=3.488 layout_max_ms=3.488
hane_metrics keystroke_to_model_samples=29 keystroke_to_model_median_ms=0.007 keystroke_to_model_p95_ms=0.019 keystroke_to_model_p99_ms=0.020 keystroke_to_model_max_ms=0.020 keystroke_to_frame_samples=29 keystroke_to_frame_median_ms=4.577 keystroke_to_frame_p95_ms=7.328 keystroke_to_frame_p99_ms=8.080 keystroke_to_frame_max_ms=8.080 frame_interval_samples=33 frame_interval_median_ms=13.767 frame_interval_p95_ms=57.364 frame_interval_p99_ms=478.926 frame_interval_max_ms=478.926 layout_samples=34 layout_median_ms=0.328 layout_p95_ms=0.564 layout_p99_ms=3.488 layout_max_ms=3.488
hane_metrics keystroke_to_model_samples=30 keystroke_to_model_median_ms=0.007 keystroke_to_model_p95_ms=0.019 keystroke_to_model_p99_ms=0.020 keystroke_to_model_max_ms=0.020 keystroke_to_frame_samples=30 keystroke_to_frame_median_ms=4.504 keystroke_to_frame_p95_ms=7.328 keystroke_to_frame_p99_ms=8.080 keystroke_to_frame_max_ms=8.080 frame_interval_samples=34 frame_interval_median_ms=13.550 frame_interval_p95_ms=57.364 frame_interval_p99_ms=478.926 frame_interval_max_ms=478.926 layout_samples=35 layout_median_ms=0.328 layout_p95_ms=0.564 layout_p99_ms=3.488 layout_max_ms=3.488
hane_metrics keystroke_to_model_samples=31 keystroke_to_model_median_ms=0.007 keystroke_to_model_p95_ms=0.019 keystroke_to_model_p99_ms=0.020 keystroke_to_model_max_ms=0.020 keystroke_to_frame_samples=31 keystroke_to_frame_median_ms=4.577 keystroke_to_frame_p95_ms=7.328 keystroke_to_frame_p99_ms=8.080 keystroke_to_frame_max_ms=8.080 frame_interval_samples=35 frame_interval_median_ms=13.550 frame_interval_p95_ms=57.364 frame_interval_p99_ms=478.926 frame_interval_max_ms=478.926 layout_samples=36 layout_median_ms=0.325 layout_p95_ms=0.564 layout_p99_ms=3.488 layout_max_ms=3.488
hane_metrics keystroke_to_model_samples=32 keystroke_to_model_median_ms=0.006 keystroke_to_model_p95_ms=0.019 keystroke_to_model_p99_ms=0.020 keystroke_to_model_max_ms=0.020 keystroke_to_frame_samples=32 keystroke_to_frame_median_ms=4.504 keystroke_to_frame_p95_ms=7.328 keystroke_to_frame_p99_ms=8.080 keystroke_to_frame_max_ms=8.080 frame_interval_samples=36 frame_interval_median_ms=13.547 frame_interval_p95_ms=57.364 frame_interval_p99_ms=478.926 frame_interval_max_ms=478.926 layout_samples=37 layout_median_ms=0.325 layout_p95_ms=0.564 layout_p99_ms=3.488 layout_max_ms=3.488
hane_metrics keystroke_to_model_samples=33 keystroke_to_model_median_ms=0.007 keystroke_to_model_p95_ms=0.019 keystroke_to_model_p99_ms=0.020 keystroke_to_model_max_ms=0.020 keystroke_to_frame_samples=33 keystroke_to_frame_median_ms=4.577 keystroke_to_frame_p95_ms=7.328 keystroke_to_frame_p99_ms=8.080 keystroke_to_frame_max_ms=8.080 frame_interval_samples=37 frame_interval_median_ms=13.550 frame_interval_p95_ms=57.364 frame_interval_p99_ms=478.926 frame_interval_max_ms=478.926 layout_samples=38 layout_median_ms=0.324 layout_p95_ms=0.564 layout_p99_ms=3.488 layout_max_ms=3.488
hane_metrics keystroke_to_model_samples=34 keystroke_to_model_median_ms=0.007 keystroke_to_model_p95_ms=0.019 keystroke_to_model_p99_ms=0.020 keystroke_to_model_max_ms=0.020 keystroke_to_frame_samples=34 keystroke_to_frame_median_ms=4.577 keystroke_to_frame_p95_ms=7.328 keystroke_to_frame_p99_ms=8.080 keystroke_to_frame_max_ms=8.080 frame_interval_samples=38 frame_interval_median_ms=13.550 frame_interval_p95_ms=57.364 frame_interval_p99_ms=478.926 frame_interval_max_ms=478.926 layout_samples=39 layout_median_ms=0.325 layout_p95_ms=0.564 layout_p99_ms=3.488 layout_max_ms=3.488
hane_metrics keystroke_to_model_samples=35 keystroke_to_model_median_ms=0.007 keystroke_to_model_p95_ms=0.019 keystroke_to_model_p99_ms=0.020 keystroke_to_model_max_ms=0.020 keystroke_to_frame_samples=35 keystroke_to_frame_median_ms=4.577 keystroke_to_frame_p95_ms=7.328 keystroke_to_frame_p99_ms=8.080 keystroke_to_frame_max_ms=8.080 frame_interval_samples=39 frame_interval_median_ms=13.767 frame_interval_p95_ms=57.364 frame_interval_p99_ms=478.926 frame_interval_max_ms=478.926 layout_samples=40 layout_median_ms=0.324 layout_p95_ms=0.556 layout_p99_ms=3.488 layout_max_ms=3.488
hane_metrics keystroke_to_model_samples=36 keystroke_to_model_median_ms=0.007 keystroke_to_model_p95_ms=0.019 keystroke_to_model_p99_ms=0.020 keystroke_to_model_max_ms=0.020 keystroke_to_frame_samples=36 keystroke_to_frame_median_ms=4.504 keystroke_to_frame_p95_ms=7.328 keystroke_to_frame_p99_ms=8.080 keystroke_to_frame_max_ms=8.080 frame_interval_samples=40 frame_interval_median_ms=13.550 frame_interval_p95_ms=25.310 frame_interval_p99_ms=478.926 frame_interval_max_ms=478.926 layout_samples=41 layout_median_ms=0.324 layout_p95_ms=0.556 layout_p99_ms=3.488 layout_max_ms=3.488
hane_metrics keystroke_to_model_samples=37 keystroke_to_model_median_ms=0.007 keystroke_to_model_p95_ms=0.019 keystroke_to_model_p99_ms=0.020 keystroke_to_model_max_ms=0.020 keystroke_to_frame_samples=37 keystroke_to_frame_median_ms=4.577 keystroke_to_frame_p95_ms=7.328 keystroke_to_frame_p99_ms=8.080 keystroke_to_frame_max_ms=8.080 frame_interval_samples=41 frame_interval_median_ms=13.550 frame_interval_p95_ms=25.310 frame_interval_p99_ms=478.926 frame_interval_max_ms=478.926 layout_samples=42 layout_median_ms=0.324 layout_p95_ms=0.556 layout_p99_ms=3.488 layout_max_ms=3.488
hane_metrics keystroke_to_model_samples=38 keystroke_to_model_median_ms=0.006 keystroke_to_model_p95_ms=0.019 keystroke_to_model_p99_ms=0.020 keystroke_to_model_max_ms=0.020 keystroke_to_frame_samples=38 keystroke_to_frame_median_ms=4.504 keystroke_to_frame_p95_ms=7.328 keystroke_to_frame_p99_ms=8.080 keystroke_to_frame_max_ms=8.080 frame_interval_samples=42 frame_interval_median_ms=13.547 frame_interval_p95_ms=25.310 frame_interval_p99_ms=478.926 frame_interval_max_ms=478.926 layout_samples=43 layout_median_ms=0.324 layout_p95_ms=0.556 layout_p99_ms=3.488 layout_max_ms=3.488
hane_metrics keystroke_to_model_samples=39 keystroke_to_model_median_ms=0.007 keystroke_to_model_p95_ms=0.019 keystroke_to_model_p99_ms=0.020 keystroke_to_model_max_ms=0.020 keystroke_to_frame_samples=39 keystroke_to_frame_median_ms=4.504 keystroke_to_frame_p95_ms=7.328 keystroke_to_frame_p99_ms=8.080 keystroke_to_frame_max_ms=8.080 frame_interval_samples=43 frame_interval_median_ms=13.547 frame_interval_p95_ms=25.310 frame_interval_p99_ms=478.926 frame_interval_max_ms=478.926 layout_samples=44 layout_median_ms=0.324 layout_p95_ms=0.556 layout_p99_ms=3.488 layout_max_ms=3.488
hane_metrics keystroke_to_model_samples=40 keystroke_to_model_median_ms=0.006 keystroke_to_model_p95_ms=0.016 keystroke_to_model_p99_ms=0.020 keystroke_to_model_max_ms=0.020 keystroke_to_frame_samples=40 keystroke_to_frame_median_ms=4.401 keystroke_to_frame_p95_ms=7.273 keystroke_to_frame_p99_ms=8.080 keystroke_to_frame_max_ms=8.080 frame_interval_samples=44 frame_interval_median_ms=13.478 frame_interval_p95_ms=25.310 frame_interval_p99_ms=478.926 frame_interval_max_ms=478.926 layout_samples=45 layout_median_ms=0.324 layout_p95_ms=0.556 layout_p99_ms=3.488 layout_max_ms=3.488
hane_metrics keystroke_to_model_samples=41 keystroke_to_model_median_ms=0.007 keystroke_to_model_p95_ms=0.016 keystroke_to_model_p99_ms=0.020 keystroke_to_model_max_ms=0.020 keystroke_to_frame_samples=41 keystroke_to_frame_median_ms=4.504 keystroke_to_frame_p95_ms=7.273 keystroke_to_frame_p99_ms=8.080 keystroke_to_frame_max_ms=8.080 frame_interval_samples=49 frame_interval_median_ms=13.478 frame_interval_p95_ms=83.578 frame_interval_p99_ms=1489.958 frame_interval_max_ms=1489.958 layout_samples=50 layout_median_ms=0.324 layout_p95_ms=0.556 layout_p99_ms=3.488 layout_max_ms=3.488
hane_metrics keystroke_to_model_samples=42 keystroke_to_model_median_ms=0.007 keystroke_to_model_p95_ms=0.016 keystroke_to_model_p99_ms=0.020 keystroke_to_model_max_ms=0.020 keystroke_to_frame_samples=42 keystroke_to_frame_median_ms=4.504 keystroke_to_frame_p95_ms=7.328 keystroke_to_frame_p99_ms=8.080 keystroke_to_frame_max_ms=8.080 frame_interval_samples=50 frame_interval_median_ms=13.478 frame_interval_p95_ms=83.578 frame_interval_p99_ms=1489.958 frame_interval_max_ms=1489.958 layout_samples=51 layout_median_ms=0.324 layout_p95_ms=0.556 layout_p99_ms=3.488 layout_max_ms=3.488
hane_metrics keystroke_to_model_samples=43 keystroke_to_model_median_ms=0.007 keystroke_to_model_p95_ms=0.016 keystroke_to_model_p99_ms=0.020 keystroke_to_model_max_ms=0.020 keystroke_to_frame_samples=43 keystroke_to_frame_median_ms=4.577 keystroke_to_frame_p95_ms=7.328 keystroke_to_frame_p99_ms=8.080 keystroke_to_frame_max_ms=8.080 frame_interval_samples=51 frame_interval_median_ms=13.547 frame_interval_p95_ms=83.578 frame_interval_p99_ms=1489.958 frame_interval_max_ms=1489.958 layout_samples=52 layout_median_ms=0.324 layout_p95_ms=0.556 layout_p99_ms=3.488 layout_max_ms=3.488
hane_metrics keystroke_to_model_samples=44 keystroke_to_model_median_ms=0.007 keystroke_to_model_p95_ms=0.016 keystroke_to_model_p99_ms=0.020 keystroke_to_model_max_ms=0.020 keystroke_to_frame_samples=44 keystroke_to_frame_median_ms=4.577 keystroke_to_frame_p95_ms=7.328 keystroke_to_frame_p99_ms=8.080 keystroke_to_frame_max_ms=8.080 frame_interval_samples=52 frame_interval_median_ms=13.547 frame_interval_p95_ms=83.578 frame_interval_p99_ms=1489.958 frame_interval_max_ms=1489.958 layout_samples=53 layout_median_ms=0.325 layout_p95_ms=0.556 layout_p99_ms=3.488 layout_max_ms=3.488
hane_metrics keystroke_to_model_samples=45 keystroke_to_model_median_ms=0.007 keystroke_to_model_p95_ms=0.016 keystroke_to_model_p99_ms=0.020 keystroke_to_model_max_ms=0.020 keystroke_to_frame_samples=45 keystroke_to_frame_median_ms=4.620 keystroke_to_frame_p95_ms=7.328 keystroke_to_frame_p99_ms=8.080 keystroke_to_frame_max_ms=8.080 frame_interval_samples=53 frame_interval_median_ms=13.550 frame_interval_p95_ms=83.578 frame_interval_p99_ms=1489.958 frame_interval_max_ms=1489.958 layout_samples=54 layout_median_ms=0.325 layout_p95_ms=0.556 layout_p99_ms=3.488 layout_max_ms=3.488
hane_metrics keystroke_to_model_samples=46 keystroke_to_model_median_ms=0.007 keystroke_to_model_p95_ms=0.016 keystroke_to_model_p99_ms=0.020 keystroke_to_model_max_ms=0.020 keystroke_to_frame_samples=46 keystroke_to_frame_median_ms=4.620 keystroke_to_frame_p95_ms=7.328 keystroke_to_frame_p99_ms=8.080 keystroke_to_frame_max_ms=8.080 frame_interval_samples=54 frame_interval_median_ms=13.550 frame_interval_p95_ms=83.578 frame_interval_p99_ms=1489.958 frame_interval_max_ms=1489.958 layout_samples=55 layout_median_ms=0.328 layout_p95_ms=0.556 layout_p99_ms=3.488 layout_max_ms=3.488
hane_metrics keystroke_to_model_samples=47 keystroke_to_model_median_ms=0.007 keystroke_to_model_p95_ms=0.016 keystroke_to_model_p99_ms=0.020 keystroke_to_model_max_ms=0.020 keystroke_to_frame_samples=47 keystroke_to_frame_median_ms=4.687 keystroke_to_frame_p95_ms=7.328 keystroke_to_frame_p99_ms=8.080 keystroke_to_frame_max_ms=8.080 frame_interval_samples=55 frame_interval_median_ms=13.767 frame_interval_p95_ms=83.578 frame_interval_p99_ms=1489.958 frame_interval_max_ms=1489.958 layout_samples=56 layout_median_ms=0.327 layout_p95_ms=0.556 layout_p99_ms=3.488 layout_max_ms=3.488
hane_metrics keystroke_to_model_samples=48 keystroke_to_model_median_ms=0.007 keystroke_to_model_p95_ms=0.016 keystroke_to_model_p99_ms=0.020 keystroke_to_model_max_ms=0.020 keystroke_to_frame_samples=48 keystroke_to_frame_median_ms=4.687 keystroke_to_frame_p95_ms=7.328 keystroke_to_frame_p99_ms=8.080 keystroke_to_frame_max_ms=8.080 frame_interval_samples=56 frame_interval_median_ms=13.550 frame_interval_p95_ms=83.578 frame_interval_p99_ms=1489.958 frame_interval_max_ms=1489.958 layout_samples=57 layout_median_ms=0.327 layout_p95_ms=0.556 layout_p99_ms=3.488 layout_max_ms=3.488
hane_metrics keystroke_to_model_samples=49 keystroke_to_model_median_ms=0.007 keystroke_to_model_p95_ms=0.016 keystroke_to_model_p99_ms=0.020 keystroke_to_model_max_ms=0.020 keystroke_to_frame_samples=49 keystroke_to_frame_median_ms=4.816 keystroke_to_frame_p95_ms=7.328 keystroke_to_frame_p99_ms=8.080 keystroke_to_frame_max_ms=8.080 frame_interval_samples=57 frame_interval_median_ms=13.767 frame_interval_p95_ms=83.578 frame_interval_p99_ms=1489.958 frame_interval_max_ms=1489.958 layout_samples=58 layout_median_ms=0.325 layout_p95_ms=0.556 layout_p99_ms=3.488 layout_max_ms=3.488
hane_metrics keystroke_to_model_samples=50 keystroke_to_model_median_ms=0.007 keystroke_to_model_p95_ms=0.016 keystroke_to_model_p99_ms=0.020 keystroke_to_model_max_ms=0.020 keystroke_to_frame_samples=50 keystroke_to_frame_median_ms=4.816 keystroke_to_frame_p95_ms=7.328 keystroke_to_frame_p99_ms=8.080 keystroke_to_frame_max_ms=8.080 frame_interval_samples=58 frame_interval_median_ms=13.767 frame_interval_p95_ms=83.578 frame_interval_p99_ms=1489.958 frame_interval_max_ms=1489.958 layout_samples=59 layout_median_ms=0.327 layout_p95_ms=0.556 layout_p99_ms=3.488 layout_max_ms=3.488
hane_metrics keystroke_to_model_samples=51 keystroke_to_model_median_ms=0.007 keystroke_to_model_p95_ms=0.017 keystroke_to_model_p99_ms=0.020 keystroke_to_model_max_ms=0.020 keystroke_to_frame_samples=51 keystroke_to_frame_median_ms=4.893 keystroke_to_frame_p95_ms=7.328 keystroke_to_frame_p99_ms=8.080 keystroke_to_frame_max_ms=8.080 frame_interval_samples=59 frame_interval_median_ms=13.843 frame_interval_p95_ms=83.578 frame_interval_p99_ms=1489.958 frame_interval_max_ms=1489.958 layout_samples=60 layout_median_ms=0.327 layout_p95_ms=0.556 layout_p99_ms=3.488 layout_max_ms=3.488
hane_metrics keystroke_to_model_samples=52 keystroke_to_model_median_ms=0.007 keystroke_to_model_p95_ms=0.017 keystroke_to_model_p99_ms=0.020 keystroke_to_model_max_ms=0.020 keystroke_to_frame_samples=52 keystroke_to_frame_median_ms=4.860 keystroke_to_frame_p95_ms=7.328 keystroke_to_frame_p99_ms=8.080 keystroke_to_frame_max_ms=8.080 frame_interval_samples=60 frame_interval_median_ms=13.843 frame_interval_p95_ms=57.364 frame_interval_p99_ms=1489.958 frame_interval_max_ms=1489.958 layout_samples=61 layout_median_ms=0.328 layout_p95_ms=0.556 layout_p99_ms=3.488 layout_max_ms=3.488
hane_metrics keystroke_to_model_samples=53 keystroke_to_model_median_ms=0.007 keystroke_to_model_p95_ms=0.017 keystroke_to_model_p99_ms=0.020 keystroke_to_model_max_ms=0.020 keystroke_to_frame_samples=53 keystroke_to_frame_median_ms=4.860 keystroke_to_frame_p95_ms=7.328 keystroke_to_frame_p99_ms=8.080 keystroke_to_frame_max_ms=8.080 frame_interval_samples=61 frame_interval_median_ms=13.902 frame_interval_p95_ms=57.364 frame_interval_p99_ms=1489.958 frame_interval_max_ms=1489.958 layout_samples=62 layout_median_ms=0.328 layout_p95_ms=0.556 layout_p99_ms=3.488 layout_max_ms=3.488
hane_metrics keystroke_to_model_samples=54 keystroke_to_model_median_ms=0.007 keystroke_to_model_p95_ms=0.017 keystroke_to_model_p99_ms=0.020 keystroke_to_model_max_ms=0.020 keystroke_to_frame_samples=54 keystroke_to_frame_median_ms=4.816 keystroke_to_frame_p95_ms=7.328 keystroke_to_frame_p99_ms=8.080 keystroke_to_frame_max_ms=8.080 frame_interval_samples=62 frame_interval_median_ms=13.843 frame_interval_p95_ms=57.364 frame_interval_p99_ms=1489.958 frame_interval_max_ms=1489.958 layout_samples=63 layout_median_ms=0.328 layout_p95_ms=0.556 layout_p99_ms=3.488 layout_max_ms=3.488
hane_metrics keystroke_to_model_samples=55 keystroke_to_model_median_ms=0.007 keystroke_to_model_p95_ms=0.017 keystroke_to_model_p99_ms=0.020 keystroke_to_model_max_ms=0.020 keystroke_to_frame_samples=55 keystroke_to_frame_median_ms=4.816 keystroke_to_frame_p95_ms=7.328 keystroke_to_frame_p99_ms=8.080 keystroke_to_frame_max_ms=8.080 frame_interval_samples=63 frame_interval_median_ms=13.843 frame_interval_p95_ms=57.364 frame_interval_p99_ms=1489.958 frame_interval_max_ms=1489.958 layout_samples=64 layout_median_ms=0.327 layout_p95_ms=0.556 layout_p99_ms=3.488 layout_max_ms=3.488
hane_metrics keystroke_to_model_samples=56 keystroke_to_model_median_ms=0.007 keystroke_to_model_p95_ms=0.017 keystroke_to_model_p99_ms=0.020 keystroke_to_model_max_ms=0.020 keystroke_to_frame_samples=56 keystroke_to_frame_median_ms=4.687 keystroke_to_frame_p95_ms=7.328 keystroke_to_frame_p99_ms=8.080 keystroke_to_frame_max_ms=8.080 frame_interval_samples=64 frame_interval_median_ms=13.767 frame_interval_p95_ms=57.364 frame_interval_p99_ms=1489.958 frame_interval_max_ms=1489.958 layout_samples=65 layout_median_ms=0.327 layout_p95_ms=0.556 layout_p99_ms=3.488 layout_max_ms=3.488
hane_metrics keystroke_to_model_samples=57 keystroke_to_model_median_ms=0.007 keystroke_to_model_p95_ms=0.017 keystroke_to_model_p99_ms=0.020 keystroke_to_model_max_ms=0.020 keystroke_to_frame_samples=57 keystroke_to_frame_median_ms=4.687 keystroke_to_frame_p95_ms=7.328 keystroke_to_frame_p99_ms=8.080 keystroke_to_frame_max_ms=8.080 frame_interval_samples=65 frame_interval_median_ms=13.843 frame_interval_p95_ms=57.364 frame_interval_p99_ms=1489.958 frame_interval_max_ms=1489.958 layout_samples=66 layout_median_ms=0.325 layout_p95_ms=0.556 layout_p99_ms=3.488 layout_max_ms=3.488
hane_metrics keystroke_to_model_samples=58 keystroke_to_model_median_ms=0.007 keystroke_to_model_p95_ms=0.017 keystroke_to_model_p99_ms=0.020 keystroke_to_model_max_ms=0.020 keystroke_to_frame_samples=58 keystroke_to_frame_median_ms=4.647 keystroke_to_frame_p95_ms=7.328 keystroke_to_frame_p99_ms=8.080 keystroke_to_frame_max_ms=8.080 frame_interval_samples=66 frame_interval_median_ms=13.843 frame_interval_p95_ms=57.364 frame_interval_p99_ms=1489.958 frame_interval_max_ms=1489.958 layout_samples=67 layout_median_ms=0.327 layout_p95_ms=0.556 layout_p99_ms=3.488 layout_max_ms=3.488
hane_metrics keystroke_to_model_samples=59 keystroke_to_model_median_ms=0.007 keystroke_to_model_p95_ms=0.017 keystroke_to_model_p99_ms=0.020 keystroke_to_model_max_ms=0.020 keystroke_to_frame_samples=59 keystroke_to_frame_median_ms=4.647 keystroke_to_frame_p95_ms=7.328 keystroke_to_frame_p99_ms=8.080 keystroke_to_frame_max_ms=8.080 frame_interval_samples=67 frame_interval_median_ms=13.902 frame_interval_p95_ms=57.364 frame_interval_p99_ms=1489.958 frame_interval_max_ms=1489.958 layout_samples=68 layout_median_ms=0.327 layout_p95_ms=0.556 layout_p99_ms=3.488 layout_max_ms=3.488
hane_metrics keystroke_to_model_samples=60 keystroke_to_model_median_ms=0.007 keystroke_to_model_p95_ms=0.016 keystroke_to_model_p99_ms=0.020 keystroke_to_model_max_ms=0.020 keystroke_to_frame_samples=60 keystroke_to_frame_median_ms=4.620 keystroke_to_frame_p95_ms=7.273 keystroke_to_frame_p99_ms=8.080 keystroke_to_frame_max_ms=8.080 frame_interval_samples=68 frame_interval_median_ms=13.843 frame_interval_p95_ms=57.364 frame_interval_p99_ms=1489.958 frame_interval_max_ms=1489.958 layout_samples=69 layout_median_ms=0.327 layout_p95_ms=0.556 layout_p99_ms=3.488 layout_max_ms=3.488
hane_metrics keystroke_to_model_samples=61 keystroke_to_model_median_ms=0.007 keystroke_to_model_p95_ms=0.016 keystroke_to_model_p99_ms=0.020 keystroke_to_model_max_ms=0.020 keystroke_to_frame_samples=61 keystroke_to_frame_median_ms=4.620 keystroke_to_frame_p95_ms=7.273 keystroke_to_frame_p99_ms=8.080 keystroke_to_frame_max_ms=8.080 frame_interval_samples=69 frame_interval_median_ms=13.843 frame_interval_p95_ms=57.364 frame_interval_p99_ms=1489.958 frame_interval_max_ms=1489.958 layout_samples=70 layout_median_ms=0.325 layout_p95_ms=0.556 layout_p99_ms=3.488 layout_max_ms=3.488
hane_metrics keystroke_to_model_samples=62 keystroke_to_model_median_ms=0.007 keystroke_to_model_p95_ms=0.016 keystroke_to_model_p99_ms=0.020 keystroke_to_model_max_ms=0.020 keystroke_to_frame_samples=62 keystroke_to_frame_median_ms=4.585 keystroke_to_frame_p95_ms=7.273 keystroke_to_frame_p99_ms=8.080 keystroke_to_frame_max_ms=8.080 frame_interval_samples=70 frame_interval_median_ms=13.767 frame_interval_p95_ms=57.364 frame_interval_p99_ms=1489.958 frame_interval_max_ms=1489.958 layout_samples=71 layout_median_ms=0.325 layout_p95_ms=0.556 layout_p99_ms=3.488 layout_max_ms=3.488
hane_metrics keystroke_to_model_samples=63 keystroke_to_model_median_ms=0.007 keystroke_to_model_p95_ms=0.016 keystroke_to_model_p99_ms=0.020 keystroke_to_model_max_ms=0.020 keystroke_to_frame_samples=63 keystroke_to_frame_median_ms=4.585 keystroke_to_frame_p95_ms=7.273 keystroke_to_frame_p99_ms=8.080 keystroke_to_frame_max_ms=8.080 frame_interval_samples=71 frame_interval_median_ms=13.767 frame_interval_p95_ms=57.364 frame_interval_p99_ms=1489.958 frame_interval_max_ms=1489.958 layout_samples=72 layout_median_ms=0.325 layout_p95_ms=0.556 layout_p99_ms=3.488 layout_max_ms=3.488
hane_metrics keystroke_to_model_samples=64 keystroke_to_model_median_ms=0.007 keystroke_to_model_p95_ms=0.016 keystroke_to_model_p99_ms=0.020 keystroke_to_model_max_ms=0.020 keystroke_to_frame_samples=64 keystroke_to_frame_median_ms=4.577 keystroke_to_frame_p95_ms=7.273 keystroke_to_frame_p99_ms=8.080 keystroke_to_frame_max_ms=8.080 frame_interval_samples=72 frame_interval_median_ms=13.550 frame_interval_p95_ms=57.364 frame_interval_p99_ms=1489.958 frame_interval_max_ms=1489.958 layout_samples=73 layout_median_ms=0.325 layout_p95_ms=0.556 layout_p99_ms=3.488 layout_max_ms=3.488
hane_metrics keystroke_to_model_samples=65 keystroke_to_model_median_ms=0.007 keystroke_to_model_p95_ms=0.016 keystroke_to_model_p99_ms=0.020 keystroke_to_model_max_ms=0.020 keystroke_to_frame_samples=65 keystroke_to_frame_median_ms=4.577 keystroke_to_frame_p95_ms=7.273 keystroke_to_frame_p99_ms=8.080 keystroke_to_frame_max_ms=8.080 frame_interval_samples=73 frame_interval_median_ms=13.767 frame_interval_p95_ms=57.364 frame_interval_p99_ms=1489.958 frame_interval_max_ms=1489.958 layout_samples=74 layout_median_ms=0.324 layout_p95_ms=0.556 layout_p99_ms=3.488 layout_max_ms=3.488
hane_metrics keystroke_to_model_samples=66 keystroke_to_model_median_ms=0.007 keystroke_to_model_p95_ms=0.016 keystroke_to_model_p99_ms=0.020 keystroke_to_model_max_ms=0.020 keystroke_to_frame_samples=66 keystroke_to_frame_median_ms=4.540 keystroke_to_frame_p95_ms=7.273 keystroke_to_frame_p99_ms=8.080 keystroke_to_frame_max_ms=8.080 frame_interval_samples=74 frame_interval_median_ms=13.767 frame_interval_p95_ms=57.364 frame_interval_p99_ms=1489.958 frame_interval_max_ms=1489.958 layout_samples=75 layout_median_ms=0.324 layout_p95_ms=0.556 layout_p99_ms=3.488 layout_max_ms=3.488
hane_metrics keystroke_to_model_samples=67 keystroke_to_model_median_ms=0.007 keystroke_to_model_p95_ms=0.016 keystroke_to_model_p99_ms=0.020 keystroke_to_model_max_ms=0.020 keystroke_to_frame_samples=67 keystroke_to_frame_median_ms=4.540 keystroke_to_frame_p95_ms=7.273 keystroke_to_frame_p99_ms=8.080 keystroke_to_frame_max_ms=8.080 frame_interval_samples=75 frame_interval_median_ms=13.843 frame_interval_p95_ms=57.364 frame_interval_p99_ms=1489.958 frame_interval_max_ms=1489.958 layout_samples=76 layout_median_ms=0.324 layout_p95_ms=0.556 layout_p99_ms=3.488 layout_max_ms=3.488
hane_metrics keystroke_to_model_samples=68 keystroke_to_model_median_ms=0.007 keystroke_to_model_p95_ms=0.016 keystroke_to_model_p99_ms=0.020 keystroke_to_model_max_ms=0.020 keystroke_to_frame_samples=68 keystroke_to_frame_median_ms=4.504 keystroke_to_frame_p95_ms=7.273 keystroke_to_frame_p99_ms=8.080 keystroke_to_frame_max_ms=8.080 frame_interval_samples=76 frame_interval_median_ms=13.767 frame_interval_p95_ms=57.364 frame_interval_p99_ms=1489.958 frame_interval_max_ms=1489.958 layout_samples=77 layout_median_ms=0.324 layout_p95_ms=0.556 layout_p99_ms=3.488 layout_max_ms=3.488
hane_metrics keystroke_to_model_samples=69 keystroke_to_model_median_ms=0.007 keystroke_to_model_p95_ms=0.016 keystroke_to_model_p99_ms=0.020 keystroke_to_model_max_ms=0.020 keystroke_to_frame_samples=69 keystroke_to_frame_median_ms=4.504 keystroke_to_frame_p95_ms=7.273 keystroke_to_frame_p99_ms=8.080 keystroke_to_frame_max_ms=8.080 frame_interval_samples=77 frame_interval_median_ms=13.767 frame_interval_p95_ms=57.364 frame_interval_p99_ms=1489.958 frame_interval_max_ms=1489.958 layout_samples=78 layout_median_ms=0.322 layout_p95_ms=0.556 layout_p99_ms=3.488 layout_max_ms=3.488
hane_metrics keystroke_to_model_samples=70 keystroke_to_model_median_ms=0.006 keystroke_to_model_p95_ms=0.016 keystroke_to_model_p99_ms=0.020 keystroke_to_model_max_ms=0.020 keystroke_to_frame_samples=70 keystroke_to_frame_median_ms=4.437 keystroke_to_frame_p95_ms=7.273 keystroke_to_frame_p99_ms=8.080 keystroke_to_frame_max_ms=8.080 frame_interval_samples=78 frame_interval_median_ms=13.550 frame_interval_p95_ms=57.364 frame_interval_p99_ms=1489.958 frame_interval_max_ms=1489.958 layout_samples=79 layout_median_ms=0.322 layout_p95_ms=0.556 layout_p99_ms=3.488 layout_max_ms=3.488
hane_metrics keystroke_to_model_samples=71 keystroke_to_model_median_ms=0.006 keystroke_to_model_p95_ms=0.016 keystroke_to_model_p99_ms=0.020 keystroke_to_model_max_ms=0.020 keystroke_to_frame_samples=71 keystroke_to_frame_median_ms=4.437 keystroke_to_frame_p95_ms=7.273 keystroke_to_frame_p99_ms=8.080 keystroke_to_frame_max_ms=8.080 frame_interval_samples=79 frame_interval_median_ms=13.550 frame_interval_p95_ms=57.364 frame_interval_p99_ms=1489.958 frame_interval_max_ms=1489.958 layout_samples=80 layout_median_ms=0.316 layout_p95_ms=0.535 layout_p99_ms=3.488 layout_max_ms=3.488
hane_metrics keystroke_to_model_samples=72 keystroke_to_model_median_ms=0.006 keystroke_to_model_p95_ms=0.016 keystroke_to_model_p99_ms=0.020 keystroke_to_model_max_ms=0.020 keystroke_to_frame_samples=72 keystroke_to_frame_median_ms=4.429 keystroke_to_frame_p95_ms=7.273 keystroke_to_frame_p99_ms=8.080 keystroke_to_frame_max_ms=8.080 frame_interval_samples=80 frame_interval_median_ms=13.547 frame_interval_p95_ms=41.915 frame_interval_p99_ms=1489.958 frame_interval_max_ms=1489.958 layout_samples=81 layout_median_ms=0.316 layout_p95_ms=0.535 layout_p99_ms=3.488 layout_max_ms=3.488
hane_metrics keystroke_to_model_samples=73 keystroke_to_model_median_ms=0.006 keystroke_to_model_p95_ms=0.016 keystroke_to_model_p99_ms=0.020 keystroke_to_model_max_ms=0.020 keystroke_to_frame_samples=73 keystroke_to_frame_median_ms=4.429 keystroke_to_frame_p95_ms=7.273 keystroke_to_frame_p99_ms=8.080 keystroke_to_frame_max_ms=8.080 frame_interval_samples=81 frame_interval_median_ms=13.547 frame_interval_p95_ms=41.915 frame_interval_p99_ms=1489.958 frame_interval_max_ms=1489.958 layout_samples=82 layout_median_ms=0.316 layout_p95_ms=0.535 layout_p99_ms=3.488 layout_max_ms=3.488
hane_metrics keystroke_to_model_samples=74 keystroke_to_model_median_ms=0.006 keystroke_to_model_p95_ms=0.016 keystroke_to_model_p99_ms=0.020 keystroke_to_model_max_ms=0.020 keystroke_to_frame_samples=74 keystroke_to_frame_median_ms=4.401 keystroke_to_frame_p95_ms=7.273 keystroke_to_frame_p99_ms=8.080 keystroke_to_frame_max_ms=8.080 frame_interval_samples=82 frame_interval_median_ms=13.547 frame_interval_p95_ms=41.915 frame_interval_p99_ms=1489.958 frame_interval_max_ms=1489.958 layout_samples=83 layout_median_ms=0.316 layout_p95_ms=0.535 layout_p99_ms=3.488 layout_max_ms=3.488
hane_metrics keystroke_to_model_samples=75 keystroke_to_model_median_ms=0.006 keystroke_to_model_p95_ms=0.016 keystroke_to_model_p99_ms=0.020 keystroke_to_model_max_ms=0.020 keystroke_to_frame_samples=75 keystroke_to_frame_median_ms=4.401 keystroke_to_frame_p95_ms=7.273 keystroke_to_frame_p99_ms=8.080 keystroke_to_frame_max_ms=8.080 frame_interval_samples=83 frame_interval_median_ms=13.550 frame_interval_p95_ms=41.915 frame_interval_p99_ms=1489.958 frame_interval_max_ms=1489.958 layout_samples=84 layout_median_ms=0.312 layout_p95_ms=0.535 layout_p99_ms=3.488 layout_max_ms=3.488
hane_metrics keystroke_to_model_samples=76 keystroke_to_model_median_ms=0.006 keystroke_to_model_p95_ms=0.016 keystroke_to_model_p99_ms=0.020 keystroke_to_model_max_ms=0.020 keystroke_to_frame_samples=76 keystroke_to_frame_median_ms=4.307 keystroke_to_frame_p95_ms=7.273 keystroke_to_frame_p99_ms=8.080 keystroke_to_frame_max_ms=8.080 frame_interval_samples=84 frame_interval_median_ms=13.547 frame_interval_p95_ms=41.915 frame_interval_p99_ms=1489.958 frame_interval_max_ms=1489.958 layout_samples=85 layout_median_ms=0.312 layout_p95_ms=0.535 layout_p99_ms=3.488 layout_max_ms=3.488
hane_metrics keystroke_to_model_samples=77 keystroke_to_model_median_ms=0.006 keystroke_to_model_p95_ms=0.016 keystroke_to_model_p99_ms=0.020 keystroke_to_model_max_ms=0.020 keystroke_to_frame_samples=77 keystroke_to_frame_median_ms=4.307 keystroke_to_frame_p95_ms=7.273 keystroke_to_frame_p99_ms=8.080 keystroke_to_frame_max_ms=8.080 frame_interval_samples=85 frame_interval_median_ms=13.547 frame_interval_p95_ms=41.915 frame_interval_p99_ms=1489.958 frame_interval_max_ms=1489.958 layout_samples=86 layout_median_ms=0.310 layout_p95_ms=0.535 layout_p99_ms=3.488 layout_max_ms=3.488
hane_metrics keystroke_to_model_samples=78 keystroke_to_model_median_ms=0.006 keystroke_to_model_p95_ms=0.016 keystroke_to_model_p99_ms=0.020 keystroke_to_model_max_ms=0.020 keystroke_to_frame_samples=78 keystroke_to_frame_median_ms=4.300 keystroke_to_frame_p95_ms=7.273 keystroke_to_frame_p99_ms=8.080 keystroke_to_frame_max_ms=8.080 frame_interval_samples=86 frame_interval_median_ms=13.478 frame_interval_p95_ms=41.915 frame_interval_p99_ms=1489.958 frame_interval_max_ms=1489.958 layout_samples=87 layout_median_ms=0.310 layout_p95_ms=0.535 layout_p99_ms=3.488 layout_max_ms=3.488
hane_metrics keystroke_to_model_samples=79 keystroke_to_model_median_ms=0.006 keystroke_to_model_p95_ms=0.016 keystroke_to_model_p99_ms=0.020 keystroke_to_model_max_ms=0.020 keystroke_to_frame_samples=79 keystroke_to_frame_median_ms=4.300 keystroke_to_frame_p95_ms=7.273 keystroke_to_frame_p99_ms=8.080 keystroke_to_frame_max_ms=8.080 frame_interval_samples=87 frame_interval_median_ms=13.478 frame_interval_p95_ms=41.915 frame_interval_p99_ms=1489.958 frame_interval_max_ms=1489.958 layout_samples=88 layout_median_ms=0.308 layout_p95_ms=0.535 layout_p99_ms=3.488 layout_max_ms=3.488
hane_metrics keystroke_to_model_samples=80 keystroke_to_model_median_ms=0.006 keystroke_to_model_p95_ms=0.015 keystroke_to_model_p99_ms=0.020 keystroke_to_model_max_ms=0.020 keystroke_to_frame_samples=80 keystroke_to_frame_median_ms=4.267 keystroke_to_frame_p95_ms=7.264 keystroke_to_frame_p99_ms=8.080 keystroke_to_frame_max_ms=8.080 frame_interval_samples=88 frame_interval_median_ms=13.355 frame_interval_p95_ms=41.915 frame_interval_p99_ms=1489.958 frame_interval_max_ms=1489.958 layout_samples=89 layout_median_ms=0.308 layout_p95_ms=0.535 layout_p99_ms=3.488 layout_max_ms=3.488
hane_metrics keystroke_to_model_samples=81 keystroke_to_model_median_ms=0.006 keystroke_to_model_p95_ms=0.015 keystroke_to_model_p99_ms=0.020 keystroke_to_model_max_ms=0.020 keystroke_to_frame_samples=81 keystroke_to_frame_median_ms=4.267 keystroke_to_frame_p95_ms=7.264 keystroke_to_frame_p99_ms=8.080 keystroke_to_frame_max_ms=8.080 frame_interval_samples=89 frame_interval_median_ms=13.478 frame_interval_p95_ms=41.915 frame_interval_p99_ms=1489.958 frame_interval_max_ms=1489.958 layout_samples=90 layout_median_ms=0.306 layout_p95_ms=0.535 layout_p99_ms=3.488 layout_max_ms=3.488
hane_metrics keystroke_to_model_samples=82 keystroke_to_model_median_ms=0.006 keystroke_to_model_p95_ms=0.015 keystroke_to_model_p99_ms=0.020 keystroke_to_model_max_ms=0.020 keystroke_to_frame_samples=82 keystroke_to_frame_median_ms=4.262 keystroke_to_frame_p95_ms=7.264 keystroke_to_frame_p99_ms=8.080 keystroke_to_frame_max_ms=8.080 frame_interval_samples=90 frame_interval_median_ms=13.478 frame_interval_p95_ms=41.915 frame_interval_p99_ms=1489.958 frame_interval_max_ms=1489.958 layout_samples=91 layout_median_ms=0.306 layout_p95_ms=0.535 layout_p99_ms=3.488 layout_max_ms=3.488
hane_metrics keystroke_to_model_samples=83 keystroke_to_model_median_ms=0.006 keystroke_to_model_p95_ms=0.015 keystroke_to_model_p99_ms=0.020 keystroke_to_model_max_ms=0.020 keystroke_to_frame_samples=83 keystroke_to_frame_median_ms=4.262 keystroke_to_frame_p95_ms=7.264 keystroke_to_frame_p99_ms=8.080 keystroke_to_frame_max_ms=8.080 frame_interval_samples=91 frame_interval_median_ms=13.547 frame_interval_p95_ms=41.915 frame_interval_p99_ms=1489.958 frame_interval_max_ms=1489.958 layout_samples=92 layout_median_ms=0.292 layout_p95_ms=0.535 layout_p99_ms=3.488 layout_max_ms=3.488
hane_metrics keystroke_to_model_samples=84 keystroke_to_model_median_ms=0.006 keystroke_to_model_p95_ms=0.015 keystroke_to_model_p99_ms=0.020 keystroke_to_model_max_ms=0.020 keystroke_to_frame_samples=84 keystroke_to_frame_median_ms=4.254 keystroke_to_frame_p95_ms=7.264 keystroke_to_frame_p99_ms=8.080 keystroke_to_frame_max_ms=8.080 frame_interval_samples=92 frame_interval_median_ms=13.478 frame_interval_p95_ms=41.915 frame_interval_p99_ms=1489.958 frame_interval_max_ms=1489.958 layout_samples=93 layout_median_ms=0.292 layout_p95_ms=0.535 layout_p99_ms=3.488 layout_max_ms=3.488
hane_metrics keystroke_to_model_samples=85 keystroke_to_model_median_ms=0.006 keystroke_to_model_p95_ms=0.015 keystroke_to_model_p99_ms=0.020 keystroke_to_model_max_ms=0.020 keystroke_to_frame_samples=85 keystroke_to_frame_median_ms=4.254 keystroke_to_frame_p95_ms=7.264 keystroke_to_frame_p99_ms=8.080 keystroke_to_frame_max_ms=8.080 frame_interval_samples=93 frame_interval_median_ms=13.478 frame_interval_p95_ms=41.915 frame_interval_p99_ms=1489.958 frame_interval_max_ms=1489.958 layout_samples=94 layout_median_ms=0.289 layout_p95_ms=0.535 layout_p99_ms=3.488 layout_max_ms=3.488
hane_metrics keystroke_to_model_samples=86 keystroke_to_model_median_ms=0.006 keystroke_to_model_p95_ms=0.015 keystroke_to_model_p99_ms=0.020 keystroke_to_model_max_ms=0.020 keystroke_to_frame_samples=86 keystroke_to_frame_median_ms=4.228 keystroke_to_frame_p95_ms=7.264 keystroke_to_frame_p99_ms=8.080 keystroke_to_frame_max_ms=8.080 frame_interval_samples=94 frame_interval_median_ms=13.355 frame_interval_p95_ms=41.915 frame_interval_p99_ms=1489.958 frame_interval_max_ms=1489.958 layout_samples=95 layout_median_ms=0.289 layout_p95_ms=0.535 layout_p99_ms=3.488 layout_max_ms=3.488
hane_metrics keystroke_to_model_samples=87 keystroke_to_model_median_ms=0.006 keystroke_to_model_p95_ms=0.015 keystroke_to_model_p99_ms=0.020 keystroke_to_model_max_ms=0.020 keystroke_to_frame_samples=87 keystroke_to_frame_median_ms=4.228 keystroke_to_frame_p95_ms=7.264 keystroke_to_frame_p99_ms=8.080 keystroke_to_frame_max_ms=8.080 frame_interval_samples=95 frame_interval_median_ms=13.355 frame_interval_p95_ms=41.915 frame_interval_p99_ms=1489.958 frame_interval_max_ms=1489.958 layout_samples=96 layout_median_ms=0.284 layout_p95_ms=0.535 layout_p99_ms=3.488 layout_max_ms=3.488
hane_metrics keystroke_to_model_samples=88 keystroke_to_model_median_ms=0.006 keystroke_to_model_p95_ms=0.015 keystroke_to_model_p99_ms=0.020 keystroke_to_model_max_ms=0.020 keystroke_to_frame_samples=88 keystroke_to_frame_median_ms=4.224 keystroke_to_frame_p95_ms=7.264 keystroke_to_frame_p99_ms=8.080 keystroke_to_frame_max_ms=8.080 frame_interval_samples=96 frame_interval_median_ms=13.099 frame_interval_p95_ms=41.915 frame_interval_p99_ms=1489.958 frame_interval_max_ms=1489.958 layout_samples=97 layout_median_ms=0.284 layout_p95_ms=0.535 layout_p99_ms=3.488 layout_max_ms=3.488
hane_metrics keystroke_to_model_samples=89 keystroke_to_model_median_ms=0.006 keystroke_to_model_p95_ms=0.015 keystroke_to_model_p99_ms=0.020 keystroke_to_model_max_ms=0.020 keystroke_to_frame_samples=89 keystroke_to_frame_median_ms=4.224 keystroke_to_frame_p95_ms=7.264 keystroke_to_frame_p99_ms=8.080 keystroke_to_frame_max_ms=8.080 frame_interval_samples=97 frame_interval_median_ms=13.309 frame_interval_p95_ms=41.915 frame_interval_p99_ms=1489.958 frame_interval_max_ms=1489.958 layout_samples=98 layout_median_ms=0.284 layout_p95_ms=0.535 layout_p99_ms=3.488 layout_max_ms=3.488
hane_metrics keystroke_to_model_samples=90 keystroke_to_model_median_ms=0.005 keystroke_to_model_p95_ms=0.015 keystroke_to_model_p99_ms=0.020 keystroke_to_model_max_ms=0.020 keystroke_to_frame_samples=90 keystroke_to_frame_median_ms=4.215 keystroke_to_frame_p95_ms=7.264 keystroke_to_frame_p99_ms=8.080 keystroke_to_frame_max_ms=8.080 frame_interval_samples=98 frame_interval_median_ms=13.309 frame_interval_p95_ms=41.915 frame_interval_p99_ms=1489.958 frame_interval_max_ms=1489.958 layout_samples=99 layout_median_ms=0.284 layout_p95_ms=0.535 layout_p99_ms=3.488 layout_max_ms=3.488
hane_metrics keystroke_to_model_samples=91 keystroke_to_model_median_ms=0.005 keystroke_to_model_p95_ms=0.015 keystroke_to_model_p99_ms=0.020 keystroke_to_model_max_ms=0.020 keystroke_to_frame_samples=91 keystroke_to_frame_median_ms=4.215 keystroke_to_frame_p95_ms=7.264 keystroke_to_frame_p99_ms=8.080 keystroke_to_frame_max_ms=8.080 frame_interval_samples=99 frame_interval_median_ms=13.355 frame_interval_p95_ms=41.915 frame_interval_p99_ms=1489.958 frame_interval_max_ms=1489.958 layout_samples=100 layout_median_ms=0.282 layout_p95_ms=0.496 layout_p99_ms=0.614 layout_max_ms=3.488
hane_metrics keystroke_to_model_samples=92 keystroke_to_model_median_ms=0.005 keystroke_to_model_p95_ms=0.015 keystroke_to_model_p99_ms=0.020 keystroke_to_model_max_ms=0.020 keystroke_to_frame_samples=92 keystroke_to_frame_median_ms=4.181 keystroke_to_frame_p95_ms=7.264 keystroke_to_frame_p99_ms=8.080 keystroke_to_frame_max_ms=8.080 frame_interval_samples=100 frame_interval_median_ms=13.309 frame_interval_p95_ms=25.310 frame_interval_p99_ms=478.926 frame_interval_max_ms=1489.958 layout_samples=101 layout_median_ms=0.282 layout_p95_ms=0.496 layout_p99_ms=0.614 layout_max_ms=3.488
hane_metrics keystroke_to_model_samples=93 keystroke_to_model_median_ms=0.005 keystroke_to_model_p95_ms=0.015 keystroke_to_model_p99_ms=0.020 keystroke_to_model_max_ms=0.020 keystroke_to_frame_samples=93 keystroke_to_frame_median_ms=4.181 keystroke_to_frame_p95_ms=7.264 keystroke_to_frame_p99_ms=8.080 keystroke_to_frame_max_ms=8.080 frame_interval_samples=101 frame_interval_median_ms=13.309 frame_interval_p95_ms=25.310 frame_interval_p99_ms=478.926 frame_interval_max_ms=1489.958 layout_samples=102 layout_median_ms=0.281 layout_p95_ms=0.496 layout_p99_ms=0.614 layout_max_ms=3.488
hane_metrics keystroke_to_model_samples=94 keystroke_to_model_median_ms=0.005 keystroke_to_model_p95_ms=0.015 keystroke_to_model_p99_ms=0.020 keystroke_to_model_max_ms=0.020 keystroke_to_frame_samples=94 keystroke_to_frame_median_ms=4.176 keystroke_to_frame_p95_ms=7.264 keystroke_to_frame_p99_ms=8.080 keystroke_to_frame_max_ms=8.080 frame_interval_samples=102 frame_interval_median_ms=13.099 frame_interval_p95_ms=25.310 frame_interval_p99_ms=478.926 frame_interval_max_ms=1489.958 layout_samples=103 layout_median_ms=0.281 layout_p95_ms=0.496 layout_p99_ms=0.614 layout_max_ms=3.488
hane_metrics keystroke_to_model_samples=95 keystroke_to_model_median_ms=0.005 keystroke_to_model_p95_ms=0.015 keystroke_to_model_p99_ms=0.020 keystroke_to_model_max_ms=0.020 keystroke_to_frame_samples=95 keystroke_to_frame_median_ms=4.176 keystroke_to_frame_p95_ms=7.264 keystroke_to_frame_p99_ms=8.080 keystroke_to_frame_max_ms=8.080 frame_interval_samples=103 frame_interval_median_ms=13.099 frame_interval_p95_ms=25.310 frame_interval_p99_ms=478.926 frame_interval_max_ms=1489.958 layout_samples=104 layout_median_ms=0.279 layout_p95_ms=0.496 layout_p99_ms=0.614 layout_max_ms=3.488
hane_metrics keystroke_to_model_samples=96 keystroke_to_model_median_ms=0.005 keystroke_to_model_p95_ms=0.015 keystroke_to_model_p99_ms=0.020 keystroke_to_model_max_ms=0.020 keystroke_to_frame_samples=96 keystroke_to_frame_median_ms=4.147 keystroke_to_frame_p95_ms=7.264 keystroke_to_frame_p99_ms=8.080 keystroke_to_frame_max_ms=8.080 frame_interval_samples=104 frame_interval_median_ms=13.063 frame_interval_p95_ms=25.310 frame_interval_p99_ms=478.926 frame_interval_max_ms=1489.958 layout_samples=105 layout_median_ms=0.279 layout_p95_ms=0.496 layout_p99_ms=0.614 layout_max_ms=3.488
hane_metrics keystroke_to_model_samples=97 keystroke_to_model_median_ms=0.005 keystroke_to_model_p95_ms=0.015 keystroke_to_model_p99_ms=0.020 keystroke_to_model_max_ms=0.020 keystroke_to_frame_samples=97 keystroke_to_frame_median_ms=4.147 keystroke_to_frame_p95_ms=7.264 keystroke_to_frame_p99_ms=8.080 keystroke_to_frame_max_ms=8.080 frame_interval_samples=105 frame_interval_median_ms=13.099 frame_interval_p95_ms=25.310 frame_interval_p99_ms=478.926 frame_interval_max_ms=1489.958 layout_samples=106 layout_median_ms=0.272 layout_p95_ms=0.496 layout_p99_ms=0.614 layout_max_ms=3.488
hane_metrics keystroke_to_model_samples=98 keystroke_to_model_median_ms=0.005 keystroke_to_model_p95_ms=0.015 keystroke_to_model_p99_ms=0.020 keystroke_to_model_max_ms=0.020 keystroke_to_frame_samples=98 keystroke_to_frame_median_ms=4.147 keystroke_to_frame_p95_ms=7.264 keystroke_to_frame_p99_ms=8.080 keystroke_to_frame_max_ms=8.080 frame_interval_samples=106 frame_interval_median_ms=13.099 frame_interval_p95_ms=25.310 frame_interval_p99_ms=478.926 frame_interval_max_ms=1489.958 layout_samples=107 layout_median_ms=0.272 layout_p95_ms=0.496 layout_p99_ms=0.614 layout_max_ms=3.488
hane_metrics keystroke_to_model_samples=99 keystroke_to_model_median_ms=0.005 keystroke_to_model_p95_ms=0.015 keystroke_to_model_p99_ms=0.020 keystroke_to_model_max_ms=0.020 keystroke_to_frame_samples=99 keystroke_to_frame_median_ms=4.147 keystroke_to_frame_p95_ms=7.264 keystroke_to_frame_p99_ms=8.080 keystroke_to_frame_max_ms=8.080 frame_interval_samples=107 frame_interval_median_ms=13.309 frame_interval_p95_ms=25.310 frame_interval_p99_ms=478.926 frame_interval_max_ms=1489.958 layout_samples=108 layout_median_ms=0.271 layout_p95_ms=0.496 layout_p99_ms=0.614 layout_max_ms=3.488
hane_metrics keystroke_to_model_samples=100 keystroke_to_model_median_ms=0.005 keystroke_to_model_p95_ms=0.014 keystroke_to_model_p99_ms=0.019 keystroke_to_model_max_ms=0.020 keystroke_to_frame_samples=100 keystroke_to_frame_median_ms=4.145 keystroke_to_frame_p95_ms=7.101 keystroke_to_frame_p99_ms=7.364 keystroke_to_frame_max_ms=8.080 frame_interval_samples=108 frame_interval_median_ms=13.099 frame_interval_p95_ms=25.310 frame_interval_p99_ms=478.926 frame_interval_max_ms=1489.958 layout_samples=109 layout_median_ms=0.271 layout_p95_ms=0.496 layout_p99_ms=0.614 layout_max_ms=3.488
hane_metrics keystroke_to_model_samples=101 keystroke_to_model_median_ms=0.005 keystroke_to_model_p95_ms=0.014 keystroke_to_model_p99_ms=0.019 keystroke_to_model_max_ms=0.020 keystroke_to_frame_samples=101 keystroke_to_frame_median_ms=4.145 keystroke_to_frame_p95_ms=7.101 keystroke_to_frame_p99_ms=7.364 keystroke_to_frame_max_ms=8.080 frame_interval_samples=109 frame_interval_median_ms=13.099 frame_interval_p95_ms=25.310 frame_interval_p99_ms=478.926 frame_interval_max_ms=1489.958 layout_samples=110 layout_median_ms=0.265 layout_p95_ms=0.496 layout_p99_ms=0.614 layout_max_ms=3.488
hane_metrics keystroke_to_model_samples=102 keystroke_to_model_median_ms=0.005 keystroke_to_model_p95_ms=0.014 keystroke_to_model_p99_ms=0.019 keystroke_to_model_max_ms=0.020 keystroke_to_frame_samples=102 keystroke_to_frame_median_ms=4.137 keystroke_to_frame_p95_ms=7.101 keystroke_to_frame_p99_ms=7.364 keystroke_to_frame_max_ms=8.080 frame_interval_samples=110 frame_interval_median_ms=13.063 frame_interval_p95_ms=25.310 frame_interval_p99_ms=478.926 frame_interval_max_ms=1489.958 layout_samples=111 layout_median_ms=0.265 layout_p95_ms=0.496 layout_p99_ms=0.614 layout_max_ms=3.488
hane_metrics keystroke_to_model_samples=103 keystroke_to_model_median_ms=0.005 keystroke_to_model_p95_ms=0.014 keystroke_to_model_p99_ms=0.019 keystroke_to_model_max_ms=0.020 keystroke_to_frame_samples=103 keystroke_to_frame_median_ms=4.137 keystroke_to_frame_p95_ms=7.101 keystroke_to_frame_p99_ms=7.364 keystroke_to_frame_max_ms=8.080 frame_interval_samples=111 frame_interval_median_ms=13.063 frame_interval_p95_ms=25.310 frame_interval_p99_ms=478.926 frame_interval_max_ms=1489.958 layout_samples=112 layout_median_ms=0.263 layout_p95_ms=0.496 layout_p99_ms=0.614 layout_max_ms=3.488
hane_metrics keystroke_to_model_samples=104 keystroke_to_model_median_ms=0.005 keystroke_to_model_p95_ms=0.014 keystroke_to_model_p99_ms=0.019 keystroke_to_model_max_ms=0.020 keystroke_to_frame_samples=104 keystroke_to_frame_median_ms=4.109 keystroke_to_frame_p95_ms=7.101 keystroke_to_frame_p99_ms=7.364 keystroke_to_frame_max_ms=8.080 frame_interval_samples=113 frame_interval_median_ms=13.048 frame_interval_p95_ms=25.310 frame_interval_p99_ms=478.926 frame_interval_max_ms=1489.958 layout_samples=114 layout_median_ms=0.253 layout_p95_ms=0.496 layout_p99_ms=0.614 layout_max_ms=3.488
hane_metrics keystroke_to_model_samples=105 keystroke_to_model_median_ms=0.005 keystroke_to_model_p95_ms=0.014 keystroke_to_model_p99_ms=0.019 keystroke_to_model_max_ms=0.020 keystroke_to_frame_samples=105 keystroke_to_frame_median_ms=4.137 keystroke_to_frame_p95_ms=7.264 keystroke_to_frame_p99_ms=8.080 keystroke_to_frame_max_ms=16.754 frame_interval_samples=115 frame_interval_median_ms=13.048 frame_interval_p95_ms=32.783 frame_interval_p99_ms=478.926 frame_interval_max_ms=1489.958 layout_samples=116 layout_median_ms=0.253 layout_p95_ms=0.496 layout_p99_ms=0.614 layout_max_ms=3.488
hane_metrics keystroke_to_model_samples=106 keystroke_to_model_median_ms=0.005 keystroke_to_model_p95_ms=0.014 keystroke_to_model_p99_ms=0.019 keystroke_to_model_max_ms=0.020 keystroke_to_frame_samples=106 keystroke_to_frame_median_ms=4.109 keystroke_to_frame_p95_ms=7.264 keystroke_to_frame_p99_ms=8.080 keystroke_to_frame_max_ms=16.754 frame_interval_samples=116 frame_interval_median_ms=13.048 frame_interval_p95_ms=32.783 frame_interval_p99_ms=478.926 frame_interval_max_ms=1489.958 layout_samples=117 layout_median_ms=0.253 layout_p95_ms=0.496 layout_p99_ms=0.614 layout_max_ms=3.488
hane_metrics keystroke_to_model_samples=107 keystroke_to_model_median_ms=0.005 keystroke_to_model_p95_ms=0.014 keystroke_to_model_p99_ms=0.019 keystroke_to_model_max_ms=0.020 keystroke_to_frame_samples=107 keystroke_to_frame_median_ms=4.109 keystroke_to_frame_p95_ms=7.264 keystroke_to_frame_p99_ms=8.080 keystroke_to_frame_max_ms=16.754 frame_interval_samples=117 frame_interval_median_ms=13.063 frame_interval_p95_ms=32.783 frame_interval_p99_ms=478.926 frame_interval_max_ms=1489.958 layout_samples=118 layout_median_ms=0.253 layout_p95_ms=0.496 layout_p99_ms=0.614 layout_max_ms=3.488
hane_metrics keystroke_to_model_samples=108 keystroke_to_model_median_ms=0.005 keystroke_to_model_p95_ms=0.014 keystroke_to_model_p99_ms=0.019 keystroke_to_model_max_ms=0.020 keystroke_to_frame_samples=108 keystroke_to_frame_median_ms=4.105 keystroke_to_frame_p95_ms=7.264 keystroke_to_frame_p99_ms=8.080 keystroke_to_frame_max_ms=16.754 frame_interval_samples=118 frame_interval_median_ms=13.048 frame_interval_p95_ms=32.783 frame_interval_p99_ms=478.926 frame_interval_max_ms=1489.958 layout_samples=119 layout_median_ms=0.253 layout_p95_ms=0.496 layout_p99_ms=0.614 layout_max_ms=3.488
hane_metrics keystroke_to_model_samples=109 keystroke_to_model_median_ms=0.005 keystroke_to_model_p95_ms=0.014 keystroke_to_model_p99_ms=0.019 keystroke_to_model_max_ms=0.020 keystroke_to_frame_samples=109 keystroke_to_frame_median_ms=4.105 keystroke_to_frame_p95_ms=7.264 keystroke_to_frame_p99_ms=8.080 keystroke_to_frame_max_ms=16.754 frame_interval_samples=119 frame_interval_median_ms=13.048 frame_interval_p95_ms=32.783 frame_interval_p99_ms=478.926 frame_interval_max_ms=1489.958 layout_samples=120 layout_median_ms=0.252 layout_p95_ms=0.496 layout_p99_ms=0.614 layout_max_ms=3.488
hane_metrics keystroke_to_model_samples=110 keystroke_to_model_median_ms=0.005 keystroke_to_model_p95_ms=0.014 keystroke_to_model_p99_ms=0.019 keystroke_to_model_max_ms=0.020 keystroke_to_frame_samples=110 keystroke_to_frame_median_ms=4.101 keystroke_to_frame_p95_ms=7.264 keystroke_to_frame_p99_ms=8.080 keystroke_to_frame_max_ms=16.754 frame_interval_samples=120 frame_interval_median_ms=12.991 frame_interval_p95_ms=25.310 frame_interval_p99_ms=478.926 frame_interval_max_ms=1489.958 layout_samples=121 layout_median_ms=0.253 layout_p95_ms=0.496 layout_p99_ms=0.614 layout_max_ms=3.488
hane_metrics keystroke_to_model_samples=111 keystroke_to_model_median_ms=0.005 keystroke_to_model_p95_ms=0.014 keystroke_to_model_p99_ms=0.019 keystroke_to_model_max_ms=0.020 keystroke_to_frame_samples=111 keystroke_to_frame_median_ms=4.101 keystroke_to_frame_p95_ms=7.264 keystroke_to_frame_p99_ms=8.080 keystroke_to_frame_max_ms=16.754 frame_interval_samples=121 frame_interval_median_ms=12.991 frame_interval_p95_ms=25.310 frame_interval_p99_ms=478.926 frame_interval_max_ms=1489.958 layout_samples=122 layout_median_ms=0.252 layout_p95_ms=0.496 layout_p99_ms=0.614 layout_max_ms=3.488
hane_metrics keystroke_to_model_samples=112 keystroke_to_model_median_ms=0.005 keystroke_to_model_p95_ms=0.014 keystroke_to_model_p99_ms=0.019 keystroke_to_model_max_ms=0.020 keystroke_to_frame_samples=112 keystroke_to_frame_median_ms=4.084 keystroke_to_frame_p95_ms=7.264 keystroke_to_frame_p99_ms=8.080 keystroke_to_frame_max_ms=16.754 frame_interval_samples=122 frame_interval_median_ms=12.733 frame_interval_p95_ms=25.310 frame_interval_p99_ms=478.926 frame_interval_max_ms=1489.958 layout_samples=123 layout_median_ms=0.252 layout_p95_ms=0.496 layout_p99_ms=0.614 layout_max_ms=3.488
hane_metrics keystroke_to_model_samples=113 keystroke_to_model_median_ms=0.005 keystroke_to_model_p95_ms=0.014 keystroke_to_model_p99_ms=0.019 keystroke_to_model_max_ms=0.020 keystroke_to_frame_samples=113 keystroke_to_frame_median_ms=4.101 keystroke_to_frame_p95_ms=7.264 keystroke_to_frame_p99_ms=8.080 keystroke_to_frame_max_ms=16.754 frame_interval_samples=124 frame_interval_median_ms=12.733 frame_interval_p95_ms=25.310 frame_interval_p99_ms=478.926 frame_interval_max_ms=1489.958 layout_samples=125 layout_median_ms=0.252 layout_p95_ms=0.496 layout_p99_ms=0.614 layout_max_ms=3.488
hane_metrics keystroke_to_model_samples=114 keystroke_to_model_median_ms=0.005 keystroke_to_model_p95_ms=0.014 keystroke_to_model_p99_ms=0.019 keystroke_to_model_max_ms=0.020 keystroke_to_frame_samples=114 keystroke_to_frame_median_ms=4.084 keystroke_to_frame_p95_ms=7.264 keystroke_to_frame_p99_ms=8.080 keystroke_to_frame_max_ms=16.754 frame_interval_samples=125 frame_interval_median_ms=12.991 frame_interval_p95_ms=25.310 frame_interval_p99_ms=478.926 frame_interval_max_ms=1489.958 layout_samples=126 layout_median_ms=0.252 layout_p95_ms=0.496 layout_p99_ms=0.614 layout_max_ms=3.488
hane_metrics keystroke_to_model_samples=115 keystroke_to_model_median_ms=0.005 keystroke_to_model_p95_ms=0.014 keystroke_to_model_p99_ms=0.019 keystroke_to_model_max_ms=0.020 keystroke_to_frame_samples=115 keystroke_to_frame_median_ms=4.084 keystroke_to_frame_p95_ms=7.264 keystroke_to_frame_p99_ms=8.080 keystroke_to_frame_max_ms=16.754 frame_interval_samples=126 frame_interval_median_ms=12.991 frame_interval_p95_ms=25.310 frame_interval_p99_ms=478.926 frame_interval_max_ms=1489.958 layout_samples=127 layout_median_ms=0.253 layout_p95_ms=0.496 layout_p99_ms=0.614 layout_max_ms=3.488
hane_metrics keystroke_to_model_samples=116 keystroke_to_model_median_ms=0.005 keystroke_to_model_p95_ms=0.014 keystroke_to_model_p99_ms=0.019 keystroke_to_model_max_ms=0.020 keystroke_to_frame_samples=116 keystroke_to_frame_median_ms=4.068 keystroke_to_frame_p95_ms=7.264 keystroke_to_frame_p99_ms=8.080 keystroke_to_frame_max_ms=16.754 frame_interval_samples=127 frame_interval_median_ms=12.991 frame_interval_p95_ms=25.310 frame_interval_p99_ms=478.926 frame_interval_max_ms=1489.958 layout_samples=128 layout_median_ms=0.253 layout_p95_ms=0.496 layout_p99_ms=0.614 layout_max_ms=3.488
hane_metrics keystroke_to_model_samples=117 keystroke_to_model_median_ms=0.005 keystroke_to_model_p95_ms=0.014 keystroke_to_model_p99_ms=0.019 keystroke_to_model_max_ms=0.020 keystroke_to_frame_samples=117 keystroke_to_frame_median_ms=4.068 keystroke_to_frame_p95_ms=7.264 keystroke_to_frame_p99_ms=8.080 keystroke_to_frame_max_ms=16.754 frame_interval_samples=128 frame_interval_median_ms=12.733 frame_interval_p95_ms=25.310 frame_interval_p99_ms=478.926 frame_interval_max_ms=1489.958 layout_samples=129 layout_median_ms=0.253 layout_p95_ms=0.496 layout_p99_ms=0.614 layout_max_ms=3.488
hane_metrics keystroke_to_model_samples=118 keystroke_to_model_median_ms=0.005 keystroke_to_model_p95_ms=0.014 keystroke_to_model_p99_ms=0.019 keystroke_to_model_max_ms=0.020 keystroke_to_frame_samples=118 keystroke_to_frame_median_ms=4.068 keystroke_to_frame_p95_ms=7.264 keystroke_to_frame_p99_ms=8.080 keystroke_to_frame_max_ms=16.754 frame_interval_samples=129 frame_interval_median_ms=12.733 frame_interval_p95_ms=25.310 frame_interval_p99_ms=478.926 frame_interval_max_ms=1489.958 layout_samples=130 layout_median_ms=0.253 layout_p95_ms=0.496 layout_p99_ms=0.614 layout_max_ms=3.488
hane_metrics keystroke_to_model_samples=119 keystroke_to_model_median_ms=0.005 keystroke_to_model_p95_ms=0.014 keystroke_to_model_p99_ms=0.019 keystroke_to_model_max_ms=0.020 keystroke_to_frame_samples=119 keystroke_to_frame_median_ms=4.068 keystroke_to_frame_p95_ms=7.264 keystroke_to_frame_p99_ms=8.080 keystroke_to_frame_max_ms=16.754 frame_interval_samples=130 frame_interval_median_ms=12.703 frame_interval_p95_ms=25.310 frame_interval_p99_ms=478.926 frame_interval_max_ms=1489.958 layout_samples=131 layout_median_ms=0.256 layout_p95_ms=0.496 layout_p99_ms=0.614 layout_max_ms=3.488
hane_metrics keystroke_to_model_samples=120 keystroke_to_model_median_ms=0.005 keystroke_to_model_p95_ms=0.011 keystroke_to_model_p99_ms=0.019 keystroke_to_model_max_ms=0.020 keystroke_to_frame_samples=120 keystroke_to_frame_median_ms=4.066 keystroke_to_frame_p95_ms=7.101 keystroke_to_frame_p99_ms=8.080 keystroke_to_frame_max_ms=16.754 frame_interval_samples=131 frame_interval_median_ms=12.703 frame_interval_p95_ms=25.310 frame_interval_p99_ms=478.926 frame_interval_max_ms=1489.958 layout_samples=132 layout_median_ms=0.253 layout_p95_ms=0.496 layout_p99_ms=0.614 layout_max_ms=3.488
hane_metrics keystroke_to_model_samples=121 keystroke_to_model_median_ms=0.005 keystroke_to_model_p95_ms=0.011 keystroke_to_model_p99_ms=0.019 keystroke_to_model_max_ms=0.020 keystroke_to_frame_samples=121 keystroke_to_frame_median_ms=4.068 keystroke_to_frame_p95_ms=7.101 keystroke_to_frame_p99_ms=8.080 keystroke_to_frame_max_ms=16.754 frame_interval_samples=133 frame_interval_median_ms=12.703 frame_interval_p95_ms=25.310 frame_interval_p99_ms=478.926 frame_interval_max_ms=1489.958 layout_samples=134 layout_median_ms=0.253 layout_p95_ms=0.496 layout_p99_ms=0.614 layout_max_ms=3.488
hane_metrics keystroke_to_model_samples=122 keystroke_to_model_median_ms=0.005 keystroke_to_model_p95_ms=0.011 keystroke_to_model_p99_ms=0.019 keystroke_to_model_max_ms=0.020 keystroke_to_frame_samples=122 keystroke_to_frame_median_ms=4.068 keystroke_to_frame_p95_ms=7.101 keystroke_to_frame_p99_ms=8.080 keystroke_to_frame_max_ms=16.754 frame_interval_samples=134 frame_interval_median_ms=12.703 frame_interval_p95_ms=25.310 frame_interval_p99_ms=478.926 frame_interval_max_ms=1489.958 layout_samples=135 layout_median_ms=0.256 layout_p95_ms=0.496 layout_p99_ms=0.614 layout_max_ms=3.488
hane_metrics keystroke_to_model_samples=123 keystroke_to_model_median_ms=0.005 keystroke_to_model_p95_ms=0.011 keystroke_to_model_p99_ms=0.019 keystroke_to_model_max_ms=0.020 keystroke_to_frame_samples=123 keystroke_to_frame_median_ms=4.068 keystroke_to_frame_p95_ms=7.101 keystroke_to_frame_p99_ms=8.080 keystroke_to_frame_max_ms=16.754 frame_interval_samples=135 frame_interval_median_ms=12.733 frame_interval_p95_ms=25.310 frame_interval_p99_ms=478.926 frame_interval_max_ms=1489.958 layout_samples=136 layout_median_ms=0.256 layout_p95_ms=0.496 layout_p99_ms=0.614 layout_max_ms=3.488
hane_metrics keystroke_to_model_samples=124 keystroke_to_model_median_ms=0.005 keystroke_to_model_p95_ms=0.011 keystroke_to_model_p99_ms=0.019 keystroke_to_model_max_ms=0.020 keystroke_to_frame_samples=124 keystroke_to_frame_median_ms=4.068 keystroke_to_frame_p95_ms=7.101 keystroke_to_frame_p99_ms=8.080 keystroke_to_frame_max_ms=16.754 frame_interval_samples=136 frame_interval_median_ms=12.703 frame_interval_p95_ms=25.310 frame_interval_p99_ms=478.926 frame_interval_max_ms=1489.958 layout_samples=137 layout_median_ms=0.257 layout_p95_ms=0.496 layout_p99_ms=0.614 layout_max_ms=3.488
hane_metrics keystroke_to_model_samples=125 keystroke_to_model_median_ms=0.005 keystroke_to_model_p95_ms=0.011 keystroke_to_model_p99_ms=0.019 keystroke_to_model_max_ms=0.020 keystroke_to_frame_samples=125 keystroke_to_frame_median_ms=4.068 keystroke_to_frame_p95_ms=7.101 keystroke_to_frame_p99_ms=8.080 keystroke_to_frame_max_ms=16.754 frame_interval_samples=137 frame_interval_median_ms=12.703 frame_interval_p95_ms=25.310 frame_interval_p99_ms=478.926 frame_interval_max_ms=1489.958 layout_samples=138 layout_median_ms=0.257 layout_p95_ms=0.496 layout_p99_ms=0.614 layout_max_ms=3.488
hane_metrics keystroke_to_model_samples=126 keystroke_to_model_median_ms=0.005 keystroke_to_model_p95_ms=0.011 keystroke_to_model_p99_ms=0.019 keystroke_to_model_max_ms=0.020 keystroke_to_frame_samples=126 keystroke_to_frame_median_ms=4.066 keystroke_to_frame_p95_ms=7.101 keystroke_to_frame_p99_ms=8.080 keystroke_to_frame_max_ms=16.754 frame_interval_samples=138 frame_interval_median_ms=12.310 frame_interval_p95_ms=25.310 frame_interval_p99_ms=478.926 frame_interval_max_ms=1489.958 layout_samples=139 layout_median_ms=0.257 layout_p95_ms=0.496 layout_p99_ms=0.614 layout_max_ms=3.488
hane_metrics keystroke_to_model_samples=127 keystroke_to_model_median_ms=0.005 keystroke_to_model_p95_ms=0.011 keystroke_to_model_p99_ms=0.019 keystroke_to_model_max_ms=0.020 keystroke_to_frame_samples=127 keystroke_to_frame_median_ms=4.068 keystroke_to_frame_p95_ms=7.101 keystroke_to_frame_p99_ms=8.080 keystroke_to_frame_max_ms=16.754 frame_interval_samples=139 frame_interval_median_ms=12.310 frame_interval_p95_ms=25.310 frame_interval_p99_ms=478.926 frame_interval_max_ms=1489.958 layout_samples=140 layout_median_ms=0.257 layout_p95_ms=0.494 layout_p99_ms=0.614 layout_max_ms=3.488
hane_metrics keystroke_to_model_samples=128 keystroke_to_model_median_ms=0.005 keystroke_to_model_p95_ms=0.011 keystroke_to_model_p99_ms=0.019 keystroke_to_model_max_ms=0.020 keystroke_to_frame_samples=128 keystroke_to_frame_median_ms=4.066 keystroke_to_frame_p95_ms=7.101 keystroke_to_frame_p99_ms=8.080 keystroke_to_frame_max_ms=16.754 frame_interval_samples=140 frame_interval_median_ms=12.131 frame_interval_p95_ms=25.288 frame_interval_p99_ms=478.926 frame_interval_max_ms=1489.958 layout_samples=141 layout_median_ms=0.257 layout_p95_ms=0.494 layout_p99_ms=0.614 layout_max_ms=3.488
hane_metrics keystroke_to_model_samples=129 keystroke_to_model_median_ms=0.005 keystroke_to_model_p95_ms=0.011 keystroke_to_model_p99_ms=0.019 keystroke_to_model_max_ms=0.020 keystroke_to_frame_samples=129 keystroke_to_frame_median_ms=4.068 keystroke_to_frame_p95_ms=7.101 keystroke_to_frame_p99_ms=8.080 keystroke_to_frame_max_ms=16.754 frame_interval_samples=142 frame_interval_median_ms=12.131 frame_interval_p95_ms=25.288 frame_interval_p99_ms=478.926 frame_interval_max_ms=1489.958 layout_samples=143 layout_median_ms=0.257 layout_p95_ms=0.494 layout_p99_ms=0.614 layout_max_ms=3.488
hane_metrics keystroke_to_model_samples=130 keystroke_to_model_median_ms=0.005 keystroke_to_model_p95_ms=0.011 keystroke_to_model_p99_ms=0.019 keystroke_to_model_max_ms=0.020 keystroke_to_frame_samples=130 keystroke_to_frame_median_ms=4.066 keystroke_to_frame_p95_ms=7.101 keystroke_to_frame_p99_ms=8.080 keystroke_to_frame_max_ms=16.754 frame_interval_samples=143 frame_interval_median_ms=12.310 frame_interval_p95_ms=25.288 frame_interval_p99_ms=478.926 frame_interval_max_ms=1489.958 layout_samples=144 layout_median_ms=0.257 layout_p95_ms=0.494 layout_p99_ms=0.614 layout_max_ms=3.488
hane_metrics keystroke_to_model_samples=131 keystroke_to_model_median_ms=0.005 keystroke_to_model_p95_ms=0.011 keystroke_to_model_p99_ms=0.019 keystroke_to_model_max_ms=0.020 keystroke_to_frame_samples=131 keystroke_to_frame_median_ms=4.068 keystroke_to_frame_p95_ms=7.101 keystroke_to_frame_p99_ms=8.080 keystroke_to_frame_max_ms=16.754 frame_interval_samples=144 frame_interval_median_ms=12.310 frame_interval_p95_ms=25.288 frame_interval_p99_ms=478.926 frame_interval_max_ms=1489.958 layout_samples=145 layout_median_ms=0.259 layout_p95_ms=0.494 layout_p99_ms=0.614 layout_max_ms=3.488
hane_metrics keystroke_to_model_samples=132 keystroke_to_model_median_ms=0.005 keystroke_to_model_p95_ms=0.011 keystroke_to_model_p99_ms=0.019 keystroke_to_model_max_ms=0.020 keystroke_to_frame_samples=132 keystroke_to_frame_median_ms=4.066 keystroke_to_frame_p95_ms=7.101 keystroke_to_frame_p99_ms=8.080 keystroke_to_frame_max_ms=16.754 frame_interval_samples=145 frame_interval_median_ms=12.310 frame_interval_p95_ms=25.288 frame_interval_p99_ms=478.926 frame_interval_max_ms=1489.958 layout_samples=146 layout_median_ms=0.259 layout_p95_ms=0.494 layout_p99_ms=0.614 layout_max_ms=3.488
hane_metrics keystroke_to_model_samples=133 keystroke_to_model_median_ms=0.005 keystroke_to_model_p95_ms=0.011 keystroke_to_model_p99_ms=0.019 keystroke_to_model_max_ms=0.020 keystroke_to_frame_samples=133 keystroke_to_frame_median_ms=4.068 keystroke_to_frame_p95_ms=7.101 keystroke_to_frame_p99_ms=8.080 keystroke_to_frame_max_ms=16.754 frame_interval_samples=146 frame_interval_median_ms=12.310 frame_interval_p95_ms=25.288 frame_interval_p99_ms=478.926 frame_interval_max_ms=1489.958 layout_samples=147 layout_median_ms=0.263 layout_p95_ms=0.494 layout_p99_ms=0.614 layout_max_ms=3.488
hane_metrics keystroke_to_model_samples=134 keystroke_to_model_median_ms=0.005 keystroke_to_model_p95_ms=0.011 keystroke_to_model_p99_ms=0.019 keystroke_to_model_max_ms=0.020 keystroke_to_frame_samples=134 keystroke_to_frame_median_ms=4.066 keystroke_to_frame_p95_ms=7.101 keystroke_to_frame_p99_ms=8.080 keystroke_to_frame_max_ms=16.754 frame_interval_samples=147 frame_interval_median_ms=12.310 frame_interval_p95_ms=25.288 frame_interval_p99_ms=478.926 frame_interval_max_ms=1489.958 layout_samples=148 layout_median_ms=0.263 layout_p95_ms=0.494 layout_p99_ms=0.614 layout_max_ms=3.488
hane_metrics keystroke_to_model_samples=135 keystroke_to_model_median_ms=0.005 keystroke_to_model_p95_ms=0.011 keystroke_to_model_p99_ms=0.019 keystroke_to_model_max_ms=0.020 keystroke_to_frame_samples=135 keystroke_to_frame_median_ms=4.066 keystroke_to_frame_p95_ms=7.101 keystroke_to_frame_p99_ms=8.080 keystroke_to_frame_max_ms=16.754 frame_interval_samples=148 frame_interval_median_ms=12.131 frame_interval_p95_ms=25.288 frame_interval_p99_ms=478.926 frame_interval_max_ms=1489.958 layout_samples=149 layout_median_ms=0.264 layout_p95_ms=0.494 layout_p99_ms=0.614 layout_max_ms=3.488
hane_metrics keystroke_to_model_samples=136 keystroke_to_model_median_ms=0.005 keystroke_to_model_p95_ms=0.011 keystroke_to_model_p99_ms=0.019 keystroke_to_model_max_ms=0.020 keystroke_to_frame_samples=136 keystroke_to_frame_median_ms=4.065 keystroke_to_frame_p95_ms=7.101 keystroke_to_frame_p99_ms=8.080 keystroke_to_frame_max_ms=16.754 frame_interval_samples=149 frame_interval_median_ms=12.131 frame_interval_p95_ms=25.288 frame_interval_p99_ms=478.926 frame_interval_max_ms=1489.958 layout_samples=150 layout_median_ms=0.263 layout_p95_ms=0.494 layout_p99_ms=0.614 layout_max_ms=3.488
hane_metrics keystroke_to_model_samples=137 keystroke_to_model_median_ms=0.005 keystroke_to_model_p95_ms=0.011 keystroke_to_model_p99_ms=0.019 keystroke_to_model_max_ms=0.020 keystroke_to_frame_samples=137 keystroke_to_frame_median_ms=4.066 keystroke_to_frame_p95_ms=7.101 keystroke_to_frame_p99_ms=8.080 keystroke_to_frame_max_ms=16.754 frame_interval_samples=151 frame_interval_median_ms=12.131 frame_interval_p95_ms=25.288 frame_interval_p99_ms=478.926 frame_interval_max_ms=1489.958 layout_samples=152 layout_median_ms=0.263 layout_p95_ms=0.494 layout_p99_ms=0.614 layout_max_ms=3.488
hane_metrics keystroke_to_model_samples=138 keystroke_to_model_median_ms=0.005 keystroke_to_model_p95_ms=0.011 keystroke_to_model_p99_ms=0.019 keystroke_to_model_max_ms=0.020 keystroke_to_frame_samples=138 keystroke_to_frame_median_ms=4.066 keystroke_to_frame_p95_ms=7.101 keystroke_to_frame_p99_ms=8.080 keystroke_to_frame_max_ms=16.754 frame_interval_samples=152 frame_interval_median_ms=12.131 frame_interval_p95_ms=25.288 frame_interval_p99_ms=478.926 frame_interval_max_ms=1489.958 layout_samples=153 layout_median_ms=0.264 layout_p95_ms=0.494 layout_p99_ms=0.614 layout_max_ms=3.488
hane_metrics keystroke_to_model_samples=139 keystroke_to_model_median_ms=0.005 keystroke_to_model_p95_ms=0.011 keystroke_to_model_p99_ms=0.019 keystroke_to_model_max_ms=0.020 keystroke_to_frame_samples=139 keystroke_to_frame_median_ms=4.068 keystroke_to_frame_p95_ms=7.101 keystroke_to_frame_p99_ms=8.080 keystroke_to_frame_max_ms=16.754 frame_interval_samples=153 frame_interval_median_ms=12.310 frame_interval_p95_ms=25.288 frame_interval_p99_ms=478.926 frame_interval_max_ms=1489.958 layout_samples=154 layout_median_ms=0.264 layout_p95_ms=0.494 layout_p99_ms=0.614 layout_max_ms=3.488
hane_metrics keystroke_to_model_samples=140 keystroke_to_model_median_ms=0.005 keystroke_to_model_p95_ms=0.011 keystroke_to_model_p99_ms=0.019 keystroke_to_model_max_ms=0.020 keystroke_to_frame_samples=140 keystroke_to_frame_median_ms=4.066 keystroke_to_frame_p95_ms=6.604 keystroke_to_frame_p99_ms=8.080 keystroke_to_frame_max_ms=16.754 frame_interval_samples=154 frame_interval_median_ms=12.131 frame_interval_p95_ms=25.288 frame_interval_p99_ms=478.926 frame_interval_max_ms=1489.958 layout_samples=155 layout_median_ms=0.264 layout_p95_ms=0.494 layout_p99_ms=0.614 layout_max_ms=3.488
hane_metrics keystroke_to_model_samples=141 keystroke_to_model_median_ms=0.005 keystroke_to_model_p95_ms=0.011 keystroke_to_model_p99_ms=0.019 keystroke_to_model_max_ms=0.020 keystroke_to_frame_samples=141 keystroke_to_frame_median_ms=4.068 keystroke_to_frame_p95_ms=6.604 keystroke_to_frame_p99_ms=8.080 keystroke_to_frame_max_ms=16.754 frame_interval_samples=155 frame_interval_median_ms=12.310 frame_interval_p95_ms=25.288 frame_interval_p99_ms=478.926 frame_interval_max_ms=1489.958 layout_samples=156 layout_median_ms=0.264 layout_p95_ms=0.494 layout_p99_ms=0.614 layout_max_ms=3.488
hane_metrics keystroke_to_model_samples=142 keystroke_to_model_median_ms=0.005 keystroke_to_model_p95_ms=0.011 keystroke_to_model_p99_ms=0.019 keystroke_to_model_max_ms=0.020 keystroke_to_frame_samples=142 keystroke_to_frame_median_ms=4.068 keystroke_to_frame_p95_ms=7.038 keystroke_to_frame_p99_ms=8.080 keystroke_to_frame_max_ms=16.754 frame_interval_samples=156 frame_interval_median_ms=12.310 frame_interval_p95_ms=25.288 frame_interval_p99_ms=478.926 frame_interval_max_ms=1489.958 layout_samples=157 layout_median_ms=0.264 layout_p95_ms=0.494 layout_p99_ms=0.614 layout_max_ms=3.488
hane_metrics keystroke_to_model_samples=143 keystroke_to_model_median_ms=0.005 keystroke_to_model_p95_ms=0.011 keystroke_to_model_p99_ms=0.019 keystroke_to_model_max_ms=0.020 keystroke_to_frame_samples=143 keystroke_to_frame_median_ms=4.069 keystroke_to_frame_p95_ms=7.038 keystroke_to_frame_p99_ms=8.080 keystroke_to_frame_max_ms=16.754 frame_interval_samples=157 frame_interval_median_ms=12.419 frame_interval_p95_ms=25.288 frame_interval_p99_ms=478.926 frame_interval_max_ms=1489.958 layout_samples=158 layout_median_ms=0.264 layout_p95_ms=0.494 layout_p99_ms=0.614 layout_max_ms=3.488
hane_metrics keystroke_to_model_samples=144 keystroke_to_model_median_ms=0.005 keystroke_to_model_p95_ms=0.011 keystroke_to_model_p99_ms=0.019 keystroke_to_model_max_ms=0.020 keystroke_to_frame_samples=144 keystroke_to_frame_median_ms=4.068 keystroke_to_frame_p95_ms=7.038 keystroke_to_frame_p99_ms=8.080 keystroke_to_frame_max_ms=16.754 frame_interval_samples=158 frame_interval_median_ms=12.310 frame_interval_p95_ms=25.288 frame_interval_p99_ms=478.926 frame_interval_max_ms=1489.958 layout_samples=159 layout_median_ms=0.264 layout_p95_ms=0.494 layout_p99_ms=0.614 layout_max_ms=3.488
hane_metrics keystroke_to_model_samples=145 keystroke_to_model_median_ms=0.005 keystroke_to_model_p95_ms=0.011 keystroke_to_model_p99_ms=0.019 keystroke_to_model_max_ms=0.020 keystroke_to_frame_samples=145 keystroke_to_frame_median_ms=4.069 keystroke_to_frame_p95_ms=7.038 keystroke_to_frame_p99_ms=8.080 keystroke_to_frame_max_ms=16.754 frame_interval_samples=159 frame_interval_median_ms=12.419 frame_interval_p95_ms=25.288 frame_interval_p99_ms=478.926 frame_interval_max_ms=1489.958 layout_samples=160 layout_median_ms=0.264 layout_p95_ms=0.475 layout_p99_ms=0.614 layout_max_ms=3.488
hane_metrics keystroke_to_model_samples=146 keystroke_to_model_median_ms=0.005 keystroke_to_model_p95_ms=0.011 keystroke_to_model_p99_ms=0.019 keystroke_to_model_max_ms=0.020 keystroke_to_frame_samples=146 keystroke_to_frame_median_ms=4.069 keystroke_to_frame_p95_ms=7.038 keystroke_to_frame_p99_ms=8.080 keystroke_to_frame_max_ms=16.754 frame_interval_samples=160 frame_interval_median_ms=12.419 frame_interval_p95_ms=24.877 frame_interval_p99_ms=478.926 frame_interval_max_ms=1489.958 layout_samples=161 layout_median_ms=0.265 layout_p95_ms=0.475 layout_p99_ms=0.614 layout_max_ms=3.488
hane_metrics keystroke_to_model_samples=147 keystroke_to_model_median_ms=0.005 keystroke_to_model_p95_ms=0.011 keystroke_to_model_p99_ms=0.019 keystroke_to_model_max_ms=0.020 keystroke_to_frame_samples=147 keystroke_to_frame_median_ms=4.071 keystroke_to_frame_p95_ms=7.038 keystroke_to_frame_p99_ms=8.080 keystroke_to_frame_max_ms=16.754 frame_interval_samples=161 frame_interval_median_ms=12.703 frame_interval_p95_ms=24.877 frame_interval_p99_ms=478.926 frame_interval_max_ms=1489.958 layout_samples=162 layout_median_ms=0.264 layout_p95_ms=0.475 layout_p99_ms=0.614 layout_max_ms=3.488
hane_metrics keystroke_to_model_samples=148 keystroke_to_model_median_ms=0.005 keystroke_to_model_p95_ms=0.011 keystroke_to_model_p99_ms=0.019 keystroke_to_model_max_ms=0.020 keystroke_to_frame_samples=148 keystroke_to_frame_median_ms=4.071 keystroke_to_frame_p95_ms=7.038 keystroke_to_frame_p99_ms=8.080 keystroke_to_frame_max_ms=16.754 frame_interval_samples=162 frame_interval_median_ms=12.419 frame_interval_p95_ms=24.877 frame_interval_p99_ms=478.926 frame_interval_max_ms=1489.958 layout_samples=163 layout_median_ms=0.265 layout_p95_ms=0.475 layout_p99_ms=0.614 layout_max_ms=3.488
hane_metrics keystroke_to_model_samples=149 keystroke_to_model_median_ms=0.005 keystroke_to_model_p95_ms=0.011 keystroke_to_model_p99_ms=0.019 keystroke_to_model_max_ms=0.020 keystroke_to_frame_samples=149 keystroke_to_frame_median_ms=4.081 keystroke_to_frame_p95_ms=7.038 keystroke_to_frame_p99_ms=8.080 keystroke_to_frame_max_ms=16.754 frame_interval_samples=163 frame_interval_median_ms=12.419 frame_interval_p95_ms=24.877 frame_interval_p99_ms=478.926 frame_interval_max_ms=1489.958 layout_samples=164 layout_median_ms=0.264 layout_p95_ms=0.475 layout_p99_ms=0.614 layout_max_ms=3.488
hane_metrics keystroke_to_model_samples=150 keystroke_to_model_median_ms=0.005 keystroke_to_model_p95_ms=0.011 keystroke_to_model_p99_ms=0.019 keystroke_to_model_max_ms=0.020 keystroke_to_frame_samples=150 keystroke_to_frame_median_ms=4.081 keystroke_to_frame_p95_ms=7.038 keystroke_to_frame_p99_ms=8.080 keystroke_to_frame_max_ms=16.754 frame_interval_samples=164 frame_interval_median_ms=12.310 frame_interval_p95_ms=24.877 frame_interval_p99_ms=478.926 frame_interval_max_ms=1489.958 layout_samples=165 layout_median_ms=0.264 layout_p95_ms=0.475 layout_p99_ms=0.614 layout_max_ms=3.488
hane_metrics keystroke_to_model_samples=151 keystroke_to_model_median_ms=0.005 keystroke_to_model_p95_ms=0.011 keystroke_to_model_p99_ms=0.019 keystroke_to_model_max_ms=0.020 keystroke_to_frame_samples=151 keystroke_to_frame_median_ms=4.084 keystroke_to_frame_p95_ms=7.038 keystroke_to_frame_p99_ms=8.080 keystroke_to_frame_max_ms=16.754 frame_interval_samples=165 frame_interval_median_ms=12.310 frame_interval_p95_ms=24.877 frame_interval_p99_ms=478.926 frame_interval_max_ms=1489.958 layout_samples=166 layout_median_ms=0.263 layout_p95_ms=0.475 layout_p99_ms=0.614 layout_max_ms=3.488
hane_metrics keystroke_to_model_samples=152 keystroke_to_model_median_ms=0.005 keystroke_to_model_p95_ms=0.011 keystroke_to_model_p99_ms=0.019 keystroke_to_model_max_ms=0.020 keystroke_to_frame_samples=152 keystroke_to_frame_median_ms=4.084 keystroke_to_frame_p95_ms=7.038 keystroke_to_frame_p99_ms=8.080 keystroke_to_frame_max_ms=16.754 frame_interval_samples=166 frame_interval_median_ms=12.151 frame_interval_p95_ms=24.877 frame_interval_p99_ms=478.926 frame_interval_max_ms=1489.958 layout_samples=167 layout_median_ms=0.263 layout_p95_ms=0.475 layout_p99_ms=0.614 layout_max_ms=3.488
hane_metrics keystroke_to_model_samples=153 keystroke_to_model_median_ms=0.005 keystroke_to_model_p95_ms=0.011 keystroke_to_model_p99_ms=0.019 keystroke_to_model_max_ms=0.020 keystroke_to_frame_samples=153 keystroke_to_frame_median_ms=4.101 keystroke_to_frame_p95_ms=7.101 keystroke_to_frame_p99_ms=8.080 keystroke_to_frame_max_ms=16.754 frame_interval_samples=169 frame_interval_median_ms=12.151 frame_interval_p95_ms=24.877 frame_interval_p99_ms=478.926 frame_interval_max_ms=1489.958 layout_samples=170 layout_median_ms=0.263 layout_p95_ms=0.475 layout_p99_ms=0.614 layout_max_ms=3.488
hane_metrics keystroke_to_model_samples=154 keystroke_to_model_median_ms=0.005 keystroke_to_model_p95_ms=0.011 keystroke_to_model_p99_ms=0.019 keystroke_to_model_max_ms=0.020 keystroke_to_frame_samples=154 keystroke_to_frame_median_ms=4.101 keystroke_to_frame_p95_ms=7.101 keystroke_to_frame_p99_ms=8.080 keystroke_to_frame_max_ms=16.754 frame_interval_samples=170 frame_interval_median_ms=12.151 frame_interval_p95_ms=24.877 frame_interval_p99_ms=478.926 frame_interval_max_ms=1489.958 layout_samples=171 layout_median_ms=0.264 layout_p95_ms=0.475 layout_p99_ms=0.614 layout_max_ms=3.488
hane_metrics keystroke_to_model_samples=155 keystroke_to_model_median_ms=0.005 keystroke_to_model_p95_ms=0.011 keystroke_to_model_p99_ms=0.019 keystroke_to_model_max_ms=0.020 keystroke_to_frame_samples=155 keystroke_to_frame_median_ms=4.105 keystroke_to_frame_p95_ms=7.101 keystroke_to_frame_p99_ms=8.080 keystroke_to_frame_max_ms=16.754 frame_interval_samples=171 frame_interval_median_ms=12.310 frame_interval_p95_ms=24.877 frame_interval_p99_ms=478.926 frame_interval_max_ms=1489.958 layout_samples=172 layout_median_ms=0.264 layout_p95_ms=0.475 layout_p99_ms=0.614 layout_max_ms=3.488
hane_metrics keystroke_to_model_samples=156 keystroke_to_model_median_ms=0.005 keystroke_to_model_p95_ms=0.011 keystroke_to_model_p99_ms=0.019 keystroke_to_model_max_ms=0.020 keystroke_to_frame_samples=156 keystroke_to_frame_median_ms=4.101 keystroke_to_frame_p95_ms=7.101 keystroke_to_frame_p99_ms=8.080 keystroke_to_frame_max_ms=16.754 frame_interval_samples=172 frame_interval_median_ms=12.151 frame_interval_p95_ms=24.877 frame_interval_p99_ms=478.926 frame_interval_max_ms=1489.958 layout_samples=173 layout_median_ms=0.264 layout_p95_ms=0.475 layout_p99_ms=0.614 layout_max_ms=3.488
hane_metrics keystroke_to_model_samples=157 keystroke_to_model_median_ms=0.005 keystroke_to_model_p95_ms=0.011 keystroke_to_model_p99_ms=0.019 keystroke_to_model_max_ms=0.020 keystroke_to_frame_samples=157 keystroke_to_frame_median_ms=4.105 keystroke_to_frame_p95_ms=7.101 keystroke_to_frame_p99_ms=8.080 keystroke_to_frame_max_ms=16.754 frame_interval_samples=173 frame_interval_median_ms=12.151 frame_interval_p95_ms=24.877 frame_interval_p99_ms=478.926 frame_interval_max_ms=1489.958 layout_samples=174 layout_median_ms=0.264 layout_p95_ms=0.475 layout_p99_ms=0.614 layout_max_ms=3.488
hane_metrics keystroke_to_model_samples=158 keystroke_to_model_median_ms=0.005 keystroke_to_model_p95_ms=0.011 keystroke_to_model_p99_ms=0.019 keystroke_to_model_max_ms=0.020 keystroke_to_frame_samples=158 keystroke_to_frame_median_ms=4.101 keystroke_to_frame_p95_ms=7.101 keystroke_to_frame_p99_ms=8.080 keystroke_to_frame_max_ms=16.754 frame_interval_samples=174 frame_interval_median_ms=12.131 frame_interval_p95_ms=24.877 frame_interval_p99_ms=478.926 frame_interval_max_ms=1489.958 layout_samples=175 layout_median_ms=0.264 layout_p95_ms=0.475 layout_p99_ms=0.614 layout_max_ms=3.488
hane_metrics keystroke_to_model_samples=159 keystroke_to_model_median_ms=0.005 keystroke_to_model_p95_ms=0.011 keystroke_to_model_p99_ms=0.019 keystroke_to_model_max_ms=0.020 keystroke_to_frame_samples=159 keystroke_to_frame_median_ms=4.101 keystroke_to_frame_p95_ms=7.101 keystroke_to_frame_p99_ms=8.080 keystroke_to_frame_max_ms=16.754 frame_interval_samples=175 frame_interval_median_ms=12.131 frame_interval_p95_ms=24.877 frame_interval_p99_ms=478.926 frame_interval_max_ms=1489.958 layout_samples=176 layout_median_ms=0.264 layout_p95_ms=0.475 layout_p99_ms=0.614 layout_max_ms=3.488
hane_metrics keystroke_to_model_samples=160 keystroke_to_model_median_ms=0.005 keystroke_to_model_p95_ms=0.010 keystroke_to_model_p99_ms=0.019 keystroke_to_model_max_ms=0.020 keystroke_to_frame_samples=160 keystroke_to_frame_median_ms=4.084 keystroke_to_frame_p95_ms=7.038 keystroke_to_frame_p99_ms=8.080 keystroke_to_frame_max_ms=16.754 frame_interval_samples=176 frame_interval_median_ms=12.095 frame_interval_p95_ms=24.877 frame_interval_p99_ms=478.926 frame_interval_max_ms=1489.958 layout_samples=177 layout_median_ms=0.264 layout_p95_ms=0.475 layout_p99_ms=0.614 layout_max_ms=3.488
hane_metrics keystroke_to_model_samples=161 keystroke_to_model_median_ms=0.005 keystroke_to_model_p95_ms=0.010 keystroke_to_model_p99_ms=0.019 keystroke_to_model_max_ms=0.020 keystroke_to_frame_samples=161 keystroke_to_frame_median_ms=4.101 keystroke_to_frame_p95_ms=7.038 keystroke_to_frame_p99_ms=8.080 keystroke_to_frame_max_ms=16.754 frame_interval_samples=178 frame_interval_median_ms=12.095 frame_interval_p95_ms=24.877 frame_interval_p99_ms=478.926 frame_interval_max_ms=1489.958 layout_samples=179 layout_median_ms=0.264 layout_p95_ms=0.475 layout_p99_ms=0.614 layout_max_ms=3.488
hane_metrics keystroke_to_model_samples=162 keystroke_to_model_median_ms=0.005 keystroke_to_model_p95_ms=0.010 keystroke_to_model_p99_ms=0.019 keystroke_to_model_max_ms=0.020 keystroke_to_frame_samples=162 keystroke_to_frame_median_ms=4.101 keystroke_to_frame_p95_ms=7.038 keystroke_to_frame_p99_ms=8.080 keystroke_to_frame_max_ms=16.754 frame_interval_samples=179 frame_interval_median_ms=12.131 frame_interval_p95_ms=24.877 frame_interval_p99_ms=478.926 frame_interval_max_ms=1489.958 layout_samples=180 layout_median_ms=0.264 layout_p95_ms=0.440 layout_p99_ms=0.614 layout_max_ms=3.488
hane_metrics keystroke_to_model_samples=163 keystroke_to_model_median_ms=0.005 keystroke_to_model_p95_ms=0.010 keystroke_to_model_p99_ms=0.019 keystroke_to_model_max_ms=0.020 keystroke_to_frame_samples=163 keystroke_to_frame_median_ms=4.105 keystroke_to_frame_p95_ms=7.038 keystroke_to_frame_p99_ms=8.080 keystroke_to_frame_max_ms=16.754 frame_interval_samples=180 frame_interval_median_ms=12.131 frame_interval_p95_ms=24.178 frame_interval_p99_ms=478.926 frame_interval_max_ms=1489.958 layout_samples=181 layout_median_ms=0.264 layout_p95_ms=0.440 layout_p99_ms=0.614 layout_max_ms=3.488
hane_metrics keystroke_to_model_samples=164 keystroke_to_model_median_ms=0.005 keystroke_to_model_p95_ms=0.010 keystroke_to_model_p99_ms=0.019 keystroke_to_model_max_ms=0.020 keystroke_to_frame_samples=164 keystroke_to_frame_median_ms=4.101 keystroke_to_frame_p95_ms=7.038 keystroke_to_frame_p99_ms=8.080 keystroke_to_frame_max_ms=16.754 frame_interval_samples=181 frame_interval_median_ms=12.131 frame_interval_p95_ms=24.178 frame_interval_p99_ms=478.926 frame_interval_max_ms=1489.958 layout_samples=182 layout_median_ms=0.264 layout_p95_ms=0.440 layout_p99_ms=0.614 layout_max_ms=3.488
hane_metrics keystroke_to_model_samples=165 keystroke_to_model_median_ms=0.005 keystroke_to_model_p95_ms=0.010 keystroke_to_model_p99_ms=0.019 keystroke_to_model_max_ms=0.020 keystroke_to_frame_samples=165 keystroke_to_frame_median_ms=4.105 keystroke_to_frame_p95_ms=7.038 keystroke_to_frame_p99_ms=8.080 keystroke_to_frame_max_ms=16.754 frame_interval_samples=182 frame_interval_median_ms=12.114 frame_interval_p95_ms=24.178 frame_interval_p99_ms=478.926 frame_interval_max_ms=1489.958 layout_samples=183 layout_median_ms=0.264 layout_p95_ms=0.440 layout_p99_ms=0.614 layout_max_ms=3.488
hane_metrics keystroke_to_model_samples=166 keystroke_to_model_median_ms=0.005 keystroke_to_model_p95_ms=0.010 keystroke_to_model_p99_ms=0.019 keystroke_to_model_max_ms=0.020 keystroke_to_frame_samples=166 keystroke_to_frame_median_ms=4.105 keystroke_to_frame_p95_ms=7.038 keystroke_to_frame_p99_ms=8.080 keystroke_to_frame_max_ms=16.754 frame_interval_samples=183 frame_interval_median_ms=12.114 frame_interval_p95_ms=24.178 frame_interval_p99_ms=478.926 frame_interval_max_ms=1489.958 layout_samples=184 layout_median_ms=0.263 layout_p95_ms=0.440 layout_p99_ms=0.614 layout_max_ms=3.488
hane_metrics keystroke_to_model_samples=167 keystroke_to_model_median_ms=0.005 keystroke_to_model_p95_ms=0.010 keystroke_to_model_p99_ms=0.019 keystroke_to_model_max_ms=0.020 keystroke_to_frame_samples=167 keystroke_to_frame_median_ms=4.109 keystroke_to_frame_p95_ms=7.038 keystroke_to_frame_p99_ms=8.080 keystroke_to_frame_max_ms=16.754 frame_interval_samples=184 frame_interval_median_ms=12.095 frame_interval_p95_ms=24.178 frame_interval_p99_ms=478.926 frame_interval_max_ms=1489.958 layout_samples=185 layout_median_ms=0.264 layout_p95_ms=0.440 layout_p99_ms=0.614 layout_max_ms=3.488
hane_metrics keystroke_to_model_samples=168 keystroke_to_model_median_ms=0.005 keystroke_to_model_p95_ms=0.010 keystroke_to_model_p99_ms=0.019 keystroke_to_model_max_ms=0.020 keystroke_to_frame_samples=168 keystroke_to_frame_median_ms=4.105 keystroke_to_frame_p95_ms=7.038 keystroke_to_frame_p99_ms=8.080 keystroke_to_frame_max_ms=16.754 frame_interval_samples=185 frame_interval_median_ms=12.095 frame_interval_p95_ms=24.178 frame_interval_p99_ms=478.926 frame_interval_max_ms=1489.958 layout_samples=186 layout_median_ms=0.263 layout_p95_ms=0.440 layout_p99_ms=0.614 layout_max_ms=3.488
hane_metrics keystroke_to_model_samples=169 keystroke_to_model_median_ms=0.005 keystroke_to_model_p95_ms=0.010 keystroke_to_model_p99_ms=0.019 keystroke_to_model_max_ms=0.020 keystroke_to_frame_samples=169 keystroke_to_frame_median_ms=4.109 keystroke_to_frame_p95_ms=7.038 keystroke_to_frame_p99_ms=8.080 keystroke_to_frame_max_ms=16.754 frame_interval_samples=186 frame_interval_median_ms=12.095 frame_interval_p95_ms=24.829 frame_interval_p99_ms=478.926 frame_interval_max_ms=1489.958 layout_samples=187 layout_median_ms=0.264 layout_p95_ms=0.440 layout_p99_ms=0.614 layout_max_ms=3.488
hane_metrics keystroke_to_model_samples=170 keystroke_to_model_median_ms=0.005 keystroke_to_model_p95_ms=0.010 keystroke_to_model_p99_ms=0.019 keystroke_to_model_max_ms=0.020 keystroke_to_frame_samples=170 keystroke_to_frame_median_ms=4.109 keystroke_to_frame_p95_ms=7.038 keystroke_to_frame_p99_ms=8.080 keystroke_to_frame_max_ms=16.754 frame_interval_samples=187 frame_interval_median_ms=12.114 frame_interval_p95_ms=24.829 frame_interval_p99_ms=478.926 frame_interval_max_ms=1489.958 layout_samples=188 layout_median_ms=0.264 layout_p95_ms=0.440 layout_p99_ms=0.614 layout_max_ms=3.488
hane_metrics keystroke_to_model_samples=171 keystroke_to_model_median_ms=0.005 keystroke_to_model_p95_ms=0.010 keystroke_to_model_p99_ms=0.019 keystroke_to_model_max_ms=0.020 keystroke_to_frame_samples=171 keystroke_to_frame_median_ms=4.118 keystroke_to_frame_p95_ms=7.038 keystroke_to_frame_p99_ms=8.080 keystroke_to_frame_max_ms=16.754 frame_interval_samples=188 frame_interval_median_ms=12.114 frame_interval_p95_ms=24.829 frame_interval_p99_ms=478.926 frame_interval_max_ms=1489.958 layout_samples=189 layout_median_ms=0.264 layout_p95_ms=0.440 layout_p99_ms=0.614 layout_max_ms=3.488
hane_metrics keystroke_to_model_samples=172 keystroke_to_model_median_ms=0.005 keystroke_to_model_p95_ms=0.010 keystroke_to_model_p99_ms=0.019 keystroke_to_model_max_ms=0.020 keystroke_to_frame_samples=172 keystroke_to_frame_median_ms=4.118 keystroke_to_frame_p95_ms=7.038 keystroke_to_frame_p99_ms=8.080 keystroke_to_frame_max_ms=16.754 frame_interval_samples=189 frame_interval_median_ms=12.114 frame_interval_p95_ms=24.829 frame_interval_p99_ms=478.926 frame_interval_max_ms=1489.958 layout_samples=190 layout_median_ms=0.264 layout_p95_ms=0.440 layout_p99_ms=0.614 layout_max_ms=3.488
hane_metrics keystroke_to_model_samples=173 keystroke_to_model_median_ms=0.005 keystroke_to_model_p95_ms=0.010 keystroke_to_model_p99_ms=0.019 keystroke_to_model_max_ms=0.020 keystroke_to_frame_samples=173 keystroke_to_frame_median_ms=4.137 keystroke_to_frame_p95_ms=7.038 keystroke_to_frame_p99_ms=8.080 keystroke_to_frame_max_ms=16.754 frame_interval_samples=190 frame_interval_median_ms=12.114 frame_interval_p95_ms=24.829 frame_interval_p99_ms=478.926 frame_interval_max_ms=1489.958 layout_samples=191 layout_median_ms=0.265 layout_p95_ms=0.440 layout_p99_ms=0.614 layout_max_ms=3.488
hane_metrics keystroke_to_model_samples=174 keystroke_to_model_median_ms=0.005 keystroke_to_model_p95_ms=0.010 keystroke_to_model_p99_ms=0.019 keystroke_to_model_max_ms=0.020 keystroke_to_frame_samples=174 keystroke_to_frame_median_ms=4.137 keystroke_to_frame_p95_ms=7.038 keystroke_to_frame_p99_ms=8.080 keystroke_to_frame_max_ms=16.754 frame_interval_samples=191 frame_interval_median_ms=12.114 frame_interval_p95_ms=24.829 frame_interval_p99_ms=478.926 frame_interval_max_ms=1489.958 layout_samples=192 layout_median_ms=0.264 layout_p95_ms=0.440 layout_p99_ms=0.614 layout_max_ms=3.488
hane_metrics keystroke_to_model_samples=175 keystroke_to_model_median_ms=0.005 keystroke_to_model_p95_ms=0.010 keystroke_to_model_p99_ms=0.019 keystroke_to_model_max_ms=0.020 keystroke_to_frame_samples=175 keystroke_to_frame_median_ms=4.137 keystroke_to_frame_p95_ms=7.038 keystroke_to_frame_p99_ms=8.080 keystroke_to_frame_max_ms=16.754 frame_interval_samples=192 frame_interval_median_ms=12.095 frame_interval_p95_ms=24.829 frame_interval_p99_ms=478.926 frame_interval_max_ms=1489.958 layout_samples=193 layout_median_ms=0.264 layout_p95_ms=0.440 layout_p99_ms=0.614 layout_max_ms=3.488
hane_metrics keystroke_to_model_samples=176 keystroke_to_model_median_ms=0.005 keystroke_to_model_p95_ms=0.010 keystroke_to_model_p99_ms=0.019 keystroke_to_model_max_ms=0.020 keystroke_to_frame_samples=176 keystroke_to_frame_median_ms=4.132 keystroke_to_frame_p95_ms=7.038 keystroke_to_frame_p99_ms=8.080 keystroke_to_frame_max_ms=16.754 frame_interval_samples=193 frame_interval_median_ms=12.095 frame_interval_p95_ms=24.829 frame_interval_p99_ms=478.926 frame_interval_max_ms=1489.958 layout_samples=194 layout_median_ms=0.264 layout_p95_ms=0.440 layout_p99_ms=0.614 layout_max_ms=3.488
hane_metrics keystroke_to_model_samples=177 keystroke_to_model_median_ms=0.005 keystroke_to_model_p95_ms=0.010 keystroke_to_model_p99_ms=0.019 keystroke_to_model_max_ms=0.020 keystroke_to_frame_samples=177 keystroke_to_frame_median_ms=4.137 keystroke_to_frame_p95_ms=7.038 keystroke_to_frame_p99_ms=8.080 keystroke_to_frame_max_ms=16.754 frame_interval_samples=196 frame_interval_median_ms=12.067 frame_interval_p95_ms=24.829 frame_interval_p99_ms=478.926 frame_interval_max_ms=1489.958 layout_samples=197 layout_median_ms=0.264 layout_p95_ms=0.469 layout_p99_ms=0.614 layout_max_ms=3.488
hane_metrics keystroke_to_model_samples=178 keystroke_to_model_median_ms=0.005 keystroke_to_model_p95_ms=0.010 keystroke_to_model_p99_ms=0.019 keystroke_to_model_max_ms=0.020 keystroke_to_frame_samples=178 keystroke_to_frame_median_ms=4.137 keystroke_to_frame_p95_ms=7.038 keystroke_to_frame_p99_ms=8.080 keystroke_to_frame_max_ms=16.754 frame_interval_samples=197 frame_interval_median_ms=12.095 frame_interval_p95_ms=24.829 frame_interval_p99_ms=478.926 frame_interval_max_ms=1489.958 layout_samples=198 layout_median_ms=0.264 layout_p95_ms=0.469 layout_p99_ms=0.614 layout_max_ms=3.488
hane_metrics keystroke_to_model_samples=179 keystroke_to_model_median_ms=0.005 keystroke_to_model_p95_ms=0.010 keystroke_to_model_p99_ms=0.019 keystroke_to_model_max_ms=0.020 keystroke_to_frame_samples=179 keystroke_to_frame_median_ms=4.145 keystroke_to_frame_p95_ms=7.038 keystroke_to_frame_p99_ms=8.080 keystroke_to_frame_max_ms=16.754 frame_interval_samples=198 frame_interval_median_ms=12.095 frame_interval_p95_ms=24.829 frame_interval_p99_ms=478.926 frame_interval_max_ms=1489.958 layout_samples=199 layout_median_ms=0.265 layout_p95_ms=0.469 layout_p99_ms=0.614 layout_max_ms=3.488
hane_metrics keystroke_to_model_samples=180 keystroke_to_model_median_ms=0.005 keystroke_to_model_p95_ms=0.010 keystroke_to_model_p99_ms=0.019 keystroke_to_model_max_ms=0.020 keystroke_to_frame_samples=180 keystroke_to_frame_median_ms=4.137 keystroke_to_frame_p95_ms=6.604 keystroke_to_frame_p99_ms=8.080 keystroke_to_frame_max_ms=16.754 frame_interval_samples=199 frame_interval_median_ms=12.095 frame_interval_p95_ms=24.829 frame_interval_p99_ms=478.926 frame_interval_max_ms=1489.958 layout_samples=200 layout_median_ms=0.265 layout_p95_ms=0.440 layout_p99_ms=0.564 layout_max_ms=3.488
hane_metrics keystroke_to_model_samples=181 keystroke_to_model_median_ms=0.005 keystroke_to_model_p95_ms=0.010 keystroke_to_model_p99_ms=0.019 keystroke_to_model_max_ms=0.020 keystroke_to_frame_samples=181 keystroke_to_frame_median_ms=4.137 keystroke_to_frame_p95_ms=6.604 keystroke_to_frame_p99_ms=8.080 keystroke_to_frame_max_ms=16.754 frame_interval_samples=200 frame_interval_median_ms=12.067 frame_interval_p95_ms=24.178 frame_interval_p99_ms=83.578 frame_interval_max_ms=1489.958 layout_samples=201 layout_median_ms=0.266 layout_p95_ms=0.440 layout_p99_ms=0.564 layout_max_ms=3.488
hane_metrics keystroke_to_model_samples=182 keystroke_to_model_median_ms=0.005 keystroke_to_model_p95_ms=0.010 keystroke_to_model_p99_ms=0.019 keystroke_to_model_max_ms=0.020 keystroke_to_frame_samples=182 keystroke_to_frame_median_ms=4.137 keystroke_to_frame_p95_ms=6.604 keystroke_to_frame_p99_ms=8.080 keystroke_to_frame_max_ms=16.754 frame_interval_samples=201 frame_interval_median_ms=12.067 frame_interval_p95_ms=24.178 frame_interval_p99_ms=83.578 frame_interval_max_ms=1489.958 layout_samples=202 layout_median_ms=0.266 layout_p95_ms=0.440 layout_p99_ms=0.564 layout_max_ms=3.488
hane_metrics keystroke_to_model_samples=183 keystroke_to_model_median_ms=0.005 keystroke_to_model_p95_ms=0.010 keystroke_to_model_p99_ms=0.019 keystroke_to_model_max_ms=0.020 keystroke_to_frame_samples=183 keystroke_to_frame_median_ms=4.141 keystroke_to_frame_p95_ms=6.604 keystroke_to_frame_p99_ms=8.080 keystroke_to_frame_max_ms=16.754 frame_interval_samples=202 frame_interval_median_ms=12.060 frame_interval_p95_ms=24.178 frame_interval_p99_ms=83.578 frame_interval_max_ms=1489.958 layout_samples=203 layout_median_ms=0.267 layout_p95_ms=0.440 layout_p99_ms=0.564 layout_max_ms=3.488
hane_metrics keystroke_to_model_samples=184 keystroke_to_model_median_ms=0.005 keystroke_to_model_p95_ms=0.010 keystroke_to_model_p99_ms=0.019 keystroke_to_model_max_ms=0.020 keystroke_to_frame_samples=184 keystroke_to_frame_median_ms=4.137 keystroke_to_frame_p95_ms=6.604 keystroke_to_frame_p99_ms=8.080 keystroke_to_frame_max_ms=16.754 frame_interval_samples=203 frame_interval_median_ms=12.060 frame_interval_p95_ms=24.178 frame_interval_p99_ms=83.578 frame_interval_max_ms=1489.958 layout_samples=204 layout_median_ms=0.266 layout_p95_ms=0.440 layout_p99_ms=0.564 layout_max_ms=3.488
hane_metrics keystroke_to_model_samples=185 keystroke_to_model_median_ms=0.005 keystroke_to_model_p95_ms=0.010 keystroke_to_model_p99_ms=0.019 keystroke_to_model_max_ms=0.020 keystroke_to_frame_samples=185 keystroke_to_frame_median_ms=4.141 keystroke_to_frame_p95_ms=6.604 keystroke_to_frame_p99_ms=8.080 keystroke_to_frame_max_ms=16.754 frame_interval_samples=205 frame_interval_median_ms=12.060 frame_interval_p95_ms=24.178 frame_interval_p99_ms=83.578 frame_interval_max_ms=1489.958 layout_samples=206 layout_median_ms=0.266 layout_p95_ms=0.440 layout_p99_ms=0.564 layout_max_ms=3.488
hane_metrics keystroke_to_model_samples=186 keystroke_to_model_median_ms=0.005 keystroke_to_model_p95_ms=0.010 keystroke_to_model_p99_ms=0.019 keystroke_to_model_max_ms=0.020 keystroke_to_frame_samples=186 keystroke_to_frame_median_ms=4.141 keystroke_to_frame_p95_ms=6.604 keystroke_to_frame_p99_ms=8.080 keystroke_to_frame_max_ms=16.754 frame_interval_samples=206 frame_interval_median_ms=12.060 frame_interval_p95_ms=24.178 frame_interval_p99_ms=83.578 frame_interval_max_ms=1489.958 layout_samples=207 layout_median_ms=0.267 layout_p95_ms=0.440 layout_p99_ms=0.564 layout_max_ms=3.488
hane_metrics keystroke_to_model_samples=187 keystroke_to_model_median_ms=0.005 keystroke_to_model_p95_ms=0.010 keystroke_to_model_p99_ms=0.019 keystroke_to_model_max_ms=0.020 keystroke_to_frame_samples=187 keystroke_to_frame_median_ms=4.145 keystroke_to_frame_p95_ms=6.604 keystroke_to_frame_p99_ms=8.080 keystroke_to_frame_max_ms=16.754 frame_interval_samples=207 frame_interval_median_ms=12.067 frame_interval_p95_ms=24.178 frame_interval_p99_ms=83.578 frame_interval_max_ms=1489.958 layout_samples=208 layout_median_ms=0.267 layout_p95_ms=0.440 layout_p99_ms=0.564 layout_max_ms=3.488
hane_metrics keystroke_to_model_samples=188 keystroke_to_model_median_ms=0.005 keystroke_to_model_p95_ms=0.010 keystroke_to_model_p99_ms=0.019 keystroke_to_model_max_ms=0.020 keystroke_to_frame_samples=188 keystroke_to_frame_median_ms=4.145 keystroke_to_frame_p95_ms=6.604 keystroke_to_frame_p99_ms=8.080 keystroke_to_frame_max_ms=16.754 frame_interval_samples=208 frame_interval_median_ms=12.060 frame_interval_p95_ms=24.178 frame_interval_p99_ms=83.578 frame_interval_max_ms=1489.958 layout_samples=209 layout_median_ms=0.267 layout_p95_ms=0.440 layout_p99_ms=0.564 layout_max_ms=3.488
hane_metrics keystroke_to_model_samples=189 keystroke_to_model_median_ms=0.005 keystroke_to_model_p95_ms=0.010 keystroke_to_model_p99_ms=0.019 keystroke_to_model_max_ms=0.020 keystroke_to_frame_samples=189 keystroke_to_frame_median_ms=4.145 keystroke_to_frame_p95_ms=6.604 keystroke_to_frame_p99_ms=8.080 keystroke_to_frame_max_ms=16.754 frame_interval_samples=209 frame_interval_median_ms=12.060 frame_interval_p95_ms=24.178 frame_interval_p99_ms=83.578 frame_interval_max_ms=1489.958 layout_samples=210 layout_median_ms=0.267 layout_p95_ms=0.440 layout_p99_ms=0.564 layout_max_ms=3.488
hane_metrics keystroke_to_model_samples=190 keystroke_to_model_median_ms=0.005 keystroke_to_model_p95_ms=0.010 keystroke_to_model_p99_ms=0.019 keystroke_to_model_max_ms=0.020 keystroke_to_frame_samples=190 keystroke_to_frame_median_ms=4.141 keystroke_to_frame_p95_ms=6.604 keystroke_to_frame_p99_ms=8.080 keystroke_to_frame_max_ms=16.754 frame_interval_samples=210 frame_interval_median_ms=11.983 frame_interval_p95_ms=24.178 frame_interval_p99_ms=83.578 frame_interval_max_ms=1489.958 layout_samples=211 layout_median_ms=0.267 layout_p95_ms=0.440 layout_p99_ms=0.564 layout_max_ms=3.488
hane_metrics keystroke_to_model_samples=191 keystroke_to_model_median_ms=0.005 keystroke_to_model_p95_ms=0.010 keystroke_to_model_p99_ms=0.019 keystroke_to_model_max_ms=0.020 keystroke_to_frame_samples=191 keystroke_to_frame_median_ms=4.141 keystroke_to_frame_p95_ms=6.604 keystroke_to_frame_p99_ms=8.080 keystroke_to_frame_max_ms=16.754 frame_interval_samples=211 frame_interval_median_ms=11.983 frame_interval_p95_ms=24.178 frame_interval_p99_ms=83.578 frame_interval_max_ms=1489.958 layout_samples=212 layout_median_ms=0.266 layout_p95_ms=0.440 layout_p99_ms=0.564 layout_max_ms=3.488
hane_metrics keystroke_to_model_samples=192 keystroke_to_model_median_ms=0.005 keystroke_to_model_p95_ms=0.010 keystroke_to_model_p99_ms=0.019 keystroke_to_model_max_ms=0.020 keystroke_to_frame_samples=192 keystroke_to_frame_median_ms=4.137 keystroke_to_frame_p95_ms=6.604 keystroke_to_frame_p99_ms=8.080 keystroke_to_frame_max_ms=16.754 frame_interval_samples=212 frame_interval_median_ms=11.946 frame_interval_p95_ms=24.178 frame_interval_p99_ms=83.578 frame_interval_max_ms=1489.958 layout_samples=213 layout_median_ms=0.266 layout_p95_ms=0.440 layout_p99_ms=0.564 layout_max_ms=3.488
hane_metrics keystroke_to_model_samples=193 keystroke_to_model_median_ms=0.005 keystroke_to_model_p95_ms=0.010 keystroke_to_model_p99_ms=0.019 keystroke_to_model_max_ms=0.020 keystroke_to_frame_samples=193 keystroke_to_frame_median_ms=4.141 keystroke_to_frame_p95_ms=6.604 keystroke_to_frame_p99_ms=8.080 keystroke_to_frame_max_ms=16.754 frame_interval_samples=214 frame_interval_median_ms=11.946 frame_interval_p95_ms=24.178 frame_interval_p99_ms=83.578 frame_interval_max_ms=1489.958 layout_samples=215 layout_median_ms=0.266 layout_p95_ms=0.440 layout_p99_ms=0.564 layout_max_ms=3.488
hane_metrics keystroke_to_model_samples=194 keystroke_to_model_median_ms=0.005 keystroke_to_model_p95_ms=0.010 keystroke_to_model_p99_ms=0.019 keystroke_to_model_max_ms=0.020 keystroke_to_frame_samples=194 keystroke_to_frame_median_ms=4.137 keystroke_to_frame_p95_ms=6.604 keystroke_to_frame_p99_ms=8.080 keystroke_to_frame_max_ms=16.754 frame_interval_samples=215 frame_interval_median_ms=11.983 frame_interval_p95_ms=24.178 frame_interval_p99_ms=83.578 frame_interval_max_ms=1489.958 layout_samples=216 layout_median_ms=0.266 layout_p95_ms=0.440 layout_p99_ms=0.564 layout_max_ms=3.488
hane_metrics keystroke_to_model_samples=195 keystroke_to_model_median_ms=0.005 keystroke_to_model_p95_ms=0.010 keystroke_to_model_p99_ms=0.019 keystroke_to_model_max_ms=0.020 keystroke_to_frame_samples=195 keystroke_to_frame_median_ms=4.141 keystroke_to_frame_p95_ms=6.604 keystroke_to_frame_p99_ms=8.080 keystroke_to_frame_max_ms=16.754 frame_interval_samples=216 frame_interval_median_ms=11.983 frame_interval_p95_ms=24.178 frame_interval_p99_ms=83.578 frame_interval_max_ms=1489.958 layout_samples=217 layout_median_ms=0.267 layout_p95_ms=0.440 layout_p99_ms=0.564 layout_max_ms=3.488
hane_metrics keystroke_to_model_samples=196 keystroke_to_model_median_ms=0.005 keystroke_to_model_p95_ms=0.010 keystroke_to_model_p99_ms=0.019 keystroke_to_model_max_ms=0.020 keystroke_to_frame_samples=196 keystroke_to_frame_median_ms=4.137 keystroke_to_frame_p95_ms=6.604 keystroke_to_frame_p99_ms=8.080 keystroke_to_frame_max_ms=16.754 frame_interval_samples=217 frame_interval_median_ms=11.983 frame_interval_p95_ms=24.178 frame_interval_p99_ms=83.578 frame_interval_max_ms=1489.958 layout_samples=218 layout_median_ms=0.266 layout_p95_ms=0.440 layout_p99_ms=0.564 layout_max_ms=3.488
hane_metrics keystroke_to_model_samples=197 keystroke_to_model_median_ms=0.005 keystroke_to_model_p95_ms=0.010 keystroke_to_model_p99_ms=0.019 keystroke_to_model_max_ms=0.020 keystroke_to_frame_samples=197 keystroke_to_frame_median_ms=4.137 keystroke_to_frame_p95_ms=6.604 keystroke_to_frame_p99_ms=8.080 keystroke_to_frame_max_ms=16.754 frame_interval_samples=218 frame_interval_median_ms=11.946 frame_interval_p95_ms=24.178 frame_interval_p99_ms=83.578 frame_interval_max_ms=1489.958 layout_samples=219 layout_median_ms=0.266 layout_p95_ms=0.440 layout_p99_ms=0.564 layout_max_ms=3.488
hane_metrics keystroke_to_model_samples=198 keystroke_to_model_median_ms=0.005 keystroke_to_model_p95_ms=0.010 keystroke_to_model_p99_ms=0.019 keystroke_to_model_max_ms=0.020 keystroke_to_frame_samples=198 keystroke_to_frame_median_ms=4.133 keystroke_to_frame_p95_ms=6.604 keystroke_to_frame_p99_ms=8.080 keystroke_to_frame_max_ms=16.754 frame_interval_samples=219 frame_interval_median_ms=11.946 frame_interval_p95_ms=24.178 frame_interval_p99_ms=83.578 frame_interval_max_ms=1489.958 layout_samples=220 layout_median_ms=0.265 layout_p95_ms=0.431 layout_p99_ms=0.564 layout_max_ms=3.488
hane_metrics keystroke_to_model_samples=199 keystroke_to_model_median_ms=0.005 keystroke_to_model_p95_ms=0.010 keystroke_to_model_p99_ms=0.019 keystroke_to_model_max_ms=0.020 keystroke_to_frame_samples=199 keystroke_to_frame_median_ms=4.133 keystroke_to_frame_p95_ms=6.604 keystroke_to_frame_p99_ms=8.080 keystroke_to_frame_max_ms=16.754 frame_interval_samples=220 frame_interval_median_ms=11.838 frame_interval_p95_ms=23.372 frame_interval_p99_ms=83.578 frame_interval_max_ms=1489.958 layout_samples=221 layout_median_ms=0.265 layout_p95_ms=0.431 layout_p99_ms=0.564 layout_max_ms=3.488
hane_metrics keystroke_to_model_samples=200 keystroke_to_model_median_ms=0.005 keystroke_to_model_p95_ms=0.010 keystroke_to_model_p99_ms=0.017 keystroke_to_model_max_ms=0.020 keystroke_to_frame_samples=200 keystroke_to_frame_median_ms=4.132 keystroke_to_frame_p95_ms=6.580 keystroke_to_frame_p99_ms=7.650 keystroke_to_frame_max_ms=16.754 frame_interval_samples=221 frame_interval_median_ms=11.838 frame_interval_p95_ms=23.372 frame_interval_p99_ms=83.578 frame_interval_max_ms=1489.958 layout_samples=222 layout_median_ms=0.264 layout_p95_ms=0.431 layout_p99_ms=0.564 layout_max_ms=3.488
hane_metrics keystroke_to_model_samples=201 keystroke_to_model_median_ms=0.005 keystroke_to_model_p95_ms=0.010 keystroke_to_model_p99_ms=0.017 keystroke_to_model_max_ms=0.020 keystroke_to_frame_samples=201 keystroke_to_frame_median_ms=4.133 keystroke_to_frame_p95_ms=6.604 keystroke_to_frame_p99_ms=8.080 keystroke_to_frame_max_ms=16.754 frame_interval_samples=223 frame_interval_median_ms=11.838 frame_interval_p95_ms=24.178 frame_interval_p99_ms=83.578 frame_interval_max_ms=1489.958 layout_samples=224 layout_median_ms=0.264 layout_p95_ms=0.431 layout_p99_ms=0.564 layout_max_ms=3.488
hane_metrics keystroke_to_model_samples=202 keystroke_to_model_median_ms=0.005 keystroke_to_model_p95_ms=0.010 keystroke_to_model_p99_ms=0.017 keystroke_to_model_max_ms=0.020 keystroke_to_frame_samples=202 keystroke_to_frame_median_ms=4.133 keystroke_to_frame_p95_ms=6.604 keystroke_to_frame_p99_ms=8.080 keystroke_to_frame_max_ms=16.754 frame_interval_samples=224 frame_interval_median_ms=11.838 frame_interval_p95_ms=24.178 frame_interval_p99_ms=83.578 frame_interval_max_ms=1489.958 layout_samples=225 layout_median_ms=0.265 layout_p95_ms=0.431 layout_p99_ms=0.564 layout_max_ms=3.488
hane_metrics keystroke_to_model_samples=203 keystroke_to_model_median_ms=0.005 keystroke_to_model_p95_ms=0.010 keystroke_to_model_p99_ms=0.017 keystroke_to_model_max_ms=0.020 keystroke_to_frame_samples=203 keystroke_to_frame_median_ms=4.133 keystroke_to_frame_p95_ms=6.604 keystroke_to_frame_p99_ms=8.080 keystroke_to_frame_max_ms=16.754 frame_interval_samples=225 frame_interval_median_ms=11.946 frame_interval_p95_ms=24.178 frame_interval_p99_ms=83.578 frame_interval_max_ms=1489.958 layout_samples=226 layout_median_ms=0.264 layout_p95_ms=0.431 layout_p99_ms=0.564 layout_max_ms=3.488
hane_metrics keystroke_to_model_samples=204 keystroke_to_model_median_ms=0.005 keystroke_to_model_p95_ms=0.010 keystroke_to_model_p99_ms=0.017 keystroke_to_model_max_ms=0.020 keystroke_to_frame_samples=204 keystroke_to_frame_median_ms=4.132 keystroke_to_frame_p95_ms=6.604 keystroke_to_frame_p99_ms=8.080 keystroke_to_frame_max_ms=16.754 frame_interval_samples=226 frame_interval_median_ms=11.838 frame_interval_p95_ms=24.178 frame_interval_p99_ms=83.578 frame_interval_max_ms=1489.958 layout_samples=227 layout_median_ms=0.264 layout_p95_ms=0.431 layout_p99_ms=0.564 layout_max_ms=3.488
hane_metrics keystroke_to_model_samples=205 keystroke_to_model_median_ms=0.005 keystroke_to_model_p95_ms=0.010 keystroke_to_model_p99_ms=0.017 keystroke_to_model_max_ms=0.020 keystroke_to_frame_samples=205 keystroke_to_frame_median_ms=4.132 keystroke_to_frame_p95_ms=6.604 keystroke_to_frame_p99_ms=8.080 keystroke_to_frame_max_ms=16.754 frame_interval_samples=227 frame_interval_median_ms=11.838 frame_interval_p95_ms=24.178 frame_interval_p99_ms=83.578 frame_interval_max_ms=1489.958 layout_samples=228 layout_median_ms=0.264 layout_p95_ms=0.431 layout_p99_ms=0.564 layout_max_ms=3.488
hane_metrics keystroke_to_model_samples=206 keystroke_to_model_median_ms=0.005 keystroke_to_model_p95_ms=0.010 keystroke_to_model_p99_ms=0.017 keystroke_to_model_max_ms=0.020 keystroke_to_frame_samples=206 keystroke_to_frame_median_ms=4.118 keystroke_to_frame_p95_ms=6.604 keystroke_to_frame_p99_ms=8.080 keystroke_to_frame_max_ms=16.754 frame_interval_samples=228 frame_interval_median_ms=11.769 frame_interval_p95_ms=24.178 frame_interval_p99_ms=83.578 frame_interval_max_ms=1489.958 layout_samples=229 layout_median_ms=0.264 layout_p95_ms=0.431 layout_p99_ms=0.564 layout_max_ms=3.488
hane_metrics keystroke_to_model_samples=207 keystroke_to_model_median_ms=0.005 keystroke_to_model_p95_ms=0.010 keystroke_to_model_p99_ms=0.017 keystroke_to_model_max_ms=0.020 keystroke_to_frame_samples=207 keystroke_to_frame_median_ms=4.118 keystroke_to_frame_p95_ms=6.604 keystroke_to_frame_p99_ms=8.080 keystroke_to_frame_max_ms=16.754 frame_interval_samples=229 frame_interval_median_ms=11.769 frame_interval_p95_ms=24.178 frame_interval_p99_ms=83.578 frame_interval_max_ms=1489.958 layout_samples=230 layout_median_ms=0.264 layout_p95_ms=0.431 layout_p99_ms=0.564 layout_max_ms=3.488
hane_metrics keystroke_to_model_samples=208 keystroke_to_model_median_ms=0.005 keystroke_to_model_p95_ms=0.010 keystroke_to_model_p99_ms=0.017 keystroke_to_model_max_ms=0.020 keystroke_to_frame_samples=208 keystroke_to_frame_median_ms=4.114 keystroke_to_frame_p95_ms=6.604 keystroke_to_frame_p99_ms=8.080 keystroke_to_frame_max_ms=16.754 frame_interval_samples=230 frame_interval_median_ms=11.758 frame_interval_p95_ms=24.178 frame_interval_p99_ms=83.578 frame_interval_max_ms=1489.958 layout_samples=231 layout_median_ms=0.264 layout_p95_ms=0.431 layout_p99_ms=0.564 layout_max_ms=3.488
hane_metrics keystroke_to_model_samples=209 keystroke_to_model_median_ms=0.005 keystroke_to_model_p95_ms=0.010 keystroke_to_model_p99_ms=0.017 keystroke_to_model_max_ms=0.020 keystroke_to_frame_samples=209 keystroke_to_frame_median_ms=4.114 keystroke_to_frame_p95_ms=6.604 keystroke_to_frame_p99_ms=8.080 keystroke_to_frame_max_ms=16.754 frame_interval_samples=233 frame_interval_median_ms=11.758 frame_interval_p95_ms=24.178 frame_interval_p99_ms=83.578 frame_interval_max_ms=1489.958 layout_samples=234 layout_median_ms=0.264 layout_p95_ms=0.431 layout_p99_ms=0.564 layout_max_ms=3.488
hane_metrics keystroke_to_model_samples=210 keystroke_to_model_median_ms=0.005 keystroke_to_model_p95_ms=0.010 keystroke_to_model_p99_ms=0.017 keystroke_to_model_max_ms=0.020 keystroke_to_frame_samples=210 keystroke_to_frame_median_ms=4.114 keystroke_to_frame_p95_ms=6.604 keystroke_to_frame_p99_ms=8.080 keystroke_to_frame_max_ms=16.754 frame_interval_samples=234 frame_interval_median_ms=11.758 frame_interval_p95_ms=24.178 frame_interval_p99_ms=83.578 frame_interval_max_ms=1489.958 layout_samples=235 layout_median_ms=0.264 layout_p95_ms=0.431 layout_p99_ms=0.564 layout_max_ms=3.488
hane_metrics keystroke_to_model_samples=211 keystroke_to_model_median_ms=0.005 keystroke_to_model_p95_ms=0.010 keystroke_to_model_p99_ms=0.017 keystroke_to_model_max_ms=0.020 keystroke_to_frame_samples=211 keystroke_to_frame_median_ms=4.118 keystroke_to_frame_p95_ms=6.604 keystroke_to_frame_p99_ms=8.080 keystroke_to_frame_max_ms=16.754 frame_interval_samples=235 frame_interval_median_ms=11.769 frame_interval_p95_ms=24.178 frame_interval_p99_ms=83.578 frame_interval_max_ms=1489.958 layout_samples=236 layout_median_ms=0.264 layout_p95_ms=0.431 layout_p99_ms=0.564 layout_max_ms=3.488
hane_metrics keystroke_to_model_samples=212 keystroke_to_model_median_ms=0.005 keystroke_to_model_p95_ms=0.010 keystroke_to_model_p99_ms=0.017 keystroke_to_model_max_ms=0.020 keystroke_to_frame_samples=212 keystroke_to_frame_median_ms=4.114 keystroke_to_frame_p95_ms=6.604 keystroke_to_frame_p99_ms=8.080 keystroke_to_frame_max_ms=16.754 frame_interval_samples=236 frame_interval_median_ms=11.758 frame_interval_p95_ms=24.178 frame_interval_p99_ms=83.578 frame_interval_max_ms=1489.958 layout_samples=237 layout_median_ms=0.264 layout_p95_ms=0.431 layout_p99_ms=0.564 layout_max_ms=3.488
hane_metrics keystroke_to_model_samples=213 keystroke_to_model_median_ms=0.005 keystroke_to_model_p95_ms=0.010 keystroke_to_model_p99_ms=0.017 keystroke_to_model_max_ms=0.020 keystroke_to_frame_samples=213 keystroke_to_frame_median_ms=4.114 keystroke_to_frame_p95_ms=6.604 keystroke_to_frame_p99_ms=8.080 keystroke_to_frame_max_ms=16.754 frame_interval_samples=237 frame_interval_median_ms=11.769 frame_interval_p95_ms=24.178 frame_interval_p99_ms=83.578 frame_interval_max_ms=1489.958 layout_samples=238 layout_median_ms=0.264 layout_p95_ms=0.431 layout_p99_ms=0.564 layout_max_ms=3.488
hane_metrics keystroke_to_model_samples=214 keystroke_to_model_median_ms=0.005 keystroke_to_model_p95_ms=0.010 keystroke_to_model_p99_ms=0.017 keystroke_to_model_max_ms=0.020 keystroke_to_frame_samples=214 keystroke_to_frame_median_ms=4.112 keystroke_to_frame_p95_ms=6.604 keystroke_to_frame_p99_ms=8.080 keystroke_to_frame_max_ms=16.754 frame_interval_samples=238 frame_interval_median_ms=11.758 frame_interval_p95_ms=24.178 frame_interval_p99_ms=83.578 frame_interval_max_ms=1489.958 layout_samples=239 layout_median_ms=0.264 layout_p95_ms=0.431 layout_p99_ms=0.564 layout_max_ms=3.488
hane_metrics keystroke_to_model_samples=215 keystroke_to_model_median_ms=0.005 keystroke_to_model_p95_ms=0.010 keystroke_to_model_p99_ms=0.017 keystroke_to_model_max_ms=0.020 keystroke_to_frame_samples=215 keystroke_to_frame_median_ms=4.114 keystroke_to_frame_p95_ms=6.604 keystroke_to_frame_p99_ms=8.080 keystroke_to_frame_max_ms=16.754 frame_interval_samples=239 frame_interval_median_ms=11.758 frame_interval_p95_ms=24.178 frame_interval_p99_ms=83.578 frame_interval_max_ms=1489.958 layout_samples=240 layout_median_ms=0.264 layout_p95_ms=0.428 layout_p99_ms=0.564 layout_max_ms=3.488
hane_metrics keystroke_to_model_samples=216 keystroke_to_model_median_ms=0.005 keystroke_to_model_p95_ms=0.010 keystroke_to_model_p99_ms=0.017 keystroke_to_model_max_ms=0.020 keystroke_to_frame_samples=216 keystroke_to_frame_median_ms=4.112 keystroke_to_frame_p95_ms=6.604 keystroke_to_frame_p99_ms=8.080 keystroke_to_frame_max_ms=16.754 frame_interval_samples=240 frame_interval_median_ms=11.734 frame_interval_p95_ms=23.372 frame_interval_p99_ms=83.578 frame_interval_max_ms=1489.958 layout_samples=241 layout_median_ms=0.264 layout_p95_ms=0.428 layout_p99_ms=0.564 layout_max_ms=3.488
hane_metrics keystroke_to_model_samples=217 keystroke_to_model_median_ms=0.005 keystroke_to_model_p95_ms=0.010 keystroke_to_model_p99_ms=0.017 keystroke_to_model_max_ms=0.020 keystroke_to_frame_samples=217 keystroke_to_frame_median_ms=4.114 keystroke_to_frame_p95_ms=6.604 keystroke_to_frame_p99_ms=8.080 keystroke_to_frame_max_ms=16.754 frame_interval_samples=242 frame_interval_median_ms=11.734 frame_interval_p95_ms=23.372 frame_interval_p99_ms=83.578 frame_interval_max_ms=1489.958 layout_samples=243 layout_median_ms=0.264 layout_p95_ms=0.428 layout_p99_ms=0.564 layout_max_ms=3.488
hane_metrics keystroke_to_model_samples=218 keystroke_to_model_median_ms=0.005 keystroke_to_model_p95_ms=0.010 keystroke_to_model_p99_ms=0.017 keystroke_to_model_max_ms=0.020 keystroke_to_frame_samples=218 keystroke_to_frame_median_ms=4.112 keystroke_to_frame_p95_ms=6.604 keystroke_to_frame_p99_ms=8.080 keystroke_to_frame_max_ms=16.754 frame_interval_samples=243 frame_interval_median_ms=11.758 frame_interval_p95_ms=23.372 frame_interval_p99_ms=83.578 frame_interval_max_ms=1489.958 layout_samples=244 layout_median_ms=0.264 layout_p95_ms=0.428 layout_p99_ms=0.564 layout_max_ms=3.488
hane_metrics keystroke_to_model_samples=219 keystroke_to_model_median_ms=0.005 keystroke_to_model_p95_ms=0.010 keystroke_to_model_p99_ms=0.017 keystroke_to_model_max_ms=0.020 keystroke_to_frame_samples=219 keystroke_to_frame_median_ms=4.112 keystroke_to_frame_p95_ms=6.604 keystroke_to_frame_p99_ms=8.080 keystroke_to_frame_max_ms=16.754 frame_interval_samples=244 frame_interval_median_ms=11.758 frame_interval_p95_ms=23.372 frame_interval_p99_ms=83.578 frame_interval_max_ms=1489.958 layout_samples=245 layout_median_ms=0.264 layout_p95_ms=0.428 layout_p99_ms=0.564 layout_max_ms=3.488
hane_metrics keystroke_to_model_samples=220 keystroke_to_model_median_ms=0.005 keystroke_to_model_p95_ms=0.009 keystroke_to_model_p99_ms=0.017 keystroke_to_model_max_ms=0.020 keystroke_to_frame_samples=220 keystroke_to_frame_median_ms=4.111 keystroke_to_frame_p95_ms=6.580 keystroke_to_frame_p99_ms=8.080 keystroke_to_frame_max_ms=16.754 frame_interval_samples=245 frame_interval_median_ms=11.758 frame_interval_p95_ms=23.372 frame_interval_p99_ms=83.578 frame_interval_max_ms=1489.958 layout_samples=246 layout_median_ms=0.264 layout_p95_ms=0.428 layout_p99_ms=0.564 layout_max_ms=3.488
hane_metrics keystroke_to_model_samples=221 keystroke_to_model_median_ms=0.005 keystroke_to_model_p95_ms=0.009 keystroke_to_model_p99_ms=0.017 keystroke_to_model_max_ms=0.020 keystroke_to_frame_samples=221 keystroke_to_frame_median_ms=4.111 keystroke_to_frame_p95_ms=6.580 keystroke_to_frame_p99_ms=8.080 keystroke_to_frame_max_ms=16.754 frame_interval_samples=246 frame_interval_median_ms=11.734 frame_interval_p95_ms=23.372 frame_interval_p99_ms=83.578 frame_interval_max_ms=1489.958 layout_samples=247 layout_median_ms=0.264 layout_p95_ms=0.428 layout_p99_ms=0.564 layout_max_ms=3.488
hane_metrics keystroke_to_model_samples=222 keystroke_to_model_median_ms=0.005 keystroke_to_model_p95_ms=0.009 keystroke_to_model_p99_ms=0.017 keystroke_to_model_max_ms=0.020 keystroke_to_frame_samples=222 keystroke_to_frame_median_ms=4.109 keystroke_to_frame_p95_ms=6.580 keystroke_to_frame_p99_ms=8.080 keystroke_to_frame_max_ms=16.754 frame_interval_samples=247 frame_interval_median_ms=11.734 frame_interval_p95_ms=23.372 frame_interval_p99_ms=83.578 frame_interval_max_ms=1489.958 layout_samples=248 layout_median_ms=0.263 layout_p95_ms=0.428 layout_p99_ms=0.564 layout_max_ms=3.488
hane_metrics keystroke_to_model_samples=223 keystroke_to_model_median_ms=0.005 keystroke_to_model_p95_ms=0.009 keystroke_to_model_p99_ms=0.017 keystroke_to_model_max_ms=0.020 keystroke_to_frame_samples=223 keystroke_to_frame_median_ms=4.109 keystroke_to_frame_p95_ms=6.580 keystroke_to_frame_p99_ms=8.080 keystroke_to_frame_max_ms=16.754 frame_interval_samples=248 frame_interval_median_ms=11.716 frame_interval_p95_ms=23.372 frame_interval_p99_ms=83.578 frame_interval_max_ms=1489.958 layout_samples=249 layout_median_ms=0.264 layout_p95_ms=0.428 layout_p99_ms=0.564 layout_max_ms=3.488
hane_metrics keystroke_to_model_samples=224 keystroke_to_model_median_ms=0.005 keystroke_to_model_p95_ms=0.009 keystroke_to_model_p99_ms=0.017 keystroke_to_model_max_ms=0.020 keystroke_to_frame_samples=224 keystroke_to_frame_median_ms=4.106 keystroke_to_frame_p95_ms=6.580 keystroke_to_frame_p99_ms=8.080 keystroke_to_frame_max_ms=16.754 frame_interval_samples=249 frame_interval_median_ms=11.716 frame_interval_p95_ms=23.372 frame_interval_p99_ms=83.578 frame_interval_max_ms=1489.958 layout_samples=250 layout_median_ms=0.263 layout_p95_ms=0.428 layout_p99_ms=0.564 layout_max_ms=3.488
hane_metrics keystroke_to_model_samples=225 keystroke_to_model_median_ms=0.005 keystroke_to_model_p95_ms=0.009 keystroke_to_model_p99_ms=0.017 keystroke_to_model_max_ms=0.020 keystroke_to_frame_samples=225 keystroke_to_frame_median_ms=4.109 keystroke_to_frame_p95_ms=6.580 keystroke_to_frame_p99_ms=8.080 keystroke_to_frame_max_ms=16.754 frame_interval_samples=252 frame_interval_median_ms=11.692 frame_interval_p95_ms=23.372 frame_interval_p99_ms=83.578 frame_interval_max_ms=1489.958 layout_samples=253 layout_median_ms=0.264 layout_p95_ms=0.428 layout_p99_ms=0.564 layout_max_ms=3.488
hane_metrics keystroke_to_model_samples=226 keystroke_to_model_median_ms=0.005 keystroke_to_model_p95_ms=0.009 keystroke_to_model_p99_ms=0.017 keystroke_to_model_max_ms=0.020 keystroke_to_frame_samples=226 keystroke_to_frame_median_ms=4.109 keystroke_to_frame_p95_ms=6.580 keystroke_to_frame_p99_ms=8.080 keystroke_to_frame_max_ms=16.754 frame_interval_samples=253 frame_interval_median_ms=11.716 frame_interval_p95_ms=23.372 frame_interval_p99_ms=83.578 frame_interval_max_ms=1489.958 layout_samples=254 layout_median_ms=0.264 layout_p95_ms=0.428 layout_p99_ms=0.564 layout_max_ms=3.488
hane_metrics keystroke_to_model_samples=227 keystroke_to_model_median_ms=0.005 keystroke_to_model_p95_ms=0.009 keystroke_to_model_p99_ms=0.017 keystroke_to_model_max_ms=0.020 keystroke_to_frame_samples=227 keystroke_to_frame_median_ms=4.111 keystroke_to_frame_p95_ms=6.580 keystroke_to_frame_p99_ms=8.080 keystroke_to_frame_max_ms=16.754 frame_interval_samples=254 frame_interval_median_ms=11.716 frame_interval_p95_ms=23.372 frame_interval_p99_ms=83.578 frame_interval_max_ms=1489.958 layout_samples=255 layout_median_ms=0.264 layout_p95_ms=0.428 layout_p99_ms=0.564 layout_max_ms=3.488
hane_metrics keystroke_to_model_samples=228 keystroke_to_model_median_ms=0.005 keystroke_to_model_p95_ms=0.009 keystroke_to_model_p99_ms=0.017 keystroke_to_model_max_ms=0.020 keystroke_to_frame_samples=228 keystroke_to_frame_median_ms=4.111 keystroke_to_frame_p95_ms=6.580 keystroke_to_frame_p99_ms=8.080 keystroke_to_frame_max_ms=16.754 frame_interval_samples=255 frame_interval_median_ms=11.716 frame_interval_p95_ms=23.372 frame_interval_p99_ms=83.578 frame_interval_max_ms=1489.958 layout_samples=256 layout_median_ms=0.264 layout_p95_ms=0.428 layout_p99_ms=0.564 layout_max_ms=3.488
hane_metrics keystroke_to_model_samples=229 keystroke_to_model_median_ms=0.005 keystroke_to_model_p95_ms=0.009 keystroke_to_model_p99_ms=0.017 keystroke_to_model_max_ms=0.020 keystroke_to_frame_samples=229 keystroke_to_frame_median_ms=4.111 keystroke_to_frame_p95_ms=6.580 keystroke_to_frame_p99_ms=8.080 keystroke_to_frame_max_ms=16.754 frame_interval_samples=256 frame_interval_median_ms=11.716 frame_interval_p95_ms=23.372 frame_interval_p99_ms=83.578 frame_interval_max_ms=1489.958 layout_samples=257 layout_median_ms=0.264 layout_p95_ms=0.428 layout_p99_ms=0.564 layout_max_ms=3.488
hane_metrics keystroke_to_model_samples=230 keystroke_to_model_median_ms=0.005 keystroke_to_model_p95_ms=0.009 keystroke_to_model_p99_ms=0.017 keystroke_to_model_max_ms=0.020 keystroke_to_frame_samples=230 keystroke_to_frame_median_ms=4.111 keystroke_to_frame_p95_ms=6.580 keystroke_to_frame_p99_ms=8.080 keystroke_to_frame_max_ms=16.754 frame_interval_samples=257 frame_interval_median_ms=11.716 frame_interval_p95_ms=23.372 frame_interval_p99_ms=83.578 frame_interval_max_ms=1489.958 layout_samples=258 layout_median_ms=0.263 layout_p95_ms=0.428 layout_p99_ms=0.564 layout_max_ms=3.488
hane_metrics keystroke_to_model_samples=231 keystroke_to_model_median_ms=0.005 keystroke_to_model_p95_ms=0.009 keystroke_to_model_p99_ms=0.017 keystroke_to_model_max_ms=0.020 keystroke_to_frame_samples=231 keystroke_to_frame_median_ms=4.111 keystroke_to_frame_p95_ms=6.580 keystroke_to_frame_p99_ms=8.080 keystroke_to_frame_max_ms=16.754 frame_interval_samples=258 frame_interval_median_ms=11.692 frame_interval_p95_ms=23.372 frame_interval_p99_ms=83.578 frame_interval_max_ms=1489.958 layout_samples=259 layout_median_ms=0.263 layout_p95_ms=0.428 layout_p99_ms=0.564 layout_max_ms=3.488
hane_metrics keystroke_to_model_samples=232 keystroke_to_model_median_ms=0.005 keystroke_to_model_p95_ms=0.009 keystroke_to_model_p99_ms=0.017 keystroke_to_model_max_ms=0.020 keystroke_to_frame_samples=232 keystroke_to_frame_median_ms=4.109 keystroke_to_frame_p95_ms=6.580 keystroke_to_frame_p99_ms=8.080 keystroke_to_frame_max_ms=16.754 frame_interval_samples=259 frame_interval_median_ms=11.692 frame_interval_p95_ms=23.372 frame_interval_p99_ms=83.578 frame_interval_max_ms=1489.958 layout_samples=260 layout_median_ms=0.263 layout_p95_ms=0.422 layout_p99_ms=0.564 layout_max_ms=3.488
hane_metrics keystroke_to_model_samples=233 keystroke_to_model_median_ms=0.005 keystroke_to_model_p95_ms=0.009 keystroke_to_model_p99_ms=0.017 keystroke_to_model_max_ms=0.020 keystroke_to_frame_samples=233 keystroke_to_frame_median_ms=4.111 keystroke_to_frame_p95_ms=6.580 keystroke_to_frame_p99_ms=8.080 keystroke_to_frame_max_ms=16.754 frame_interval_samples=262 frame_interval_median_ms=11.666 frame_interval_p95_ms=21.509 frame_interval_p99_ms=83.578 frame_interval_max_ms=1489.958 layout_samples=263 layout_median_ms=0.263 layout_p95_ms=0.428 layout_p99_ms=0.564 layout_max_ms=3.488
hane_metrics keystroke_to_model_samples=234 keystroke_to_model_median_ms=0.005 keystroke_to_model_p95_ms=0.009 keystroke_to_model_p99_ms=0.017 keystroke_to_model_max_ms=0.020 keystroke_to_frame_samples=234 keystroke_to_frame_median_ms=4.111 keystroke_to_frame_p95_ms=6.580 keystroke_to_frame_p99_ms=8.080 keystroke_to_frame_max_ms=16.754 frame_interval_samples=263 frame_interval_median_ms=11.692 frame_interval_p95_ms=21.509 frame_interval_p99_ms=83.578 frame_interval_max_ms=1489.958 layout_samples=264 layout_median_ms=0.263 layout_p95_ms=0.428 layout_p99_ms=0.564 layout_max_ms=3.488
hane_metrics keystroke_to_model_samples=235 keystroke_to_model_median_ms=0.005 keystroke_to_model_p95_ms=0.009 keystroke_to_model_p99_ms=0.017 keystroke_to_model_max_ms=0.020 keystroke_to_frame_samples=235 keystroke_to_frame_median_ms=4.112 keystroke_to_frame_p95_ms=6.580 keystroke_to_frame_p99_ms=8.080 keystroke_to_frame_max_ms=16.754 frame_interval_samples=264 frame_interval_median_ms=11.692 frame_interval_p95_ms=21.509 frame_interval_p99_ms=83.578 frame_interval_max_ms=1489.958 layout_samples=265 layout_median_ms=0.264 layout_p95_ms=0.428 layout_p99_ms=0.564 layout_max_ms=3.488
hane_metrics keystroke_to_model_samples=236 keystroke_to_model_median_ms=0.005 keystroke_to_model_p95_ms=0.009 keystroke_to_model_p99_ms=0.017 keystroke_to_model_max_ms=0.020 keystroke_to_frame_samples=236 keystroke_to_frame_median_ms=4.112 keystroke_to_frame_p95_ms=6.580 keystroke_to_frame_p99_ms=8.080 keystroke_to_frame_max_ms=16.754 frame_interval_samples=265 frame_interval_median_ms=11.692 frame_interval_p95_ms=21.509 frame_interval_p99_ms=83.578 frame_interval_max_ms=1489.958 layout_samples=266 layout_median_ms=0.263 layout_p95_ms=0.428 layout_p99_ms=0.564 layout_max_ms=3.488
hane_metrics keystroke_to_model_samples=237 keystroke_to_model_median_ms=0.005 keystroke_to_model_p95_ms=0.009 keystroke_to_model_p99_ms=0.017 keystroke_to_model_max_ms=0.020 keystroke_to_frame_samples=237 keystroke_to_frame_median_ms=4.114 keystroke_to_frame_p95_ms=6.580 keystroke_to_frame_p99_ms=8.080 keystroke_to_frame_max_ms=16.754 frame_interval_samples=266 frame_interval_median_ms=11.692 frame_interval_p95_ms=21.509 frame_interval_p99_ms=83.578 frame_interval_max_ms=1489.958 layout_samples=267 layout_median_ms=0.264 layout_p95_ms=0.428 layout_p99_ms=0.564 layout_max_ms=3.488
hane_metrics keystroke_to_model_samples=238 keystroke_to_model_median_ms=0.005 keystroke_to_model_p95_ms=0.009 keystroke_to_model_p99_ms=0.017 keystroke_to_model_max_ms=0.020 keystroke_to_frame_samples=238 keystroke_to_frame_median_ms=4.112 keystroke_to_frame_p95_ms=6.580 keystroke_to_frame_p99_ms=8.080 keystroke_to_frame_max_ms=16.754 frame_interval_samples=267 frame_interval_median_ms=11.692 frame_interval_p95_ms=21.509 frame_interval_p99_ms=83.578 frame_interval_max_ms=1489.958 layout_samples=268 layout_median_ms=0.263 layout_p95_ms=0.428 layout_p99_ms=0.564 layout_max_ms=3.488
hane_metrics keystroke_to_model_samples=239 keystroke_to_model_median_ms=0.005 keystroke_to_model_p95_ms=0.009 keystroke_to_model_p99_ms=0.017 keystroke_to_model_max_ms=0.020 keystroke_to_frame_samples=239 keystroke_to_frame_median_ms=4.114 keystroke_to_frame_p95_ms=6.580 keystroke_to_frame_p99_ms=8.080 keystroke_to_frame_max_ms=16.754 frame_interval_samples=268 frame_interval_median_ms=11.666 frame_interval_p95_ms=21.509 frame_interval_p99_ms=83.578 frame_interval_max_ms=1489.958 layout_samples=269 layout_median_ms=0.264 layout_p95_ms=0.428 layout_p99_ms=0.564 layout_max_ms=3.488
hane_metrics keystroke_to_model_samples=240 keystroke_to_model_median_ms=0.005 keystroke_to_model_p95_ms=0.009 keystroke_to_model_p99_ms=0.017 keystroke_to_model_max_ms=0.020 keystroke_to_frame_samples=240 keystroke_to_frame_median_ms=4.112 keystroke_to_frame_p95_ms=6.563 keystroke_to_frame_p99_ms=8.080 keystroke_to_frame_max_ms=16.754 frame_interval_samples=269 frame_interval_median_ms=11.666 frame_interval_p95_ms=21.509 frame_interval_p99_ms=83.578 frame_interval_max_ms=1489.958 layout_samples=270 layout_median_ms=0.263 layout_p95_ms=0.428 layout_p99_ms=0.564 layout_max_ms=3.488
hane_metrics keystroke_to_model_samples=241 keystroke_to_model_median_ms=0.005 keystroke_to_model_p95_ms=0.009 keystroke_to_model_p99_ms=0.017 keystroke_to_model_max_ms=0.020 keystroke_to_frame_samples=241 keystroke_to_frame_median_ms=4.114 keystroke_to_frame_p95_ms=6.563 keystroke_to_frame_p99_ms=8.080 keystroke_to_frame_max_ms=16.754 frame_interval_samples=271 frame_interval_median_ms=11.666 frame_interval_p95_ms=21.509 frame_interval_p99_ms=83.578 frame_interval_max_ms=1489.958 layout_samples=272 layout_median_ms=0.263 layout_p95_ms=0.428 layout_p99_ms=0.564 layout_max_ms=3.488
hane_metrics keystroke_to_model_samples=242 keystroke_to_model_median_ms=0.005 keystroke_to_model_p95_ms=0.009 keystroke_to_model_p99_ms=0.017 keystroke_to_model_max_ms=0.020 keystroke_to_frame_samples=242 keystroke_to_frame_median_ms=4.114 keystroke_to_frame_p95_ms=6.563 keystroke_to_frame_p99_ms=8.080 keystroke_to_frame_max_ms=16.754 frame_interval_samples=272 frame_interval_median_ms=11.666 frame_interval_p95_ms=21.509 frame_interval_p99_ms=83.578 frame_interval_max_ms=1489.958 layout_samples=273 layout_median_ms=0.264 layout_p95_ms=0.428 layout_p99_ms=0.564 layout_max_ms=3.488
hane_metrics keystroke_to_model_samples=243 keystroke_to_model_median_ms=0.005 keystroke_to_model_p95_ms=0.009 keystroke_to_model_p99_ms=0.017 keystroke_to_model_max_ms=0.020 keystroke_to_frame_samples=243 keystroke_to_frame_median_ms=4.114 keystroke_to_frame_p95_ms=6.563 keystroke_to_frame_p99_ms=8.080 keystroke_to_frame_max_ms=16.754 frame_interval_samples=273 frame_interval_median_ms=11.692 frame_interval_p95_ms=21.509 frame_interval_p99_ms=83.578 frame_interval_max_ms=1489.958 layout_samples=274 layout_median_ms=0.264 layout_p95_ms=0.428 layout_p99_ms=0.564 layout_max_ms=3.488
hane_metrics keystroke_to_model_samples=244 keystroke_to_model_median_ms=0.005 keystroke_to_model_p95_ms=0.009 keystroke_to_model_p99_ms=0.017 keystroke_to_model_max_ms=0.020 keystroke_to_frame_samples=244 keystroke_to_frame_median_ms=4.112 keystroke_to_frame_p95_ms=6.563 keystroke_to_frame_p99_ms=8.080 keystroke_to_frame_max_ms=16.754 frame_interval_samples=274 frame_interval_median_ms=11.666 frame_interval_p95_ms=21.509 frame_interval_p99_ms=83.578 frame_interval_max_ms=1489.958 layout_samples=275 layout_median_ms=0.264 layout_p95_ms=0.428 layout_p99_ms=0.564 layout_max_ms=3.488
hane_metrics keystroke_to_model_samples=245 keystroke_to_model_median_ms=0.005 keystroke_to_model_p95_ms=0.009 keystroke_to_model_p99_ms=0.017 keystroke_to_model_max_ms=0.020 keystroke_to_frame_samples=245 keystroke_to_frame_median_ms=4.112 keystroke_to_frame_p95_ms=6.563 keystroke_to_frame_p99_ms=8.080 keystroke_to_frame_max_ms=16.754 frame_interval_samples=275 frame_interval_median_ms=11.692 frame_interval_p95_ms=21.509 frame_interval_p99_ms=83.578 frame_interval_max_ms=1489.958 layout_samples=276 layout_median_ms=0.264 layout_p95_ms=0.428 layout_p99_ms=0.564 layout_max_ms=3.488
hane_metrics keystroke_to_model_samples=246 keystroke_to_model_median_ms=0.005 keystroke_to_model_p95_ms=0.009 keystroke_to_model_p99_ms=0.017 keystroke_to_model_max_ms=0.020 keystroke_to_frame_samples=246 keystroke_to_frame_median_ms=4.111 keystroke_to_frame_p95_ms=6.563 keystroke_to_frame_p99_ms=8.080 keystroke_to_frame_max_ms=16.754 frame_interval_samples=276 frame_interval_median_ms=11.666 frame_interval_p95_ms=21.509 frame_interval_p99_ms=83.578 frame_interval_max_ms=1489.958 layout_samples=277 layout_median_ms=0.264 layout_p95_ms=0.428 layout_p99_ms=0.564 layout_max_ms=3.488
hane_metrics keystroke_to_model_samples=247 keystroke_to_model_median_ms=0.005 keystroke_to_model_p95_ms=0.009 keystroke_to_model_p99_ms=0.017 keystroke_to_model_max_ms=0.020 keystroke_to_frame_samples=247 keystroke_to_frame_median_ms=4.111 keystroke_to_frame_p95_ms=6.563 keystroke_to_frame_p99_ms=8.080 keystroke_to_frame_max_ms=16.754 frame_interval_samples=277 frame_interval_median_ms=11.666 frame_interval_p95_ms=21.509 frame_interval_p99_ms=83.578 frame_interval_max_ms=1489.958 layout_samples=278 layout_median_ms=0.264 layout_p95_ms=0.428 layout_p99_ms=0.564 layout_max_ms=3.488
hane_metrics keystroke_to_model_samples=248 keystroke_to_model_median_ms=0.005 keystroke_to_model_p95_ms=0.009 keystroke_to_model_p99_ms=0.017 keystroke_to_model_max_ms=0.020 keystroke_to_frame_samples=248 keystroke_to_frame_median_ms=4.110 keystroke_to_frame_p95_ms=6.563 keystroke_to_frame_p99_ms=8.080 keystroke_to_frame_max_ms=16.754 frame_interval_samples=278 frame_interval_median_ms=11.663 frame_interval_p95_ms=21.509 frame_interval_p99_ms=83.578 frame_interval_max_ms=1489.958 layout_samples=279 layout_median_ms=0.264 layout_p95_ms=0.428 layout_p99_ms=0.564 layout_max_ms=3.488
hane_metrics keystroke_to_model_samples=249 keystroke_to_model_median_ms=0.005 keystroke_to_model_p95_ms=0.009 keystroke_to_model_p99_ms=0.017 keystroke_to_model_max_ms=0.020 keystroke_to_frame_samples=249 keystroke_to_frame_median_ms=4.111 keystroke_to_frame_p95_ms=6.563 keystroke_to_frame_p99_ms=8.080 keystroke_to_frame_max_ms=16.754 frame_interval_samples=281 frame_interval_median_ms=11.663 frame_interval_p95_ms=21.122 frame_interval_p99_ms=83.578 frame_interval_max_ms=1489.958 layout_samples=282 layout_median_ms=0.264 layout_p95_ms=0.422 layout_p99_ms=0.564 layout_max_ms=3.488
hane_metrics keystroke_to_model_samples=250 keystroke_to_model_median_ms=0.005 keystroke_to_model_p95_ms=0.009 keystroke_to_model_p99_ms=0.017 keystroke_to_model_max_ms=0.020 keystroke_to_frame_samples=250 keystroke_to_frame_median_ms=4.111 keystroke_to_frame_p95_ms=6.563 keystroke_to_frame_p99_ms=8.080 keystroke_to_frame_max_ms=16.754 frame_interval_samples=282 frame_interval_median_ms=11.663 frame_interval_p95_ms=21.122 frame_interval_p99_ms=83.578 frame_interval_max_ms=1489.958 layout_samples=283 layout_median_ms=0.264 layout_p95_ms=0.422 layout_p99_ms=0.564 layout_max_ms=3.488
hane_metrics keystroke_to_model_samples=251 keystroke_to_model_median_ms=0.005 keystroke_to_model_p95_ms=0.009 keystroke_to_model_p99_ms=0.017 keystroke_to_model_max_ms=0.020 keystroke_to_frame_samples=251 keystroke_to_frame_median_ms=4.112 keystroke_to_frame_p95_ms=6.563 keystroke_to_frame_p99_ms=8.080 keystroke_to_frame_max_ms=16.754 frame_interval_samples=283 frame_interval_median_ms=11.666 frame_interval_p95_ms=21.122 frame_interval_p99_ms=83.578 frame_interval_max_ms=1489.958 layout_samples=284 layout_median_ms=0.264 layout_p95_ms=0.422 layout_p99_ms=0.564 layout_max_ms=3.488
hane_metrics keystroke_to_model_samples=252 keystroke_to_model_median_ms=0.005 keystroke_to_model_p95_ms=0.009 keystroke_to_model_p99_ms=0.017 keystroke_to_model_max_ms=0.020 keystroke_to_frame_samples=252 keystroke_to_frame_median_ms=4.112 keystroke_to_frame_p95_ms=6.563 keystroke_to_frame_p99_ms=8.080 keystroke_to_frame_max_ms=16.754 frame_interval_samples=284 frame_interval_median_ms=11.663 frame_interval_p95_ms=21.122 frame_interval_p99_ms=83.578 frame_interval_max_ms=1489.958 layout_samples=285 layout_median_ms=0.264 layout_p95_ms=0.422 layout_p99_ms=0.564 layout_max_ms=3.488
hane_metrics keystroke_to_model_samples=253 keystroke_to_model_median_ms=0.005 keystroke_to_model_p95_ms=0.009 keystroke_to_model_p99_ms=0.017 keystroke_to_model_max_ms=0.020 keystroke_to_frame_samples=253 keystroke_to_frame_median_ms=4.114 keystroke_to_frame_p95_ms=6.563 keystroke_to_frame_p99_ms=8.080 keystroke_to_frame_max_ms=16.754 frame_interval_samples=285 frame_interval_median_ms=11.666 frame_interval_p95_ms=21.122 frame_interval_p99_ms=83.578 frame_interval_max_ms=1489.958 layout_samples=286 layout_median_ms=0.264 layout_p95_ms=0.422 layout_p99_ms=0.564 layout_max_ms=3.488
hane_metrics keystroke_to_model_samples=254 keystroke_to_model_median_ms=0.005 keystroke_to_model_p95_ms=0.009 keystroke_to_model_p99_ms=0.017 keystroke_to_model_max_ms=0.020 keystroke_to_frame_samples=254 keystroke_to_frame_median_ms=4.114 keystroke_to_frame_p95_ms=6.563 keystroke_to_frame_p99_ms=8.080 keystroke_to_frame_max_ms=16.754 frame_interval_samples=286 frame_interval_median_ms=11.663 frame_interval_p95_ms=21.122 frame_interval_p99_ms=83.578 frame_interval_max_ms=1489.958 layout_samples=287 layout_median_ms=0.264 layout_p95_ms=0.422 layout_p99_ms=0.564 layout_max_ms=3.488
hane_metrics keystroke_to_model_samples=255 keystroke_to_model_median_ms=0.005 keystroke_to_model_p95_ms=0.009 keystroke_to_model_p99_ms=0.017 keystroke_to_model_max_ms=0.020 keystroke_to_frame_samples=255 keystroke_to_frame_median_ms=4.114 keystroke_to_frame_p95_ms=6.563 keystroke_to_frame_p99_ms=8.080 keystroke_to_frame_max_ms=16.754 frame_interval_samples=287 frame_interval_median_ms=11.663 frame_interval_p95_ms=21.122 frame_interval_p99_ms=83.578 frame_interval_max_ms=1489.958 layout_samples=288 layout_median_ms=0.264 layout_p95_ms=0.422 layout_p99_ms=0.564 layout_max_ms=3.488
hane_metrics keystroke_to_model_samples=256 keystroke_to_model_median_ms=0.005 keystroke_to_model_p95_ms=0.009 keystroke_to_model_p99_ms=0.017 keystroke_to_model_max_ms=0.020 keystroke_to_frame_samples=256 keystroke_to_frame_median_ms=4.112 keystroke_to_frame_p95_ms=6.563 keystroke_to_frame_p99_ms=8.080 keystroke_to_frame_max_ms=16.754 frame_interval_samples=288 frame_interval_median_ms=11.638 frame_interval_p95_ms=21.122 frame_interval_p99_ms=83.578 frame_interval_max_ms=1489.958 layout_samples=289 layout_median_ms=0.264 layout_p95_ms=0.422 layout_p99_ms=0.564 layout_max_ms=3.488
hane_metrics keystroke_to_model_samples=257 keystroke_to_model_median_ms=0.005 keystroke_to_model_p95_ms=0.009 keystroke_to_model_p99_ms=0.017 keystroke_to_model_max_ms=0.020 keystroke_to_frame_samples=257 keystroke_to_frame_median_ms=4.114 keystroke_to_frame_p95_ms=6.563 keystroke_to_frame_p99_ms=8.080 keystroke_to_frame_max_ms=16.754 frame_interval_samples=291 frame_interval_median_ms=11.638 frame_interval_p95_ms=21.122 frame_interval_p99_ms=83.578 frame_interval_max_ms=1489.958 layout_samples=292 layout_median_ms=0.264 layout_p95_ms=0.422 layout_p99_ms=0.564 layout_max_ms=3.488
hane_metrics keystroke_to_model_samples=258 keystroke_to_model_median_ms=0.005 keystroke_to_model_p95_ms=0.009 keystroke_to_model_p99_ms=0.017 keystroke_to_model_max_ms=0.020 keystroke_to_frame_samples=258 keystroke_to_frame_median_ms=4.112 keystroke_to_frame_p95_ms=6.563 keystroke_to_frame_p99_ms=8.080 keystroke_to_frame_max_ms=16.754 frame_interval_samples=292 frame_interval_median_ms=11.638 frame_interval_p95_ms=21.122 frame_interval_p99_ms=83.578 frame_interval_max_ms=1489.958 layout_samples=293 layout_median_ms=0.265 layout_p95_ms=0.422 layout_p99_ms=0.564 layout_max_ms=3.488
hane_metrics keystroke_to_model_samples=259 keystroke_to_model_median_ms=0.005 keystroke_to_model_p95_ms=0.009 keystroke_to_model_p99_ms=0.017 keystroke_to_model_max_ms=0.020 keystroke_to_frame_samples=259 keystroke_to_frame_median_ms=4.112 keystroke_to_frame_p95_ms=6.563 keystroke_to_frame_p99_ms=8.080 keystroke_to_frame_max_ms=16.754 frame_interval_samples=293 frame_interval_median_ms=11.663 frame_interval_p95_ms=21.122 frame_interval_p99_ms=83.578 frame_interval_max_ms=1489.958 layout_samples=294 layout_median_ms=0.265 layout_p95_ms=0.422 layout_p99_ms=0.564 layout_max_ms=3.488
hane_metrics keystroke_to_model_samples=260 keystroke_to_model_median_ms=0.005 keystroke_to_model_p95_ms=0.009 keystroke_to_model_p99_ms=0.017 keystroke_to_model_max_ms=0.020 keystroke_to_frame_samples=260 keystroke_to_frame_median_ms=4.111 keystroke_to_frame_p95_ms=6.486 keystroke_to_frame_p99_ms=8.080 keystroke_to_frame_max_ms=16.754 frame_interval_samples=294 frame_interval_median_ms=11.638 frame_interval_p95_ms=21.122 frame_interval_p99_ms=83.578 frame_interval_max_ms=1489.958 layout_samples=295 layout_median_ms=0.265 layout_p95_ms=0.422 layout_p99_ms=0.564 layout_max_ms=3.488
hane_metrics keystroke_to_model_samples=261 keystroke_to_model_median_ms=0.005 keystroke_to_model_p95_ms=0.009 keystroke_to_model_p99_ms=0.017 keystroke_to_model_max_ms=0.020 keystroke_to_frame_samples=261 keystroke_to_frame_median_ms=4.111 keystroke_to_frame_p95_ms=6.486 keystroke_to_frame_p99_ms=8.080 keystroke_to_frame_max_ms=16.754 frame_interval_samples=295 frame_interval_median_ms=11.663 frame_interval_p95_ms=21.122 frame_interval_p99_ms=83.578 frame_interval_max_ms=1489.958 layout_samples=296 layout_median_ms=0.265 layout_p95_ms=0.422 layout_p99_ms=0.564 layout_max_ms=3.488
hane_metrics keystroke_to_model_samples=262 keystroke_to_model_median_ms=0.005 keystroke_to_model_p95_ms=0.009 keystroke_to_model_p99_ms=0.017 keystroke_to_model_max_ms=0.020 keystroke_to_frame_samples=262 keystroke_to_frame_median_ms=4.110 keystroke_to_frame_p95_ms=6.486 keystroke_to_frame_p99_ms=8.080 keystroke_to_frame_max_ms=16.754 frame_interval_samples=296 frame_interval_median_ms=11.638 frame_interval_p95_ms=21.122 frame_interval_p99_ms=83.578 frame_interval_max_ms=1489.958 layout_samples=297 layout_median_ms=0.265 layout_p95_ms=0.422 layout_p99_ms=0.564 layout_max_ms=3.488
hane_metrics keystroke_to_model_samples=263 keystroke_to_model_median_ms=0.005 keystroke_to_model_p95_ms=0.009 keystroke_to_model_p99_ms=0.017 keystroke_to_model_max_ms=0.020 keystroke_to_frame_samples=263 keystroke_to_frame_median_ms=4.110 keystroke_to_frame_p95_ms=6.486 keystroke_to_frame_p99_ms=8.080 keystroke_to_frame_max_ms=16.754 frame_interval_samples=297 frame_interval_median_ms=11.638 frame_interval_p95_ms=21.122 frame_interval_p99_ms=83.578 frame_interval_max_ms=1489.958 layout_samples=298 layout_median_ms=0.265 layout_p95_ms=0.422 layout_p99_ms=0.564 layout_max_ms=3.488
hane_metrics keystroke_to_model_samples=264 keystroke_to_model_median_ms=0.005 keystroke_to_model_p95_ms=0.009 keystroke_to_model_p99_ms=0.017 keystroke_to_model_max_ms=0.020 keystroke_to_frame_samples=264 keystroke_to_frame_median_ms=4.109 keystroke_to_frame_p95_ms=6.486 keystroke_to_frame_p99_ms=8.080 keystroke_to_frame_max_ms=16.754 frame_interval_samples=298 frame_interval_median_ms=11.629 frame_interval_p95_ms=21.122 frame_interval_p99_ms=83.578 frame_interval_max_ms=1489.958 layout_samples=299 layout_median_ms=0.265 layout_p95_ms=0.422 layout_p99_ms=0.564 layout_max_ms=3.488
hane_metrics keystroke_to_model_samples=265 keystroke_to_model_median_ms=0.005 keystroke_to_model_p95_ms=0.009 keystroke_to_model_p99_ms=0.017 keystroke_to_model_max_ms=0.020 keystroke_to_frame_samples=265 keystroke_to_frame_median_ms=4.110 keystroke_to_frame_p95_ms=6.486 keystroke_to_frame_p99_ms=8.080 keystroke_to_frame_max_ms=16.754 frame_interval_samples=301 frame_interval_median_ms=11.629 frame_interval_p95_ms=21.096 frame_interval_p99_ms=57.364 frame_interval_max_ms=1489.958 layout_samples=302 layout_median_ms=0.265 layout_p95_ms=0.418 layout_p99_ms=0.556 layout_max_ms=3.488
hane_metrics keystroke_to_model_samples=266 keystroke_to_model_median_ms=0.005 keystroke_to_model_p95_ms=0.009 keystroke_to_model_p99_ms=0.017 keystroke_to_model_max_ms=0.020 keystroke_to_frame_samples=266 keystroke_to_frame_median_ms=4.110 keystroke_to_frame_p95_ms=6.486 keystroke_to_frame_p99_ms=8.080 keystroke_to_frame_max_ms=16.754 frame_interval_samples=302 frame_interval_median_ms=11.629 frame_interval_p95_ms=21.096 frame_interval_p99_ms=57.364 frame_interval_max_ms=1489.958 layout_samples=303 layout_median_ms=0.265 layout_p95_ms=0.418 layout_p99_ms=0.556 layout_max_ms=3.488
hane_metrics keystroke_to_model_samples=267 keystroke_to_model_median_ms=0.005 keystroke_to_model_p95_ms=0.009 keystroke_to_model_p99_ms=0.017 keystroke_to_model_max_ms=0.020 keystroke_to_frame_samples=267 keystroke_to_frame_median_ms=4.111 keystroke_to_frame_p95_ms=6.486 keystroke_to_frame_p99_ms=8.080 keystroke_to_frame_max_ms=16.754 frame_interval_samples=303 frame_interval_median_ms=11.638 frame_interval_p95_ms=21.096 frame_interval_p99_ms=57.364 frame_interval_max_ms=1489.958 layout_samples=304 layout_median_ms=0.265 layout_p95_ms=0.418 layout_p99_ms=0.556 layout_max_ms=3.488
hane_metrics keystroke_to_model_samples=268 keystroke_to_model_median_ms=0.005 keystroke_to_model_p95_ms=0.009 keystroke_to_model_p99_ms=0.017 keystroke_to_model_max_ms=0.020 keystroke_to_frame_samples=268 keystroke_to_frame_median_ms=4.111 keystroke_to_frame_p95_ms=6.486 keystroke_to_frame_p99_ms=8.080 keystroke_to_frame_max_ms=16.754 frame_interval_samples=304 frame_interval_median_ms=11.629 frame_interval_p95_ms=21.096 frame_interval_p99_ms=57.364 frame_interval_max_ms=1489.958 layout_samples=305 layout_median_ms=0.266 layout_p95_ms=0.418 layout_p99_ms=0.556 layout_max_ms=3.488
hane_metrics keystroke_to_model_samples=269 keystroke_to_model_median_ms=0.005 keystroke_to_model_p95_ms=0.009 keystroke_to_model_p99_ms=0.017 keystroke_to_model_max_ms=0.020 keystroke_to_frame_samples=269 keystroke_to_frame_median_ms=4.111 keystroke_to_frame_p95_ms=6.486 keystroke_to_frame_p99_ms=8.080 keystroke_to_frame_max_ms=16.754 frame_interval_samples=305 frame_interval_median_ms=11.638 frame_interval_p95_ms=21.096 frame_interval_p99_ms=57.364 frame_interval_max_ms=1489.958 layout_samples=306 layout_median_ms=0.265 layout_p95_ms=0.418 layout_p99_ms=0.556 layout_max_ms=3.488
hane_metrics keystroke_to_model_samples=270 keystroke_to_model_median_ms=0.005 keystroke_to_model_p95_ms=0.009 keystroke_to_model_p99_ms=0.017 keystroke_to_model_max_ms=0.020 keystroke_to_frame_samples=270 keystroke_to_frame_median_ms=4.110 keystroke_to_frame_p95_ms=6.486 keystroke_to_frame_p99_ms=8.080 keystroke_to_frame_max_ms=16.754 frame_interval_samples=306 frame_interval_median_ms=11.629 frame_interval_p95_ms=21.096 frame_interval_p99_ms=57.364 frame_interval_max_ms=1489.958 layout_samples=307 layout_median_ms=0.266 layout_p95_ms=0.418 layout_p99_ms=0.556 layout_max_ms=3.488
hane_metrics keystroke_to_model_samples=271 keystroke_to_model_median_ms=0.005 keystroke_to_model_p95_ms=0.009 keystroke_to_model_p99_ms=0.017 keystroke_to_model_max_ms=0.020 keystroke_to_frame_samples=271 keystroke_to_frame_median_ms=4.110 keystroke_to_frame_p95_ms=6.486 keystroke_to_frame_p99_ms=8.080 keystroke_to_frame_max_ms=16.754 frame_interval_samples=307 frame_interval_median_ms=11.629 frame_interval_p95_ms=21.096 frame_interval_p99_ms=57.364 frame_interval_max_ms=1489.958 layout_samples=308 layout_median_ms=0.266 layout_p95_ms=0.418 layout_p99_ms=0.556 layout_max_ms=3.488
hane_metrics keystroke_to_model_samples=272 keystroke_to_model_median_ms=0.005 keystroke_to_model_p95_ms=0.009 keystroke_to_model_p99_ms=0.017 keystroke_to_model_max_ms=0.020 keystroke_to_frame_samples=272 keystroke_to_frame_median_ms=4.109 keystroke_to_frame_p95_ms=6.486 keystroke_to_frame_p99_ms=8.080 keystroke_to_frame_max_ms=16.754 frame_interval_samples=308 frame_interval_median_ms=11.599 frame_interval_p95_ms=21.096 frame_interval_p99_ms=57.364 frame_interval_max_ms=1489.958 layout_samples=309 layout_median_ms=0.266 layout_p95_ms=0.418 layout_p99_ms=0.556 layout_max_ms=3.488
hane_metrics keystroke_to_model_samples=273 keystroke_to_model_median_ms=0.005 keystroke_to_model_p95_ms=0.009 keystroke_to_model_p99_ms=0.017 keystroke_to_model_max_ms=0.020 keystroke_to_frame_samples=273 keystroke_to_frame_median_ms=4.110 keystroke_to_frame_p95_ms=6.486 keystroke_to_frame_p99_ms=8.080 keystroke_to_frame_max_ms=16.754 frame_interval_samples=310 frame_interval_median_ms=11.599 frame_interval_p95_ms=21.096 frame_interval_p99_ms=57.364 frame_interval_max_ms=1489.958 layout_samples=311 layout_median_ms=0.266 layout_p95_ms=0.418 layout_p99_ms=0.556 layout_max_ms=3.488
hane_metrics keystroke_to_model_samples=274 keystroke_to_model_median_ms=0.005 keystroke_to_model_p95_ms=0.009 keystroke_to_model_p99_ms=0.017 keystroke_to_model_max_ms=0.020 keystroke_to_frame_samples=274 keystroke_to_frame_median_ms=4.110 keystroke_to_frame_p95_ms=6.486 keystroke_to_frame_p99_ms=8.080 keystroke_to_frame_max_ms=16.754 frame_interval_samples=311 frame_interval_median_ms=11.629 frame_interval_p95_ms=21.096 frame_interval_p99_ms=57.364 frame_interval_max_ms=1489.958 layout_samples=312 layout_median_ms=0.266 layout_p95_ms=0.418 layout_p99_ms=0.556 layout_max_ms=3.488
hane_metrics keystroke_to_model_samples=275 keystroke_to_model_median_ms=0.005 keystroke_to_model_p95_ms=0.009 keystroke_to_model_p99_ms=0.017 keystroke_to_model_max_ms=0.020 keystroke_to_frame_samples=275 keystroke_to_frame_median_ms=4.111 keystroke_to_frame_p95_ms=6.486 keystroke_to_frame_p99_ms=8.080 keystroke_to_frame_max_ms=16.754 frame_interval_samples=312 frame_interval_median_ms=11.629 frame_interval_p95_ms=21.096 frame_interval_p99_ms=57.364 frame_interval_max_ms=1489.958 layout_samples=313 layout_median_ms=0.266 layout_p95_ms=0.418 layout_p99_ms=0.556 layout_max_ms=3.488
hane_metrics keystroke_to_model_samples=276 keystroke_to_model_median_ms=0.005 keystroke_to_model_p95_ms=0.009 keystroke_to_model_p99_ms=0.017 keystroke_to_model_max_ms=0.020 keystroke_to_frame_samples=276 keystroke_to_frame_median_ms=4.111 keystroke_to_frame_p95_ms=6.486 keystroke_to_frame_p99_ms=8.080 keystroke_to_frame_max_ms=16.754 frame_interval_samples=313 frame_interval_median_ms=11.629 frame_interval_p95_ms=21.096 frame_interval_p99_ms=57.364 frame_interval_max_ms=1489.958 layout_samples=314 layout_median_ms=0.266 layout_p95_ms=0.418 layout_p99_ms=0.556 layout_max_ms=3.488
hane_metrics keystroke_to_model_samples=277 keystroke_to_model_median_ms=0.005 keystroke_to_model_p95_ms=0.009 keystroke_to_model_p99_ms=0.017 keystroke_to_model_max_ms=0.020 keystroke_to_frame_samples=277 keystroke_to_frame_median_ms=4.112 keystroke_to_frame_p95_ms=6.486 keystroke_to_frame_p99_ms=8.080 keystroke_to_frame_max_ms=16.754 frame_interval_samples=314 frame_interval_median_ms=11.629 frame_interval_p95_ms=21.096 frame_interval_p99_ms=57.364 frame_interval_max_ms=1489.958 layout_samples=315 layout_median_ms=0.266 layout_p95_ms=0.418 layout_p99_ms=0.556 layout_max_ms=3.488
hane_metrics keystroke_to_model_samples=278 keystroke_to_model_median_ms=0.005 keystroke_to_model_p95_ms=0.009 keystroke_to_model_p99_ms=0.017 keystroke_to_model_max_ms=0.020 keystroke_to_frame_samples=278 keystroke_to_frame_median_ms=4.111 keystroke_to_frame_p95_ms=6.486 keystroke_to_frame_p99_ms=8.080 keystroke_to_frame_max_ms=16.754 frame_interval_samples=315 frame_interval_median_ms=11.629 frame_interval_p95_ms=21.096 frame_interval_p99_ms=57.364 frame_interval_max_ms=1489.958 layout_samples=316 layout_median_ms=0.266 layout_p95_ms=0.418 layout_p99_ms=0.556 layout_max_ms=3.488
hane_metrics keystroke_to_model_samples=279 keystroke_to_model_median_ms=0.005 keystroke_to_model_p95_ms=0.009 keystroke_to_model_p99_ms=0.017 keystroke_to_model_max_ms=0.020 keystroke_to_frame_samples=279 keystroke_to_frame_median_ms=4.111 keystroke_to_frame_p95_ms=6.486 keystroke_to_frame_p99_ms=8.080 keystroke_to_frame_max_ms=16.754 frame_interval_samples=316 frame_interval_median_ms=11.599 frame_interval_p95_ms=21.096 frame_interval_p99_ms=57.364 frame_interval_max_ms=1489.958 layout_samples=317 layout_median_ms=0.267 layout_p95_ms=0.418 layout_p99_ms=0.556 layout_max_ms=3.488
hane_metrics keystroke_to_model_samples=280 keystroke_to_model_median_ms=0.005 keystroke_to_model_p95_ms=0.009 keystroke_to_model_p99_ms=0.017 keystroke_to_model_max_ms=0.020 keystroke_to_frame_samples=280 keystroke_to_frame_median_ms=4.110 keystroke_to_frame_p95_ms=6.251 keystroke_to_frame_p99_ms=8.080 keystroke_to_frame_max_ms=16.754 frame_interval_samples=317 frame_interval_median_ms=11.599 frame_interval_p95_ms=21.096 frame_interval_p99_ms=57.364 frame_interval_max_ms=1489.958 layout_samples=318 layout_median_ms=0.266 layout_p95_ms=0.418 layout_p99_ms=0.556 layout_max_ms=3.488

--- source_file: issue23-input-feedda4/normal_ascii/hane.log ---
hane_ready startup_time_ms=211.957 file_open_time_ms=72.377 rss_bytes=80904192
hane_metrics keystroke_to_model_samples=1 keystroke_to_model_median_ms=0.023 keystroke_to_model_p95_ms=0.023 keystroke_to_model_p99_ms=0.023 keystroke_to_model_max_ms=0.023 keystroke_to_frame_samples=1 keystroke_to_frame_median_ms=13.843 keystroke_to_frame_p95_ms=13.843 keystroke_to_frame_p99_ms=13.843 keystroke_to_frame_max_ms=13.843 frame_interval_samples=5 frame_interval_median_ms=17.920 frame_interval_p95_ms=493.386 frame_interval_p99_ms=493.386 frame_interval_max_ms=493.386 layout_samples=6 layout_median_ms=0.209 layout_p95_ms=3.331 layout_p99_ms=3.331 layout_max_ms=3.331
hane_metrics keystroke_to_model_samples=2 keystroke_to_model_median_ms=0.022 keystroke_to_model_p95_ms=0.023 keystroke_to_model_p99_ms=0.023 keystroke_to_model_max_ms=0.023 keystroke_to_frame_samples=2 keystroke_to_frame_median_ms=4.367 keystroke_to_frame_p95_ms=13.843 keystroke_to_frame_p99_ms=13.843 keystroke_to_frame_max_ms=13.843 frame_interval_samples=7 frame_interval_median_ms=14.945 frame_interval_p95_ms=493.386 frame_interval_p99_ms=493.386 frame_interval_max_ms=493.386 layout_samples=8 layout_median_ms=0.209 layout_p95_ms=3.331 layout_p99_ms=3.331 layout_max_ms=3.331
hane_metrics keystroke_to_model_samples=3 keystroke_to_model_median_ms=0.022 keystroke_to_model_p95_ms=0.023 keystroke_to_model_p99_ms=0.023 keystroke_to_model_max_ms=0.023 keystroke_to_frame_samples=3 keystroke_to_frame_median_ms=4.367 keystroke_to_frame_p95_ms=13.843 keystroke_to_frame_p99_ms=13.843 keystroke_to_frame_max_ms=13.843 frame_interval_samples=9 frame_interval_median_ms=11.234 frame_interval_p95_ms=493.386 frame_interval_p99_ms=493.386 frame_interval_max_ms=493.386 layout_samples=10 layout_median_ms=0.209 layout_p95_ms=3.331 layout_p99_ms=3.331 layout_max_ms=3.331
hane_metrics keystroke_to_model_samples=4 keystroke_to_model_median_ms=0.011 keystroke_to_model_p95_ms=0.023 keystroke_to_model_p99_ms=0.023 keystroke_to_model_max_ms=0.023 keystroke_to_frame_samples=4 keystroke_to_frame_median_ms=4.367 keystroke_to_frame_p95_ms=13.843 keystroke_to_frame_p99_ms=13.843 keystroke_to_frame_max_ms=13.843 frame_interval_samples=11 frame_interval_median_ms=11.234 frame_interval_p95_ms=493.386 frame_interval_p99_ms=493.386 frame_interval_max_ms=493.386 layout_samples=12 layout_median_ms=0.209 layout_p95_ms=3.331 layout_p99_ms=3.331 layout_max_ms=3.331
hane_metrics keystroke_to_model_samples=5 keystroke_to_model_median_ms=0.011 keystroke_to_model_p95_ms=0.023 keystroke_to_model_p99_ms=0.023 keystroke_to_model_max_ms=0.023 keystroke_to_frame_samples=5 keystroke_to_frame_median_ms=4.367 keystroke_to_frame_p95_ms=13.843 keystroke_to_frame_p99_ms=13.843 keystroke_to_frame_max_ms=13.843 frame_interval_samples=13 frame_interval_median_ms=11.234 frame_interval_p95_ms=493.386 frame_interval_p99_ms=493.386 frame_interval_max_ms=493.386 layout_samples=14 layout_median_ms=0.209 layout_p95_ms=3.331 layout_p99_ms=3.331 layout_max_ms=3.331
hane_metrics keystroke_to_model_samples=6 keystroke_to_model_median_ms=0.009 keystroke_to_model_p95_ms=0.023 keystroke_to_model_p99_ms=0.023 keystroke_to_model_max_ms=0.023 keystroke_to_frame_samples=6 keystroke_to_frame_median_ms=4.367 keystroke_to_frame_p95_ms=13.843 keystroke_to_frame_p99_ms=13.843 keystroke_to_frame_max_ms=13.843 frame_interval_samples=17 frame_interval_median_ms=11.234 frame_interval_p95_ms=1509.358 frame_interval_p99_ms=1509.358 frame_interval_max_ms=1509.358 layout_samples=18 layout_median_ms=0.205 layout_p95_ms=3.331 layout_p99_ms=3.331 layout_max_ms=3.331
hane_metrics keystroke_to_model_samples=7 keystroke_to_model_median_ms=0.011 keystroke_to_model_p95_ms=0.023 keystroke_to_model_p99_ms=0.023 keystroke_to_model_max_ms=0.023 keystroke_to_frame_samples=7 keystroke_to_frame_median_ms=4.935 keystroke_to_frame_p95_ms=13.843 keystroke_to_frame_p99_ms=13.843 keystroke_to_frame_max_ms=13.843 frame_interval_samples=19 frame_interval_median_ms=11.234 frame_interval_p95_ms=1509.358 frame_interval_p99_ms=1509.358 frame_interval_max_ms=1509.358 layout_samples=20 layout_median_ms=0.206 layout_p95_ms=0.487 layout_p99_ms=3.331 layout_max_ms=3.331
hane_metrics keystroke_to_model_samples=8 keystroke_to_model_median_ms=0.010 keystroke_to_model_p95_ms=0.023 keystroke_to_model_p99_ms=0.023 keystroke_to_model_max_ms=0.023 keystroke_to_frame_samples=8 keystroke_to_frame_median_ms=4.935 keystroke_to_frame_p95_ms=13.843 keystroke_to_frame_p99_ms=13.843 keystroke_to_frame_max_ms=13.843 frame_interval_samples=21 frame_interval_median_ms=11.234 frame_interval_p95_ms=493.386 frame_interval_p99_ms=1509.358 frame_interval_max_ms=1509.358 layout_samples=22 layout_median_ms=0.206 layout_p95_ms=0.487 layout_p99_ms=3.331 layout_max_ms=3.331
hane_metrics keystroke_to_model_samples=9 keystroke_to_model_median_ms=0.010 keystroke_to_model_p95_ms=0.023 keystroke_to_model_p99_ms=0.023 keystroke_to_model_max_ms=0.023 keystroke_to_frame_samples=9 keystroke_to_frame_median_ms=4.935 keystroke_to_frame_p95_ms=13.843 keystroke_to_frame_p99_ms=13.843 keystroke_to_frame_max_ms=13.843 frame_interval_samples=23 frame_interval_median_ms=11.234 frame_interval_p95_ms=493.386 frame_interval_p99_ms=1509.358 frame_interval_max_ms=1509.358 layout_samples=24 layout_median_ms=0.206 layout_p95_ms=0.487 layout_p99_ms=3.331 layout_max_ms=3.331
hane_metrics keystroke_to_model_samples=10 keystroke_to_model_median_ms=0.010 keystroke_to_model_p95_ms=0.023 keystroke_to_model_p99_ms=0.023 keystroke_to_model_max_ms=0.023 keystroke_to_frame_samples=10 keystroke_to_frame_median_ms=4.935 keystroke_to_frame_p95_ms=13.843 keystroke_to_frame_p99_ms=13.843 keystroke_to_frame_max_ms=13.843 frame_interval_samples=25 frame_interval_median_ms=11.234 frame_interval_p95_ms=493.386 frame_interval_p99_ms=1509.358 frame_interval_max_ms=1509.358 layout_samples=26 layout_median_ms=0.206 layout_p95_ms=0.487 layout_p99_ms=3.331 layout_max_ms=3.331
hane_metrics keystroke_to_model_samples=11 keystroke_to_model_median_ms=0.010 keystroke_to_model_p95_ms=0.023 keystroke_to_model_p99_ms=0.023 keystroke_to_model_max_ms=0.023 keystroke_to_frame_samples=11 keystroke_to_frame_median_ms=4.935 keystroke_to_frame_p95_ms=13.843 keystroke_to_frame_p99_ms=13.843 keystroke_to_frame_max_ms=13.843 frame_interval_samples=27 frame_interval_median_ms=11.234 frame_interval_p95_ms=493.386 frame_interval_p99_ms=1509.358 frame_interval_max_ms=1509.358 layout_samples=28 layout_median_ms=0.206 layout_p95_ms=0.487 layout_p99_ms=3.331 layout_max_ms=3.331
hane_metrics keystroke_to_model_samples=12 keystroke_to_model_median_ms=0.010 keystroke_to_model_p95_ms=0.023 keystroke_to_model_p99_ms=0.023 keystroke_to_model_max_ms=0.023 keystroke_to_frame_samples=12 keystroke_to_frame_median_ms=4.935 keystroke_to_frame_p95_ms=13.843 keystroke_to_frame_p99_ms=13.843 keystroke_to_frame_max_ms=13.843 frame_interval_samples=29 frame_interval_median_ms=11.234 frame_interval_p95_ms=493.386 frame_interval_p99_ms=1509.358 frame_interval_max_ms=1509.358 layout_samples=30 layout_median_ms=0.206 layout_p95_ms=0.590 layout_p99_ms=3.331 layout_max_ms=3.331
hane_metrics keystroke_to_model_samples=13 keystroke_to_model_median_ms=0.011 keystroke_to_model_p95_ms=0.023 keystroke_to_model_p99_ms=0.023 keystroke_to_model_max_ms=0.023 keystroke_to_frame_samples=13 keystroke_to_frame_median_ms=4.939 keystroke_to_frame_p95_ms=13.843 keystroke_to_frame_p99_ms=13.843 keystroke_to_frame_max_ms=13.843 frame_interval_samples=31 frame_interval_median_ms=12.490 frame_interval_p95_ms=493.386 frame_interval_p99_ms=1509.358 frame_interval_max_ms=1509.358 layout_samples=32 layout_median_ms=0.206 layout_p95_ms=0.590 layout_p99_ms=3.331 layout_max_ms=3.331
hane_metrics keystroke_to_model_samples=14 keystroke_to_model_median_ms=0.011 keystroke_to_model_p95_ms=0.023 keystroke_to_model_p99_ms=0.023 keystroke_to_model_max_ms=0.023 keystroke_to_frame_samples=14 keystroke_to_frame_median_ms=4.935 keystroke_to_frame_p95_ms=13.843 keystroke_to_frame_p99_ms=13.843 keystroke_to_frame_max_ms=13.843 frame_interval_samples=33 frame_interval_median_ms=12.490 frame_interval_p95_ms=493.386 frame_interval_p99_ms=1509.358 frame_interval_max_ms=1509.358 layout_samples=34 layout_median_ms=0.206 layout_p95_ms=0.590 layout_p99_ms=3.331 layout_max_ms=3.331
hane_metrics keystroke_to_model_samples=15 keystroke_to_model_median_ms=0.011 keystroke_to_model_p95_ms=0.023 keystroke_to_model_p99_ms=0.023 keystroke_to_model_max_ms=0.023 keystroke_to_frame_samples=15 keystroke_to_frame_median_ms=4.935 keystroke_to_frame_p95_ms=13.843 keystroke_to_frame_p99_ms=13.843 keystroke_to_frame_max_ms=13.843 frame_interval_samples=35 frame_interval_median_ms=12.490 frame_interval_p95_ms=493.386 frame_interval_p99_ms=1509.358 frame_interval_max_ms=1509.358 layout_samples=36 layout_median_ms=0.206 layout_p95_ms=0.596 layout_p99_ms=3.331 layout_max_ms=3.331
hane_metrics keystroke_to_model_samples=16 keystroke_to_model_median_ms=0.011 keystroke_to_model_p95_ms=0.023 keystroke_to_model_p99_ms=0.023 keystroke_to_model_max_ms=0.023 keystroke_to_frame_samples=16 keystroke_to_frame_median_ms=4.926 keystroke_to_frame_p95_ms=13.843 keystroke_to_frame_p99_ms=13.843 keystroke_to_frame_max_ms=13.843 frame_interval_samples=37 frame_interval_median_ms=11.820 frame_interval_p95_ms=493.386 frame_interval_p99_ms=1509.358 frame_interval_max_ms=1509.358 layout_samples=38 layout_median_ms=0.209 layout_p95_ms=0.596 layout_p99_ms=3.331 layout_max_ms=3.331
hane_metrics keystroke_to_model_samples=17 keystroke_to_model_median_ms=0.011 keystroke_to_model_p95_ms=0.023 keystroke_to_model_p99_ms=0.023 keystroke_to_model_max_ms=0.023 keystroke_to_frame_samples=17 keystroke_to_frame_median_ms=4.926 keystroke_to_frame_p95_ms=13.843 keystroke_to_frame_p99_ms=13.843 keystroke_to_frame_max_ms=13.843 frame_interval_samples=39 frame_interval_median_ms=11.820 frame_interval_p95_ms=493.386 frame_interval_p99_ms=1509.358 frame_interval_max_ms=1509.358 layout_samples=40 layout_median_ms=0.209 layout_p95_ms=0.590 layout_p99_ms=3.331 layout_max_ms=3.331
hane_metrics keystroke_to_model_samples=18 keystroke_to_model_median_ms=0.011 keystroke_to_model_p95_ms=0.023 keystroke_to_model_p99_ms=0.023 keystroke_to_model_max_ms=0.023 keystroke_to_frame_samples=18 keystroke_to_frame_median_ms=4.878 keystroke_to_frame_p95_ms=13.843 keystroke_to_frame_p99_ms=13.843 keystroke_to_frame_max_ms=13.843 frame_interval_samples=41 frame_interval_median_ms=11.820 frame_interval_p95_ms=127.394 frame_interval_p99_ms=1509.358 frame_interval_max_ms=1509.358 layout_samples=42 layout_median_ms=0.209 layout_p95_ms=0.590 layout_p99_ms=3.331 layout_max_ms=3.331
hane_metrics keystroke_to_model_samples=19 keystroke_to_model_median_ms=0.011 keystroke_to_model_p95_ms=0.023 keystroke_to_model_p99_ms=0.023 keystroke_to_model_max_ms=0.023 keystroke_to_frame_samples=19 keystroke_to_frame_median_ms=4.894 keystroke_to_frame_p95_ms=13.843 keystroke_to_frame_p99_ms=13.843 keystroke_to_frame_max_ms=13.843 frame_interval_samples=43 frame_interval_median_ms=11.820 frame_interval_p95_ms=127.394 frame_interval_p99_ms=1509.358 frame_interval_max_ms=1509.358 layout_samples=44 layout_median_ms=0.209 layout_p95_ms=0.590 layout_p99_ms=3.331 layout_max_ms=3.331
hane_metrics keystroke_to_model_samples=20 keystroke_to_model_median_ms=0.011 keystroke_to_model_p95_ms=0.022 keystroke_to_model_p99_ms=0.023 keystroke_to_model_max_ms=0.023 keystroke_to_frame_samples=20 keystroke_to_frame_median_ms=4.894 keystroke_to_frame_p95_ms=5.430 keystroke_to_frame_p99_ms=13.843 keystroke_to_frame_max_ms=13.843 frame_interval_samples=45 frame_interval_median_ms=11.820 frame_interval_p95_ms=127.394 frame_interval_p99_ms=1509.358 frame_interval_max_ms=1509.358 layout_samples=46 layout_median_ms=0.209 layout_p95_ms=0.590 layout_p99_ms=3.331 layout_max_ms=3.331
hane_metrics keystroke_to_model_samples=21 keystroke_to_model_median_ms=0.011 keystroke_to_model_p95_ms=0.022 keystroke_to_model_p99_ms=0.023 keystroke_to_model_max_ms=0.023 keystroke_to_frame_samples=21 keystroke_to_frame_median_ms=4.894 keystroke_to_frame_p95_ms=5.430 keystroke_to_frame_p99_ms=13.843 keystroke_to_frame_max_ms=13.843 frame_interval_samples=47 frame_interval_median_ms=11.820 frame_interval_p95_ms=127.394 frame_interval_p99_ms=1509.358 frame_interval_max_ms=1509.358 layout_samples=48 layout_median_ms=0.209 layout_p95_ms=0.590 layout_p99_ms=3.331 layout_max_ms=3.331
hane_metrics keystroke_to_model_samples=22 keystroke_to_model_median_ms=0.011 keystroke_to_model_p95_ms=0.022 keystroke_to_model_p99_ms=0.023 keystroke_to_model_max_ms=0.023 keystroke_to_frame_samples=22 keystroke_to_frame_median_ms=4.894 keystroke_to_frame_p95_ms=5.430 keystroke_to_frame_p99_ms=13.843 keystroke_to_frame_max_ms=13.843 frame_interval_samples=49 frame_interval_median_ms=11.820 frame_interval_p95_ms=127.394 frame_interval_p99_ms=1509.358 frame_interval_max_ms=1509.358 layout_samples=50 layout_median_ms=0.209 layout_p95_ms=0.590 layout_p99_ms=3.331 layout_max_ms=3.331
hane_metrics keystroke_to_model_samples=23 keystroke_to_model_median_ms=0.011 keystroke_to_model_p95_ms=0.022 keystroke_to_model_p99_ms=0.023 keystroke_to_model_max_ms=0.023 keystroke_to_frame_samples=23 keystroke_to_frame_median_ms=4.894 keystroke_to_frame_p95_ms=5.430 keystroke_to_frame_p99_ms=13.843 keystroke_to_frame_max_ms=13.843 frame_interval_samples=51 frame_interval_median_ms=11.820 frame_interval_p95_ms=127.394 frame_interval_p99_ms=1509.358 frame_interval_max_ms=1509.358 layout_samples=52 layout_median_ms=0.209 layout_p95_ms=0.590 layout_p99_ms=3.331 layout_max_ms=3.331
hane_metrics keystroke_to_model_samples=24 keystroke_to_model_median_ms=0.011 keystroke_to_model_p95_ms=0.022 keystroke_to_model_p99_ms=0.023 keystroke_to_model_max_ms=0.023 keystroke_to_frame_samples=24 keystroke_to_frame_median_ms=4.878 keystroke_to_frame_p95_ms=5.430 keystroke_to_frame_p99_ms=13.843 keystroke_to_frame_max_ms=13.843 frame_interval_samples=53 frame_interval_median_ms=11.785 frame_interval_p95_ms=127.394 frame_interval_p99_ms=1509.358 frame_interval_max_ms=1509.358 layout_samples=54 layout_median_ms=0.212 layout_p95_ms=0.590 layout_p99_ms=3.331 layout_max_ms=3.331
hane_metrics keystroke_to_model_samples=25 keystroke_to_model_median_ms=0.011 keystroke_to_model_p95_ms=0.022 keystroke_to_model_p99_ms=0.023 keystroke_to_model_max_ms=0.023 keystroke_to_frame_samples=25 keystroke_to_frame_median_ms=4.878 keystroke_to_frame_p95_ms=5.430 keystroke_to_frame_p99_ms=13.843 keystroke_to_frame_max_ms=13.843 frame_interval_samples=55 frame_interval_median_ms=11.785 frame_interval_p95_ms=127.394 frame_interval_p99_ms=1509.358 frame_interval_max_ms=1509.358 layout_samples=56 layout_median_ms=0.212 layout_p95_ms=0.590 layout_p99_ms=3.331 layout_max_ms=3.331
hane_metrics keystroke_to_model_samples=26 keystroke_to_model_median_ms=0.011 keystroke_to_model_p95_ms=0.022 keystroke_to_model_p99_ms=0.023 keystroke_to_model_max_ms=0.023 keystroke_to_frame_samples=26 keystroke_to_frame_median_ms=4.852 keystroke_to_frame_p95_ms=5.430 keystroke_to_frame_p99_ms=13.843 keystroke_to_frame_max_ms=13.843 frame_interval_samples=57 frame_interval_median_ms=11.785 frame_interval_p95_ms=127.394 frame_interval_p99_ms=1509.358 frame_interval_max_ms=1509.358 layout_samples=58 layout_median_ms=0.212 layout_p95_ms=0.590 layout_p99_ms=3.331 layout_max_ms=3.331
hane_metrics keystroke_to_model_samples=27 keystroke_to_model_median_ms=0.011 keystroke_to_model_p95_ms=0.022 keystroke_to_model_p99_ms=0.023 keystroke_to_model_max_ms=0.023 keystroke_to_frame_samples=27 keystroke_to_frame_median_ms=4.852 keystroke_to_frame_p95_ms=5.430 keystroke_to_frame_p99_ms=13.843 keystroke_to_frame_max_ms=13.843 frame_interval_samples=59 frame_interval_median_ms=11.785 frame_interval_p95_ms=127.394 frame_interval_p99_ms=1509.358 frame_interval_max_ms=1509.358 layout_samples=60 layout_median_ms=0.212 layout_p95_ms=0.583 layout_p99_ms=3.331 layout_max_ms=3.331
hane_metrics keystroke_to_model_samples=28 keystroke_to_model_median_ms=0.011 keystroke_to_model_p95_ms=0.022 keystroke_to_model_p99_ms=0.023 keystroke_to_model_max_ms=0.023 keystroke_to_frame_samples=28 keystroke_to_frame_median_ms=4.835 keystroke_to_frame_p95_ms=5.430 keystroke_to_frame_p99_ms=13.843 keystroke_to_frame_max_ms=13.843 frame_interval_samples=61 frame_interval_median_ms=11.785 frame_interval_p95_ms=49.630 frame_interval_p99_ms=1509.358 frame_interval_max_ms=1509.358 layout_samples=62 layout_median_ms=0.212 layout_p95_ms=0.583 layout_p99_ms=3.331 layout_max_ms=3.331
hane_metrics keystroke_to_model_samples=29 keystroke_to_model_median_ms=0.011 keystroke_to_model_p95_ms=0.022 keystroke_to_model_p99_ms=0.023 keystroke_to_model_max_ms=0.023 keystroke_to_frame_samples=29 keystroke_to_frame_median_ms=4.835 keystroke_to_frame_p95_ms=5.430 keystroke_to_frame_p99_ms=13.843 keystroke_to_frame_max_ms=13.843 frame_interval_samples=63 frame_interval_median_ms=11.785 frame_interval_p95_ms=49.630 frame_interval_p99_ms=1509.358 frame_interval_max_ms=1509.358 layout_samples=64 layout_median_ms=0.212 layout_p95_ms=0.583 layout_p99_ms=3.331 layout_max_ms=3.331
hane_metrics keystroke_to_model_samples=30 keystroke_to_model_median_ms=0.011 keystroke_to_model_p95_ms=0.022 keystroke_to_model_p99_ms=0.023 keystroke_to_model_max_ms=0.023 keystroke_to_frame_samples=30 keystroke_to_frame_median_ms=4.786 keystroke_to_frame_p95_ms=5.430 keystroke_to_frame_p99_ms=13.843 keystroke_to_frame_max_ms=13.843 frame_interval_samples=65 frame_interval_median_ms=11.785 frame_interval_p95_ms=49.630 frame_interval_p99_ms=1509.358 frame_interval_max_ms=1509.358 layout_samples=66 layout_median_ms=0.212 layout_p95_ms=0.583 layout_p99_ms=3.331 layout_max_ms=3.331
hane_metrics keystroke_to_model_samples=31 keystroke_to_model_median_ms=0.011 keystroke_to_model_p95_ms=0.022 keystroke_to_model_p99_ms=0.023 keystroke_to_model_max_ms=0.023 keystroke_to_frame_samples=31 keystroke_to_frame_median_ms=4.786 keystroke_to_frame_p95_ms=5.430 keystroke_to_frame_p99_ms=13.843 keystroke_to_frame_max_ms=13.843 frame_interval_samples=67 frame_interval_median_ms=11.765 frame_interval_p95_ms=49.630 frame_interval_p99_ms=1509.358 frame_interval_max_ms=1509.358 layout_samples=68 layout_median_ms=0.223 layout_p95_ms=0.583 layout_p99_ms=3.331 layout_max_ms=3.331
hane_metrics keystroke_to_model_samples=32 keystroke_to_model_median_ms=0.011 keystroke_to_model_p95_ms=0.022 keystroke_to_model_p99_ms=0.023 keystroke_to_model_max_ms=0.023 keystroke_to_frame_samples=32 keystroke_to_frame_median_ms=4.778 keystroke_to_frame_p95_ms=5.430 keystroke_to_frame_p99_ms=13.843 keystroke_to_frame_max_ms=13.843 frame_interval_samples=69 frame_interval_median_ms=11.765 frame_interval_p95_ms=49.630 frame_interval_p99_ms=1509.358 frame_interval_max_ms=1509.358 layout_samples=70 layout_median_ms=0.223 layout_p95_ms=0.583 layout_p99_ms=3.331 layout_max_ms=3.331
hane_metrics keystroke_to_model_samples=33 keystroke_to_model_median_ms=0.011 keystroke_to_model_p95_ms=0.023 keystroke_to_model_p99_ms=0.025 keystroke_to_model_max_ms=0.025 keystroke_to_frame_samples=33 keystroke_to_frame_median_ms=4.786 keystroke_to_frame_p95_ms=5.430 keystroke_to_frame_p99_ms=13.843 keystroke_to_frame_max_ms=13.843 frame_interval_samples=71 frame_interval_median_ms=11.765 frame_interval_p95_ms=49.630 frame_interval_p99_ms=1509.358 frame_interval_max_ms=1509.358 layout_samples=72 layout_median_ms=0.223 layout_p95_ms=0.590 layout_p99_ms=3.331 layout_max_ms=3.331
hane_metrics keystroke_to_model_samples=34 keystroke_to_model_median_ms=0.011 keystroke_to_model_p95_ms=0.023 keystroke_to_model_p99_ms=0.025 keystroke_to_model_max_ms=0.025 keystroke_to_frame_samples=34 keystroke_to_frame_median_ms=4.778 keystroke_to_frame_p95_ms=5.430 keystroke_to_frame_p99_ms=13.843 keystroke_to_frame_max_ms=13.843 frame_interval_samples=73 frame_interval_median_ms=11.765 frame_interval_p95_ms=49.630 frame_interval_p99_ms=1509.358 frame_interval_max_ms=1509.358 layout_samples=74 layout_median_ms=0.246 layout_p95_ms=0.590 layout_p99_ms=3.331 layout_max_ms=3.331
hane_metrics keystroke_to_model_samples=35 keystroke_to_model_median_ms=0.011 keystroke_to_model_p95_ms=0.023 keystroke_to_model_p99_ms=0.025 keystroke_to_model_max_ms=0.025 keystroke_to_frame_samples=35 keystroke_to_frame_median_ms=4.778 keystroke_to_frame_p95_ms=5.430 keystroke_to_frame_p99_ms=13.843 keystroke_to_frame_max_ms=13.843 frame_interval_samples=75 frame_interval_median_ms=11.765 frame_interval_p95_ms=49.630 frame_interval_p99_ms=1509.358 frame_interval_max_ms=1509.358 layout_samples=76 layout_median_ms=0.246 layout_p95_ms=0.590 layout_p99_ms=3.331 layout_max_ms=3.331

--- source_file: issue23-input-feedda4/paragraphs_end/hane.log ---
hane_ready startup_time_ms=190.265 file_open_time_ms=76.056 rss_bytes=86736896
hane_metrics keystroke_to_model_samples=1 keystroke_to_model_median_ms=0.007 keystroke_to_model_p95_ms=0.007 keystroke_to_model_p99_ms=0.007 keystroke_to_model_max_ms=0.007 keystroke_to_frame_samples=1 keystroke_to_frame_median_ms=34.146 keystroke_to_frame_p95_ms=34.146 keystroke_to_frame_p99_ms=34.146 keystroke_to_frame_max_ms=34.146 frame_interval_samples=6 frame_interval_median_ms=49.767 frame_interval_p95_ms=338.389 frame_interval_p99_ms=338.389 frame_interval_max_ms=338.389 layout_samples=7 layout_median_ms=0.441 layout_p95_ms=3.181 layout_p99_ms=3.181 layout_max_ms=3.181
hane_metrics keystroke_to_model_samples=2 keystroke_to_model_median_ms=0.006 keystroke_to_model_p95_ms=0.007 keystroke_to_model_p99_ms=0.007 keystroke_to_model_max_ms=0.007 keystroke_to_frame_samples=2 keystroke_to_frame_median_ms=27.628 keystroke_to_frame_p95_ms=34.146 keystroke_to_frame_p99_ms=34.146 keystroke_to_frame_max_ms=34.146 frame_interval_samples=7 frame_interval_median_ms=49.767 frame_interval_p95_ms=338.389 frame_interval_p99_ms=338.389 frame_interval_max_ms=338.389 layout_samples=8 layout_median_ms=0.409 layout_p95_ms=3.181 layout_p99_ms=3.181 layout_max_ms=3.181
hane_metrics keystroke_to_model_samples=3 keystroke_to_model_median_ms=0.006 keystroke_to_model_p95_ms=0.007 keystroke_to_model_p99_ms=0.007 keystroke_to_model_max_ms=0.007 keystroke_to_frame_samples=3 keystroke_to_frame_median_ms=34.146 keystroke_to_frame_p95_ms=36.179 keystroke_to_frame_p99_ms=36.179 keystroke_to_frame_max_ms=36.179 frame_interval_samples=8 frame_interval_median_ms=37.817 frame_interval_p95_ms=338.389 frame_interval_p99_ms=338.389 frame_interval_max_ms=338.389 layout_samples=9 layout_median_ms=0.409 layout_p95_ms=3.181 layout_p99_ms=3.181 layout_max_ms=3.181
hane_metrics keystroke_to_model_samples=4 keystroke_to_model_median_ms=0.006 keystroke_to_model_p95_ms=0.007 keystroke_to_model_p99_ms=0.007 keystroke_to_model_max_ms=0.007 keystroke_to_frame_samples=4 keystroke_to_frame_median_ms=30.566 keystroke_to_frame_p95_ms=36.179 keystroke_to_frame_p99_ms=36.179 keystroke_to_frame_max_ms=36.179 frame_interval_samples=9 frame_interval_median_ms=37.817 frame_interval_p95_ms=338.389 frame_interval_p99_ms=338.389 frame_interval_max_ms=338.389 layout_samples=10 layout_median_ms=0.292 layout_p95_ms=3.181 layout_p99_ms=3.181 layout_max_ms=3.181
hane_metrics keystroke_to_model_samples=5 keystroke_to_model_median_ms=0.006 keystroke_to_model_p95_ms=0.007 keystroke_to_model_p99_ms=0.007 keystroke_to_model_max_ms=0.007 keystroke_to_frame_samples=5 keystroke_to_frame_median_ms=30.566 keystroke_to_frame_p95_ms=36.179 keystroke_to_frame_p99_ms=36.179 keystroke_to_frame_max_ms=36.179 frame_interval_samples=10 frame_interval_median_ms=34.976 frame_interval_p95_ms=338.389 frame_interval_p99_ms=338.389 frame_interval_max_ms=338.389 layout_samples=11 layout_median_ms=0.292 layout_p95_ms=3.181 layout_p99_ms=3.181 layout_max_ms=3.181
hane_metrics keystroke_to_model_samples=6 keystroke_to_model_median_ms=0.006 keystroke_to_model_p95_ms=0.008 keystroke_to_model_p99_ms=0.008 keystroke_to_model_max_ms=0.008 keystroke_to_frame_samples=6 keystroke_to_frame_median_ms=30.566 keystroke_to_frame_p95_ms=44.017 keystroke_to_frame_p99_ms=44.017 keystroke_to_frame_max_ms=44.017 frame_interval_samples=15 frame_interval_median_ms=39.816 frame_interval_p95_ms=1403.267 frame_interval_p99_ms=1403.267 frame_interval_max_ms=1403.267 layout_samples=16 layout_median_ms=0.256 layout_p95_ms=3.181 layout_p99_ms=3.181 layout_max_ms=3.181
hane_metrics keystroke_to_model_samples=7 keystroke_to_model_median_ms=0.006 keystroke_to_model_p95_ms=0.013 keystroke_to_model_p99_ms=0.013 keystroke_to_model_max_ms=0.013 keystroke_to_frame_samples=7 keystroke_to_frame_median_ms=30.566 keystroke_to_frame_p95_ms=44.017 keystroke_to_frame_p99_ms=44.017 keystroke_to_frame_max_ms=44.017 frame_interval_samples=16 frame_interval_median_ms=37.817 frame_interval_p95_ms=1403.267 frame_interval_p99_ms=1403.267 frame_interval_max_ms=1403.267 layout_samples=17 layout_median_ms=0.277 layout_p95_ms=3.181 layout_p99_ms=3.181 layout_max_ms=3.181
hane_metrics keystroke_to_model_samples=8 keystroke_to_model_median_ms=0.006 keystroke_to_model_p95_ms=0.013 keystroke_to_model_p99_ms=0.013 keystroke_to_model_max_ms=0.013 keystroke_to_frame_samples=8 keystroke_to_frame_median_ms=30.566 keystroke_to_frame_p95_ms=44.017 keystroke_to_frame_p99_ms=44.017 keystroke_to_frame_max_ms=44.017 frame_interval_samples=17 frame_interval_median_ms=37.817 frame_interval_p95_ms=1403.267 frame_interval_p99_ms=1403.267 frame_interval_max_ms=1403.267 layout_samples=18 layout_median_ms=0.262 layout_p95_ms=3.181 layout_p99_ms=3.181 layout_max_ms=3.181
hane_metrics keystroke_to_model_samples=9 keystroke_to_model_median_ms=0.006 keystroke_to_model_p95_ms=0.013 keystroke_to_model_p99_ms=0.013 keystroke_to_model_max_ms=0.013 keystroke_to_frame_samples=9 keystroke_to_frame_median_ms=30.566 keystroke_to_frame_p95_ms=44.017 keystroke_to_frame_p99_ms=44.017 keystroke_to_frame_max_ms=44.017 frame_interval_samples=18 frame_interval_median_ms=34.976 frame_interval_p95_ms=1403.267 frame_interval_p99_ms=1403.267 frame_interval_max_ms=1403.267 layout_samples=19 layout_median_ms=0.262 layout_p95_ms=3.181 layout_p99_ms=3.181 layout_max_ms=3.181
hane_metrics keystroke_to_model_samples=10 keystroke_to_model_median_ms=0.005 keystroke_to_model_p95_ms=0.013 keystroke_to_model_p99_ms=0.013 keystroke_to_model_max_ms=0.013 keystroke_to_frame_samples=10 keystroke_to_frame_median_ms=30.566 keystroke_to_frame_p95_ms=44.017 keystroke_to_frame_p99_ms=44.017 keystroke_to_frame_max_ms=44.017 frame_interval_samples=19 frame_interval_median_ms=34.976 frame_interval_p95_ms=1403.267 frame_interval_p99_ms=1403.267 frame_interval_max_ms=1403.267 layout_samples=20 layout_median_ms=0.256 layout_p95_ms=3.051 layout_p99_ms=3.181 layout_max_ms=3.181
hane_metrics keystroke_to_model_samples=11 keystroke_to_model_median_ms=0.005 keystroke_to_model_p95_ms=0.013 keystroke_to_model_p99_ms=0.013 keystroke_to_model_max_ms=0.013 keystroke_to_frame_samples=11 keystroke_to_frame_median_ms=32.800 keystroke_to_frame_p95_ms=44.017 keystroke_to_frame_p99_ms=44.017 keystroke_to_frame_max_ms=44.017 frame_interval_samples=20 frame_interval_median_ms=33.822 frame_interval_p95_ms=338.389 frame_interval_p99_ms=1403.267 frame_interval_max_ms=1403.267 layout_samples=21 layout_median_ms=0.256 layout_p95_ms=3.051 layout_p99_ms=3.181 layout_max_ms=3.181
hane_metrics keystroke_to_model_samples=12 keystroke_to_model_median_ms=0.004 keystroke_to_model_p95_ms=0.013 keystroke_to_model_p99_ms=0.013 keystroke_to_model_max_ms=0.013 keystroke_to_frame_samples=12 keystroke_to_frame_median_ms=32.800 keystroke_to_frame_p95_ms=44.017 keystroke_to_frame_p99_ms=44.017 keystroke_to_frame_max_ms=44.017 frame_interval_samples=21 frame_interval_median_ms=33.822 frame_interval_p95_ms=338.389 frame_interval_p99_ms=1403.267 frame_interval_max_ms=1403.267 layout_samples=22 layout_median_ms=0.252 layout_p95_ms=3.051 layout_p99_ms=3.181 layout_max_ms=3.181
hane_metrics keystroke_to_model_samples=13 keystroke_to_model_median_ms=0.004 keystroke_to_model_p95_ms=0.013 keystroke_to_model_p99_ms=0.013 keystroke_to_model_max_ms=0.013 keystroke_to_frame_samples=13 keystroke_to_frame_median_ms=33.000 keystroke_to_frame_p95_ms=44.017 keystroke_to_frame_p99_ms=44.017 keystroke_to_frame_max_ms=44.017 frame_interval_samples=22 frame_interval_median_ms=33.545 frame_interval_p95_ms=338.389 frame_interval_p99_ms=1403.267 frame_interval_max_ms=1403.267 layout_samples=23 layout_median_ms=0.252 layout_p95_ms=3.051 layout_p99_ms=3.181 layout_max_ms=3.181
hane_metrics keystroke_to_model_samples=14 keystroke_to_model_median_ms=0.004 keystroke_to_model_p95_ms=0.013 keystroke_to_model_p99_ms=0.013 keystroke_to_model_max_ms=0.013 keystroke_to_frame_samples=14 keystroke_to_frame_median_ms=33.000 keystroke_to_frame_p95_ms=44.017 keystroke_to_frame_p99_ms=44.017 keystroke_to_frame_max_ms=44.017 frame_interval_samples=23 frame_interval_median_ms=33.545 frame_interval_p95_ms=338.389 frame_interval_p99_ms=1403.267 frame_interval_max_ms=1403.267 layout_samples=24 layout_median_ms=0.248 layout_p95_ms=3.051 layout_p99_ms=3.181 layout_max_ms=3.181
hane_metrics keystroke_to_model_samples=15 keystroke_to_model_median_ms=0.004 keystroke_to_model_p95_ms=0.013 keystroke_to_model_p99_ms=0.013 keystroke_to_model_max_ms=0.013 keystroke_to_frame_samples=15 keystroke_to_frame_median_ms=33.000 keystroke_to_frame_p95_ms=44.017 keystroke_to_frame_p99_ms=44.017 keystroke_to_frame_max_ms=44.017 frame_interval_samples=24 frame_interval_median_ms=33.464 frame_interval_p95_ms=338.389 frame_interval_p99_ms=1403.267 frame_interval_max_ms=1403.267 layout_samples=25 layout_median_ms=0.248 layout_p95_ms=3.051 layout_p99_ms=3.181 layout_max_ms=3.181
hane_metrics keystroke_to_model_samples=16 keystroke_to_model_median_ms=0.004 keystroke_to_model_p95_ms=0.013 keystroke_to_model_p99_ms=0.013 keystroke_to_model_max_ms=0.013 keystroke_to_frame_samples=16 keystroke_to_frame_median_ms=33.000 keystroke_to_frame_p95_ms=44.017 keystroke_to_frame_p99_ms=44.017 keystroke_to_frame_max_ms=44.017 frame_interval_samples=25 frame_interval_median_ms=33.464 frame_interval_p95_ms=338.389 frame_interval_p99_ms=1403.267 frame_interval_max_ms=1403.267 layout_samples=26 layout_median_ms=0.234 layout_p95_ms=3.051 layout_p99_ms=3.181 layout_max_ms=3.181
hane_metrics keystroke_to_model_samples=17 keystroke_to_model_median_ms=0.004 keystroke_to_model_p95_ms=0.013 keystroke_to_model_p99_ms=0.013 keystroke_to_model_max_ms=0.013 keystroke_to_frame_samples=17 keystroke_to_frame_median_ms=33.000 keystroke_to_frame_p95_ms=44.017 keystroke_to_frame_p99_ms=44.017 keystroke_to_frame_max_ms=44.017 frame_interval_samples=26 frame_interval_median_ms=33.453 frame_interval_p95_ms=338.389 frame_interval_p99_ms=1403.267 frame_interval_max_ms=1403.267 layout_samples=27 layout_median_ms=0.234 layout_p95_ms=3.051 layout_p99_ms=3.181 layout_max_ms=3.181
hane_metrics keystroke_to_model_samples=18 keystroke_to_model_median_ms=0.004 keystroke_to_model_p95_ms=0.013 keystroke_to_model_p99_ms=0.013 keystroke_to_model_max_ms=0.013 keystroke_to_frame_samples=18 keystroke_to_frame_median_ms=33.000 keystroke_to_frame_p95_ms=44.017 keystroke_to_frame_p99_ms=44.017 keystroke_to_frame_max_ms=44.017 frame_interval_samples=27 frame_interval_median_ms=33.464 frame_interval_p95_ms=338.389 frame_interval_p99_ms=1403.267 frame_interval_max_ms=1403.267 layout_samples=28 layout_median_ms=0.234 layout_p95_ms=3.051 layout_p99_ms=3.181 layout_max_ms=3.181
hane_metrics keystroke_to_model_samples=19 keystroke_to_model_median_ms=0.004 keystroke_to_model_p95_ms=0.013 keystroke_to_model_p99_ms=0.013 keystroke_to_model_max_ms=0.013 keystroke_to_frame_samples=19 keystroke_to_frame_median_ms=33.045 keystroke_to_frame_p95_ms=44.017 keystroke_to_frame_p99_ms=44.017 keystroke_to_frame_max_ms=44.017 frame_interval_samples=28 frame_interval_median_ms=33.464 frame_interval_p95_ms=338.389 frame_interval_p99_ms=1403.267 frame_interval_max_ms=1403.267 layout_samples=29 layout_median_ms=0.234 layout_p95_ms=3.051 layout_p99_ms=3.181 layout_max_ms=3.181
hane_metrics keystroke_to_model_samples=20 keystroke_to_model_median_ms=0.004 keystroke_to_model_p95_ms=0.008 keystroke_to_model_p99_ms=0.013 keystroke_to_model_max_ms=0.013 keystroke_to_frame_samples=20 keystroke_to_frame_median_ms=33.045 keystroke_to_frame_p95_ms=36.179 keystroke_to_frame_p99_ms=44.017 keystroke_to_frame_max_ms=44.017 frame_interval_samples=29 frame_interval_median_ms=33.545 frame_interval_p95_ms=338.389 frame_interval_p99_ms=1403.267 frame_interval_max_ms=1403.267 layout_samples=30 layout_median_ms=0.233 layout_p95_ms=3.051 layout_p99_ms=3.181 layout_max_ms=3.181
hane_metrics keystroke_to_model_samples=21 keystroke_to_model_median_ms=0.004 keystroke_to_model_p95_ms=0.008 keystroke_to_model_p99_ms=0.013 keystroke_to_model_max_ms=0.013 keystroke_to_frame_samples=21 keystroke_to_frame_median_ms=33.095 keystroke_to_frame_p95_ms=36.179 keystroke_to_frame_p99_ms=44.017 keystroke_to_frame_max_ms=44.017 frame_interval_samples=30 frame_interval_median_ms=33.545 frame_interval_p95_ms=338.389 frame_interval_p99_ms=1403.267 frame_interval_max_ms=1403.267 layout_samples=31 layout_median_ms=0.233 layout_p95_ms=3.051 layout_p99_ms=3.181 layout_max_ms=3.181
hane_metrics keystroke_to_model_samples=22 keystroke_to_model_median_ms=0.003 keystroke_to_model_p95_ms=0.008 keystroke_to_model_p99_ms=0.013 keystroke_to_model_max_ms=0.013 keystroke_to_frame_samples=22 keystroke_to_frame_median_ms=33.095 keystroke_to_frame_p95_ms=36.179 keystroke_to_frame_p99_ms=44.017 keystroke_to_frame_max_ms=44.017 frame_interval_samples=31 frame_interval_median_ms=33.622 frame_interval_p95_ms=338.389 frame_interval_p99_ms=1403.267 frame_interval_max_ms=1403.267 layout_samples=32 layout_median_ms=0.233 layout_p95_ms=3.051 layout_p99_ms=3.181 layout_max_ms=3.181
hane_metrics keystroke_to_model_samples=23 keystroke_to_model_median_ms=0.003 keystroke_to_model_p95_ms=0.008 keystroke_to_model_p99_ms=0.013 keystroke_to_model_max_ms=0.013 keystroke_to_frame_samples=23 keystroke_to_frame_median_ms=33.095 keystroke_to_frame_p95_ms=36.179 keystroke_to_frame_p99_ms=44.017 keystroke_to_frame_max_ms=44.017 frame_interval_samples=32 frame_interval_median_ms=33.545 frame_interval_p95_ms=338.389 frame_interval_p99_ms=1403.267 frame_interval_max_ms=1403.267 layout_samples=33 layout_median_ms=0.233 layout_p95_ms=3.051 layout_p99_ms=3.181 layout_max_ms=3.181
hane_metrics keystroke_to_model_samples=24 keystroke_to_model_median_ms=0.003 keystroke_to_model_p95_ms=0.008 keystroke_to_model_p99_ms=0.013 keystroke_to_model_max_ms=0.013 keystroke_to_frame_samples=24 keystroke_to_frame_median_ms=33.095 keystroke_to_frame_p95_ms=36.179 keystroke_to_frame_p99_ms=44.017 keystroke_to_frame_max_ms=44.017 frame_interval_samples=33 frame_interval_median_ms=33.622 frame_interval_p95_ms=338.389 frame_interval_p99_ms=1403.267 frame_interval_max_ms=1403.267 layout_samples=34 layout_median_ms=0.233 layout_p95_ms=3.051 layout_p99_ms=3.181 layout_max_ms=3.181
hane_metrics keystroke_to_model_samples=25 keystroke_to_model_median_ms=0.003 keystroke_to_model_p95_ms=0.008 keystroke_to_model_p99_ms=0.013 keystroke_to_model_max_ms=0.013 keystroke_to_frame_samples=25 keystroke_to_frame_median_ms=33.103 keystroke_to_frame_p95_ms=36.179 keystroke_to_frame_p99_ms=44.017 keystroke_to_frame_max_ms=44.017 frame_interval_samples=34 frame_interval_median_ms=33.622 frame_interval_p95_ms=338.389 frame_interval_p99_ms=1403.267 frame_interval_max_ms=1403.267 layout_samples=35 layout_median_ms=0.233 layout_p95_ms=3.051 layout_p99_ms=3.181 layout_max_ms=3.181
hane_metrics keystroke_to_model_samples=26 keystroke_to_model_median_ms=0.003 keystroke_to_model_p95_ms=0.008 keystroke_to_model_p99_ms=0.013 keystroke_to_model_max_ms=0.013 keystroke_to_frame_samples=26 keystroke_to_frame_median_ms=33.103 keystroke_to_frame_p95_ms=36.179 keystroke_to_frame_p99_ms=44.017 keystroke_to_frame_max_ms=44.017 frame_interval_samples=35 frame_interval_median_ms=33.639 frame_interval_p95_ms=338.389 frame_interval_p99_ms=1403.267 frame_interval_max_ms=1403.267 layout_samples=36 layout_median_ms=0.232 layout_p95_ms=3.051 layout_p99_ms=3.181 layout_max_ms=3.181
hane_metrics keystroke_to_model_samples=27 keystroke_to_model_median_ms=0.003 keystroke_to_model_p95_ms=0.008 keystroke_to_model_p99_ms=0.013 keystroke_to_model_max_ms=0.013 keystroke_to_frame_samples=27 keystroke_to_frame_median_ms=33.120 keystroke_to_frame_p95_ms=36.179 keystroke_to_frame_p99_ms=44.017 keystroke_to_frame_max_ms=44.017 frame_interval_samples=36 frame_interval_median_ms=33.639 frame_interval_p95_ms=338.389 frame_interval_p99_ms=1403.267 frame_interval_max_ms=1403.267 layout_samples=37 layout_median_ms=0.232 layout_p95_ms=3.051 layout_p99_ms=3.181 layout_max_ms=3.181
hane_metrics keystroke_to_model_samples=28 keystroke_to_model_median_ms=0.003 keystroke_to_model_p95_ms=0.008 keystroke_to_model_p99_ms=0.013 keystroke_to_model_max_ms=0.013 keystroke_to_frame_samples=28 keystroke_to_frame_median_ms=33.120 keystroke_to_frame_p95_ms=36.179 keystroke_to_frame_p99_ms=44.017 keystroke_to_frame_max_ms=44.017 frame_interval_samples=37 frame_interval_median_ms=33.700 frame_interval_p95_ms=338.389 frame_interval_p99_ms=1403.267 frame_interval_max_ms=1403.267 layout_samples=38 layout_median_ms=0.231 layout_p95_ms=3.051 layout_p99_ms=3.181 layout_max_ms=3.181
hane_metrics keystroke_to_model_samples=29 keystroke_to_model_median_ms=0.003 keystroke_to_model_p95_ms=0.008 keystroke_to_model_p99_ms=0.013 keystroke_to_model_max_ms=0.013 keystroke_to_frame_samples=29 keystroke_to_frame_median_ms=33.241 keystroke_to_frame_p95_ms=36.179 keystroke_to_frame_p99_ms=44.017 keystroke_to_frame_max_ms=44.017 frame_interval_samples=38 frame_interval_median_ms=33.700 frame_interval_p95_ms=338.389 frame_interval_p99_ms=1403.267 frame_interval_max_ms=1403.267 layout_samples=39 layout_median_ms=0.231 layout_p95_ms=3.051 layout_p99_ms=3.181 layout_max_ms=3.181
hane_metrics keystroke_to_model_samples=30 keystroke_to_model_median_ms=0.003 keystroke_to_model_p95_ms=0.008 keystroke_to_model_p99_ms=0.013 keystroke_to_model_max_ms=0.013 keystroke_to_frame_samples=30 keystroke_to_frame_median_ms=33.241 keystroke_to_frame_p95_ms=36.179 keystroke_to_frame_p99_ms=44.017 keystroke_to_frame_max_ms=44.017 frame_interval_samples=39 frame_interval_median_ms=33.703 frame_interval_p95_ms=338.389 frame_interval_p99_ms=1403.267 frame_interval_max_ms=1403.267 layout_samples=40 layout_median_ms=0.227 layout_p95_ms=2.139 layout_p99_ms=3.181 layout_max_ms=3.181
hane_metrics keystroke_to_model_samples=31 keystroke_to_model_median_ms=0.003 keystroke_to_model_p95_ms=0.008 keystroke_to_model_p99_ms=0.013 keystroke_to_model_max_ms=0.013 keystroke_to_frame_samples=31 keystroke_to_frame_median_ms=33.257 keystroke_to_frame_p95_ms=36.179 keystroke_to_frame_p99_ms=44.017 keystroke_to_frame_max_ms=44.017 frame_interval_samples=40 frame_interval_median_ms=33.703 frame_interval_p95_ms=65.315 frame_interval_p99_ms=1403.267 frame_interval_max_ms=1403.267 layout_samples=41 layout_median_ms=0.227 layout_p95_ms=2.139 layout_p99_ms=3.181 layout_max_ms=3.181
hane_metrics keystroke_to_model_samples=32 keystroke_to_model_median_ms=0.003 keystroke_to_model_p95_ms=0.008 keystroke_to_model_p99_ms=0.013 keystroke_to_model_max_ms=0.013 keystroke_to_frame_samples=32 keystroke_to_frame_median_ms=33.257 keystroke_to_frame_p95_ms=36.179 keystroke_to_frame_p99_ms=44.017 keystroke_to_frame_max_ms=44.017 frame_interval_samples=41 frame_interval_median_ms=33.822 frame_interval_p95_ms=65.315 frame_interval_p99_ms=1403.267 frame_interval_max_ms=1403.267 layout_samples=42 layout_median_ms=0.227 layout_p95_ms=2.139 layout_p99_ms=3.181 layout_max_ms=3.181
hane_metrics keystroke_to_model_samples=33 keystroke_to_model_median_ms=0.003 keystroke_to_model_p95_ms=0.008 keystroke_to_model_p99_ms=0.013 keystroke_to_model_max_ms=0.013 keystroke_to_frame_samples=33 keystroke_to_frame_median_ms=33.261 keystroke_to_frame_p95_ms=36.179 keystroke_to_frame_p99_ms=44.017 keystroke_to_frame_max_ms=44.017 frame_interval_samples=42 frame_interval_median_ms=33.703 frame_interval_p95_ms=65.315 frame_interval_p99_ms=1403.267 frame_interval_max_ms=1403.267 layout_samples=43 layout_median_ms=0.227 layout_p95_ms=2.139 layout_p99_ms=3.181 layout_max_ms=3.181
hane_metrics keystroke_to_model_samples=34 keystroke_to_model_median_ms=0.003 keystroke_to_model_p95_ms=0.008 keystroke_to_model_p99_ms=0.013 keystroke_to_model_max_ms=0.013 keystroke_to_frame_samples=34 keystroke_to_frame_median_ms=33.261 keystroke_to_frame_p95_ms=36.179 keystroke_to_frame_p99_ms=44.017 keystroke_to_frame_max_ms=44.017 frame_interval_samples=43 frame_interval_median_ms=33.798 frame_interval_p95_ms=65.315 frame_interval_p99_ms=1403.267 frame_interval_max_ms=1403.267 layout_samples=44 layout_median_ms=0.227 layout_p95_ms=2.139 layout_p99_ms=3.181 layout_max_ms=3.181
hane_metrics keystroke_to_model_samples=35 keystroke_to_model_median_ms=0.003 keystroke_to_model_p95_ms=0.008 keystroke_to_model_p99_ms=0.013 keystroke_to_model_max_ms=0.013 keystroke_to_frame_samples=35 keystroke_to_frame_median_ms=33.300 keystroke_to_frame_p95_ms=36.179 keystroke_to_frame_p99_ms=44.017 keystroke_to_frame_max_ms=44.017 frame_interval_samples=44 frame_interval_median_ms=33.798 frame_interval_p95_ms=65.315 frame_interval_p99_ms=1403.267 frame_interval_max_ms=1403.267 layout_samples=45 layout_median_ms=0.227 layout_p95_ms=2.139 layout_p99_ms=3.181 layout_max_ms=3.181

--- source_file: issue23-input-feedda4/paragraphs_middle/hane.log ---
hane_ready startup_time_ms=180.936 file_open_time_ms=72.143 rss_bytes=86802432
hane_metrics keystroke_to_model_samples=1 keystroke_to_model_median_ms=0.010 keystroke_to_model_p95_ms=0.010 keystroke_to_model_p99_ms=0.010 keystroke_to_model_max_ms=0.010 keystroke_to_frame_samples=1 keystroke_to_frame_median_ms=38.387 keystroke_to_frame_p95_ms=38.387 keystroke_to_frame_p99_ms=38.387 keystroke_to_frame_max_ms=38.387 frame_interval_samples=6 frame_interval_median_ms=49.777 frame_interval_p95_ms=364.815 frame_interval_p99_ms=364.815 frame_interval_max_ms=364.815 layout_samples=7 layout_median_ms=0.503 layout_p95_ms=3.178 layout_p99_ms=3.178 layout_max_ms=3.178
hane_metrics keystroke_to_model_samples=2 keystroke_to_model_median_ms=0.010 keystroke_to_model_p95_ms=0.019 keystroke_to_model_p99_ms=0.019 keystroke_to_model_max_ms=0.019 keystroke_to_frame_samples=2 keystroke_to_frame_median_ms=28.276 keystroke_to_frame_p95_ms=38.387 keystroke_to_frame_p99_ms=38.387 keystroke_to_frame_max_ms=38.387 frame_interval_samples=7 frame_interval_median_ms=49.777 frame_interval_p95_ms=364.815 frame_interval_p99_ms=364.815 frame_interval_max_ms=364.815 layout_samples=8 layout_median_ms=0.366 layout_p95_ms=3.178 layout_p99_ms=3.178 layout_max_ms=3.178
hane_metrics keystroke_to_model_samples=3 keystroke_to_model_median_ms=0.010 keystroke_to_model_p95_ms=0.019 keystroke_to_model_p99_ms=0.019 keystroke_to_model_max_ms=0.019 keystroke_to_frame_samples=3 keystroke_to_frame_median_ms=28.283 keystroke_to_frame_p95_ms=38.387 keystroke_to_frame_p99_ms=38.387 keystroke_to_frame_max_ms=38.387 frame_interval_samples=8 frame_interval_median_ms=39.277 frame_interval_p95_ms=364.815 frame_interval_p99_ms=364.815 frame_interval_max_ms=364.815 layout_samples=9 layout_median_ms=0.366 layout_p95_ms=3.178 layout_p99_ms=3.178 layout_max_ms=3.178
hane_metrics keystroke_to_model_samples=4 keystroke_to_model_median_ms=0.004 keystroke_to_model_p95_ms=0.019 keystroke_to_model_p99_ms=0.019 keystroke_to_model_max_ms=0.019 keystroke_to_frame_samples=4 keystroke_to_frame_median_ms=28.283 keystroke_to_frame_p95_ms=38.387 keystroke_to_frame_p99_ms=38.387 keystroke_to_frame_max_ms=38.387 frame_interval_samples=9 frame_interval_median_ms=39.277 frame_interval_p95_ms=364.815 frame_interval_p99_ms=364.815 frame_interval_max_ms=364.815 layout_samples=10 layout_median_ms=0.366 layout_p95_ms=3.178 layout_p99_ms=3.178 layout_max_ms=3.178
hane_metrics keystroke_to_model_samples=5 keystroke_to_model_median_ms=0.010 keystroke_to_model_p95_ms=0.019 keystroke_to_model_p99_ms=0.019 keystroke_to_model_max_ms=0.019 keystroke_to_frame_samples=5 keystroke_to_frame_median_ms=30.850 keystroke_to_frame_p95_ms=38.387 keystroke_to_frame_p99_ms=38.387 keystroke_to_frame_max_ms=38.387 frame_interval_samples=10 frame_interval_median_ms=38.336 frame_interval_p95_ms=364.815 frame_interval_p99_ms=364.815 frame_interval_max_ms=364.815 layout_samples=11 layout_median_ms=0.393 layout_p95_ms=3.178 layout_p99_ms=3.178 layout_max_ms=3.178
hane_metrics keystroke_to_model_samples=6 keystroke_to_model_median_ms=0.006 keystroke_to_model_p95_ms=0.019 keystroke_to_model_p99_ms=0.019 keystroke_to_model_max_ms=0.019 keystroke_to_frame_samples=6 keystroke_to_frame_median_ms=30.850 keystroke_to_frame_p95_ms=38.387 keystroke_to_frame_p99_ms=38.387 keystroke_to_frame_max_ms=38.387 frame_interval_samples=15 frame_interval_median_ms=38.440 frame_interval_p95_ms=1378.748 frame_interval_p99_ms=1378.748 frame_interval_max_ms=1378.748 layout_samples=16 layout_median_ms=0.366 layout_p95_ms=3.178 layout_p99_ms=3.178 layout_max_ms=3.178
hane_metrics keystroke_to_model_samples=7 keystroke_to_model_median_ms=0.007 keystroke_to_model_p95_ms=0.019 keystroke_to_model_p99_ms=0.019 keystroke_to_model_max_ms=0.019 keystroke_to_frame_samples=7 keystroke_to_frame_median_ms=30.850 keystroke_to_frame_p95_ms=38.387 keystroke_to_frame_p99_ms=38.387 keystroke_to_frame_max_ms=38.387 frame_interval_samples=16 frame_interval_median_ms=38.336 frame_interval_p95_ms=1378.748 frame_interval_p99_ms=1378.748 frame_interval_max_ms=1378.748 layout_samples=17 layout_median_ms=0.366 layout_p95_ms=3.178 layout_p99_ms=3.178 layout_max_ms=3.178
hane_metrics keystroke_to_model_samples=8 keystroke_to_model_median_ms=0.006 keystroke_to_model_p95_ms=0.019 keystroke_to_model_p99_ms=0.019 keystroke_to_model_max_ms=0.019 keystroke_to_frame_samples=8 keystroke_to_frame_median_ms=29.211 keystroke_to_frame_p95_ms=38.387 keystroke_to_frame_p99_ms=38.387 keystroke_to_frame_max_ms=38.387 frame_interval_samples=17 frame_interval_median_ms=38.336 frame_interval_p95_ms=1378.748 frame_interval_p99_ms=1378.748 frame_interval_max_ms=1378.748 layout_samples=18 layout_median_ms=0.357 layout_p95_ms=3.178 layout_p99_ms=3.178 layout_max_ms=3.178
hane_metrics keystroke_to_model_samples=9 keystroke_to_model_median_ms=0.006 keystroke_to_model_p95_ms=0.019 keystroke_to_model_p99_ms=0.019 keystroke_to_model_max_ms=0.019 keystroke_to_frame_samples=9 keystroke_to_frame_median_ms=30.850 keystroke_to_frame_p95_ms=38.387 keystroke_to_frame_p99_ms=38.387 keystroke_to_frame_max_ms=38.387 frame_interval_samples=18 frame_interval_median_ms=32.793 frame_interval_p95_ms=1378.748 frame_interval_p99_ms=1378.748 frame_interval_max_ms=1378.748 layout_samples=19 layout_median_ms=0.357 layout_p95_ms=3.178 layout_p99_ms=3.178 layout_max_ms=3.178
hane_metrics keystroke_to_model_samples=10 keystroke_to_model_median_ms=0.004 keystroke_to_model_p95_ms=0.019 keystroke_to_model_p99_ms=0.019 keystroke_to_model_max_ms=0.019 keystroke_to_frame_samples=10 keystroke_to_frame_median_ms=30.850 keystroke_to_frame_p95_ms=38.387 keystroke_to_frame_p99_ms=38.387 keystroke_to_frame_max_ms=38.387 frame_interval_samples=19 frame_interval_median_ms=32.793 frame_interval_p95_ms=1378.748 frame_interval_p99_ms=1378.748 frame_interval_max_ms=1378.748 layout_samples=20 layout_median_ms=0.355 layout_p95_ms=3.078 layout_p99_ms=3.178 layout_max_ms=3.178
hane_metrics keystroke_to_model_samples=11 keystroke_to_model_median_ms=0.004 keystroke_to_model_p95_ms=0.019 keystroke_to_model_p99_ms=0.019 keystroke_to_model_max_ms=0.019 keystroke_to_frame_samples=11 keystroke_to_frame_median_ms=31.503 keystroke_to_frame_p95_ms=38.387 keystroke_to_frame_p99_ms=38.387 keystroke_to_frame_max_ms=38.387 frame_interval_samples=20 frame_interval_median_ms=32.793 frame_interval_p95_ms=364.815 frame_interval_p99_ms=1378.748 frame_interval_max_ms=1378.748 layout_samples=21 layout_median_ms=0.355 layout_p95_ms=3.078 layout_p99_ms=3.178 layout_max_ms=3.178
hane_metrics keystroke_to_model_samples=12 keystroke_to_model_median_ms=0.004 keystroke_to_model_p95_ms=0.019 keystroke_to_model_p99_ms=0.019 keystroke_to_model_max_ms=0.019 keystroke_to_frame_samples=12 keystroke_to_frame_median_ms=31.503 keystroke_to_frame_p95_ms=38.387 keystroke_to_frame_p99_ms=38.387 keystroke_to_frame_max_ms=38.387 frame_interval_samples=21 frame_interval_median_ms=32.793 frame_interval_p95_ms=364.815 frame_interval_p99_ms=1378.748 frame_interval_max_ms=1378.748 layout_samples=22 layout_median_ms=0.344 layout_p95_ms=3.078 layout_p99_ms=3.178 layout_max_ms=3.178
hane_metrics keystroke_to_model_samples=13 keystroke_to_model_median_ms=0.004 keystroke_to_model_p95_ms=0.019 keystroke_to_model_p99_ms=0.019 keystroke_to_model_max_ms=0.019 keystroke_to_frame_samples=13 keystroke_to_frame_median_ms=32.113 keystroke_to_frame_p95_ms=38.602 keystroke_to_frame_p99_ms=38.602 keystroke_to_frame_max_ms=38.602 frame_interval_samples=22 frame_interval_median_ms=32.793 frame_interval_p95_ms=364.815 frame_interval_p99_ms=1378.748 frame_interval_max_ms=1378.748 layout_samples=23 layout_median_ms=0.355 layout_p95_ms=3.078 layout_p99_ms=3.178 layout_max_ms=3.178
hane_metrics keystroke_to_model_samples=14 keystroke_to_model_median_ms=0.004 keystroke_to_model_p95_ms=0.019 keystroke_to_model_p99_ms=0.019 keystroke_to_model_max_ms=0.019 keystroke_to_frame_samples=14 keystroke_to_frame_median_ms=32.113 keystroke_to_frame_p95_ms=38.602 keystroke_to_frame_p99_ms=38.602 keystroke_to_frame_max_ms=38.602 frame_interval_samples=23 frame_interval_median_ms=32.894 frame_interval_p95_ms=364.815 frame_interval_p99_ms=1378.748 frame_interval_max_ms=1378.748 layout_samples=24 layout_median_ms=0.344 layout_p95_ms=3.078 layout_p99_ms=3.178 layout_max_ms=3.178
hane_metrics keystroke_to_model_samples=15 keystroke_to_model_median_ms=0.004 keystroke_to_model_p95_ms=0.019 keystroke_to_model_p99_ms=0.019 keystroke_to_model_max_ms=0.019 keystroke_to_frame_samples=15 keystroke_to_frame_median_ms=32.354 keystroke_to_frame_p95_ms=38.602 keystroke_to_frame_p99_ms=38.602 keystroke_to_frame_max_ms=38.602 frame_interval_samples=24 frame_interval_median_ms=32.894 frame_interval_p95_ms=364.815 frame_interval_p99_ms=1378.748 frame_interval_max_ms=1378.748 layout_samples=25 layout_median_ms=0.344 layout_p95_ms=3.078 layout_p99_ms=3.178 layout_max_ms=3.178
hane_metrics keystroke_to_model_samples=16 keystroke_to_model_median_ms=0.004 keystroke_to_model_p95_ms=0.019 keystroke_to_model_p99_ms=0.019 keystroke_to_model_max_ms=0.019 keystroke_to_frame_samples=16 keystroke_to_frame_median_ms=32.354 keystroke_to_frame_p95_ms=38.602 keystroke_to_frame_p99_ms=38.602 keystroke_to_frame_max_ms=38.602 frame_interval_samples=26 frame_interval_median_ms=32.891 frame_interval_p95_ms=364.815 frame_interval_p99_ms=1378.748 frame_interval_max_ms=1378.748 layout_samples=27 layout_median_ms=0.344 layout_p95_ms=3.078 layout_p99_ms=3.178 layout_max_ms=3.178
hane_metrics keystroke_to_model_samples=17 keystroke_to_model_median_ms=0.004 keystroke_to_model_p95_ms=0.019 keystroke_to_model_p99_ms=0.019 keystroke_to_model_max_ms=0.019 keystroke_to_frame_samples=17 keystroke_to_frame_median_ms=32.444 keystroke_to_frame_p95_ms=38.602 keystroke_to_frame_p99_ms=38.602 keystroke_to_frame_max_ms=38.602 frame_interval_samples=27 frame_interval_median_ms=32.891 frame_interval_p95_ms=364.815 frame_interval_p99_ms=1378.748 frame_interval_max_ms=1378.748 layout_samples=28 layout_median_ms=0.338 layout_p95_ms=3.078 layout_p99_ms=3.178 layout_max_ms=3.178
hane_metrics keystroke_to_model_samples=18 keystroke_to_model_median_ms=0.004 keystroke_to_model_p95_ms=0.019 keystroke_to_model_p99_ms=0.019 keystroke_to_model_max_ms=0.019 keystroke_to_frame_samples=18 keystroke_to_frame_median_ms=32.444 keystroke_to_frame_p95_ms=38.602 keystroke_to_frame_p99_ms=38.602 keystroke_to_frame_max_ms=38.602 frame_interval_samples=28 frame_interval_median_ms=32.891 frame_interval_p95_ms=364.815 frame_interval_p99_ms=1378.748 frame_interval_max_ms=1378.748 layout_samples=29 layout_median_ms=0.338 layout_p95_ms=3.078 layout_p99_ms=3.178 layout_max_ms=3.178
hane_metrics keystroke_to_model_samples=19 keystroke_to_model_median_ms=0.004 keystroke_to_model_p95_ms=0.019 keystroke_to_model_p99_ms=0.019 keystroke_to_model_max_ms=0.019 keystroke_to_frame_samples=19 keystroke_to_frame_median_ms=32.547 keystroke_to_frame_p95_ms=38.602 keystroke_to_frame_p99_ms=38.602 keystroke_to_frame_max_ms=38.602 frame_interval_samples=29 frame_interval_median_ms=32.894 frame_interval_p95_ms=364.815 frame_interval_p99_ms=1378.748 frame_interval_max_ms=1378.748 layout_samples=30 layout_median_ms=0.328 layout_p95_ms=3.078 layout_p99_ms=3.178 layout_max_ms=3.178
hane_metrics keystroke_to_model_samples=20 keystroke_to_model_median_ms=0.003 keystroke_to_model_p95_ms=0.011 keystroke_to_model_p99_ms=0.019 keystroke_to_model_max_ms=0.019 keystroke_to_frame_samples=20 keystroke_to_frame_median_ms=32.547 keystroke_to_frame_p95_ms=38.387 keystroke_to_frame_p99_ms=38.602 keystroke_to_frame_max_ms=38.602 frame_interval_samples=30 frame_interval_median_ms=32.894 frame_interval_p95_ms=364.815 frame_interval_p99_ms=1378.748 frame_interval_max_ms=1378.748 layout_samples=31 layout_median_ms=0.328 layout_p95_ms=3.078 layout_p99_ms=3.178 layout_max_ms=3.178
hane_metrics keystroke_to_model_samples=21 keystroke_to_model_median_ms=0.003 keystroke_to_model_p95_ms=0.011 keystroke_to_model_p99_ms=0.019 keystroke_to_model_max_ms=0.019 keystroke_to_frame_samples=21 keystroke_to_frame_median_ms=32.657 keystroke_to_frame_p95_ms=38.387 keystroke_to_frame_p99_ms=38.602 keystroke_to_frame_max_ms=38.602 frame_interval_samples=31 frame_interval_median_ms=33.248 frame_interval_p95_ms=364.815 frame_interval_p99_ms=1378.748 frame_interval_max_ms=1378.748 layout_samples=32 layout_median_ms=0.328 layout_p95_ms=3.078 layout_p99_ms=3.178 layout_max_ms=3.178
hane_metrics keystroke_to_model_samples=22 keystroke_to_model_median_ms=0.003 keystroke_to_model_p95_ms=0.011 keystroke_to_model_p99_ms=0.019 keystroke_to_model_max_ms=0.019 keystroke_to_frame_samples=22 keystroke_to_frame_median_ms=32.657 keystroke_to_frame_p95_ms=38.387 keystroke_to_frame_p99_ms=38.602 keystroke_to_frame_max_ms=38.602 frame_interval_samples=32 frame_interval_median_ms=33.248 frame_interval_p95_ms=364.815 frame_interval_p99_ms=1378.748 frame_interval_max_ms=1378.748 layout_samples=33 layout_median_ms=0.328 layout_p95_ms=3.078 layout_p99_ms=3.178 layout_max_ms=3.178
hane_metrics keystroke_to_model_samples=23 keystroke_to_model_median_ms=0.003 keystroke_to_model_p95_ms=0.011 keystroke_to_model_p99_ms=0.019 keystroke_to_model_max_ms=0.019 keystroke_to_frame_samples=23 keystroke_to_frame_median_ms=32.909 keystroke_to_frame_p95_ms=38.387 keystroke_to_frame_p99_ms=38.602 keystroke_to_frame_max_ms=38.602 frame_interval_samples=33 frame_interval_median_ms=33.803 frame_interval_p95_ms=364.815 frame_interval_p99_ms=1378.748 frame_interval_max_ms=1378.748 layout_samples=34 layout_median_ms=0.326 layout_p95_ms=3.078 layout_p99_ms=3.178 layout_max_ms=3.178
hane_metrics keystroke_to_model_samples=24 keystroke_to_model_median_ms=0.003 keystroke_to_model_p95_ms=0.011 keystroke_to_model_p99_ms=0.019 keystroke_to_model_max_ms=0.019 keystroke_to_frame_samples=24 keystroke_to_frame_median_ms=32.909 keystroke_to_frame_p95_ms=38.387 keystroke_to_frame_p99_ms=38.602 keystroke_to_frame_max_ms=38.602 frame_interval_samples=34 frame_interval_median_ms=33.779 frame_interval_p95_ms=364.815 frame_interval_p99_ms=1378.748 frame_interval_max_ms=1378.748 layout_samples=35 layout_median_ms=0.328 layout_p95_ms=3.078 layout_p99_ms=3.178 layout_max_ms=3.178
hane_metrics keystroke_to_model_samples=25 keystroke_to_model_median_ms=0.003 keystroke_to_model_p95_ms=0.011 keystroke_to_model_p99_ms=0.019 keystroke_to_model_max_ms=0.019 keystroke_to_frame_samples=25 keystroke_to_frame_median_ms=33.418 keystroke_to_frame_p95_ms=38.387 keystroke_to_frame_p99_ms=38.602 keystroke_to_frame_max_ms=38.602 frame_interval_samples=35 frame_interval_median_ms=33.803 frame_interval_p95_ms=364.815 frame_interval_p99_ms=1378.748 frame_interval_max_ms=1378.748 layout_samples=36 layout_median_ms=0.326 layout_p95_ms=3.078 layout_p99_ms=3.178 layout_max_ms=3.178
hane_metrics keystroke_to_model_samples=26 keystroke_to_model_median_ms=0.003 keystroke_to_model_p95_ms=0.011 keystroke_to_model_p99_ms=0.019 keystroke_to_model_max_ms=0.019 keystroke_to_frame_samples=26 keystroke_to_frame_median_ms=33.418 keystroke_to_frame_p95_ms=38.387 keystroke_to_frame_p99_ms=38.602 keystroke_to_frame_max_ms=38.602 frame_interval_samples=36 frame_interval_median_ms=33.803 frame_interval_p95_ms=364.815 frame_interval_p99_ms=1378.748 frame_interval_max_ms=1378.748 layout_samples=37 layout_median_ms=0.326 layout_p95_ms=3.078 layout_p99_ms=3.178 layout_max_ms=3.178
hane_metrics keystroke_to_model_samples=27 keystroke_to_model_median_ms=0.003 keystroke_to_model_p95_ms=0.011 keystroke_to_model_p99_ms=0.019 keystroke_to_model_max_ms=0.019 keystroke_to_frame_samples=27 keystroke_to_frame_median_ms=33.437 keystroke_to_frame_p95_ms=38.387 keystroke_to_frame_p99_ms=38.602 keystroke_to_frame_max_ms=38.602 frame_interval_samples=37 frame_interval_median_ms=33.892 frame_interval_p95_ms=364.815 frame_interval_p99_ms=1378.748 frame_interval_max_ms=1378.748 layout_samples=38 layout_median_ms=0.326 layout_p95_ms=3.078 layout_p99_ms=3.178 layout_max_ms=3.178
hane_metrics keystroke_to_model_samples=28 keystroke_to_model_median_ms=0.003 keystroke_to_model_p95_ms=0.011 keystroke_to_model_p99_ms=0.019 keystroke_to_model_max_ms=0.019 keystroke_to_frame_samples=28 keystroke_to_frame_median_ms=33.437 keystroke_to_frame_p95_ms=38.387 keystroke_to_frame_p99_ms=38.602 keystroke_to_frame_max_ms=38.602 frame_interval_samples=38 frame_interval_median_ms=33.892 frame_interval_p95_ms=364.815 frame_interval_p99_ms=1378.748 frame_interval_max_ms=1378.748 layout_samples=39 layout_median_ms=0.326 layout_p95_ms=3.078 layout_p99_ms=3.178 layout_max_ms=3.178
hane_metrics keystroke_to_model_samples=29 keystroke_to_model_median_ms=0.003 keystroke_to_model_p95_ms=0.011 keystroke_to_model_p99_ms=0.019 keystroke_to_model_max_ms=0.019 keystroke_to_frame_samples=29 keystroke_to_frame_median_ms=33.437 keystroke_to_frame_p95_ms=38.387 keystroke_to_frame_p99_ms=38.602 keystroke_to_frame_max_ms=38.602 frame_interval_samples=39 frame_interval_median_ms=33.892 frame_interval_p95_ms=364.815 frame_interval_p99_ms=1378.748 frame_interval_max_ms=1378.748 layout_samples=40 layout_median_ms=0.324 layout_p95_ms=2.966 layout_p99_ms=3.178 layout_max_ms=3.178
hane_metrics keystroke_to_model_samples=30 keystroke_to_model_median_ms=0.003 keystroke_to_model_p95_ms=0.011 keystroke_to_model_p99_ms=0.019 keystroke_to_model_max_ms=0.019 keystroke_to_frame_samples=30 keystroke_to_frame_median_ms=33.418 keystroke_to_frame_p95_ms=38.387 keystroke_to_frame_p99_ms=38.602 keystroke_to_frame_max_ms=38.602 frame_interval_samples=40 frame_interval_median_ms=33.803 frame_interval_p95_ms=62.895 frame_interval_p99_ms=1378.748 frame_interval_max_ms=1378.748 layout_samples=41 layout_median_ms=0.324 layout_p95_ms=2.966 layout_p99_ms=3.178 layout_max_ms=3.178
hane_metrics keystroke_to_model_samples=31 keystroke_to_model_median_ms=0.003 keystroke_to_model_p95_ms=0.011 keystroke_to_model_p99_ms=0.019 keystroke_to_model_max_ms=0.019 keystroke_to_frame_samples=31 keystroke_to_frame_median_ms=33.418 keystroke_to_frame_p95_ms=38.387 keystroke_to_frame_p99_ms=38.602 keystroke_to_frame_max_ms=38.602 frame_interval_samples=41 frame_interval_median_ms=33.803 frame_interval_p95_ms=62.895 frame_interval_p99_ms=1378.748 frame_interval_max_ms=1378.748 layout_samples=42 layout_median_ms=0.324 layout_p95_ms=2.966 layout_p99_ms=3.178 layout_max_ms=3.178
hane_metrics keystroke_to_model_samples=32 keystroke_to_model_median_ms=0.003 keystroke_to_model_p95_ms=0.011 keystroke_to_model_p99_ms=0.019 keystroke_to_model_max_ms=0.019 keystroke_to_frame_samples=32 keystroke_to_frame_median_ms=33.230 keystroke_to_frame_p95_ms=38.387 keystroke_to_frame_p99_ms=38.602 keystroke_to_frame_max_ms=38.602 frame_interval_samples=42 frame_interval_median_ms=33.779 frame_interval_p95_ms=62.895 frame_interval_p99_ms=1378.748 frame_interval_max_ms=1378.748 layout_samples=43 layout_median_ms=0.324 layout_p95_ms=2.966 layout_p99_ms=3.178 layout_max_ms=3.178
hane_metrics keystroke_to_model_samples=33 keystroke_to_model_median_ms=0.003 keystroke_to_model_p95_ms=0.011 keystroke_to_model_p99_ms=0.019 keystroke_to_model_max_ms=0.019 keystroke_to_frame_samples=33 keystroke_to_frame_median_ms=33.230 keystroke_to_frame_p95_ms=38.387 keystroke_to_frame_p99_ms=38.602 keystroke_to_frame_max_ms=38.602 frame_interval_samples=43 frame_interval_median_ms=33.779 frame_interval_p95_ms=62.895 frame_interval_p99_ms=1378.748 frame_interval_max_ms=1378.748 layout_samples=44 layout_median_ms=0.324 layout_p95_ms=2.966 layout_p99_ms=3.178 layout_max_ms=3.178
hane_metrics keystroke_to_model_samples=34 keystroke_to_model_median_ms=0.003 keystroke_to_model_p95_ms=0.011 keystroke_to_model_p99_ms=0.019 keystroke_to_model_max_ms=0.019 keystroke_to_frame_samples=34 keystroke_to_frame_median_ms=33.230 keystroke_to_frame_p95_ms=38.387 keystroke_to_frame_p99_ms=38.602 keystroke_to_frame_max_ms=38.602 frame_interval_samples=44 frame_interval_median_ms=33.702 frame_interval_p95_ms=62.895 frame_interval_p99_ms=1378.748 frame_interval_max_ms=1378.748 layout_samples=45 layout_median_ms=0.324 layout_p95_ms=2.966 layout_p99_ms=3.178 layout_max_ms=3.178
hane_metrics keystroke_to_model_samples=35 keystroke_to_model_median_ms=0.003 keystroke_to_model_p95_ms=0.011 keystroke_to_model_p99_ms=0.019 keystroke_to_model_max_ms=0.019 keystroke_to_frame_samples=35 keystroke_to_frame_median_ms=33.296 keystroke_to_frame_p95_ms=38.387 keystroke_to_frame_p99_ms=38.602 keystroke_to_frame_max_ms=38.602 frame_interval_samples=45 frame_interval_median_ms=33.779 frame_interval_p95_ms=62.895 frame_interval_p99_ms=1378.748 frame_interval_max_ms=1378.748 layout_samples=46 layout_median_ms=0.321 layout_p95_ms=2.966 layout_p99_ms=3.178 layout_max_ms=3.178

--- source_file: issue23-input-feedda4/paragraphs_scroll/hane.log ---
hane_ready startup_time_ms=193.946 file_open_time_ms=76.267 rss_bytes=86818816

--- source_file: issue23-input-feedda4/paragraphs_scroll_input/hane.log ---
hane_ready startup_time_ms=184.010 file_open_time_ms=70.667 rss_bytes=86704128
hane_metrics keystroke_to_model_samples=1 keystroke_to_model_median_ms=0.010 keystroke_to_model_p95_ms=0.010 keystroke_to_model_p99_ms=0.010 keystroke_to_model_max_ms=0.010 keystroke_to_frame_samples=1 keystroke_to_frame_median_ms=39.442 keystroke_to_frame_p95_ms=39.442 keystroke_to_frame_p99_ms=39.442 keystroke_to_frame_max_ms=39.442 frame_interval_samples=60 frame_interval_median_ms=8.325 frame_interval_p95_ms=9.319 frame_interval_p99_ms=64.235 frame_interval_max_ms=64.235 layout_samples=61 layout_median_ms=0.150 layout_p95_ms=0.243 layout_p99_ms=3.198 layout_max_ms=3.198
hane_metrics keystroke_to_model_samples=2 keystroke_to_model_median_ms=0.010 keystroke_to_model_p95_ms=0.020 keystroke_to_model_p99_ms=0.020 keystroke_to_model_max_ms=0.020 keystroke_to_frame_samples=2 keystroke_to_frame_median_ms=27.761 keystroke_to_frame_p95_ms=39.442 keystroke_to_frame_p99_ms=39.442 keystroke_to_frame_max_ms=39.442 frame_interval_samples=61 frame_interval_median_ms=8.326 frame_interval_p95_ms=15.438 frame_interval_p99_ms=64.235 frame_interval_max_ms=64.235 layout_samples=62 layout_median_ms=0.150 layout_p95_ms=0.250 layout_p99_ms=3.198 layout_max_ms=3.198
hane_metrics keystroke_to_model_samples=3 keystroke_to_model_median_ms=0.010 keystroke_to_model_p95_ms=0.020 keystroke_to_model_p99_ms=0.020 keystroke_to_model_max_ms=0.020 keystroke_to_frame_samples=3 keystroke_to_frame_median_ms=27.781 keystroke_to_frame_p95_ms=39.442 keystroke_to_frame_p99_ms=39.442 keystroke_to_frame_max_ms=39.442 frame_interval_samples=62 frame_interval_median_ms=8.326 frame_interval_p95_ms=28.272 frame_interval_p99_ms=64.235 frame_interval_max_ms=64.235 layout_samples=63 layout_median_ms=0.151 layout_p95_ms=0.325 layout_p99_ms=3.198 layout_max_ms=3.198
hane_metrics keystroke_to_model_samples=4 keystroke_to_model_median_ms=0.003 keystroke_to_model_p95_ms=0.020 keystroke_to_model_p99_ms=0.020 keystroke_to_model_max_ms=0.020 keystroke_to_frame_samples=4 keystroke_to_frame_median_ms=27.781 keystroke_to_frame_p95_ms=39.442 keystroke_to_frame_p99_ms=39.442 keystroke_to_frame_max_ms=39.442 frame_interval_samples=63 frame_interval_median_ms=8.327 frame_interval_p95_ms=28.362 frame_interval_p99_ms=64.235 frame_interval_max_ms=64.235 layout_samples=64 layout_median_ms=0.151 layout_p95_ms=0.326 layout_p99_ms=3.198 layout_max_ms=3.198
hane_metrics keystroke_to_model_samples=5 keystroke_to_model_median_ms=0.004 keystroke_to_model_p95_ms=0.020 keystroke_to_model_p99_ms=0.020 keystroke_to_model_max_ms=0.020 keystroke_to_frame_samples=5 keystroke_to_frame_median_ms=27.781 keystroke_to_frame_p95_ms=39.442 keystroke_to_frame_p99_ms=39.442 keystroke_to_frame_max_ms=39.442 frame_interval_samples=64 frame_interval_median_ms=8.327 frame_interval_p95_ms=28.362 frame_interval_p99_ms=64.235 frame_interval_max_ms=64.235 layout_samples=65 layout_median_ms=0.151 layout_p95_ms=0.334 layout_p99_ms=3.198 layout_max_ms=3.198
hane_metrics keystroke_to_model_samples=6 keystroke_to_model_median_ms=0.004 keystroke_to_model_p95_ms=0.020 keystroke_to_model_p99_ms=0.020 keystroke_to_model_max_ms=0.020 keystroke_to_frame_samples=6 keystroke_to_frame_median_ms=27.781 keystroke_to_frame_p95_ms=39.442 keystroke_to_frame_p99_ms=39.442 keystroke_to_frame_max_ms=39.442 frame_interval_samples=247 frame_interval_median_ms=8.329 frame_interval_p95_ms=9.319 frame_interval_p99_ms=40.411 frame_interval_max_ms=64.235 layout_samples=248 layout_median_ms=0.159 layout_p95_ms=0.411 layout_p99_ms=0.495 layout_max_ms=3.198
hane_metrics keystroke_to_model_samples=7 keystroke_to_model_median_ms=0.006 keystroke_to_model_p95_ms=0.020 keystroke_to_model_p99_ms=0.020 keystroke_to_model_max_ms=0.020 keystroke_to_frame_samples=7 keystroke_to_frame_median_ms=29.834 keystroke_to_frame_p95_ms=39.442 keystroke_to_frame_p99_ms=39.442 keystroke_to_frame_max_ms=39.442 frame_interval_samples=248 frame_interval_median_ms=8.329 frame_interval_p95_ms=9.333 frame_interval_p99_ms=40.411 frame_interval_max_ms=64.235 layout_samples=249 layout_median_ms=0.160 layout_p95_ms=0.411 layout_p99_ms=0.495 layout_max_ms=3.198
hane_metrics keystroke_to_model_samples=8 keystroke_to_model_median_ms=0.006 keystroke_to_model_p95_ms=0.020 keystroke_to_model_p99_ms=0.020 keystroke_to_model_max_ms=0.020 keystroke_to_frame_samples=8 keystroke_to_frame_median_ms=29.834 keystroke_to_frame_p95_ms=39.442 keystroke_to_frame_p99_ms=39.442 keystroke_to_frame_max_ms=39.442 frame_interval_samples=249 frame_interval_median_ms=8.329 frame_interval_p95_ms=9.342 frame_interval_p99_ms=40.411 frame_interval_max_ms=64.235 layout_samples=250 layout_median_ms=0.160 layout_p95_ms=0.411 layout_p99_ms=0.495 layout_max_ms=3.198
hane_metrics keystroke_to_model_samples=9 keystroke_to_model_median_ms=0.006 keystroke_to_model_p95_ms=0.020 keystroke_to_model_p99_ms=0.020 keystroke_to_model_max_ms=0.020 keystroke_to_frame_samples=9 keystroke_to_frame_median_ms=33.788 keystroke_to_frame_p95_ms=39.442 keystroke_to_frame_p99_ms=39.442 keystroke_to_frame_max_ms=39.442 frame_interval_samples=250 frame_interval_median_ms=8.329 frame_interval_p95_ms=9.366 frame_interval_p99_ms=40.411 frame_interval_max_ms=64.235 layout_samples=251 layout_median_ms=0.160 layout_p95_ms=0.411 layout_p99_ms=0.495 layout_max_ms=3.198
hane_metrics keystroke_to_model_samples=10 keystroke_to_model_median_ms=0.004 keystroke_to_model_p95_ms=0.020 keystroke_to_model_p99_ms=0.020 keystroke_to_model_max_ms=0.020 keystroke_to_frame_samples=10 keystroke_to_frame_median_ms=33.788 keystroke_to_frame_p95_ms=39.442 keystroke_to_frame_p99_ms=39.442 keystroke_to_frame_max_ms=39.442 frame_interval_samples=251 frame_interval_median_ms=8.330 frame_interval_p95_ms=9.375 frame_interval_p99_ms=40.411 frame_interval_max_ms=64.235 layout_samples=252 layout_median_ms=0.160 layout_p95_ms=0.411 layout_p99_ms=0.495 layout_max_ms=3.198
hane_metrics keystroke_to_model_samples=11 keystroke_to_model_median_ms=0.006 keystroke_to_model_p95_ms=0.020 keystroke_to_model_p99_ms=0.020 keystroke_to_model_max_ms=0.020 keystroke_to_frame_samples=11 keystroke_to_frame_median_ms=33.807 keystroke_to_frame_p95_ms=39.442 keystroke_to_frame_p99_ms=39.442 keystroke_to_frame_max_ms=39.442 frame_interval_samples=254 frame_interval_median_ms=8.329 frame_interval_p95_ms=15.438 frame_interval_p99_ms=40.411 frame_interval_max_ms=64.235 layout_samples=255 layout_median_ms=0.160 layout_p95_ms=0.411 layout_p99_ms=0.495 layout_max_ms=3.198
hane_metrics keystroke_to_model_samples=12 keystroke_to_model_median_ms=0.004 keystroke_to_model_p95_ms=0.020 keystroke_to_model_p99_ms=0.020 keystroke_to_model_max_ms=0.020 keystroke_to_frame_samples=12 keystroke_to_frame_median_ms=33.788 keystroke_to_frame_p95_ms=39.442 keystroke_to_frame_p99_ms=39.442 keystroke_to_frame_max_ms=39.442 frame_interval_samples=255 frame_interval_median_ms=8.330 frame_interval_p95_ms=28.169 frame_interval_p99_ms=40.411 frame_interval_max_ms=64.235 layout_samples=256 layout_median_ms=0.160 layout_p95_ms=0.411 layout_p99_ms=0.495 layout_max_ms=3.198
hane_metrics keystroke_to_model_samples=13 keystroke_to_model_median_ms=0.004 keystroke_to_model_p95_ms=0.020 keystroke_to_model_p99_ms=0.020 keystroke_to_model_max_ms=0.020 keystroke_to_frame_samples=13 keystroke_to_frame_median_ms=33.788 keystroke_to_frame_p95_ms=39.442 keystroke_to_frame_p99_ms=39.442 keystroke_to_frame_max_ms=39.442 frame_interval_samples=256 frame_interval_median_ms=8.330 frame_interval_p95_ms=28.272 frame_interval_p99_ms=40.411 frame_interval_max_ms=64.235 layout_samples=257 layout_median_ms=0.161 layout_p95_ms=0.411 layout_p99_ms=0.495 layout_max_ms=3.198
hane_metrics keystroke_to_model_samples=14 keystroke_to_model_median_ms=0.004 keystroke_to_model_p95_ms=0.020 keystroke_to_model_p99_ms=0.020 keystroke_to_model_max_ms=0.020 keystroke_to_frame_samples=14 keystroke_to_frame_median_ms=33.788 keystroke_to_frame_p95_ms=47.251 keystroke_to_frame_p99_ms=47.251 keystroke_to_frame_max_ms=47.251 frame_interval_samples=258 frame_interval_median_ms=8.330 frame_interval_p95_ms=28.362 frame_interval_p99_ms=43.948 frame_interval_max_ms=64.235 layout_samples=259 layout_median_ms=0.161 layout_p95_ms=0.411 layout_p99_ms=0.495 layout_max_ms=3.198
hane_metrics keystroke_to_model_samples=15 keystroke_to_model_median_ms=0.004 keystroke_to_model_p95_ms=0.020 keystroke_to_model_p99_ms=0.020 keystroke_to_model_max_ms=0.020 keystroke_to_frame_samples=15 keystroke_to_frame_median_ms=33.807 keystroke_to_frame_p95_ms=47.251 keystroke_to_frame_p99_ms=47.251 keystroke_to_frame_max_ms=47.251 frame_interval_samples=259 frame_interval_median_ms=8.331 frame_interval_p95_ms=30.154 frame_interval_p99_ms=43.948 frame_interval_max_ms=64.235 layout_samples=260 layout_median_ms=0.161 layout_p95_ms=0.409 layout_p99_ms=0.495 layout_max_ms=3.198
hane_metrics keystroke_to_model_samples=16 keystroke_to_model_median_ms=0.004 keystroke_to_model_p95_ms=0.020 keystroke_to_model_p99_ms=0.020 keystroke_to_model_max_ms=0.020 keystroke_to_frame_samples=16 keystroke_to_frame_median_ms=33.788 keystroke_to_frame_p95_ms=47.251 keystroke_to_frame_p99_ms=47.251 keystroke_to_frame_max_ms=47.251 frame_interval_samples=260 frame_interval_median_ms=8.331 frame_interval_p95_ms=30.154 frame_interval_p99_ms=43.948 frame_interval_max_ms=64.235 layout_samples=261 layout_median_ms=0.161 layout_p95_ms=0.409 layout_p99_ms=0.495 layout_max_ms=3.198
hane_metrics keystroke_to_model_samples=17 keystroke_to_model_median_ms=0.004 keystroke_to_model_p95_ms=0.020 keystroke_to_model_p99_ms=0.020 keystroke_to_model_max_ms=0.020 keystroke_to_frame_samples=17 keystroke_to_frame_median_ms=33.788 keystroke_to_frame_p95_ms=47.251 keystroke_to_frame_p99_ms=47.251 keystroke_to_frame_max_ms=47.251 frame_interval_samples=261 frame_interval_median_ms=8.331 frame_interval_p95_ms=33.867 frame_interval_p99_ms=43.948 frame_interval_max_ms=64.235 layout_samples=262 layout_median_ms=0.161 layout_p95_ms=0.409 layout_p99_ms=0.495 layout_max_ms=3.198
hane_metrics keystroke_to_model_samples=18 keystroke_to_model_median_ms=0.004 keystroke_to_model_p95_ms=0.020 keystroke_to_model_p99_ms=0.020 keystroke_to_model_max_ms=0.020 keystroke_to_frame_samples=18 keystroke_to_frame_median_ms=33.788 keystroke_to_frame_p95_ms=47.251 keystroke_to_frame_p99_ms=47.251 keystroke_to_frame_max_ms=47.251 frame_interval_samples=262 frame_interval_median_ms=8.331 frame_interval_p95_ms=33.928 frame_interval_p99_ms=43.948 frame_interval_max_ms=64.235 layout_samples=263 layout_median_ms=0.161 layout_p95_ms=0.409 layout_p99_ms=0.495 layout_max_ms=3.198
hane_metrics keystroke_to_model_samples=19 keystroke_to_model_median_ms=0.004 keystroke_to_model_p95_ms=0.020 keystroke_to_model_p99_ms=0.020 keystroke_to_model_max_ms=0.020 keystroke_to_frame_samples=19 keystroke_to_frame_median_ms=33.807 keystroke_to_frame_p95_ms=47.251 keystroke_to_frame_p99_ms=47.251 keystroke_to_frame_max_ms=47.251 frame_interval_samples=263 frame_interval_median_ms=8.332 frame_interval_p95_ms=33.932 frame_interval_p99_ms=43.948 frame_interval_max_ms=64.235 layout_samples=264 layout_median_ms=0.161 layout_p95_ms=0.409 layout_p99_ms=0.495 layout_max_ms=3.198
hane_metrics keystroke_to_model_samples=20 keystroke_to_model_median_ms=0.004 keystroke_to_model_p95_ms=0.010 keystroke_to_model_p99_ms=0.020 keystroke_to_model_max_ms=0.020 keystroke_to_frame_samples=20 keystroke_to_frame_median_ms=33.807 keystroke_to_frame_p95_ms=39.442 keystroke_to_frame_p99_ms=47.251 keystroke_to_frame_max_ms=47.251 frame_interval_samples=264 frame_interval_median_ms=8.332 frame_interval_p95_ms=33.985 frame_interval_p99_ms=43.948 frame_interval_max_ms=64.235 layout_samples=265 layout_median_ms=0.162 layout_p95_ms=0.409 layout_p99_ms=0.495 layout_max_ms=3.198
hane_metrics keystroke_to_model_samples=21 keystroke_to_model_median_ms=0.004 keystroke_to_model_p95_ms=0.010 keystroke_to_model_p99_ms=0.020 keystroke_to_model_max_ms=0.020 keystroke_to_frame_samples=21 keystroke_to_frame_median_ms=33.807 keystroke_to_frame_p95_ms=39.442 keystroke_to_frame_p99_ms=47.251 keystroke_to_frame_max_ms=47.251 frame_interval_samples=265 frame_interval_median_ms=8.332 frame_interval_p95_ms=34.063 frame_interval_p99_ms=43.948 frame_interval_max_ms=64.235 layout_samples=266 layout_median_ms=0.162 layout_p95_ms=0.409 layout_p99_ms=0.495 layout_max_ms=3.198
hane_metrics keystroke_to_model_samples=22 keystroke_to_model_median_ms=0.003 keystroke_to_model_p95_ms=0.010 keystroke_to_model_p99_ms=0.020 keystroke_to_model_max_ms=0.020 keystroke_to_frame_samples=22 keystroke_to_frame_median_ms=33.807 keystroke_to_frame_p95_ms=39.442 keystroke_to_frame_p99_ms=47.251 keystroke_to_frame_max_ms=47.251 frame_interval_samples=266 frame_interval_median_ms=8.332 frame_interval_p95_ms=34.214 frame_interval_p99_ms=43.948 frame_interval_max_ms=64.235 layout_samples=267 layout_median_ms=0.163 layout_p95_ms=0.409 layout_p99_ms=0.495 layout_max_ms=3.198
hane_metrics keystroke_to_model_samples=23 keystroke_to_model_median_ms=0.003 keystroke_to_model_p95_ms=0.010 keystroke_to_model_p99_ms=0.020 keystroke_to_model_max_ms=0.020 keystroke_to_frame_samples=23 keystroke_to_frame_median_ms=33.807 keystroke_to_frame_p95_ms=39.442 keystroke_to_frame_p99_ms=47.251 keystroke_to_frame_max_ms=47.251 frame_interval_samples=267 frame_interval_median_ms=8.332 frame_interval_p95_ms=34.214 frame_interval_p99_ms=43.948 frame_interval_max_ms=64.235 layout_samples=268 layout_median_ms=0.163 layout_p95_ms=0.409 layout_p99_ms=0.495 layout_max_ms=3.198
hane_metrics keystroke_to_model_samples=24 keystroke_to_model_median_ms=0.003 keystroke_to_model_p95_ms=0.010 keystroke_to_model_p99_ms=0.020 keystroke_to_model_max_ms=0.020 keystroke_to_frame_samples=24 keystroke_to_frame_median_ms=33.807 keystroke_to_frame_p95_ms=39.442 keystroke_to_frame_p99_ms=47.251 keystroke_to_frame_max_ms=47.251 frame_interval_samples=268 frame_interval_median_ms=8.332 frame_interval_p95_ms=34.214 frame_interval_p99_ms=43.948 frame_interval_max_ms=64.235 layout_samples=269 layout_median_ms=0.163 layout_p95_ms=0.409 layout_p99_ms=0.495 layout_max_ms=3.198
hane_metrics keystroke_to_model_samples=25 keystroke_to_model_median_ms=0.003 keystroke_to_model_p95_ms=0.010 keystroke_to_model_p99_ms=0.020 keystroke_to_model_max_ms=0.020 keystroke_to_frame_samples=25 keystroke_to_frame_median_ms=33.807 keystroke_to_frame_p95_ms=39.442 keystroke_to_frame_p99_ms=47.251 keystroke_to_frame_max_ms=47.251 frame_interval_samples=269 frame_interval_median_ms=8.332 frame_interval_p95_ms=34.214 frame_interval_p99_ms=43.948 frame_interval_max_ms=64.235 layout_samples=270 layout_median_ms=0.163 layout_p95_ms=0.409 layout_p99_ms=0.495 layout_max_ms=3.198
hane_metrics keystroke_to_model_samples=26 keystroke_to_model_median_ms=0.003 keystroke_to_model_p95_ms=0.010 keystroke_to_model_p99_ms=0.020 keystroke_to_model_max_ms=0.020 keystroke_to_frame_samples=26 keystroke_to_frame_median_ms=33.788 keystroke_to_frame_p95_ms=39.442 keystroke_to_frame_p99_ms=47.251 keystroke_to_frame_max_ms=47.251 frame_interval_samples=270 frame_interval_median_ms=8.332 frame_interval_p95_ms=34.214 frame_interval_p99_ms=43.948 frame_interval_max_ms=64.235 layout_samples=271 layout_median_ms=0.164 layout_p95_ms=0.409 layout_p99_ms=0.495 layout_max_ms=3.198
hane_metrics keystroke_to_model_samples=27 keystroke_to_model_median_ms=0.003 keystroke_to_model_p95_ms=0.010 keystroke_to_model_p99_ms=0.020 keystroke_to_model_max_ms=0.020 keystroke_to_frame_samples=27 keystroke_to_frame_median_ms=33.788 keystroke_to_frame_p95_ms=39.442 keystroke_to_frame_p99_ms=47.251 keystroke_to_frame_max_ms=47.251 frame_interval_samples=271 frame_interval_median_ms=8.332 frame_interval_p95_ms=34.214 frame_interval_p99_ms=43.948 frame_interval_max_ms=64.235 layout_samples=272 layout_median_ms=0.164 layout_p95_ms=0.409 layout_p99_ms=0.495 layout_max_ms=3.198
hane_metrics keystroke_to_model_samples=28 keystroke_to_model_median_ms=0.003 keystroke_to_model_p95_ms=0.010 keystroke_to_model_p99_ms=0.020 keystroke_to_model_max_ms=0.020 keystroke_to_frame_samples=28 keystroke_to_frame_median_ms=33.613 keystroke_to_frame_p95_ms=39.442 keystroke_to_frame_p99_ms=47.251 keystroke_to_frame_max_ms=47.251 frame_interval_samples=272 frame_interval_median_ms=8.332 frame_interval_p95_ms=34.214 frame_interval_p99_ms=43.948 frame_interval_max_ms=64.235 layout_samples=273 layout_median_ms=0.164 layout_p95_ms=0.409 layout_p99_ms=0.495 layout_max_ms=3.198
hane_metrics keystroke_to_model_samples=29 keystroke_to_model_median_ms=0.003 keystroke_to_model_p95_ms=0.010 keystroke_to_model_p99_ms=0.020 keystroke_to_model_max_ms=0.020 keystroke_to_frame_samples=29 keystroke_to_frame_median_ms=33.788 keystroke_to_frame_p95_ms=39.442 keystroke_to_frame_p99_ms=47.251 keystroke_to_frame_max_ms=47.251 frame_interval_samples=273 frame_interval_median_ms=8.334 frame_interval_p95_ms=34.228 frame_interval_p99_ms=43.948 frame_interval_max_ms=64.235 layout_samples=274 layout_median_ms=0.164 layout_p95_ms=0.409 layout_p99_ms=0.495 layout_max_ms=3.198
hane_metrics keystroke_to_model_samples=30 keystroke_to_model_median_ms=0.003 keystroke_to_model_p95_ms=0.010 keystroke_to_model_p99_ms=0.020 keystroke_to_model_max_ms=0.020 keystroke_to_frame_samples=30 keystroke_to_frame_median_ms=33.613 keystroke_to_frame_p95_ms=39.442 keystroke_to_frame_p99_ms=47.251 keystroke_to_frame_max_ms=47.251 frame_interval_samples=274 frame_interval_median_ms=8.334 frame_interval_p95_ms=34.228 frame_interval_p99_ms=43.948 frame_interval_max_ms=64.235 layout_samples=275 layout_median_ms=0.165 layout_p95_ms=0.409 layout_p99_ms=0.495 layout_max_ms=3.198
hane_metrics keystroke_to_model_samples=31 keystroke_to_model_median_ms=0.003 keystroke_to_model_p95_ms=0.010 keystroke_to_model_p99_ms=0.020 keystroke_to_model_max_ms=0.020 keystroke_to_frame_samples=31 keystroke_to_frame_median_ms=33.613 keystroke_to_frame_p95_ms=39.442 keystroke_to_frame_p99_ms=47.251 keystroke_to_frame_max_ms=47.251 frame_interval_samples=275 frame_interval_median_ms=8.334 frame_interval_p95_ms=34.228 frame_interval_p99_ms=43.948 frame_interval_max_ms=64.235 layout_samples=276 layout_median_ms=0.165 layout_p95_ms=0.409 layout_p99_ms=0.495 layout_max_ms=3.198
hane_metrics keystroke_to_model_samples=32 keystroke_to_model_median_ms=0.003 keystroke_to_model_p95_ms=0.010 keystroke_to_model_p99_ms=0.020 keystroke_to_model_max_ms=0.020 keystroke_to_frame_samples=32 keystroke_to_frame_median_ms=33.613 keystroke_to_frame_p95_ms=39.442 keystroke_to_frame_p99_ms=47.251 keystroke_to_frame_max_ms=47.251 frame_interval_samples=276 frame_interval_median_ms=8.334 frame_interval_p95_ms=34.261 frame_interval_p99_ms=43.948 frame_interval_max_ms=64.235 layout_samples=277 layout_median_ms=0.166 layout_p95_ms=0.409 layout_p99_ms=0.495 layout_max_ms=3.198
hane_metrics keystroke_to_model_samples=33 keystroke_to_model_median_ms=0.003 keystroke_to_model_p95_ms=0.010 keystroke_to_model_p99_ms=0.020 keystroke_to_model_max_ms=0.020 keystroke_to_frame_samples=33 keystroke_to_frame_median_ms=33.788 keystroke_to_frame_p95_ms=39.442 keystroke_to_frame_p99_ms=47.251 keystroke_to_frame_max_ms=47.251 frame_interval_samples=277 frame_interval_median_ms=8.335 frame_interval_p95_ms=34.292 frame_interval_p99_ms=43.948 frame_interval_max_ms=64.235 layout_samples=278 layout_median_ms=0.166 layout_p95_ms=0.409 layout_p99_ms=0.495 layout_max_ms=3.198
hane_metrics keystroke_to_model_samples=34 keystroke_to_model_median_ms=0.003 keystroke_to_model_p95_ms=0.010 keystroke_to_model_p99_ms=0.020 keystroke_to_model_max_ms=0.020 keystroke_to_frame_samples=34 keystroke_to_frame_median_ms=33.613 keystroke_to_frame_p95_ms=39.442 keystroke_to_frame_p99_ms=47.251 keystroke_to_frame_max_ms=47.251 frame_interval_samples=278 frame_interval_median_ms=8.335 frame_interval_p95_ms=34.292 frame_interval_p99_ms=43.948 frame_interval_max_ms=64.235 layout_samples=279 layout_median_ms=0.167 layout_p95_ms=0.409 layout_p99_ms=0.495 layout_max_ms=3.198
hane_metrics keystroke_to_model_samples=35 keystroke_to_model_median_ms=0.003 keystroke_to_model_p95_ms=0.010 keystroke_to_model_p99_ms=0.020 keystroke_to_model_max_ms=0.020 keystroke_to_frame_samples=35 keystroke_to_frame_median_ms=33.613 keystroke_to_frame_p95_ms=39.442 keystroke_to_frame_p99_ms=47.251 keystroke_to_frame_max_ms=47.251 frame_interval_samples=279 frame_interval_median_ms=8.336 frame_interval_p95_ms=34.292 frame_interval_p99_ms=43.948 frame_interval_max_ms=64.235 layout_samples=280 layout_median_ms=0.167 layout_p95_ms=0.407 layout_p99_ms=0.495 layout_max_ms=3.198

--- source_file: issue23-input-feedda4/paragraphs_start/hane.log ---
hane_ready startup_time_ms=194.452 file_open_time_ms=78.283 rss_bytes=86720512
hane_metrics keystroke_to_model_samples=1 keystroke_to_model_median_ms=0.009 keystroke_to_model_p95_ms=0.009 keystroke_to_model_p99_ms=0.009 keystroke_to_model_max_ms=0.009 keystroke_to_frame_samples=1 keystroke_to_frame_median_ms=43.813 keystroke_to_frame_p95_ms=43.813 keystroke_to_frame_p99_ms=43.813 keystroke_to_frame_max_ms=43.813 frame_interval_samples=6 frame_interval_median_ms=44.841 frame_interval_p95_ms=429.183 frame_interval_p99_ms=429.183 frame_interval_max_ms=429.183 layout_samples=7 layout_median_ms=0.220 layout_p95_ms=3.511 layout_p99_ms=3.511 layout_max_ms=3.511
hane_metrics keystroke_to_model_samples=2 keystroke_to_model_median_ms=0.009 keystroke_to_model_p95_ms=0.018 keystroke_to_model_p99_ms=0.018 keystroke_to_model_max_ms=0.018 keystroke_to_frame_samples=2 keystroke_to_frame_median_ms=28.355 keystroke_to_frame_p95_ms=43.813 keystroke_to_frame_p99_ms=43.813 keystroke_to_frame_max_ms=43.813 frame_interval_samples=7 frame_interval_median_ms=44.841 frame_interval_p95_ms=429.183 frame_interval_p99_ms=429.183 frame_interval_max_ms=429.183 layout_samples=8 layout_median_ms=0.220 layout_p95_ms=3.511 layout_p99_ms=3.511 layout_max_ms=3.511
hane_metrics keystroke_to_model_samples=3 keystroke_to_model_median_ms=0.009 keystroke_to_model_p95_ms=0.018 keystroke_to_model_p99_ms=0.018 keystroke_to_model_max_ms=0.018 keystroke_to_frame_samples=3 keystroke_to_frame_median_ms=32.292 keystroke_to_frame_p95_ms=43.813 keystroke_to_frame_p99_ms=43.813 keystroke_to_frame_max_ms=43.813 frame_interval_samples=8 frame_interval_median_ms=33.537 frame_interval_p95_ms=429.183 frame_interval_p99_ms=429.183 frame_interval_max_ms=429.183 layout_samples=9 layout_median_ms=0.230 layout_p95_ms=3.511 layout_p99_ms=3.511 layout_max_ms=3.511
hane_metrics keystroke_to_model_samples=4 keystroke_to_model_median_ms=0.005 keystroke_to_model_p95_ms=0.018 keystroke_to_model_p99_ms=0.018 keystroke_to_model_max_ms=0.018 keystroke_to_frame_samples=4 keystroke_to_frame_median_ms=32.292 keystroke_to_frame_p95_ms=43.813 keystroke_to_frame_p99_ms=43.813 keystroke_to_frame_max_ms=43.813 frame_interval_samples=9 frame_interval_median_ms=39.955 frame_interval_p95_ms=429.183 frame_interval_p99_ms=429.183 frame_interval_max_ms=429.183 layout_samples=10 layout_median_ms=0.230 layout_p95_ms=3.511 layout_p99_ms=3.511 layout_max_ms=3.511
hane_metrics keystroke_to_model_samples=5 keystroke_to_model_median_ms=0.006 keystroke_to_model_p95_ms=0.018 keystroke_to_model_p99_ms=0.018 keystroke_to_model_max_ms=0.018 keystroke_to_frame_samples=5 keystroke_to_frame_median_ms=32.292 keystroke_to_frame_p95_ms=43.813 keystroke_to_frame_p99_ms=43.813 keystroke_to_frame_max_ms=43.813 frame_interval_samples=10 frame_interval_median_ms=33.537 frame_interval_p95_ms=429.183 frame_interval_p99_ms=429.183 frame_interval_max_ms=429.183 layout_samples=11 layout_median_ms=0.304 layout_p95_ms=3.511 layout_p99_ms=3.511 layout_max_ms=3.511
hane_metrics keystroke_to_model_samples=6 keystroke_to_model_median_ms=0.006 keystroke_to_model_p95_ms=0.018 keystroke_to_model_p99_ms=0.018 keystroke_to_model_max_ms=0.018 keystroke_to_frame_samples=6 keystroke_to_frame_median_ms=32.292 keystroke_to_frame_p95_ms=43.813 keystroke_to_frame_p99_ms=43.813 keystroke_to_frame_max_ms=43.813 frame_interval_samples=15 frame_interval_median_ms=39.955 frame_interval_p95_ms=1356.062 frame_interval_p99_ms=1356.062 frame_interval_max_ms=1356.062 layout_samples=16 layout_median_ms=0.230 layout_p95_ms=3.511 layout_p99_ms=3.511 layout_max_ms=3.511
hane_metrics keystroke_to_model_samples=7 keystroke_to_model_median_ms=0.006 keystroke_to_model_p95_ms=0.018 keystroke_to_model_p99_ms=0.018 keystroke_to_model_max_ms=0.018 keystroke_to_frame_samples=7 keystroke_to_frame_median_ms=35.505 keystroke_to_frame_p95_ms=43.813 keystroke_to_frame_p99_ms=43.813 keystroke_to_frame_max_ms=43.813 frame_interval_samples=16 frame_interval_median_ms=38.969 frame_interval_p95_ms=1356.062 frame_interval_p99_ms=1356.062 frame_interval_max_ms=1356.062 layout_samples=17 layout_median_ms=0.304 layout_p95_ms=3.511 layout_p99_ms=3.511 layout_max_ms=3.511
hane_metrics keystroke_to_model_samples=8 keystroke_to_model_median_ms=0.006 keystroke_to_model_p95_ms=0.018 keystroke_to_model_p99_ms=0.018 keystroke_to_model_max_ms=0.018 keystroke_to_frame_samples=8 keystroke_to_frame_median_ms=32.292 keystroke_to_frame_p95_ms=43.813 keystroke_to_frame_p99_ms=43.813 keystroke_to_frame_max_ms=43.813 frame_interval_samples=17 frame_interval_median_ms=38.969 frame_interval_p95_ms=1356.062 frame_interval_p99_ms=1356.062 frame_interval_max_ms=1356.062 layout_samples=18 layout_median_ms=0.304 layout_p95_ms=3.511 layout_p99_ms=3.511 layout_max_ms=3.511
hane_metrics keystroke_to_model_samples=9 keystroke_to_model_median_ms=0.006 keystroke_to_model_p95_ms=0.018 keystroke_to_model_p99_ms=0.018 keystroke_to_model_max_ms=0.018 keystroke_to_frame_samples=9 keystroke_to_frame_median_ms=32.292 keystroke_to_frame_p95_ms=43.813 keystroke_to_frame_p99_ms=43.813 keystroke_to_frame_max_ms=43.813 frame_interval_samples=18 frame_interval_median_ms=36.164 frame_interval_p95_ms=1356.062 frame_interval_p99_ms=1356.062 frame_interval_max_ms=1356.062 layout_samples=19 layout_median_ms=0.304 layout_p95_ms=3.511 layout_p99_ms=3.511 layout_max_ms=3.511
hane_metrics keystroke_to_model_samples=10 keystroke_to_model_median_ms=0.005 keystroke_to_model_p95_ms=0.018 keystroke_to_model_p99_ms=0.018 keystroke_to_model_max_ms=0.018 keystroke_to_frame_samples=10 keystroke_to_frame_median_ms=29.562 keystroke_to_frame_p95_ms=43.813 keystroke_to_frame_p99_ms=43.813 keystroke_to_frame_max_ms=43.813 frame_interval_samples=19 frame_interval_median_ms=36.164 frame_interval_p95_ms=1356.062 frame_interval_p99_ms=1356.062 frame_interval_max_ms=1356.062 layout_samples=20 layout_median_ms=0.300 layout_p95_ms=0.449 layout_p99_ms=3.511 layout_max_ms=3.511
hane_metrics keystroke_to_model_samples=11 keystroke_to_model_median_ms=0.005 keystroke_to_model_p95_ms=0.018 keystroke_to_model_p99_ms=0.018 keystroke_to_model_max_ms=0.018 keystroke_to_frame_samples=11 keystroke_to_frame_median_ms=29.562 keystroke_to_frame_p95_ms=43.813 keystroke_to_frame_p99_ms=43.813 keystroke_to_frame_max_ms=43.813 frame_interval_samples=20 frame_interval_median_ms=33.537 frame_interval_p95_ms=429.183 frame_interval_p99_ms=1356.062 frame_interval_max_ms=1356.062 layout_samples=21 layout_median_ms=0.300 layout_p95_ms=0.449 layout_p99_ms=3.511 layout_max_ms=3.511
hane_metrics keystroke_to_model_samples=12 keystroke_to_model_median_ms=0.004 keystroke_to_model_p95_ms=0.018 keystroke_to_model_p99_ms=0.018 keystroke_to_model_max_ms=0.018 keystroke_to_frame_samples=12 keystroke_to_frame_median_ms=29.230 keystroke_to_frame_p95_ms=43.813 keystroke_to_frame_p99_ms=43.813 keystroke_to_frame_max_ms=43.813 frame_interval_samples=21 frame_interval_median_ms=33.537 frame_interval_p95_ms=429.183 frame_interval_p99_ms=1356.062 frame_interval_max_ms=1356.062 layout_samples=22 layout_median_ms=0.294 layout_p95_ms=0.449 layout_p99_ms=3.511 layout_max_ms=3.511
hane_metrics keystroke_to_model_samples=13 keystroke_to_model_median_ms=0.004 keystroke_to_model_p95_ms=0.018 keystroke_to_model_p99_ms=0.018 keystroke_to_model_max_ms=0.018 keystroke_to_frame_samples=13 keystroke_to_frame_median_ms=29.230 keystroke_to_frame_p95_ms=43.813 keystroke_to_frame_p99_ms=43.813 keystroke_to_frame_max_ms=43.813 frame_interval_samples=22 frame_interval_median_ms=32.840 frame_interval_p95_ms=429.183 frame_interval_p99_ms=1356.062 frame_interval_max_ms=1356.062 layout_samples=23 layout_median_ms=0.294 layout_p95_ms=0.449 layout_p99_ms=3.511 layout_max_ms=3.511
hane_metrics keystroke_to_model_samples=14 keystroke_to_model_median_ms=0.004 keystroke_to_model_p95_ms=0.018 keystroke_to_model_p99_ms=0.018 keystroke_to_model_max_ms=0.018 keystroke_to_frame_samples=14 keystroke_to_frame_median_ms=28.355 keystroke_to_frame_p95_ms=43.813 keystroke_to_frame_p99_ms=43.813 keystroke_to_frame_max_ms=43.813 frame_interval_samples=23 frame_interval_median_ms=32.840 frame_interval_p95_ms=429.183 frame_interval_p99_ms=1356.062 frame_interval_max_ms=1356.062 layout_samples=24 layout_median_ms=0.289 layout_p95_ms=0.449 layout_p99_ms=3.511 layout_max_ms=3.511
hane_metrics keystroke_to_model_samples=15 keystroke_to_model_median_ms=0.004 keystroke_to_model_p95_ms=0.018 keystroke_to_model_p99_ms=0.018 keystroke_to_model_max_ms=0.018 keystroke_to_frame_samples=15 keystroke_to_frame_median_ms=28.355 keystroke_to_frame_p95_ms=43.813 keystroke_to_frame_p99_ms=43.813 keystroke_to_frame_max_ms=43.813 frame_interval_samples=24 frame_interval_median_ms=30.100 frame_interval_p95_ms=429.183 frame_interval_p99_ms=1356.062 frame_interval_max_ms=1356.062 layout_samples=25 layout_median_ms=0.289 layout_p95_ms=0.449 layout_p99_ms=3.511 layout_max_ms=3.511
hane_metrics keystroke_to_model_samples=16 keystroke_to_model_median_ms=0.003 keystroke_to_model_p95_ms=0.018 keystroke_to_model_p99_ms=0.018 keystroke_to_model_max_ms=0.018 keystroke_to_frame_samples=16 keystroke_to_frame_median_ms=27.636 keystroke_to_frame_p95_ms=43.813 keystroke_to_frame_p99_ms=43.813 keystroke_to_frame_max_ms=43.813 frame_interval_samples=25 frame_interval_median_ms=30.100 frame_interval_p95_ms=429.183 frame_interval_p99_ms=1356.062 frame_interval_max_ms=1356.062 layout_samples=26 layout_median_ms=0.289 layout_p95_ms=0.449 layout_p99_ms=3.511 layout_max_ms=3.511
hane_metrics keystroke_to_model_samples=17 keystroke_to_model_median_ms=0.003 keystroke_to_model_p95_ms=0.018 keystroke_to_model_p99_ms=0.018 keystroke_to_model_max_ms=0.018 keystroke_to_frame_samples=17 keystroke_to_frame_median_ms=27.683 keystroke_to_frame_p95_ms=43.813 keystroke_to_frame_p99_ms=43.813 keystroke_to_frame_max_ms=43.813 frame_interval_samples=26 frame_interval_median_ms=29.790 frame_interval_p95_ms=429.183 frame_interval_p99_ms=1356.062 frame_interval_max_ms=1356.062 layout_samples=27 layout_median_ms=0.289 layout_p95_ms=0.449 layout_p99_ms=3.511 layout_max_ms=3.511
hane_metrics keystroke_to_model_samples=18 keystroke_to_model_median_ms=0.003 keystroke_to_model_p95_ms=0.018 keystroke_to_model_p99_ms=0.018 keystroke_to_model_max_ms=0.018 keystroke_to_frame_samples=18 keystroke_to_frame_median_ms=27.683 keystroke_to_frame_p95_ms=43.813 keystroke_to_frame_p99_ms=43.813 keystroke_to_frame_max_ms=43.813 frame_interval_samples=27 frame_interval_median_ms=29.790 frame_interval_p95_ms=429.183 frame_interval_p99_ms=1356.062 frame_interval_max_ms=1356.062 layout_samples=28 layout_median_ms=0.285 layout_p95_ms=0.449 layout_p99_ms=3.511 layout_max_ms=3.511
hane_metrics keystroke_to_model_samples=19 keystroke_to_model_median_ms=0.003 keystroke_to_model_p95_ms=0.018 keystroke_to_model_p99_ms=0.018 keystroke_to_model_max_ms=0.018 keystroke_to_frame_samples=19 keystroke_to_frame_median_ms=28.355 keystroke_to_frame_p95_ms=43.813 keystroke_to_frame_p99_ms=43.813 keystroke_to_frame_max_ms=43.813 frame_interval_samples=28 frame_interval_median_ms=29.790 frame_interval_p95_ms=429.183 frame_interval_p99_ms=1356.062 frame_interval_max_ms=1356.062 layout_samples=29 layout_median_ms=0.289 layout_p95_ms=0.566 layout_p99_ms=3.511 layout_max_ms=3.511
hane_metrics keystroke_to_model_samples=20 keystroke_to_model_median_ms=0.003 keystroke_to_model_p95_ms=0.009 keystroke_to_model_p99_ms=0.018 keystroke_to_model_max_ms=0.018 keystroke_to_frame_samples=20 keystroke_to_frame_median_ms=28.355 keystroke_to_frame_p95_ms=39.036 keystroke_to_frame_p99_ms=43.813 keystroke_to_frame_max_ms=43.813 frame_interval_samples=29 frame_interval_median_ms=29.790 frame_interval_p95_ms=429.183 frame_interval_p99_ms=1356.062 frame_interval_max_ms=1356.062 layout_samples=30 layout_median_ms=0.289 layout_p95_ms=0.566 layout_p99_ms=3.511 layout_max_ms=3.511
hane_metrics keystroke_to_model_samples=21 keystroke_to_model_median_ms=0.004 keystroke_to_model_p95_ms=0.009 keystroke_to_model_p99_ms=0.018 keystroke_to_model_max_ms=0.018 keystroke_to_frame_samples=21 keystroke_to_frame_median_ms=29.027 keystroke_to_frame_p95_ms=39.036 keystroke_to_frame_p99_ms=43.813 keystroke_to_frame_max_ms=43.813 frame_interval_samples=30 frame_interval_median_ms=29.722 frame_interval_p95_ms=429.183 frame_interval_p99_ms=1356.062 frame_interval_max_ms=1356.062 layout_samples=31 layout_median_ms=0.289 layout_p95_ms=0.566 layout_p99_ms=3.511 layout_max_ms=3.511
hane_metrics keystroke_to_model_samples=22 keystroke_to_model_median_ms=0.003 keystroke_to_model_p95_ms=0.009 keystroke_to_model_p99_ms=0.018 keystroke_to_model_max_ms=0.018 keystroke_to_frame_samples=22 keystroke_to_frame_median_ms=29.027 keystroke_to_frame_p95_ms=39.036 keystroke_to_frame_p99_ms=43.813 keystroke_to_frame_max_ms=43.813 frame_interval_samples=31 frame_interval_median_ms=29.776 frame_interval_p95_ms=429.183 frame_interval_p99_ms=1356.062 frame_interval_max_ms=1356.062 layout_samples=32 layout_median_ms=0.289 layout_p95_ms=0.566 layout_p99_ms=3.511 layout_max_ms=3.511
hane_metrics keystroke_to_model_samples=23 keystroke_to_model_median_ms=0.003 keystroke_to_model_p95_ms=0.009 keystroke_to_model_p99_ms=0.018 keystroke_to_model_max_ms=0.018 keystroke_to_frame_samples=23 keystroke_to_frame_median_ms=29.061 keystroke_to_frame_p95_ms=39.036 keystroke_to_frame_p99_ms=43.813 keystroke_to_frame_max_ms=43.813 frame_interval_samples=32 frame_interval_median_ms=29.776 frame_interval_p95_ms=429.183 frame_interval_p99_ms=1356.062 frame_interval_max_ms=1356.062 layout_samples=33 layout_median_ms=0.294 layout_p95_ms=0.566 layout_p99_ms=3.511 layout_max_ms=3.511
hane_metrics keystroke_to_model_samples=24 keystroke_to_model_median_ms=0.003 keystroke_to_model_p95_ms=0.009 keystroke_to_model_p99_ms=0.018 keystroke_to_model_max_ms=0.018 keystroke_to_frame_samples=24 keystroke_to_frame_median_ms=29.027 keystroke_to_frame_p95_ms=39.036 keystroke_to_frame_p99_ms=43.813 keystroke_to_frame_max_ms=43.813 frame_interval_samples=33 frame_interval_median_ms=29.776 frame_interval_p95_ms=429.183 frame_interval_p99_ms=1356.062 frame_interval_max_ms=1356.062 layout_samples=34 layout_median_ms=0.290 layout_p95_ms=0.566 layout_p99_ms=3.511 layout_max_ms=3.511
hane_metrics keystroke_to_model_samples=25 keystroke_to_model_median_ms=0.003 keystroke_to_model_p95_ms=0.009 keystroke_to_model_p99_ms=0.018 keystroke_to_model_max_ms=0.018 keystroke_to_frame_samples=25 keystroke_to_frame_median_ms=29.027 keystroke_to_frame_p95_ms=39.036 keystroke_to_frame_p99_ms=43.813 keystroke_to_frame_max_ms=43.813 frame_interval_samples=34 frame_interval_median_ms=29.722 frame_interval_p95_ms=429.183 frame_interval_p99_ms=1356.062 frame_interval_max_ms=1356.062 layout_samples=35 layout_median_ms=0.290 layout_p95_ms=0.566 layout_p99_ms=3.511 layout_max_ms=3.511
hane_metrics keystroke_to_model_samples=26 keystroke_to_model_median_ms=0.003 keystroke_to_model_p95_ms=0.009 keystroke_to_model_p99_ms=0.018 keystroke_to_model_max_ms=0.018 keystroke_to_frame_samples=26 keystroke_to_frame_median_ms=29.027 keystroke_to_frame_p95_ms=39.036 keystroke_to_frame_p99_ms=43.813 keystroke_to_frame_max_ms=43.813 frame_interval_samples=35 frame_interval_median_ms=29.738 frame_interval_p95_ms=429.183 frame_interval_p99_ms=1356.062 frame_interval_max_ms=1356.062 layout_samples=36 layout_median_ms=0.289 layout_p95_ms=0.566 layout_p99_ms=3.511 layout_max_ms=3.511
hane_metrics keystroke_to_model_samples=27 keystroke_to_model_median_ms=0.003 keystroke_to_model_p95_ms=0.009 keystroke_to_model_p99_ms=0.018 keystroke_to_model_max_ms=0.018 keystroke_to_frame_samples=27 keystroke_to_frame_median_ms=29.027 keystroke_to_frame_p95_ms=39.036 keystroke_to_frame_p99_ms=43.813 keystroke_to_frame_max_ms=43.813 frame_interval_samples=36 frame_interval_median_ms=29.722 frame_interval_p95_ms=429.183 frame_interval_p99_ms=1356.062 frame_interval_max_ms=1356.062 layout_samples=37 layout_median_ms=0.289 layout_p95_ms=0.566 layout_p99_ms=3.511 layout_max_ms=3.511
hane_metrics keystroke_to_model_samples=28 keystroke_to_model_median_ms=0.003 keystroke_to_model_p95_ms=0.009 keystroke_to_model_p99_ms=0.018 keystroke_to_model_max_ms=0.018 keystroke_to_frame_samples=28 keystroke_to_frame_median_ms=29.027 keystroke_to_frame_p95_ms=39.036 keystroke_to_frame_p99_ms=43.813 keystroke_to_frame_max_ms=43.813 frame_interval_samples=37 frame_interval_median_ms=29.722 frame_interval_p95_ms=429.183 frame_interval_p99_ms=1356.062 frame_interval_max_ms=1356.062 layout_samples=38 layout_median_ms=0.289 layout_p95_ms=0.566 layout_p99_ms=3.511 layout_max_ms=3.511
hane_metrics keystroke_to_model_samples=29 keystroke_to_model_median_ms=0.003 keystroke_to_model_p95_ms=0.009 keystroke_to_model_p99_ms=0.018 keystroke_to_model_max_ms=0.018 keystroke_to_frame_samples=29 keystroke_to_frame_median_ms=29.027 keystroke_to_frame_p95_ms=39.036 keystroke_to_frame_p99_ms=43.813 keystroke_to_frame_max_ms=43.813 frame_interval_samples=38 frame_interval_median_ms=29.655 frame_interval_p95_ms=429.183 frame_interval_p99_ms=1356.062 frame_interval_max_ms=1356.062 layout_samples=39 layout_median_ms=0.289 layout_p95_ms=0.566 layout_p99_ms=3.511 layout_max_ms=3.511
hane_metrics keystroke_to_model_samples=30 keystroke_to_model_median_ms=0.003 keystroke_to_model_p95_ms=0.009 keystroke_to_model_p99_ms=0.018 keystroke_to_model_max_ms=0.018 keystroke_to_frame_samples=30 keystroke_to_frame_median_ms=28.962 keystroke_to_frame_p95_ms=39.036 keystroke_to_frame_p99_ms=43.813 keystroke_to_frame_max_ms=43.813 frame_interval_samples=39 frame_interval_median_ms=29.655 frame_interval_p95_ms=429.183 frame_interval_p99_ms=1356.062 frame_interval_max_ms=1356.062 layout_samples=40 layout_median_ms=0.288 layout_p95_ms=0.449 layout_p99_ms=3.511 layout_max_ms=3.511
hane_metrics keystroke_to_model_samples=31 keystroke_to_model_median_ms=0.003 keystroke_to_model_p95_ms=0.009 keystroke_to_model_p99_ms=0.018 keystroke_to_model_max_ms=0.018 keystroke_to_frame_samples=31 keystroke_to_frame_median_ms=29.027 keystroke_to_frame_p95_ms=39.036 keystroke_to_frame_p99_ms=43.813 keystroke_to_frame_max_ms=43.813 frame_interval_samples=40 frame_interval_median_ms=29.655 frame_interval_p95_ms=56.094 frame_interval_p99_ms=1356.062 frame_interval_max_ms=1356.062 layout_samples=41 layout_median_ms=0.288 layout_p95_ms=0.449 layout_p99_ms=3.511 layout_max_ms=3.511
hane_metrics keystroke_to_model_samples=32 keystroke_to_model_median_ms=0.003 keystroke_to_model_p95_ms=0.009 keystroke_to_model_p99_ms=0.018 keystroke_to_model_max_ms=0.018 keystroke_to_frame_samples=32 keystroke_to_frame_median_ms=29.027 keystroke_to_frame_p95_ms=39.036 keystroke_to_frame_p99_ms=43.813 keystroke_to_frame_max_ms=43.813 frame_interval_samples=41 frame_interval_median_ms=29.655 frame_interval_p95_ms=56.094 frame_interval_p99_ms=1356.062 frame_interval_max_ms=1356.062 layout_samples=42 layout_median_ms=0.288 layout_p95_ms=0.449 layout_p99_ms=3.511 layout_max_ms=3.511
hane_metrics keystroke_to_model_samples=33 keystroke_to_model_median_ms=0.003 keystroke_to_model_p95_ms=0.009 keystroke_to_model_p99_ms=0.018 keystroke_to_model_max_ms=0.018 keystroke_to_frame_samples=33 keystroke_to_frame_median_ms=29.061 keystroke_to_frame_p95_ms=39.036 keystroke_to_frame_p99_ms=43.813 keystroke_to_frame_max_ms=43.813 frame_interval_samples=42 frame_interval_median_ms=29.655 frame_interval_p95_ms=56.094 frame_interval_p99_ms=1356.062 frame_interval_max_ms=1356.062 layout_samples=43 layout_median_ms=0.288 layout_p95_ms=0.449 layout_p99_ms=3.511 layout_max_ms=3.511
hane_metrics keystroke_to_model_samples=34 keystroke_to_model_median_ms=0.003 keystroke_to_model_p95_ms=0.009 keystroke_to_model_p99_ms=0.018 keystroke_to_model_max_ms=0.018 keystroke_to_frame_samples=34 keystroke_to_frame_median_ms=29.061 keystroke_to_frame_p95_ms=39.036 keystroke_to_frame_p99_ms=43.813 keystroke_to_frame_max_ms=43.813 frame_interval_samples=43 frame_interval_median_ms=29.722 frame_interval_p95_ms=56.094 frame_interval_p99_ms=1356.062 frame_interval_max_ms=1356.062 layout_samples=44 layout_median_ms=0.288 layout_p95_ms=0.449 layout_p99_ms=3.511 layout_max_ms=3.511
hane_metrics keystroke_to_model_samples=35 keystroke_to_model_median_ms=0.003 keystroke_to_model_p95_ms=0.009 keystroke_to_model_p99_ms=0.018 keystroke_to_model_max_ms=0.018 keystroke_to_frame_samples=35 keystroke_to_frame_median_ms=29.165 keystroke_to_frame_p95_ms=39.036 keystroke_to_frame_p99_ms=43.813 keystroke_to_frame_max_ms=43.813 frame_interval_samples=44 frame_interval_median_ms=29.722 frame_interval_p95_ms=56.094 frame_interval_p99_ms=1356.062 frame_interval_max_ms=1356.062 layout_samples=45 layout_median_ms=0.288 layout_p95_ms=0.449 layout_p99_ms=3.511 layout_max_ms=3.511

--- source_file: issue23-input-feedda4/scroll/hane.log ---
hane_ready startup_time_ms=355.468 file_open_time_ms=230.622 rss_bytes=383827968

--- source_file: issue23-input-feedda4/scroll_input/hane.log ---
hane_ready startup_time_ms=361.338 file_open_time_ms=232.242 rss_bytes=383713280
hane_metrics keystroke_to_model_samples=1 keystroke_to_model_median_ms=0.034 keystroke_to_model_p95_ms=0.034 keystroke_to_model_p99_ms=0.034 keystroke_to_model_max_ms=0.034 keystroke_to_frame_samples=1 keystroke_to_frame_median_ms=3.545 keystroke_to_frame_p95_ms=3.545 keystroke_to_frame_p99_ms=3.545 keystroke_to_frame_max_ms=3.545 frame_interval_samples=61 frame_interval_median_ms=8.323 frame_interval_p95_ms=9.349 frame_interval_p99_ms=50.153 frame_interval_max_ms=50.153 layout_samples=62 layout_median_ms=0.190 layout_p95_ms=0.213 layout_p99_ms=19.834 layout_max_ms=19.834
hane_metrics keystroke_to_model_samples=2 keystroke_to_model_median_ms=0.007 keystroke_to_model_p95_ms=0.034 keystroke_to_model_p99_ms=0.034 keystroke_to_model_max_ms=0.034 keystroke_to_frame_samples=2 keystroke_to_frame_median_ms=1.195 keystroke_to_frame_p95_ms=3.545 keystroke_to_frame_p99_ms=3.545 keystroke_to_frame_max_ms=3.545 frame_interval_samples=63 frame_interval_median_ms=8.323 frame_interval_p95_ms=9.349 frame_interval_p99_ms=50.153 frame_interval_max_ms=50.153 layout_samples=64 layout_median_ms=0.190 layout_p95_ms=0.224 layout_p99_ms=19.834 layout_max_ms=19.834
hane_metrics keystroke_to_model_samples=3 keystroke_to_model_median_ms=0.007 keystroke_to_model_p95_ms=0.034 keystroke_to_model_p99_ms=0.034 keystroke_to_model_max_ms=0.034 keystroke_to_frame_samples=3 keystroke_to_frame_median_ms=1.306 keystroke_to_frame_p95_ms=3.545 keystroke_to_frame_p99_ms=3.545 keystroke_to_frame_max_ms=3.545 frame_interval_samples=68 frame_interval_median_ms=8.319 frame_interval_p95_ms=9.349 frame_interval_p99_ms=50.153 frame_interval_max_ms=50.153 layout_samples=69 layout_median_ms=0.191 layout_p95_ms=0.706 layout_p99_ms=19.834 layout_max_ms=19.834
hane_metrics keystroke_to_model_samples=4 keystroke_to_model_median_ms=0.006 keystroke_to_model_p95_ms=0.034 keystroke_to_model_p99_ms=0.034 keystroke_to_model_max_ms=0.034 keystroke_to_frame_samples=4 keystroke_to_frame_median_ms=1.306 keystroke_to_frame_p95_ms=3.545 keystroke_to_frame_p99_ms=3.545 keystroke_to_frame_max_ms=3.545 frame_interval_samples=71 frame_interval_median_ms=8.319 frame_interval_p95_ms=9.349 frame_interval_p99_ms=50.153 frame_interval_max_ms=50.153 layout_samples=72 layout_median_ms=0.191 layout_p95_ms=0.828 layout_p99_ms=19.834 layout_max_ms=19.834
hane_metrics keystroke_to_model_samples=5 keystroke_to_model_median_ms=0.007 keystroke_to_model_p95_ms=0.034 keystroke_to_model_p99_ms=0.034 keystroke_to_model_max_ms=0.034 keystroke_to_frame_samples=5 keystroke_to_frame_median_ms=1.398 keystroke_to_frame_p95_ms=3.545 keystroke_to_frame_p99_ms=3.545 keystroke_to_frame_max_ms=3.545 frame_interval_samples=74 frame_interval_median_ms=8.319 frame_interval_p95_ms=9.852 frame_interval_p99_ms=50.153 frame_interval_max_ms=50.153 layout_samples=75 layout_median_ms=0.192 layout_p95_ms=0.856 layout_p99_ms=19.834 layout_max_ms=19.834
hane_metrics keystroke_to_model_samples=6 keystroke_to_model_median_ms=0.007 keystroke_to_model_p95_ms=0.034 keystroke_to_model_p99_ms=0.034 keystroke_to_model_max_ms=0.034 keystroke_to_frame_samples=6 keystroke_to_frame_median_ms=1.306 keystroke_to_frame_p95_ms=3.545 keystroke_to_frame_p99_ms=3.545 keystroke_to_frame_max_ms=3.545 frame_interval_samples=222 frame_interval_median_ms=8.327 frame_interval_p95_ms=9.279 frame_interval_p99_ms=20.023 frame_interval_max_ms=407.516 layout_samples=223 layout_median_ms=0.168 layout_p95_ms=0.213 layout_p99_ms=0.875 layout_max_ms=19.834
hane_metrics keystroke_to_model_samples=7 keystroke_to_model_median_ms=0.007 keystroke_to_model_p95_ms=0.034 keystroke_to_model_p99_ms=0.034 keystroke_to_model_max_ms=0.034 keystroke_to_frame_samples=7 keystroke_to_frame_median_ms=1.306 keystroke_to_frame_p95_ms=3.545 keystroke_to_frame_p99_ms=3.545 keystroke_to_frame_max_ms=3.545 frame_interval_samples=223 frame_interval_median_ms=8.327 frame_interval_p95_ms=9.279 frame_interval_p99_ms=20.023 frame_interval_max_ms=407.516 layout_samples=224 layout_median_ms=0.167 layout_p95_ms=0.213 layout_p99_ms=0.875 layout_max_ms=19.834
hane_metrics keystroke_to_model_samples=8 keystroke_to_model_median_ms=0.006 keystroke_to_model_p95_ms=0.034 keystroke_to_model_p99_ms=0.034 keystroke_to_model_max_ms=0.034 keystroke_to_frame_samples=8 keystroke_to_frame_median_ms=1.195 keystroke_to_frame_p95_ms=3.545 keystroke_to_frame_p99_ms=3.545 keystroke_to_frame_max_ms=3.545 frame_interval_samples=224 frame_interval_median_ms=8.327 frame_interval_p95_ms=9.279 frame_interval_p99_ms=20.023 frame_interval_max_ms=407.516 layout_samples=225 layout_median_ms=0.167 layout_p95_ms=0.213 layout_p99_ms=0.875 layout_max_ms=19.834
hane_metrics keystroke_to_model_samples=9 keystroke_to_model_median_ms=0.006 keystroke_to_model_p95_ms=0.034 keystroke_to_model_p99_ms=0.034 keystroke_to_model_max_ms=0.034 keystroke_to_frame_samples=9 keystroke_to_frame_median_ms=1.195 keystroke_to_frame_p95_ms=3.545 keystroke_to_frame_p99_ms=3.545 keystroke_to_frame_max_ms=3.545 frame_interval_samples=225 frame_interval_median_ms=8.327 frame_interval_p95_ms=9.279 frame_interval_p99_ms=20.023 frame_interval_max_ms=407.516 layout_samples=226 layout_median_ms=0.167 layout_p95_ms=0.213 layout_p99_ms=0.875 layout_max_ms=19.834
hane_metrics keystroke_to_model_samples=10 keystroke_to_model_median_ms=0.005 keystroke_to_model_p95_ms=0.034 keystroke_to_model_p99_ms=0.034 keystroke_to_model_max_ms=0.034 keystroke_to_frame_samples=10 keystroke_to_frame_median_ms=0.718 keystroke_to_frame_p95_ms=3.545 keystroke_to_frame_p99_ms=3.545 keystroke_to_frame_max_ms=3.545 frame_interval_samples=226 frame_interval_median_ms=8.327 frame_interval_p95_ms=9.279 frame_interval_p99_ms=20.023 frame_interval_max_ms=407.516 layout_samples=227 layout_median_ms=0.167 layout_p95_ms=0.213 layout_p99_ms=0.875 layout_max_ms=19.834
hane_metrics keystroke_to_model_samples=11 keystroke_to_model_median_ms=0.005 keystroke_to_model_p95_ms=0.034 keystroke_to_model_p99_ms=0.034 keystroke_to_model_max_ms=0.034 keystroke_to_frame_samples=11 keystroke_to_frame_median_ms=0.718 keystroke_to_frame_p95_ms=3.545 keystroke_to_frame_p99_ms=3.545 keystroke_to_frame_max_ms=3.545 frame_interval_samples=227 frame_interval_median_ms=8.327 frame_interval_p95_ms=9.279 frame_interval_p99_ms=20.023 frame_interval_max_ms=407.516 layout_samples=228 layout_median_ms=0.167 layout_p95_ms=0.213 layout_p99_ms=0.875 layout_max_ms=19.834
hane_metrics keystroke_to_model_samples=12 keystroke_to_model_median_ms=0.005 keystroke_to_model_p95_ms=0.034 keystroke_to_model_p99_ms=0.034 keystroke_to_model_max_ms=0.034 keystroke_to_frame_samples=12 keystroke_to_frame_median_ms=0.718 keystroke_to_frame_p95_ms=3.545 keystroke_to_frame_p99_ms=3.545 keystroke_to_frame_max_ms=3.545 frame_interval_samples=232 frame_interval_median_ms=8.327 frame_interval_p95_ms=9.283 frame_interval_p99_ms=23.326 frame_interval_max_ms=407.516 layout_samples=233 layout_median_ms=0.166 layout_p95_ms=0.222 layout_p99_ms=0.875 layout_max_ms=19.834
hane_metrics keystroke_to_model_samples=13 keystroke_to_model_median_ms=0.006 keystroke_to_model_p95_ms=0.034 keystroke_to_model_p99_ms=0.034 keystroke_to_model_max_ms=0.034 keystroke_to_frame_samples=13 keystroke_to_frame_median_ms=1.195 keystroke_to_frame_p95_ms=3.545 keystroke_to_frame_p99_ms=3.545 keystroke_to_frame_max_ms=3.545 frame_interval_samples=236 frame_interval_median_ms=8.327 frame_interval_p95_ms=9.328 frame_interval_p99_ms=23.326 frame_interval_max_ms=407.516 layout_samples=237 layout_median_ms=0.166 layout_p95_ms=0.224 layout_p99_ms=0.875 layout_max_ms=19.834
hane_metrics keystroke_to_model_samples=14 keystroke_to_model_median_ms=0.005 keystroke_to_model_p95_ms=0.034 keystroke_to_model_p99_ms=0.034 keystroke_to_model_max_ms=0.034 keystroke_to_frame_samples=14 keystroke_to_frame_median_ms=1.195 keystroke_to_frame_p95_ms=3.679 keystroke_to_frame_p99_ms=3.679 keystroke_to_frame_max_ms=3.679 frame_interval_samples=240 frame_interval_median_ms=8.327 frame_interval_p95_ms=9.328 frame_interval_p99_ms=23.326 frame_interval_max_ms=407.516 layout_samples=241 layout_median_ms=0.166 layout_p95_ms=0.222 layout_p99_ms=0.875 layout_max_ms=19.834
hane_metrics keystroke_to_model_samples=15 keystroke_to_model_median_ms=0.006 keystroke_to_model_p95_ms=0.034 keystroke_to_model_p99_ms=0.034 keystroke_to_model_max_ms=0.034 keystroke_to_frame_samples=15 keystroke_to_frame_median_ms=1.306 keystroke_to_frame_p95_ms=3.679 keystroke_to_frame_p99_ms=3.679 keystroke_to_frame_max_ms=3.679 frame_interval_samples=244 frame_interval_median_ms=8.326 frame_interval_p95_ms=9.328 frame_interval_p99_ms=23.326 frame_interval_max_ms=407.516 layout_samples=245 layout_median_ms=0.166 layout_p95_ms=0.224 layout_p99_ms=0.875 layout_max_ms=19.834
hane_metrics keystroke_to_model_samples=16 keystroke_to_model_median_ms=0.005 keystroke_to_model_p95_ms=0.034 keystroke_to_model_p99_ms=0.034 keystroke_to_model_max_ms=0.034 keystroke_to_frame_samples=16 keystroke_to_frame_median_ms=1.306 keystroke_to_frame_p95_ms=3.679 keystroke_to_frame_p99_ms=3.679 keystroke_to_frame_max_ms=3.679 frame_interval_samples=248 frame_interval_median_ms=8.326 frame_interval_p95_ms=9.328 frame_interval_p99_ms=23.326 frame_interval_max_ms=407.516 layout_samples=249 layout_median_ms=0.166 layout_p95_ms=0.229 layout_p99_ms=0.875 layout_max_ms=19.834
hane_metrics keystroke_to_model_samples=17 keystroke_to_model_median_ms=0.006 keystroke_to_model_p95_ms=0.034 keystroke_to_model_p99_ms=0.034 keystroke_to_model_max_ms=0.034 keystroke_to_frame_samples=17 keystroke_to_frame_median_ms=1.398 keystroke_to_frame_p95_ms=3.679 keystroke_to_frame_p99_ms=3.679 keystroke_to_frame_max_ms=3.679 frame_interval_samples=252 frame_interval_median_ms=8.326 frame_interval_p95_ms=9.328 frame_interval_p99_ms=23.326 frame_interval_max_ms=407.516 layout_samples=253 layout_median_ms=0.166 layout_p95_ms=0.236 layout_p99_ms=0.875 layout_max_ms=19.834
hane_metrics keystroke_to_model_samples=18 keystroke_to_model_median_ms=0.006 keystroke_to_model_p95_ms=0.034 keystroke_to_model_p99_ms=0.034 keystroke_to_model_max_ms=0.034 keystroke_to_frame_samples=18 keystroke_to_frame_median_ms=1.398 keystroke_to_frame_p95_ms=3.679 keystroke_to_frame_p99_ms=3.679 keystroke_to_frame_max_ms=3.679 frame_interval_samples=256 frame_interval_median_ms=8.325 frame_interval_p95_ms=9.328 frame_interval_p99_ms=23.326 frame_interval_max_ms=407.516 layout_samples=257 layout_median_ms=0.167 layout_p95_ms=0.253 layout_p99_ms=0.875 layout_max_ms=19.834
hane_metrics keystroke_to_model_samples=19 keystroke_to_model_median_ms=0.006 keystroke_to_model_p95_ms=0.034 keystroke_to_model_p99_ms=0.034 keystroke_to_model_max_ms=0.034 keystroke_to_frame_samples=19 keystroke_to_frame_median_ms=1.779 keystroke_to_frame_p95_ms=3.679 keystroke_to_frame_p99_ms=3.679 keystroke_to_frame_max_ms=3.679 frame_interval_samples=260 frame_interval_median_ms=8.324 frame_interval_p95_ms=9.283 frame_interval_p99_ms=23.326 frame_interval_max_ms=407.516 layout_samples=261 layout_median_ms=0.167 layout_p95_ms=0.253 layout_p99_ms=0.875 layout_max_ms=19.834
hane_metrics keystroke_to_model_samples=20 keystroke_to_model_median_ms=0.006 keystroke_to_model_p95_ms=0.012 keystroke_to_model_p99_ms=0.034 keystroke_to_model_max_ms=0.034 keystroke_to_frame_samples=20 keystroke_to_frame_median_ms=1.779 keystroke_to_frame_p95_ms=3.592 keystroke_to_frame_p99_ms=3.679 keystroke_to_frame_max_ms=3.679 frame_interval_samples=264 frame_interval_median_ms=8.324 frame_interval_p95_ms=9.283 frame_interval_p99_ms=23.326 frame_interval_max_ms=407.516 layout_samples=265 layout_median_ms=0.168 layout_p95_ms=0.269 layout_p99_ms=0.875 layout_max_ms=19.834
hane_metrics keystroke_to_model_samples=21 keystroke_to_model_median_ms=0.006 keystroke_to_model_p95_ms=0.015 keystroke_to_model_p99_ms=0.034 keystroke_to_model_max_ms=0.034 keystroke_to_frame_samples=21 keystroke_to_frame_median_ms=2.166 keystroke_to_frame_p95_ms=3.679 keystroke_to_frame_p99_ms=4.148 keystroke_to_frame_max_ms=4.148 frame_interval_samples=268 frame_interval_median_ms=8.324 frame_interval_p95_ms=9.283 frame_interval_p99_ms=23.326 frame_interval_max_ms=407.516 layout_samples=269 layout_median_ms=0.169 layout_p95_ms=0.283 layout_p99_ms=0.875 layout_max_ms=19.834
hane_metrics keystroke_to_model_samples=22 keystroke_to_model_median_ms=0.006 keystroke_to_model_p95_ms=0.015 keystroke_to_model_p99_ms=0.034 keystroke_to_model_max_ms=0.034 keystroke_to_frame_samples=22 keystroke_to_frame_median_ms=2.166 keystroke_to_frame_p95_ms=3.679 keystroke_to_frame_p99_ms=4.148 keystroke_to_frame_max_ms=4.148 frame_interval_samples=272 frame_interval_median_ms=8.323 frame_interval_p95_ms=9.283 frame_interval_p99_ms=23.326 frame_interval_max_ms=407.516 layout_samples=273 layout_median_ms=0.170 layout_p95_ms=0.287 layout_p99_ms=0.875 layout_max_ms=19.834
hane_metrics keystroke_to_model_samples=23 keystroke_to_model_median_ms=0.006 keystroke_to_model_p95_ms=0.022 keystroke_to_model_p99_ms=0.034 keystroke_to_model_max_ms=0.034 keystroke_to_frame_samples=23 keystroke_to_frame_median_ms=2.301 keystroke_to_frame_p95_ms=3.679 keystroke_to_frame_p99_ms=4.148 keystroke_to_frame_max_ms=4.148 frame_interval_samples=276 frame_interval_median_ms=8.323 frame_interval_p95_ms=9.283 frame_interval_p99_ms=23.326 frame_interval_max_ms=407.516 layout_samples=277 layout_median_ms=0.171 layout_p95_ms=0.298 layout_p99_ms=0.875 layout_max_ms=19.834
hane_metrics keystroke_to_model_samples=24 keystroke_to_model_median_ms=0.006 keystroke_to_model_p95_ms=0.022 keystroke_to_model_p99_ms=0.034 keystroke_to_model_max_ms=0.034 keystroke_to_frame_samples=24 keystroke_to_frame_median_ms=2.301 keystroke_to_frame_p95_ms=3.679 keystroke_to_frame_p99_ms=4.148 keystroke_to_frame_max_ms=4.148 frame_interval_samples=280 frame_interval_median_ms=8.322 frame_interval_p95_ms=9.279 frame_interval_p99_ms=23.326 frame_interval_max_ms=407.516 layout_samples=281 layout_median_ms=0.171 layout_p95_ms=0.298 layout_p99_ms=0.875 layout_max_ms=19.834
hane_metrics keystroke_to_model_samples=25 keystroke_to_model_median_ms=0.007 keystroke_to_model_p95_ms=0.022 keystroke_to_model_p99_ms=0.034 keystroke_to_model_max_ms=0.034 keystroke_to_frame_samples=25 keystroke_to_frame_median_ms=2.301 keystroke_to_frame_p95_ms=3.679 keystroke_to_frame_p99_ms=4.148 keystroke_to_frame_max_ms=4.148 frame_interval_samples=284 frame_interval_median_ms=8.322 frame_interval_p95_ms=9.279 frame_interval_p99_ms=23.326 frame_interval_max_ms=407.516 layout_samples=285 layout_median_ms=0.172 layout_p95_ms=0.314 layout_p99_ms=0.875 layout_max_ms=19.834
hane_metrics keystroke_to_model_samples=26 keystroke_to_model_median_ms=0.007 keystroke_to_model_p95_ms=0.022 keystroke_to_model_p99_ms=0.034 keystroke_to_model_max_ms=0.034 keystroke_to_frame_samples=26 keystroke_to_frame_median_ms=2.301 keystroke_to_frame_p95_ms=3.679 keystroke_to_frame_p99_ms=4.148 keystroke_to_frame_max_ms=4.148 frame_interval_samples=288 frame_interval_median_ms=8.321 frame_interval_p95_ms=9.279 frame_interval_p99_ms=23.326 frame_interval_max_ms=407.516 layout_samples=289 layout_median_ms=0.172 layout_p95_ms=0.329 layout_p99_ms=0.875 layout_max_ms=19.834
hane_metrics keystroke_to_model_samples=27 keystroke_to_model_median_ms=0.008 keystroke_to_model_p95_ms=0.022 keystroke_to_model_p99_ms=0.034 keystroke_to_model_max_ms=0.034 keystroke_to_frame_samples=27 keystroke_to_frame_median_ms=2.646 keystroke_to_frame_p95_ms=3.679 keystroke_to_frame_p99_ms=4.148 keystroke_to_frame_max_ms=4.148 frame_interval_samples=292 frame_interval_median_ms=8.321 frame_interval_p95_ms=9.279 frame_interval_p99_ms=23.326 frame_interval_max_ms=407.516 layout_samples=293 layout_median_ms=0.173 layout_p95_ms=0.339 layout_p99_ms=0.875 layout_max_ms=19.834
hane_metrics keystroke_to_model_samples=28 keystroke_to_model_median_ms=0.008 keystroke_to_model_p95_ms=0.022 keystroke_to_model_p99_ms=0.034 keystroke_to_model_max_ms=0.034 keystroke_to_frame_samples=28 keystroke_to_frame_median_ms=2.646 keystroke_to_frame_p95_ms=3.679 keystroke_to_frame_p99_ms=4.148 keystroke_to_frame_max_ms=4.148 frame_interval_samples=296 frame_interval_median_ms=8.321 frame_interval_p95_ms=9.279 frame_interval_p99_ms=23.326 frame_interval_max_ms=407.516 layout_samples=297 layout_median_ms=0.174 layout_p95_ms=0.420 layout_p99_ms=0.875 layout_max_ms=19.834
hane_metrics keystroke_to_model_samples=29 keystroke_to_model_median_ms=0.008 keystroke_to_model_p95_ms=0.022 keystroke_to_model_p99_ms=0.034 keystroke_to_model_max_ms=0.034 keystroke_to_frame_samples=29 keystroke_to_frame_median_ms=2.900 keystroke_to_frame_p95_ms=3.679 keystroke_to_frame_p99_ms=4.148 keystroke_to_frame_max_ms=4.148 frame_interval_samples=300 frame_interval_median_ms=8.320 frame_interval_p95_ms=9.263 frame_interval_p99_ms=20.023 frame_interval_max_ms=407.516 layout_samples=301 layout_median_ms=0.175 layout_p95_ms=0.420 layout_p99_ms=0.856 layout_max_ms=19.834
hane_metrics keystroke_to_model_samples=30 keystroke_to_model_median_ms=0.008 keystroke_to_model_p95_ms=0.022 keystroke_to_model_p99_ms=0.034 keystroke_to_model_max_ms=0.034 keystroke_to_frame_samples=30 keystroke_to_frame_median_ms=2.900 keystroke_to_frame_p95_ms=3.679 keystroke_to_frame_p99_ms=4.148 keystroke_to_frame_max_ms=4.148 frame_interval_samples=304 frame_interval_median_ms=8.320 frame_interval_p95_ms=9.263 frame_interval_p99_ms=20.023 frame_interval_max_ms=407.516 layout_samples=305 layout_median_ms=0.175 layout_p95_ms=0.440 layout_p99_ms=0.856 layout_max_ms=19.834
hane_metrics keystroke_to_model_samples=31 keystroke_to_model_median_ms=0.008 keystroke_to_model_p95_ms=0.022 keystroke_to_model_p99_ms=0.034 keystroke_to_model_max_ms=0.034 keystroke_to_frame_samples=31 keystroke_to_frame_median_ms=2.902 keystroke_to_frame_p95_ms=3.679 keystroke_to_frame_p99_ms=4.148 keystroke_to_frame_max_ms=4.148 frame_interval_samples=308 frame_interval_median_ms=8.319 frame_interval_p95_ms=9.263 frame_interval_p99_ms=20.023 frame_interval_max_ms=407.516 layout_samples=309 layout_median_ms=0.176 layout_p95_ms=0.479 layout_p99_ms=0.856 layout_max_ms=19.834
hane_metrics keystroke_to_model_samples=32 keystroke_to_model_median_ms=0.008 keystroke_to_model_p95_ms=0.022 keystroke_to_model_p99_ms=0.034 keystroke_to_model_max_ms=0.034 keystroke_to_frame_samples=32 keystroke_to_frame_median_ms=2.902 keystroke_to_frame_p95_ms=3.858 keystroke_to_frame_p99_ms=4.148 keystroke_to_frame_max_ms=4.148 frame_interval_samples=312 frame_interval_median_ms=8.319 frame_interval_p95_ms=9.263 frame_interval_p99_ms=20.023 frame_interval_max_ms=407.516 layout_samples=313 layout_median_ms=0.178 layout_p95_ms=0.499 layout_p99_ms=0.856 layout_max_ms=19.834
hane_metrics keystroke_to_model_samples=33 keystroke_to_model_median_ms=0.008 keystroke_to_model_p95_ms=0.022 keystroke_to_model_p99_ms=0.034 keystroke_to_model_max_ms=0.034 keystroke_to_frame_samples=33 keystroke_to_frame_median_ms=2.918 keystroke_to_frame_p95_ms=3.858 keystroke_to_frame_p99_ms=4.148 keystroke_to_frame_max_ms=4.148 frame_interval_samples=316 frame_interval_median_ms=8.319 frame_interval_p95_ms=9.263 frame_interval_p99_ms=20.023 frame_interval_max_ms=407.516 layout_samples=317 layout_median_ms=0.178 layout_p95_ms=0.499 layout_p99_ms=0.856 layout_max_ms=19.834
hane_metrics keystroke_to_model_samples=34 keystroke_to_model_median_ms=0.008 keystroke_to_model_p95_ms=0.022 keystroke_to_model_p99_ms=0.034 keystroke_to_model_max_ms=0.034 keystroke_to_frame_samples=34 keystroke_to_frame_median_ms=2.902 keystroke_to_frame_p95_ms=3.858 keystroke_to_frame_p99_ms=4.148 keystroke_to_frame_max_ms=4.148 frame_interval_samples=320 frame_interval_median_ms=8.318 frame_interval_p95_ms=9.247 frame_interval_p99_ms=20.023 frame_interval_max_ms=407.516 layout_samples=321 layout_median_ms=0.179 layout_p95_ms=0.479 layout_p99_ms=0.856 layout_max_ms=19.834
hane_metrics keystroke_to_model_samples=35 keystroke_to_model_median_ms=0.009 keystroke_to_model_p95_ms=0.022 keystroke_to_model_p99_ms=0.034 keystroke_to_model_max_ms=0.034 keystroke_to_frame_samples=35 keystroke_to_frame_median_ms=2.918 keystroke_to_frame_p95_ms=3.858 keystroke_to_frame_p99_ms=4.148 keystroke_to_frame_max_ms=4.148 frame_interval_samples=324 frame_interval_median_ms=8.317 frame_interval_p95_ms=9.247 frame_interval_p99_ms=20.023 frame_interval_max_ms=407.516 layout_samples=325 layout_median_ms=0.179 layout_p95_ms=0.495 layout_p99_ms=0.856 layout_max_ms=19.834
